Frame_Name,Person,Camera_Angle,Frame_Number,Position,NOSE_X,NOSE_Y,NOSE_Z,NOSE_V,LEFT_EYE_INNER_X,LEFT_EYE_INNER_Y,LEFT_EYE_INNER_Z,LEFT_EYE_INNER_V,LEFT_EYE_X,LEFT_EYE_Y,LEFT_EYE_Z,LEFT_EYE_V,LEFT_EYE_OUTER_X,LEFT_EYE_OUTER_Y,LEFT_EYE_OUTER_Z,LEFT_EYE_OUTER_V,RIGHT_EYE_INNER_X,RIGHT_EYE_INNER_Y,RIGHT_EYE_INNER_Z,RIGHT_EYE_INNER_V,RIGHT_EYE_X,RIGHT_EYE_Y,RIGHT_EYE_Z,RIGHT_EYE_V,RIGHT_EYE_OUTER_X,RIGHT_EYE_OUTER_Y,RIGHT_EYE_OUTER_Z,RIGHT_EYE_OUTER_V,LEFT_EAR_X,LEFT_EAR_Y,LEFT_EAR_Z,LEFT_EAR_V,RIGHT_EAR_X,RIGHT_EAR_Y,RIGHT_EAR_Z,RIGHT_EAR_V,MOUTH_LEFT_X,MOUTH_LEFT_Y,MOUTH_LEFT_Z,MOUTH_LEFT_V,MOUTH_RIGHT_X,MOUTH_RIGHT_Y,MOUTH_RIGHT_Z,MOUTH_RIGHT_V,LEFT_SHOULDER_X,LEFT_SHOULDER_Y,LEFT_SHOULDER_Z,LEFT_SHOULDER_V,RIGHT_SHOULDER_X,RIGHT_SHOULDER_Y,RIGHT_SHOULDER_Z,RIGHT_SHOULDER_V,LEFT_ELBOW_X,LEFT_ELBOW_Y,LEFT_ELBOW_Z,LEFT_ELBOW_V,RIGHT_ELBOW_X,RIGHT_ELBOW_Y,RIGHT_ELBOW_Z,RIGHT_ELBOW_V,LEFT_WRIST_X,LEFT_WRIST_Y,LEFT_WRIST_Z,LEFT_WRIST_V,RIGHT_WRIST_X,RIGHT_WRIST_Y,RIGHT_WRIST_Z,RIGHT_WRIST_V,LEFT_PINKY_X,LEFT_PINKY_Y,LEFT_PINKY_Z,LEFT_PINKY_V,RIGHT_PINKY_X,RIGHT_PINKY_Y,RIGHT_PINKY_Z,RIGHT_PINKY_V,LEFT_INDEX_X,LEFT_INDEX_Y,LEFT_INDEX_Z,LEFT_INDEX_V,RIGHT_INDEX_X,RIGHT_INDEX_Y,RIGHT_INDEX_Z,RIGHT_INDEX_V,LEFT_THUMB_X,LEFT_THUMB_Y,LEFT_THUMB_Z,LEFT_THUMB_V,RIGHT_THUMB_X,RIGHT_THUMB_Y,RIGHT_THUMB_Z,RIGHT_THUMB_V,LEFT_HIP_X,LEFT_HIP_Y,LEFT_HIP_Z,LEFT_HIP_V,RIGHT_HIP_X,RIGHT_HIP_Y,RIGHT_HIP_Z,RIGHT_HIP_V,LEFT_KNEE_X,LEFT_KNEE_Y,LEFT_KNEE_Z,LEFT_KNEE_V,RIGHT_KNEE_X,RIGHT_KNEE_Y,RIGHT_KNEE_Z,RIGHT_KNEE_V,LEFT_ANKLE_X,LEFT_ANKLE_Y,LEFT_ANKLE_Z,LEFT_ANKLE_V,RIGHT_ANKLE_X,RIGHT_ANKLE_Y,RIGHT_ANKLE_Z,RIGHT_ANKLE_V,LEFT_HEEL_X,LEFT_HEEL_Y,LEFT_HEEL_Z,LEFT_HEEL_V,RIGHT_HEEL_X,RIGHT_HEEL_Y,RIGHT_HEEL_Z,RIGHT_HEEL_V,LEFT_FOOT_INDEX_X,LEFT_FOOT_INDEX_Y,LEFT_FOOT_INDEX_Z,LEFT_FOOT_INDEX_V,RIGHT_FOOT_INDEX_X,RIGHT_FOOT_INDEX_Y,RIGHT_FOOT_INDEX_Z,RIGHT_FOOT_INDEX_V,shoulder_tilt_deg,hip_tilt_deg,shoulder_rotation_deg,hip_rotation_deg
eric_1_frame27.jpg,eric_1,FO,frame27,P1,383.30872029066086,309.6639075279236,-547.7997225522995,0.9999217987060548,388.8687145709992,301.4929096698761,-546.1535847187042,0.9997600317001344,392.1843221783638,300.4627583026886,-546.1161029338837,0.9997403025627136,395.38960337638855,299.4070107936859,-546.1937034130096,0.9997456669807434,378.9685556292534,300.5755970478058,-546.9104719161987,0.9997917413711548,375.60710817575455,299.11176323890686,-547.0414227247238,0.9997900128364564,372.2866269946098,297.4992892742157,-547.114879488945,0.99980366230011,400.7494044303894,293.8041729927063,-448.66562843322754,0.99942809343338,364.2863142490387,291.4665441513061,-451.8245047330856,0.9998016953468324,388.7127131223679,311.30996346473694,-502.8526115417481,0.9998689889907836,376.0213854908943,312.6423110961914,-504.0859788656235,0.9999010562896729,428.7595045566559,307.74902987480164,-305.5049401521683,0.9999447464942932,340.90745121240616,320.81915831565857,-329.1268226504326,0.999986171722412,411.7690962553024,380.5263075828552,-244.52890396118164,0.9552789330482484,360.60297548770905,389.1298055648804,-292.8083151578903,0.991682767868042,395.6832891702652,434.56552934646606,-292.8618773818016,0.9274514317512512,378.0333003401756,448.66539430618286,-344.5729437470436,0.97624409198761,396.8257302045822,455.8817639350891,-316.415835916996,0.863417387008667,380.97799837589264,467.878306388855,-372.1361112594605,0.9426196217536926,394.27355498075485,458.2310085296631,-343.702292740345,0.873669445514679,386.93543612957,467.6912512779236,-394.7299522161484,0.9446708559989928,394.0097698569298,450.0685772895813,-303.7004464864731,0.8429042100906372,387.0051965117455,461.19904088974,-352.91970402002335,0.926870584487915,406.5873336791992,400.2106947898865,7.078403867781162,0.9999104142189026,357.878694832325,400.6318073272705,-7.074151262640953,0.9999371767044068,423.85179221630096,484.4141192436218,-80.38350753486156,0.9803513288497924,349.57518458366394,486.0799427032471,-90.85639379918577,0.9904807209968568,430.12890815734863,578.1222581863403,-9.296211022883654,0.988155484199524,335.9871429204941,577.1689367294312,-13.167629707604648,0.9918971061706544,424.41566705703735,592.3725471496582,-9.334034929051995,0.915370523929596,337.5782588124275,588.2667102813721,-11.491197580471637,0.8764792084693909,447.612230181694,608.7158703804016,-137.21160858869553,0.9815292358398438,330.1762419939041,607.2992463111877,-136.70978352427483,0.9870532751083374,8.462071648322514,0.49534067341728105,15.049882497262638,16.201504943526015
grant_frame84.jpg,grant,FO,frame84,P1,585.6225085258484,387.1642005443573,-948.9868783950806,0.9998978972434998,593.0362200737,371.9259488582611,-951.7101788520812,0.9997071623802184,598.5102438926697,368.86234045028687,-951.681468486786,0.9996730089187622,603.739070892334,365.8467864990234,-951.8429160118104,0.9996896386146544,577.9005146026611,373.968311548233,-946.8059849739076,0.9997503757476808,572.6738119125366,371.8690752983093,-947.0388865470886,0.9997067451477052,567.152087688446,369.1024839878082,-947.1947979927064,0.9997318387031556,609.9289870262146,349.57576632499695,-793.3210802078247,0.9995508193969728,554.8836851119995,350.87143421173096,-772.4600386619568,0.9997375011444092,595.9077072143555,388.2534563541413,-873.2548570632935,0.9998454451560974,578.2455539703369,390.711282491684,-868.9934921264648,0.9998512864112854,662.1324133872986,376.3409399986267,-572.1474981307983,0.9999676942825316,512.5426554679871,402.6739776134491,-537.5311982631683,0.9999867081642152,651.1547541618347,512.8712153434753,-479.2537271976471,0.9847543239593506,545.3809404373169,526.9418370723724,-436.9371914863586,0.9893516302108764,624.0208840370178,618.7454509735107,-569.4529724121094,0.9613073468208312,583.9868545532227,633.3530402183533,-530.5684196949005,0.9745319485664368,621.7166519165039,656.5508222579956,-619.2435693740845,0.9198686480522156,589.7846746444702,665.841715335846,-573.4410738945007,0.9350200295448304,615.054624080658,659.5377945899963,-664.3517374992371,0.9255771040916444,601.6167569160461,665.364453792572,-623.5725259780884,0.937360942363739,615.8994555473328,644.1784572601318,-586.860659122467,0.8995792865753174,601.8401312828064,651.8152856826782,-549.168004989624,0.9215050339698792,640.9826588630676,561.0940074920654,-18.07100035250187,0.999904990196228,550.9562873840332,564.4320058822632,18.27744260430336,0.9999390840530396,672.3804044723511,720.5845284461975,-151.84307098388672,0.9673286080360411,511.5707516670227,703.8467073440552,-141.41604244709015,0.9838327169418336,661.3604521751404,873.1613230705261,2.5453068036586046,0.976025938987732,500.8646178245544,861.5377449989319,52.95989379286766,0.985833704471588,645.5705881118774,894.5067715644836,3.8902484625577927,0.8999021053314209,515.0230121612549,884.9346971511841,60.799098908901215,0.9190270304679872,701.948733329773,921.0731291770936,-203.58590841293332,0.9653136134147644,460.0761365890503,919.3387269973756,-128.3590704202652,0.9760354161262512,9.983776078265064,2.1234405569536574,13.029372263904486,21.986554755329372
jess_1_frame93.jpg,jess_1,FO,frame93,P1,438.426826953888,171.1945076584816,-779.3873693943024,0.9998246431350708,444.5499744415283,157.30031180381775,-776.2037818431854,0.9996051788330078,448.8080675601959,155.77584379911423,-776.157222032547,0.9995434284210204,452.704087972641,153.90202242136002,-776.2953042984009,0.999571979045868,432.1341378688812,157.08526226878166,-775.305061340332,0.999682068824768,427.9976229667664,155.61608976125717,-775.4897518157959,0.9996308088302612,423.8814840316773,153.9384345114231,-775.5968587398529,0.99966561794281,457.822714805603,146.73661741614342,-644.541252374649,0.9992814660072328,415.34085631370544,148.19949200749397,-636.3504040241241,0.9995809197425842,445.4566323757172,176.5519763827324,-719.649341583252,0.9995813965797424,432.005832195282,176.81878465414047,-716.9239954948425,0.9996008276939392,494.465576171875,178.57204592227936,-469.6394205093384,0.9997498393058776,381.6428303718567,194.9651597738266,-430.7913568019867,0.9999309182167052,476.53351521492,280.4830846786499,-402.9625773429871,0.9069428443908693,397.184345126152,293.9775024652481,-344.7996940612793,0.9647175073623656,451.6793849468231,363.9740113019943,-450.8037507534027,0.8550587296485901,418.47425413131714,377.4494422674179,-424.6433322429657,0.9119209051132202,449.6516132354736,392.40365290641785,-486.18707728385925,0.7896369099617004,418.2146420478821,399.55804431438446,-453.49342679977417,0.8441173434257507,442.94758129119873,392.5684949159622,-519.9178693294525,0.8007447719573975,427.46489548683167,400.172572016716,-496.62562227249146,0.8518869280815125,441.6871268749237,381.88851141929626,-463.5215001106262,0.7705150842666626,426.92316579818726,391.6717709302902,-441.6196587085724,0.8334258794784546,482.65138721466064,305.5282323360443,-8.330750115215778,0.9998798966407776,416.741619348526,309.78674054145813,8.381044209003448,0.9999138712882996,498.3705019950866,435.294881939888,-111.3976138830185,0.9461956024169922,382.4225862026215,434.7400861978531,-74.34412959218025,0.9788773655891418,486.992871761322,567.4248737096786,-8.877485316246748,0.9748628735542296,367.42333352565765,568.0777059793472,37.57138353586197,0.9880825281143188,473.9554471969605,591.2465089559555,-9.66096030548215,0.919304609298706,378.04823875427246,590.3283162117004,38.10595017671585,0.9199805855751038,523.3134927749634,609.0249161720276,-173.73818749189377,0.971010148525238,332.5902065038681,601.3194105625153,-123.6882786154747,0.9808054566383362,8.26720581996197,3.6968096841595015,19.000034923061644,14.227822701126737
jess_2_frame200.jpg,jess_2,FO,frame200,P1,424.8174187541008,194.7770093679428,-679.2491987943649,0.9999628663063048,430.407428920269,181.49000984430316,-675.4835187196732,0.9999012351036072,434.9420332312584,179.90127152204514,-675.4277366399765,0.9998929500579834,439.3573908209801,178.11625289916992,-675.5289460420609,0.999894380569458,419.34437280893326,182.0568385720253,-669.8700711727142,0.999911367893219,415.826566696167,180.8830795288086,-670.0036809444427,0.9999024868011476,412.33114022016525,179.67956441640854,-670.045211315155,0.9999093413352966,449.8990347981453,171.02306860685349,-558.0145868062973,0.9998000860214232,411.20670264959335,175.64757639169693,-531.1289048194885,0.9998786449432372,434.06096029281616,199.94257354736328,-627.3287198543549,0.9999287724494934,421.2704411745072,200.4810892939568,-619.8088835477829,0.999935746192932,492.969341635704,213.5967678427696,-395.384243786335,0.999938428401947,385.2909719347954,222.8650313615799,-379.9539296030998,0.9999818205833436,480.528935790062,303.9676775932312,-331.5710477232933,0.97820782661438,403.66910737752914,306.51415890455246,-319.2991572022438,0.9876438975334167,464.7522382736206,368.6406646966934,-387.1139102578163,0.9330103993415833,422.4854550361633,382.93483805656433,-384.6995538473129,0.965894103050232,459.9903581738472,395.4555984735489,-420.53711837530136,0.8645557761192322,425.56301695108414,406.08973467350006,-416.53745418787,0.9191011190414428,454.65415090322495,396.502955198288,-451.9315456151962,0.8706072568893433,434.9692562222481,403.5820947885513,-445.5000444054604,0.920870840549469,455.4709241390228,385.389510512352,-399.38070690631866,0.8422166109085083,435.69459027051926,395.3532001972199,-395.72205382585526,0.9029582142829896,467.6774572134018,327.57909816503525,-5.173107230104506,0.99986070394516,405.71202862262726,329.3916574120521,5.087486069649458,0.9998966455459596,491.0759798288345,445.5464856624603,-88.65717460215092,0.9895809888839722,384.7226572036743,444.53965735435486,-47.0989650413394,0.9938949346542358,493.8002274036408,551.1343524456024,35.335449263453484,0.9929349422454834,373.1503530144692,548.0851277112961,77.8332799822092,0.9945627450942992,483.2467812299728,566.2962485551834,38.3781404197216,0.9350016117095948,378.9533315896988,561.3985702991486,82.15402515232563,0.9273730516433716,523.4353758096695,595.4502044916153,-115.38203774392603,0.9865298867225648,348.6190422177315,588.3104958534241,-60.88501265645027,0.988399624824524,4.919528129194223,1.675488944977012,8.154969163239384,9.402054739147466
nick_1_frame18.jpg,nick_1,FO,frame18,P1,393.7899440526962,163.16589403152466,-596.9039410352707,0.9999487400054932,396.9909429550171,151.0644535124302,-588.8938188552856,0.9998610019683838,400.9295582771301,149.28732645511627,-588.8531357049942,0.9998372197151184,404.84301894903183,147.06712675094604,-588.9272063970566,0.9998395442962646,386.7884397506714,152.4468206167221,-585.6383562088013,0.9998846054077148,383.86614322662354,152.00735712051392,-585.783863067627,0.9998824000358582,380.3272411227226,151.30032762885094,-585.8609735965729,0.9998949766159058,411.34629398584366,138.6963518857956,-463.6027872562408,0.9995211362838744,377.2818565368652,146.1269378066063,-448.7458378076553,0.9998316168785096,401.6248196363449,168.46526089310646,-543.3061450719833,0.999874711036682,389.6666333079338,170.6151081621647,-539.2618954181671,0.999897599220276,455.1259994506836,179.300399184227,-310.4028105735779,0.9998695254325868,357.3180317878723,200.9372677206993,-319.1097393631935,0.99996417760849,439.39950466156006,268.6522561907768,-243.3972060680389,0.8254969716072083,373.3640640974045,280.72481310367584,-281.8996533751488,0.984043836593628,422.8475421667099,343.2121496796608,-307.9362869262696,0.7785208821296692,397.3549380898476,351.601459145546,-353.46318930387497,0.9437337517738342,420.0059786438942,367.3592396974564,-337.6154810190201,0.6859679818153381,399.7682899236679,372.4812797307968,-386.5939661860466,0.882424533367157,412.8962814807892,368.80489695072174,-369.3301752209664,0.6957187652587891,407.4896529316902,371.1062661409378,-410.89155972003937,0.880035400390625,414.35573250055313,360.03027164936066,-320.60409784317017,0.6517549157142639,408.31137150526047,363.0915386676788,-362.7966284751892,0.8442643284797668,439.0556991100311,309.8528222441673,3.794585238210857,0.9998450875282288,382.38257616758347,311.7929019331932,-3.91199893783778,0.9998635053634644,474.83457922935486,419.5038322210312,-93.99349167943,0.9663158059120178,348.74123334884644,417.4311188459397,-69.36336532235146,0.9954221844673156,479.8532485961914,524.512309551239,65.07296487689018,0.9892936944961548,322.63605147600174,519.9173095226288,82.55053870379925,0.9957348704338074,469.377464056015,537.9072717428207,74.65477138757706,0.9448388814926147,331.42999559640884,534.5187473297119,90.78394956886768,0.9328761100769044,503.9608269929886,560.4668139219284,-70.17104364931583,0.9820412993431092,302.0623087882996,553.3685402870178,-47.9820741340518,0.9892526268959044,12.473957952453903,1.9606293290267014,5.087097907998493,7.7437570820663915
nick_2_frame19.jpg,nick_2,FO,frame19,P1,380.6458148956299,209.7732773423195,-676.3109931945801,0.9999358057975768,384.827919960022,198.0137139558792,-668.6419858932495,0.9998534321784972,388.7752299308777,196.6831049323082,-668.6326398849487,0.9998313784599304,392.681604385376,195.0924691557884,-668.7408666610718,0.999846339225769,374.1534233093262,198.30635458230967,-664.7940473556519,0.99984472990036,370.9766917228699,197.4775797128677,-664.9253587722778,0.9998215436935424,367.544370174408,196.4651307463646,-664.9912948608398,0.999835193157196,400.8753433227539,188.10637593269348,-536.8750448226929,0.9996257424354552,364.6672015190125,192.14070796966556,-518.2334032058716,0.9997462034225464,389.9518456459045,216.10692858695984,-619.473804473877,0.9998438358306884,376.3945727348328,216.70012682676315,-614.5775709152222,0.9998285174369812,445.13621616363525,224.08947229385376,-363.3667278289795,0.999614953994751,342.105890750885,243.81422370672223,-380.59062671661377,0.9997276663780212,430.1598920822144,315.0641450285912,-300.0856533050537,0.8671939373016357,359.8362030982971,328.3108475804329,-339.16582345962524,0.9789009690284728,409.0028190612793,389.58612620830536,-366.7950539588928,0.8644271492958069,380.55153703689575,400.9250611066818,-411.01940727233887,0.9521216154098512,404.6660842895508,417.32634365558624,-399.26582050323486,0.811140775680542,383.0272245407105,422.4215108156204,-446.7908802032471,0.90544992685318,400.2195806503296,420.80517053604126,-432.9716386795044,0.818089485168457,391.46767473220825,421.5085279941559,-474.9372720718384,0.9064196348190308,401.6974649429321,409.4325113296509,-380.27896070480347,0.7948099374771118,392.6116027832031,413.1474906206131,-422.2456455230713,0.8793133497238159,419.4220762252808,348.01536440849304,10.594113677740095,0.9998809695243835,359.9643135070801,352.5279235839844,-10.622825637459757,0.9998186230659484,442.6767673492432,461.9552010297775,-87.15618288516998,0.9605971574783324,341.01976776123047,462.00706243515015,-79.9252405166626,0.9852268099784852,439.4843111038208,569.9167460203171,86.24185705184937,0.9805730581283568,320.3978238105774,563.1121677160263,78.08967864513397,0.9879390001296996,426.291953086853,583.1812566518784,95.55702352523804,0.92256760597229,324.7455167770386,571.7546385526657,87.33317291736603,0.8576924204826355,460.9074649810791,609.4985961914062,-51.52443861961365,0.9710195660591124,312.26191329956055,600.6047558784485,-62.35590732097626,0.9777253270149232,10.837913019080304,4.340154559457388,9.490552147408522,19.63845981786343
rob_1_frame2464.jpg,rob_1,FO,frame2464,P1,885.2319717407227,475.59006571769714,-783.9243507385254,0.9999769926071168,892.8669548034668,460.7992708683014,-778.4397125244141,0.9999481439590454,896.7398643493652,459.4715452194214,-778.3751678466797,0.999935746192932,900.9452247619628,457.90180921554565,-778.4945297241211,0.9999409914016724,879.005184173584,461.085022687912,-777.7873992919922,0.9999585151672364,873.7730026245117,460.156055688858,-777.9465293884277,0.99994957447052,869.4182395935059,459.0341305732727,-777.9722213745117,0.9999555349349976,906.2124824523926,452.77247071266174,-631.666316986084,0.9998900294303894,861.3654899597168,454.53896284103394,-628.9236831665039,0.9999383687973022,892.5355339050293,481.651782989502,-718.1831932067871,0.9999489188194276,877.2520065307617,482.1873986721039,-717.8971481323242,0.9999584555625916,938.8778114318848,489.6954810619354,-436.20494842529297,0.9999522566795348,829.3136215209961,504.3471014499664,-449.36634063720703,0.999977171421051,918.035488128662,587.5732040405273,-346.13428115844727,0.9731546640396118,845.3369522094727,594.0992760658264,-391.96895599365234,0.9802210330963136,903.4737968444824,675.0612187385559,-404.7246837615967,0.9368833899497986,872.3639488220215,679.1275978088379,-467.80823707580566,0.9568995833396912,903.3538055419922,702.7245569229126,-438.8063907623291,0.8817357420921326,877.4724769592285,705.810341835022,-503.33948135375977,0.909480631351471,898.5944366455078,704.3524861335754,-475.90012550354,0.8890971541404724,884.3780136108398,707.8241872787476,-540.1781272888184,0.913574755191803,898.3126258850098,693.4022498130798,-419.2394542694092,0.8614829778671265,884.2956161499023,697.0999002456665,-481.885929107666,0.8924123644828796,912.0287704467772,616.5533566474915,-5.250722765922546,0.9997383952140808,849.4397163391113,622.9943919181824,5.180840492248535,0.9997613430023192,925.107479095459,752.3568606376648,-122.91459560394289,0.9640516638755798,832.6671409606934,755.3234267234802,-59.66183066368103,0.9630377292633056,930.3820037841796,894.2767667770386,-31.6983425617218,0.9794234037399292,811.5480422973633,895.5881094932556,25.491662621498108,0.9864848852157592,918.900547027588,919.1444492340088,-32.37209916114807,0.8951846361160278,822.1020126342773,919.0348863601683,24.461324214935303,0.8875688314437866,952.4796295166016,933.2498002052308,-204.14930820465088,0.9720258712768556,777.6789665222168,934.8847460746764,-146.1467456817627,0.9776540994644164,7.616767700257864,5.875621167574219,6.849830467099488,9.46237051907337
rob_2_frame16.jpg,rob_2,FO,frame16,P1,999.843635559082,403.13273191452026,-852.5399208068848,0.9832024574279784,1010.9342193603516,389.2903447151184,-861.3811111450195,0.9831213355064392,1016.8073272705078,387.9352927207947,-861.2940788269043,0.9840317964553832,1022.2535705566406,386.1162078380585,-861.3712692260742,0.9858524203300476,993.7979507446288,386.6385626792908,-859.365119934082,0.9802173972129822,987.7199935913086,383.8053131103516,-859.5693969726562,0.9794747829437256,981.8813323974608,381.09752655029297,-859.6638679504395,0.9808279871940612,1030.8796691894531,372.39291071891785,-723.9554786682129,0.9865311980247498,970.158233642578,370.18523812294006,-713.3188247680664,0.9830410480499268,1008.687629699707,407.5881493091583,-779.5331954956055,0.990986466407776,988.1491470336914,406.82494282722473,-778.0506706237793,0.984369456768036,1073.3446884155271,396.2956738471985,-495.468978881836,0.9984588027000428,926.8124198913574,410.0159454345703,-450.8445453643799,0.99683278799057,1048.1096649169922,526.2201511859894,-384.6254539489746,0.9131066799163818,949.7275543212892,538.2152259349823,-328.13730239868164,0.9264347553253174,1009.8187637329102,647.9894685745239,-483.84538650512695,0.8934260010719299,957.707405090332,650.8594751358032,-440.7760620117188,0.8912527561187744,1002.2637176513672,684.503710269928,-529.8497200012207,0.875514030456543,956.2770652770996,686.9337272644043,-477.420015335083,0.8527659773826599,989.5286178588868,683.525755405426,-582.6959037780762,0.8780955076217651,967.8124237060548,684.6042609214783,-542.1728324890137,0.8556588292121887,991.1345672607422,670.8009481430054,-504.69852447509766,0.8723406195640564,971.1301803588868,672.3970127105713,-465.9507179260254,0.839633584022522,1048.0266952514648,585.5212497711182,-16.396586894989014,0.9890503287315368,958.165283203125,590.319550037384,16.435477137565613,0.9892678260803224,1069.4397354125977,753.6212754249573,-164.4437313079834,0.8812848925590515,930.3560829162598,746.9857692718506,-73.20033073425293,0.9180042147636414,1062.2487258911133,936.8869400024414,-56.849151849746704,0.8485846519470215,906.1527442932128,928.3244919776917,35.65630316734314,0.8701543807983398,1047.1159744262695,967.1737360954284,-59.53580617904663,0.8175394535064697,916.8598365783693,959.3036198616028,33.647786378860474,0.8213810324668884,1102.6875686645508,986.66987657547,-271.8137741088867,0.8400155305862427,851.700325012207,982.5788426399232,-158.16580295562744,0.8545825481414795,5.349185850639917,3.0565011977537044,16.93740966217373,20.070449535790647
tom_1_frame18.jpg,tom_1,FO,frame18,P1,562.0333830714226,264.7052264213562,-452.1215366721153,0.9997839331626892,565.9871376156807,254.76256847381592,-448.1091513633728,0.9994052052497864,569.2023230195045,254.2058527469635,-448.09397953748703,0.9993406534194946,572.4626358747482,253.4742856025696,-448.1401546597481,0.9993951320648192,558.1597947478294,254.93760228157043,-442.4363241791725,0.9994826316833496,555.885495364666,254.71224904060364,-442.5373662114144,0.9994268417358398,553.5958689451218,254.3777048587799,-442.6266510486603,0.9994663000106812,578.7586719989777,250.30959248542783,-357.36766362190247,0.9986432194709778,553.1778482794762,252.7159881591797,-330.9683373570442,0.9990260004997252,568.8868964910507,271.3571798801422,-412.6447561383248,0.999428391456604,558.7252653837204,272.36324429512024,-405.2726844549179,0.9993709325790404,612.1650924682617,288.35461020469666,-256.1646974980831,0.9997397661209106,527.9353058338165,295.11040449142456,-228.8306160271168,0.9999126195907592,593.0392016172409,369.49363231658936,-215.06975054740903,0.854742705821991,540.6528269648552,373.67284059524536,-173.907616853714,0.9712583422660828,575.527693927288,433.10412406921387,-265.7222881615162,0.8286349773406982,553.518302500248,441.4021897315979,-236.0100326836109,0.9458156228065492,572.7075968384743,455.72606325149536,-292.6558877527714,0.7727382779121399,551.4710760712624,460.9755778312683,-259.87570282816887,0.9075738787651062,566.5578466057777,457.3014688491821,-319.45942094922066,0.7778932452201843,558.1241351366043,461.4635729789734,-289.02630972862244,0.9072981476783752,567.3530287742615,448.4890627861023,-276.0847422480583,0.751616895198822,559.7504695057869,454.2174935340881,-247.74629366397855,0.8865346908569336,595.985601246357,409.1472101211548,-2.8115771845914423,0.9996548295021056,545.3950896263123,410.0706315040589,2.7541035264730453,0.9998175501823424,610.3803269863129,503.5169196128845,-39.887188609689474,0.9508938193321228,525.1135402321815,501.50556087493896,-13.320528455078602,0.990208387374878,609.2235043644905,587.8464937210083,58.718196496367455,0.9763163328170776,514.6035779714584,589.2705154418945,77.68730049580336,0.9919828176498412,601.0832571387291,601.4917135238647,61.640965327620506,0.9277239441871644,518.5933801531792,602.615966796875,80.0139009654522,0.9313179850578308,634.0199718475342,613.0094528198242,-50.9778733626008,0.9687713980674744,487.5151559114456,624.8806643486023,-34.214383251965046,0.985096275806427,4.585689506387048,1.0456955600313418,17.979179565311604,6.278109128798305
tom_2_frame27.jpg,tom_2,FO,frame27,P1,411.7512741088867,251.08983087539676,-575.6140840053558,0.9999204277992249,415.6434595584869,243.4334883093834,-579.3780649900436,0.9997962713241576,418.6954916119576,242.19609773159027,-579.3225322961807,0.9997733235359192,421.8742694854736,240.75907665491104,-579.3764500617981,0.9998020529747008,406.9829640388489,243.84170496463776,-578.8871268033981,0.9997997283935548,403.8297124505043,243.01954251527783,-579.0231975317001,0.999772608280182,400.7207151055336,242.05495822429657,-579.1177489757538,0.99976646900177,425.8920025825501,232.14700204133987,-484.005247592926,0.9995613098144532,393.6875984072685,235.7007227540016,-478.7894982099533,0.9997106790542604,416.43771773576736,252.39626067876816,-527.3712283372879,0.9998141527175904,405.7142034769058,253.30587005615237,-527.2398461103439,0.9997976422309875,457.37836277484894,244.87927889823916,-331.72136902809143,0.9998472332954408,367.1327602267265,259.7857329249382,-334.5549690127373,0.9999460577964784,440.8695764541626,331.25487864017487,-254.5910676121712,0.9103517532348632,393.6545444726944,337.3174037337303,-269.3134828209877,0.9783833026885986,427.6995500922203,397.9312584400177,-307.0118989348412,0.905454158782959,415.5996220707893,404.101561665535,-317.5065622329712,0.950869619846344,429.6316815018654,423.31870663166046,-331.6121269464493,0.8556853532791138,418.04756677150726,422.4621900320053,-341.2152717113495,0.9046189785003662,426.4150570034981,424.905864238739,-364.4348142147064,0.8662980198860168,424.67937380075455,423.3861325979233,-372.7291898727417,0.9095206260681152,426.3227456212044,414.199613571167,-319.32747197151184,0.8403429388999939,424.8183618187904,415.41894805431366,-329.1333423256874,0.8841739296913147,441.6308327913284,356.6658225059509,5.110091644339263,0.9999160766601562,387.9465024471283,360.9783955812454,-5.111945474520326,0.9999266266822816,460.8060219287872,464.1653569936752,-35.06270344555378,0.9786549806594848,364.35860002040863,464.9870437383652,-18.013801768422127,0.9939814805984496,463.6651221513748,565.5554784536362,74.38500805199146,0.990786075592041,340.33414602279663,563.6525770425797,83.51663935184479,0.9953345060348512,453.724665760994,583.9802235364914,77.70317767560482,0.9564398527145386,344.84312987327576,577.6912423372269,86.24423362314701,0.91156005859375,491.57201993465424,598.4971168041229,-49.34047941863537,0.987619936466217,322.0405514240265,597.5220876932144,-43.90392441302538,0.9909679889678956,9.379230277979904,4.592825649893139,1.798425553817409,10.780642055927718
tom_3_frame12.jpg,tom_3,FO,frame12,P1,448.4759793281555,228.7007701396942,-644.8889558315277,0.9986428022384644,455.39887952804565,219.0163767337799,-641.8312730789185,0.998502254486084,458.8932611942291,217.574075460434,-641.80988073349,0.9980415105819702,462.1743516921997,216.0371947288513,-641.917685508728,0.9985086917877196,445.1504707336426,218.65848660469052,-642.8599498271942,0.998624622821808,441.63690972328186,216.9135797023773,-642.988198518753,0.9985503554344176,438.1893699169159,214.90975975990293,-643.0602791309357,0.9987024068832396,466.0335097312927,208.55941891670227,-520.3811848163605,0.997251033782959,430.5465066432953,206.8642234802246,-524.6577043533325,0.9976688027381896,452.6169261932373,230.3542995452881,-589.4210278987885,0.9955618977546692,440.7033393383026,230.5778694152832,-591.0032184123993,0.9947615265846252,493.2996873855591,226.7786812782288,-352.24931049346924,0.9987925887107848,396.97345983982086,239.46971654891968,-378.92214035987854,0.9993829131126404,474.8882546424866,319.56451416015625,-288.06234204769135,0.7543401122093201,415.1141951084137,323.1211233139038,-346.3072704076767,0.9370105266571044,459.0586040019989,385.3502726554871,-355.6363615989685,0.7929884195327759,442.068286895752,391.5799117088318,-411.3689275979996,0.9250279068946838,459.3445026874542,410.5982255935669,-386.7940492630005,0.7783550024032593,446.9487977027893,412.0959329605103,-444.42808389663696,0.8995181322097778,457.89414381980896,412.081139087677,-419.2804334163666,0.7881304621696472,453.8010926246643,412.84430027008057,-472.4766101837158,0.9019177556037904,459.0817351341248,401.5605068206787,-368.9716173410416,0.7695799469947815,453.8414535522461,404.66588258743286,-421.8227766752243,0.8724363446235657,466.2649264335632,336.7860007286072,5.884285528212786,0.9998995661735536,410.1364966630936,340.2032232284546,-5.814137175679207,0.9999005794525146,488.99360847473145,441.5693402290344,-129.7673241496086,0.8905803561210632,383.7423732280731,441.235728263855,-128.80617028474808,0.9857877492904664,495.4291214942932,545.3665161132812,-17.32714445888996,0.9546511173248292,364.0903425216675,544.6622467041016,-15.34750122576952,0.9929240942001344,484.6709847450256,560.6733918190002,-14.53905926644802,0.9247796535491944,369.2805154323578,558.3704113960266,-11.867769990116358,0.944819986820221,524.974479675293,581.4630794525146,-159.99460285902023,0.948007345199585,345.2565690279007,584.2411661148071,-154.81051570177078,0.987525224685669,7.5055232646247685,3.4839929323674386,15.477463962863268,11.773180360434054
eric_1_frame44.jpg,eric_1,FO,frame44,P2,380.165736079216,304.53692150115967,-415.2797174453736,0.9999582171440125,383.6985591053962,297.3249492645264,-417.66197681427,0.9998697638511658,386.4354357123375,296.3890929222107,-417.6296746730805,0.999863862991333,389.3137165904045,295.35748958587646,-417.6179498434067,0.9998674988746644,376.74154430627823,296.200067281723,-412.78830885887146,0.9998739361763,374.5345452427864,294.65898871421814,-412.8985410928726,0.9998639225959778,372.292018532753,293.105402469635,-413.0019927024841,0.999870777130127,395.2179217338562,289.0750679969788,-342.97518849372864,0.9997275471687316,367.67876893281937,286.23346066474915,-322.2210627794266,0.9998641610145568,384.7880029678345,304.9525787830353,-379.03485506773,0.9999370574951172,377.3817953467369,304.7338914871216,-373.3399546146393,0.9999491572380066,417.6557141542434,310.7186801433563,-253.69098722934723,0.9999797344207764,344.118430018425,295.139196395874,-188.4315034747124,0.9999936819076538,376.634773015976,374.7029156684876,-226.08134418725967,0.971909523010254,331.1322394013405,359.4437155723572,-108.86167675256728,0.9877520203590392,329.1870477795601,424.1067881584168,-300.04058092832565,0.966968595981598,308.4247758984566,422.6851444244385,-170.08633583784103,0.9789488315582277,318.99906545877457,438.3692736625672,-328.2386785745621,0.9349430799484252,298.52198004722595,436.71353101730347,-189.17168632149696,0.953372359275818,312.4748334288597,437.3487882614136,-350.5365499854088,0.939257264137268,298.4575405716896,438.71546459198,-220.65821021795276,0.9561776518821716,317.7746918797493,431.6737461090088,-308.1932693719864,0.9100391268730164,302.9342123866081,434.75179624557495,-182.64347538352013,0.9434751868247986,410.01522183418274,401.7661271095276,1.038356040371582,0.9999195337295532,363.1162092089653,400.3307518959045,-1.1418856389354914,0.9999558925628662,423.8743942975998,492.2996392250061,-58.3829653263092,0.9863339066505432,350.5340778827667,486.196681022644,-129.34619024395943,0.9940064549446106,430.45320093631744,580.2690982818604,9.249038742855191,0.9933685660362244,335.20868957042694,578.2590336799622,-50.20280711352825,0.993706464767456,424.2201119661331,594.6713876724243,8.633109219372272,0.9376615285873412,336.8061622977257,589.7081837654114,-48.46794433891773,0.8992849588394165,452.0814621448517,608.035933971405,-109.61963519454002,0.9889426231384276,328.1412306427956,607.1856608390808,-164.39803943037987,0.9895105361938475,11.961716344335969,1.753027900584319,41.586938553631725,2.6616503712984407
grant_frame155.jpg,grant,FO,frame155,P2,574.4862985610962,375.51142930984497,-733.5394048690796,0.99993497133255,581.7428112030029,360.9244394302368,-734.6977972984314,0.9997992515563964,586.6485500335693,359.25283312797546,-734.6493887901306,0.9997627139091492,591.4744019508362,357.33940958976746,-734.659366607666,0.9997618794441224,568.3321738243103,360.0096344947815,-725.4551839828491,0.9998059272766112,564.2885184288025,357.7272891998291,-725.6506204605103,0.999752163887024,560.4716491699219,355.26373386383057,-725.8255219459534,0.9997734427452089,596.9245433807373,348.70734214782715,-590.5783939361572,0.9996507167816162,553.1607413291931,344.91905450820923,-551.7073273658752,0.9997859597206116,583.3637237548828,380.55379986763,-665.7909250259399,0.9998944401741028,568.6527514457703,379.6864378452301,-655.182831287384,0.9999088644981384,637.3108220100403,402.639023065567,-435.7357978820801,0.999966561794281,513.0046284198761,371.0011339187622,-293.4587824344635,0.9999943375587464,581.3740181922913,512.9488492012024,-365.2377533912658,0.9746960401535034,499.1951036453247,482.326283454895,-99.23801332712172,0.970262348651886,496.9218349456787,588.2246589660645,-488.21393609046936,0.9748042225837708,459.2527413368225,589.3135929107666,-190.2674210071564,0.9734966158866882,481.0874569416046,611.6929364204407,-536.3618624210358,0.951260507106781,444.4847667217255,613.5899448394775,-215.7278823852539,0.9482914805412292,466.125590801239,609.4986534118652,-575.1462507247925,0.9532682299613952,446.1199700832367,614.8973608016968,-277.0938098430633,0.9519197940826416,473.70081424713135,600.3148770332336,-502.10527896881104,0.9209622144699096,453.6583399772644,608.2013440132141,-214.7291833162308,0.9443575143814088,635.3784084320068,561.1780142784119,-14.541606903076172,0.9998826384544371,551.9188570976257,560.3432893753052,14.537307992577553,0.999958038330078,665.4059743881226,714.567711353302,-196.42019391059875,0.9716275930404664,507.76196122169495,695.8875632286072,-247.37005233764648,0.99192875623703,654.9637699127197,876.5161871910095,-51.70258417725563,0.9825080037117004,500.1134490966797,856.6797709465027,-46.15587919950485,0.990804135799408,635.5835652351379,901.1890769004822,-51.00681245326996,0.934050440788269,513.9367175102234,879.0398669242859,-36.38352021574974,0.937558114528656,704.9347400665283,920.97740650177,-251.50822341442108,0.9762874245643616,458.78520011901855,918.2432913780212,-226.50693476200104,0.9838507771492004,14.279499532494944,0.5730275161089039,48.85656994181328,19.209320620981067
jess_1_frame114.jpg,jess_1,FO,frame114,P2,430.4410934448242,162.17750495672226,-654.1796655654907,0.9998162984848022,437.99152660369873,149.53726661205292,-651.7102048397064,0.9995556473731996,442.2964699268341,148.78332641720772,-651.6931684017181,0.999426007270813,446.4820129871368,147.84293067455292,-651.7557482719421,0.9994651675224304,425.983838558197,148.4263617694378,-643.7598025798798,0.9996746182441713,422.2868347167969,146.98989912867546,-643.9155504703522,0.9995758533477784,418.68174052238464,145.35006240010262,-644.0147199630737,0.999652624130249,454.0618727207184,143.52873399853706,-523.6740167140961,0.9990258812904358,414.623970746994,138.8781417310238,-491.8646154403687,0.999476432800293,437.6646399497986,169.63297605514526,-596.4613752365112,0.9994966983795166,424.32946491241455,168.38618513941765,-587.2990143299103,0.9996588826179504,483.23149728775024,186.9386155605316,-404.68294298648834,0.9998039603233336,383.15128111839294,171.56825640797615,-285.7468020915985,0.9999789595603944,440.1950349807739,270.34377056360245,-384.395207285881,0.967578113079071,362.5927047729492,252.813329577446,-192.15003955364227,0.961233377456665,379.1378206014633,316.32238495349884,-473.2982375621796,0.934360146522522,333.40790712833405,324.33955985307693,-315.9593518972397,0.9384345412254332,361.40228366851807,338.3413063287735,-518.8567702770233,0.886002779006958,323.6593862771988,346.742623090744,-345.7469103336334,0.8854091763496399,359.334534406662,331.6724646091461,-543.2208125591278,0.8901593685150146,325.3897947072983,346.8702980875969,-396.2133407592773,0.8926903009414673,364.0325257778168,324.1282435655594,-482.602117061615,0.8411555290222168,330.0128402709961,339.16690212488174,-337.5134950876236,0.8804827928543091,478.03959441185,323.39725095033646,-19.85227805376053,0.9997560977935792,415.32986974716187,323.7519198060036,19.830242909491066,0.9998916387557985,495.8021137714386,439.655397772789,-144.53663170337677,0.9648045301437378,384.8510046005249,432.0571118593216,-150.61567562818527,0.9818050861358644,487.7219054698944,569.0263024568558,-60.47183486819267,0.98477703332901,368.1868515014648,567.103835105896,-15.56078964471817,0.9897748827934264,474.3865852355957,593.9763091802597,-63.27351823449135,0.9479568004608154,382.188068985939,591.1503752470016,-13.36973039060831,0.9451169967651368,528.1846072673798,608.3731594085693,-227.28795909881592,0.9802961349487304,326.990421295166,602.1043232679367,-172.45582044124603,0.9822772741317748,8.731286886707018,0.3240456244433621,49.92067105370416,32.325502798081864
jess_2_frame589.jpg,jess_2,FO,frame589,P2,433.23441684246063,176.12623447179794,-515.0886063575745,0.9999596476554872,440.2582268714905,163.82268929481506,-510.82678866386414,0.999886155128479,444.1127574443817,163.85177463293076,-510.8193844556809,0.999868869781494,447.96923649311066,163.96624606847763,-510.85796427726746,0.9998562335968018,431.9230647683144,162.89360481500626,-497.0783988237381,0.9998923540115356,429.7771248221397,162.40951991081238,-497.1881258487701,0.9998680353164672,427.75026458501816,161.9002114534378,-497.24724817276,0.9998763799667358,456.7388808727264,165.5077385008335,-409.7827286720276,0.9996972680091858,429.1367721557617,159.80428865551949,-350.83999848365784,0.9998419284820556,439.9457748532295,184.73793357610705,-471.9069858789444,0.999887466430664,430.4524665474892,183.93100345134732,-454.95104295015335,0.9999321699142456,485.0577503442764,216.602273106575,-335.2860674262047,0.9999394416809082,397.8531296849251,201.83043760061264,-179.99859735369682,0.9999902844429016,427.8911672234535,284.8892811536789,-334.32187807559967,0.9849984645843506,372.6512648463249,270.321103990078,-67.0949721634388,0.9770317673683168,357.37023174762726,330.41037595272064,-410.32457196712494,0.9800994992256165,340.6144807934761,330.9330990314484,-122.2014456987381,0.9694509506225586,342.6519184708595,346.8894659280777,-452.3568700551986,0.9571078419685364,323.4185413122177,345.6965808868408,-140.8966816663742,0.9408929944038392,335.5314640402794,342.5583724975586,-471.407619357109,0.9566993713378906,324.28063052892685,343.73800551891327,-179.481791973114,0.9427481293678284,341.0029512047768,337.5732959508896,-417.4614214301109,0.925900936126709,331.3380100131035,339.5688834786415,-138.47643807530403,0.929460108280182,474.5048608779907,342.86142098903656,-8.998536359518766,0.9999074339866638,415.7442853450775,340.18630158901215,8.90540530346334,0.9999563694000244,502.0337625741959,443.58587777614594,-173.41647896170616,0.9931140542030334,389.9982668757439,441.4968147277832,-166.99381548166275,0.9977509379386902,494.862313747406,553.9723578691483,-32.968900099396706,0.99551659822464,376.2580884695053,548.331346988678,4.030216114595532,0.9974820613861084,483.0419685840607,572.3821370601654,-27.78762101382017,0.9640349745750428,384.719289124012,562.6886503696442,12.09661642089486,0.948258101940155,528.9428262710571,593.4489868879318,-181.53807419538495,0.9918124675750732,349.17190831899643,587.8444393873215,-136.945840716362,0.993817150592804,9.614229528707176,2.6066336224817253,60.68278620274516,16.94561675050896
nick_1_frame23.jpg,nick_1,FO,frame23,P2,389.05286490917206,158.777707695961,-596.5595781803131,0.9998972415924072,394.45189386606216,147.16622757911682,-592.4770265817642,0.999734103679657,398.5705181956291,146.46301525831225,-592.4509853124619,0.9997055530548096,402.5869786739349,145.50223231315613,-592.5134032964706,0.9997109174728394,384.2586115002632,146.60357451438904,-578.1061470508575,0.9997641444206238,381.6925331950188,145.79888993501663,-578.2638639211655,0.9997444152832032,378.7209153175354,144.8743545114994,-578.3464968204498,0.9997759461402892,410.71036010980606,139.99845439195633,-486.5371912717819,0.9992979168891908,377.7171358466149,140.80789223313332,-421.4603632688522,0.9996127486228944,397.6114749908447,166.00863581895828,-551.2765467166901,0.9997589588165284,385.4857176542282,165.93444541096687,-533.172544836998,0.9998157620429992,443.8664436340332,189.44115561246872,-401.2439027428627,0.9998273253440856,357.51759707927704,186.21917217969892,-250.22660493850708,0.9999611973762512,389.2417654395104,264.3748822212219,-405.34271746873856,0.8736060261726379,340.34733176231384,254.8473069667816,-177.09200531244278,0.9710264205932616,327.49236822128296,314.51185089349747,-471.582156419754,0.8064303994178772,315.9986689686775,312.8267415761948,-271.8998819589615,0.916336476802826,312.8695622086525,331.6342856287956,-515.2904003858566,0.7149360775947571,306.76569640636444,332.984565615654,-299.60001558065414,0.8478571772575378,306.4119353890419,327.0316096544266,-533.4128946065903,0.7202996611595154,305.2677407860756,329.8793231248856,-337.10678964853287,0.8472694158554077,311.99887692928314,319.748863697052,-478.8448840379715,0.6587075591087341,310.88204085826874,322.35132133960724,-288.6998951435089,0.8129653930664062,442.04005897045135,313.33913695812225,-15.497063100337982,0.9998320937156676,384.8756477236748,315.19692385196686,15.349998325109482,0.9998711943626404,477.8031319379807,423.80423402786255,-124.99326691031456,0.97723788022995,355.2781492471695,415.7546007633209,-82.33180977404118,0.9955487251281738,480.75547218322754,524.5643978118896,39.525374583899975,0.9913963675498962,323.143070936203,519.1973931789398,84.21655930578709,0.9957090020179749,469.4860368967056,537.8414125442505,46.47263679653406,0.9421160221099854,331.7744091153145,532.8961896896362,91.831673681736,0.9295145869255066,504.3022006750107,560.5635433197021,-118.2533659040928,0.9840731620788574,302.13749408721924,552.12890625,-62.73866780102253,0.9889305830001832,2.136918504584222,1.861401088735177,60.239891699900454,28.352188115878672
nick_2_frame26.jpg,nick_2,FO,frame26,P2,376.9318513870239,208.8350835442543,-576.8360996246338,0.9999384880065918,383.0267105102539,197.3445948958397,-573.8700971603394,0.99984872341156,386.9462628364563,196.11760586500168,-573.8464984893799,0.9998334646224976,390.9398589134216,194.7453144192696,-573.8607978820801,0.9998368620872498,372.6614265441895,197.4113854765892,-564.9112005233765,0.999843955039978,369.61584281921387,196.46381467580795,-565.04274559021,0.999821960926056,366.5582962036133,195.24614095687863,-565.1024198532104,0.9998298287391664,399.1264715194702,188.7577486038208,-456.4008197784424,0.9996201395988464,364.5488576889038,188.4976601600647,-418.33457469940186,0.9997551441192628,384.8046016693115,215.66004037857056,-524.6805601119995,0.9998677968978882,372.6543936729431,215.64687967300412,-513.9037246704102,0.9998733401298524,430.2466230392456,232.02204644680023,-344.7268619537353,0.9997952580451964,341.0991153717041,218.59934002161023,-239.93544483184812,0.9998615980148317,383.3073945045471,306.0756915807724,-342.89065170288086,0.9108962416648864,326.36499309539795,293.0678352713585,-144.15814757347107,0.9772607088088988,316.05856561660767,353.8578951358795,-404.5293989181519,0.8896173238754272,291.0783443450928,352.4899631738663,-227.29099655151367,0.948750615119934,301.0390629768372,369.8837685585022,-441.31631565094,0.8326045870780945,277.1523947715759,371.2653547525406,-253.5088396072388,0.9024217128753662,294.3558259010315,365.3758978843689,-468.2170248031616,0.8370949029922485,276.785400390625,370.0602042675018,-291.6412076950073,0.9047319889068604,300.3713607788086,358.33903312683105,-414.7614088058472,0.7994940280914307,282.7831311225891,364.019975066185,-243.483726978302,0.8805575966835022,426.0876026153565,353.97251665592194,1.3994540330022571,0.9998707175254822,367.45207834243774,351.70476257801056,-1.477330194786191,0.999853491783142,444.8556957244873,464.6543383598328,-55.07742881774902,0.9761821031570436,341.54041051864624,464.831308722496,-123.46230006217957,0.9906129837036132,438.90841007232666,571.5000611543655,103.22474575042725,0.9874864816665648,320.5602340698242,561.7363804578781,39.92204689979553,0.9912109375,425.5558614730835,584.7843539714813,110.52249455451964,0.937090277671814,327.49071979522705,570.9544265270233,48.149212419986725,0.8766216039657593,461.7940740585327,609.0114855766296,-39.1584312915802,0.980012595653534,311.7744722366333,601.3439351320267,-102.9320638179779,0.9828081130981444,8.562555945023187,2.214835005716923,49.61172759888683,2.8088012469152943
rob_1_frame3604.jpg,rob_1,FO,frame3604,P2,880.0329780578613,471.3145387172699,-707.4834251403809,0.9999402165412904,887.6118278503418,460.4261326789856,-705.9170722961426,0.9998407363891602,891.3637161254883,460.5219519138336,-705.8907508850098,0.9998149275779724,895.1097679138184,460.484744310379,-705.9514045715332,0.9998252987861632,877.5588798522949,457.3935520648956,-698.118953704834,0.9998600482940674,874.5428466796875,455.591493844986,-698.2906723022461,0.9998257756233216,871.6265487670898,453.8172447681427,-698.38623046875,0.9998431205749512,900.9794425964355,458.1735599040985,-572.9888534545898,0.9997206330299376,866.3979148864746,450.7798361778259,-539.6033477783203,0.9997463822364808,885.6235313415527,479.8840999603272,-647.1981239318848,0.9998790621757508,873.6941528320312,476.5767431259155,-638.7859725952148,0.9998996257781982,923.7024879455566,498.18904995918274,-450.1980686187744,0.999963879585266,831.1530303955078,477.8821635246277,-302.5993824005127,0.9999884366989136,878.1401252746582,592.3724055290222,-415.5216693878174,0.9884175062179564,814.5849609375,563.0940127372742,-165.53053379058838,0.970247447490692,794.8794937133789,645.01704454422,-502.1069526672363,0.9825533628463744,775.5126571655273,639.5936822891235,-260.2742958068848,0.969737946987152,775.601692199707,664.6168899536133,-550.5001831054688,0.9624807238578796,759.4164276123047,658.8838934898376,-286.39403343200684,0.942197322845459,767.175407409668,659.3917965888977,-577.836971282959,0.9641071557998656,756.9092559814453,659.4698810577393,-341.1881446838379,0.9469207525253296,771.9531440734863,653.9545941352844,-511.69641494750977,0.9418433904647828,762.9326820373535,654.7707796096802,-282.63401985168457,0.9365839958190918,921.4084053039552,634.8298859596252,-25.40774881839752,0.9998513460159302,861.0236549377441,634.6195793151855,25.374115705490112,0.9999189376831056,925.3896331787108,765.3082609176636,-154.41650390625,0.9853107929229736,836.480655670166,753.1193590164185,-163.7400197982788,0.9859603047370912,930.4420852661132,899.2139840126038,-57.63785004615784,0.9908861517906188,810.706787109375,896.363353729248,-42.61141061782837,0.9925491809844972,920.5898094177246,920.8393907546996,-59.96694087982178,0.9377307295799256,823.6529159545898,921.216938495636,-41.95296049118042,0.9305846095085144,960.9697723388672,934.1107892990112,-248.0105781555176,0.9866080284118652,773.730297088623,933.9449644088744,-227.89734363555908,0.9873782992362976,12.375530901011645,0.1995476397169163,57.91087208677561,40.06288480679263
rob_2_frame25.jpg,rob_2,FO,frame25,P2,993.896484375,388.2465362548828,-889.4623374938965,0.9934230446815492,1006.2128448486328,375.7024884223938,-898.0067825317383,0.9932885766029358,1011.917610168457,375.9983468055725,-898.0414009094238,0.9936013221740724,1017.4858474731444,375.9756875038147,-898.1610488891602,0.9943318963050842,989.4527435302734,369.9084985256195,-877.0729637145996,0.9921660423278807,983.5951995849608,366.3636374473572,-877.2570419311523,0.991804540157318,977.8224563598632,362.8698885440826,-877.4168586730957,0.9923555254936218,1028.4950637817385,368.5501956939697,-761.1005401611328,0.9944708347320556,971.8337631225586,352.72412180900574,-673.4263229370117,0.9930794835090636,1002.8637313842772,396.4894688129425,-821.8154525756836,0.9963943362236024,983.261947631836,391.4248251914978,-795.7602882385254,0.9938399791717528,1053.0443572998047,420.1554358005524,-610.3705215454102,0.999384582042694,936.2578010559082,375.2175986766815,-359.8202133178711,0.9987672567367554,968.4916305541992,524.6532475948334,-606.7313575744629,0.9579436779022216,907.0818328857422,484.6359550952912,-178.40131759643555,0.9288831949234008,859.9138641357422,589.9038290977478,-719.6918678283691,0.946513295173645,849.5002555847168,581.6246867179871,-302.158842086792,0.9230585098266602,834.5384788513184,605.9301352500916,-791.6003036499023,0.92611163854599,821.4558792114258,597.6884579658508,-330.9474849700928,0.885567307472229,825.1451683044434,598.6057734489441,-821.0372543334961,0.928752899169922,817.8317070007324,594.9457168579102,-407.7681255340576,0.891301155090332,834.3893051147461,594.7024512290955,-730.5959701538086,0.908927321434021,830.1168823242188,592.7632141113281,-334.3323040008545,0.8765862584114075,1048.208885192871,590.6703186035156,-39.65710759162903,0.9956863522529602,961.8374633789062,583.4871912002563,39.70466494560242,0.9957953095436096,1065.5513763427734,761.1017417907715,-180.90914726257324,0.9402660131454468,931.9561386108398,753.8235354423523,-120.10695934295654,0.9574384689331056,1062.6949310302734,939.0731763839722,-44.3026077747345,0.9356356263160706,912.0027923583984,930.3194117546082,85.54256916046143,0.9440871477127076,1047.117691040039,967.0632719993592,-46.68875098228455,0.8946410417556763,923.9631271362304,962.536883354187,92.53928661346436,0.8908161520957947,1103.840217590332,985.8599996566772,-280.2937316894531,0.9289789199829102,861.1651039123535,979.0908551216124,-120.74349403381348,0.9346282482147216,21.046028607185267,4.754094977637451,65.008823528286,42.57813094349913
tom_1_frame28.jpg,tom_1,FO,frame28,P2,557.6767408847809,262.0300078392029,-435.0534265637398,0.9998233318328856,564.10133010149,256.16103529930115,-438.6741769909858,0.9994364976882936,567.1305733323097,256.3341438770294,-438.6787557005882,0.9993703365325928,570.1918287277222,256.05358719825745,-438.7202745079994,0.9994072914123536,557.4663142561913,254.6241545677185,-422.2892646789551,0.9995308518409728,555.6900077462196,253.90827298164368,-422.36543422937393,0.9994391202926636,553.7523211240768,253.0128788948059,-422.47148180007935,0.9994962215423584,579.2512325048447,255.9757673740387,-376.8107659220696,0.998761773109436,557.2849119901657,251.4546585083008,-304.2003085613251,0.9990845918655396,564.3630926012993,270.52154898643494,-405.1572466492653,0.9995731711387634,556.1445804834366,267.37094044685364,-384.7103980779648,0.9996217489242554,600.8169547319412,299.15255665779114,-321.8786675333977,0.9998247027397156,536.9311509132385,272.620576620102,-145.2829698175192,0.9999592304229736,550.5123796463013,363.86932611465454,-324.59393933415413,0.935152232646942,515.2311328053474,339.12768840789795,-57.04134111106396,0.9563081860542296,497.8155063986778,410.4452610015869,-364.3681225776672,0.9171704649925232,484.12376779317856,402.2036552429199,-129.38601990044117,0.953523337841034,482.7532203197479,424.2223691940308,-398.3103684782982,0.8784241080284119,467.99060690402985,414.92367029190063,-145.52232380211353,0.9179468750953674,475.9693576097488,419.742419719696,-415.7867597937584,0.88083416223526,468.6378346681595,415.5930423736572,-182.1529415845871,0.9200619459152222,481.8003830909729,416.1109495162964,-369.969514131546,0.8506851196289062,475.7071682810784,412.42719411849976,-145.62610141932964,0.9038243889808656,597.3280168175697,402.5361728668213,-26.480566833168268,0.999689280986786,547.0983307957649,401.4887261390686,26.3642098903656,0.9998623728752136,609.527406513691,500.79740047454834,-56.07976844161749,0.9758298993110656,525.1111344695091,499.5434069633484,-57.52592282742262,0.9933655858039856,608.8534049391747,584.4636416435242,54.31823118031025,0.9880948662757874,520.43592274189,584.3230390548706,87.07063342630863,0.9946773052215576,600.6409848332405,600.6672286987305,57.20480686426163,0.9401620626449584,528.5360868573189,598.0079793930054,97.34861420094968,0.9466199278831482,632.3450177907944,611.2999296188354,-65.41972973942757,0.982657790184021,494.0409423708916,619.6616697311401,-20.18248993344605,0.9893972277641296,22.553269175923596,1.1946238299937617,70.11174658340609,46.453333059073906
tom_2_frame62.jpg,tom_2,FO,frame62,P2,407.1336993575096,245.48909091949463,-507.3362201452255,0.999925136566162,412.95296305418015,238.18857544660568,-514.8440736532211,0.9997507333755492,415.9891583919525,238.0491319298744,-514.7910414934158,0.9997360706329346,418.9758900403976,237.81392699480057,-514.8042213916779,0.9997507333755492,405.1567406654358,235.91526556015012,-510.0446631908417,0.9997329711914062,402.6799095869064,234.23621422052383,-510.1679186820984,0.999658226966858,400.0983946919441,232.53188848495483,-510.2690340280533,0.9996713399887084,424.78283339738846,233.0788247585297,-433.0345436930656,0.9995380640029908,398.3893057107925,226.9518313407898,-401.33944100141525,0.9995157122612,411.8584845066071,249.17261695861816,-466.16294729709625,0.9998567700386048,403.2514639496803,247.5390264391899,-459.7255307435989,0.9998644590377808,449.5514307022095,254.4132484793663,-336.58553290367126,0.9999688267707824,372.5546213388443,231.7926847934723,-228.09030348062515,0.9999908804893494,388.7734759449959,320.31698048114777,-308.5218568444252,0.9755957126617432,354.0880731344223,301.57915967702866,-126.90952688455582,0.97378671169281,335.4027281999588,371.38271856307983,-380.86850637197495,0.9724767804145812,321.8861434459686,366.1370611190796,-206.1593044102192,0.970453441143036,322.0893899798393,387.24788296222687,-417.7204656600952,0.944265067577362,308.24802231788635,381.42240357398987,-225.32856780290604,0.9427425265312196,314.3517738580704,383.4011281728745,-442.9810690879822,0.948261022567749,307.8094390630722,382.0468590259552,-267.87760323286057,0.9477282762527466,319.6494417786598,378.5574618577957,-390.17161309719086,0.9155037999153136,313.3000909090042,378.72730910778046,-223.2185338139534,0.9326131343841552,437.62336230278015,367.8996503353119,-10.145190872251987,0.9998980164527892,384.5155092477799,365.6103940010071,10.08105119690299,0.9999531507492064,458.8896230459213,467.4557855129242,-49.011004753410816,0.9923393130302428,362.37012845277786,470.5695000886917,-73.19330821931362,0.9969275593757628,462.7323187589645,565.2300550937653,61.14088383316994,0.9960479140281676,342.4171429872513,563.1284745931625,35.22718518972397,0.996789276599884,452.2431514263153,583.7200337648392,63.339009553194046,0.9681333303451538,348.52951616048813,578.9727079868317,38.08471281081438,0.9417553544044496,491.1517218351364,598.5894862413406,-70.59662732481956,0.9931890368461608,321.7581734061241,598.6634066104889,-93.84741999208929,0.9931042194366456,16.37203533305103,2.468252237755226,54.637469650077776,20.849444796246008
tom_3_frame37.jpg,tom_3,FO,frame37,P2,445.89651560783386,224.53118801116943,-519.8786754608154,0.9998835921287536,453.0718033313751,216.5201640129089,-520.0267884731293,0.9998364448547364,456.0593023300171,216.24844312667847,-519.9891147613525,0.9997965693473816,458.88377690315247,215.90869069099423,-519.984846830368,0.9998278617858888,444.4600670337677,214.0139198303223,-516.3761794567108,0.999849498271942,441.7791213989258,212.01836824417117,-516.5047442913055,0.9998338222503662,439.28282964229584,209.95991230010983,-516.5844650268555,0.9998435378074646,461.4696688652039,211.44304871559143,-416.0672082901001,0.999683141708374,434.59640431404114,203.800128698349,-402.1603132486344,0.9997682571411132,448.8043465614319,228.3659827709198,-471.28158950805664,0.9996351003646852,438.9322270154953,226.19746446609497,-467.6439423561096,0.9995900392532348,478.4929702281952,241.1574745178223,-305.3607405424118,0.999889075756073,400.0070103406906,213.44409227371216,-235.1225309371948,0.999950349330902,414.042680978775,308.35391998291016,-262.5723350048065,0.9504775404930116,376.8906579017639,283.4576964378357,-124.14390355348588,0.9822329878807068,350.869873046875,355.35733699798584,-351.8540526628494,0.953880488872528,336.2809784412384,349.86743211746216,-178.75875902175903,0.9764251708984376,335.8603501319885,369.6342349052429,-388.1260389089584,0.9216973185539246,320.09911811351776,362.9331779479981,-198.48177701234815,0.9553760290145874,328.9396892786026,367.6882123947144,-414.4635200500488,0.9258638620376588,319.8352704048157,364.02241230010986,-238.69821405410767,0.958502233028412,335.27474784851074,363.3692932128906,-362.106729388237,0.8963912725448608,326.8549894094467,361.2945437431336,-194.6795642375946,0.9472185373306274,458.7681212425232,352.42255687713623,2.537209021858871,0.999909520149231,404.22862637043,346.09580516815186,-2.6888296576216817,0.9999599456787108,487.5735466480255,449.7299242019653,-51.56446376442909,0.9841742515563964,381.3419518470764,452.4426746368408,-87.66810384392738,0.9958184957504272,493.606556892395,546.6620540618896,74.67683148384094,0.9921698570251464,365.088564157486,545.8037257194519,46.20012238621712,0.9964554309844972,483.0566003322601,564.1815257072449,79.32924509048462,0.9645825624465942,369.39785718917847,560.2358984947205,51.66863289475441,0.9414424896240234,523.98326587677,580.6655883789062,-48.36092710494995,0.9885136485099792,344.48597037792206,585.2617812156677,-77.55170452594757,0.9923030138015748,19.448119736217897,6.616914432926792,41.82581701484847,5.4734381231921185
eric_1_frame64.jpg,eric_1,FO,frame64,P3,371.4347639679909,295.3256914615631,-225.21363615989685,0.9962884187698364,378.10364931821823,288.1797215938568,-228.99795442819595,0.992761492729187,381.1510691046715,288.05267429351807,-229.02321696281436,0.9919546842575072,384.00076776742935,287.78820848464966,-229.04238164424896,0.9922961592674256,370.0005441904068,287.1619327068329,-217.38439291715625,0.9907605648040771,368.31899642944336,286.3629970550537,-217.43925005197525,0.9878191947937012,366.29062443971634,285.19768810272217,-217.5051021575928,0.9893853664398192,389.5518860220909,284.69945526123047,-186.48965507745743,0.9830036759376526,368.27591121196747,280.48331022262573,-135.24904161691666,0.9819357991218568,377.55898624658585,300.13836765289307,-204.37793105840683,0.99383145570755,367.5060513615608,299.8051407337189,-189.8088060319424,0.9940398335456848,405.66752314567566,304.1175928115845,-174.66615319252014,0.9992647171020508,353.8927236199379,301.0955264568329,-47.74973671883345,0.9996855854988098,356.7287197709084,326.146785736084,-248.01452159881592,0.9559608101844788,313.28363478183746,314.4308259487152,-59.03485290706158,0.8892107009887695,315.11058926582336,311.7465913295746,-307.0332410931587,0.9540037512779236,266.1040738224983,299.87242913246155,-198.4717953205109,0.9020670652389526,300.4225090146065,310.2285161018372,-342.41529256105423,0.9202670454978944,255.216863155365,291.6822860240936,-225.81699401140213,0.8793675899505615,295.09093701839447,302.64220547676086,-344.7232475876808,0.9233024716377258,257.6632794737816,290.0391755104065,-247.9550263285637,0.8916444778442383,304.07929033041,302.8590052127838,-308.9283785223961,0.8708526492118835,264.484281539917,293.4254994392395,-212.9959163069725,0.8763659000396729,406.5351605415344,410.8885173797608,-12.520016804337502,0.9989205598831176,363.3308348059654,407.1835069656372,12.353744357824326,0.9994197487831116,414.96705532073975,497.5545229911804,-43.82890835404396,0.9824354648590088,352.2805830836296,487.6668205261231,-49.57833632826805,0.9924808144569396,429.2356079816818,580.6768941879272,19.86754436045885,0.993504524230957,334.1162320971489,577.0157332420349,27.77266938239336,0.9931289553642272,425.0339281558991,594.7743530273438,20.399208292365078,0.9333648681640624,335.11020570993423,587.9545783996582,30.43887034058571,0.8732962608337402,449.3341791629791,606.4485998153687,-88.86992394924164,0.9891229271888732,330.1753944158554,605.2856969833374,-75.0623831152916,0.9873515963554382,3.3405326146097147,4.901439074312422,67.80728774662335,29.930060974071843
grant_frame214.jpg,grant,FO,frame214,P3,561.418833732605,361.89061403274536,-455.02681374549866,0.9913075566291808,573.6031007766724,351.1651682853699,-466.5558922290802,0.9795068502426147,578.3460402488708,351.5776062011719,-466.5849244594574,0.97689026594162,583.094322681427,351.6842722892761,-466.6712808609009,0.977193295955658,563.6086106300354,346.25962257385254,-440.1628589630127,0.978066861629486,561.7693448066711,343.5106372833252,-440.293117761612,0.9696149230003356,559.6286201477051,340.60380935668945,-440.4781901836395,0.9737778306007384,594.4104552268982,349.73087310791016,-404.344425201416,0.9555186629295348,559.9058103561401,333.9370822906494,-286.6727721691132,0.9614095091819764,570.3876686096191,370.1156830787658,-420.96009850502014,0.976430118083954,558.2518100738525,365.6341624259949,-387.28856921195984,0.980587899684906,628.2505130767822,393.4694731235504,-364.3251693248749,0.9980471134185792,534.3242311477661,368.6085176467896,-95.6741300225258,0.999788761138916,522.0563435554504,441.1905097961426,-435.35033226013184,0.9559608697891236,483.5182464122772,425.5238556861877,-0.8736808248795569,0.8749576807022095,429.4698894023895,430.1069569587708,-532.928946018219,0.9673351049423218,395.6609559059143,404.162700176239,-175.37285685539246,0.9343308806419371,415.5943822860718,420.0761604309082,-584.3483734130859,0.9433579444885254,376.1747610569,394.741644859314,-205.85056722164157,0.9055615663528442,415.9062695503235,409.4408047199249,-596.4436769485474,0.944210946559906,379.20814633369446,383.6707091331482,-247.6294112205505,0.9147145748138428,423.1768798828125,412.1499752998352,-537.3352146148682,0.8918358087539673,386.28798723220825,388.2327604293823,-198.8234317302704,0.900600016117096,632.5329923629761,569.7492814064026,-33.06378163397312,0.9984565377235411,551.6827368736267,562.8857660293579,32.93689034879208,0.999730944633484,663.8626956939697,722.9802346229553,-191.1775267124176,0.9742304682731628,509.8065447807312,694.8890089988708,-327.1565115451813,0.9956900477409364,656.4527177810669,876.9548892974854,-13.365054242312908,0.9865360856056212,502.2999429702759,850.7803058624268,-143.9838981628418,0.995202898979187,641.747088432312,898.4879207611084,-7.227649390697479,0.94460928440094,520.1562452316284,872.5716018676758,-135.9229964017868,0.9536713361740112,694.4438695907593,921.8147706985474,-198.0697524547577,0.9798767566680908,460.9898793697357,915.7698225975035,-320.51244378089905,0.9902904033660888,14.825406045698829,4.852302059588634,70.72925634324373,39.225871175464086
jess_1_frame134.jpg,jess_1,FO,frame134,P3,418.90016508102417,145.2227907180786,-452.1663269996643,0.9991804957389832,428.0707054138184,135.728108137846,-450.41501021385193,0.9980434775352478,432.314569234848,136.59292888641355,-450.39361786842346,0.9975700974464417,436.7018392086029,137.07958510518074,-450.45474576950073,0.9978132843971252,417.3121948242188,131.51242369413376,-430.5720126628876,0.9984439611434937,414.1870732307434,129.60273832082748,-430.6812491416931,0.9978124499320984,411.3093671798706,127.42713403701782,-430.73589158058167,0.9982115030288696,447.9084274768829,138.1403341293335,-354.9227503538132,0.9949555397033693,414.47490191459656,124.89777094125748,-270.52847146987915,0.9964554309844972,427.02044773101807,155.80645436048508,-410.6599497795105,0.997141420841217,414.0425539016724,151.7119401693344,-386.8051372766495,0.9981743693351746,460.42928981781006,188.46062231063843,-329.555978178978,0.99844092130661,401.93470418453217,157.92892450094223,-103.30853646993636,0.9999173879623412,370.3991926908493,211.4561033248901,-384.03226339817047,0.9732919931411744,347.0706706047058,174.33914303779602,-170.99419569969177,0.8854122161865234,301.89277160167694,180.40377777814865,-361.5686067342758,0.9465263485908508,306.6421868801117,175.58503425121307,-422.9368329048157,0.8947938084602356,286.50765812397003,172.26681837439537,-392.7296553850174,0.9021427631378174,291.52878522872925,166.64715364575386,-455.3489465713501,0.8455529808998108,289.23905408382416,165.87067952752113,-396.0384026765824,0.9044780135154724,296.4697152376175,166.64692613482475,-478.37035298347473,0.8548587560653687,294.3028448820114,169.24173998832703,-360.37499129772186,0.8447878956794739,301.55964148044586,172.27307492494583,-440.2306082248688,0.8372905850410461,472.1694767475128,331.7764371037483,-36.64103430509567,0.9994762539863586,416.04210901260376,327.3677303195,36.365483835339546,0.9998632669448853,482.1979372501373,448.93242478370667,-91.26638835668564,0.9696837663650512,390.2297033071518,443.8918167352677,-7.398033116012812,0.9884026050567628,487.6651334762573,571.1864153146744,-0.3692554633598774,0.9886959195137024,369.39455103874207,563.1386919021606,118.58058995008469,0.993726372718811,476.6230049133301,591.6890797615051,-1.9305621879175303,0.9553486704826356,379.6345634460449,583.4588098526001,120.19371557235718,0.9582595229148864,526.5212798118591,607.4702719449997,-149.9558403491974,0.9849995374679564,331.1554673910141,600.5683763027191,-18.65783529728651,0.9885228276252748,27.56265306254715,4.491261867002655,75.50403086845903,52.44693868235045
jess_2_frame624.jpg,jess_2,FO,frame624,P3,428.7569863796234,185.18980306386948,-410.6712614893913,0.9984984993934632,435.9418240189552,175.66981214284897,-408.7488952279091,0.9976580142974854,439.9524275064469,175.73060476779938,-408.77826154232025,0.9975162744522096,443.9438524246216,175.53865373134613,-408.8617119789124,0.9976797699928284,425.878725707531,173.44770044088364,-391.0100825428962,0.997369349002838,423.19495075941086,172.04514080286026,-391.0876597166061,0.9959953427314758,420.5054973959923,170.44593501091003,-391.1273529529572,0.9957064390182496,452.9125196933746,174.7594878077507,-320.9372686743736,0.9970136284828186,423.2654020786285,166.10168102383614,-241.87886363267896,0.9933634996414183,436.23184072971344,193.46644151210785,-372.1468879580498,0.9971728324890136,424.5804005861282,191.968190908432,-349.56360763311386,0.996707022190094,474.7059992551804,210.66567307710648,-286.4739084839821,0.9992245435714722,410.6183742880821,199.5060292482376,-91.93748934566976,0.9993754625320436,396.0052230358124,242.57659792900083,-368.73059743642807,0.9807636737823486,364.84667271375656,216.60385847091675,-74.1851208359003,0.5419137477874756,318.86879456043243,231.88238048553467,-432.0835913419724,0.9592068791389464,315.11541771888733,221.94570297002792,-211.48283541202545,0.4617436826229095,299.9566097259521,234.04489874839783,-473.31773805618286,0.9166085124015808,315.70018315315247,213.75674736499784,-234.38917303085327,0.4284897446632385,301.0672131180763,226.03539419174197,-474.7998601198197,0.9151002168655396,316.489065349102,213.71268236637115,-259.41731733083725,0.4257602393627167,307.50904124975204,225.98746740818024,-432.8790983557701,0.840714693069458,322.3254185318947,215.2336971759796,-227.29262918233871,0.3958751857280731,469.271421790123,352.8394602537155,-15.630500938743351,0.9993178248405457,413.9147778749466,346.5590190887451,15.50203027203679,0.9996329545974731,494.80898118019104,451.0803015232086,-110.75618909299374,0.9893807172775269,388.2096495628357,445.9812006950378,-101.99521543085577,0.9967356324195862,493.68760550022125,553.9782521724701,32.94369865208864,0.9929450154304504,374.9389703273773,551.4715065956116,50.23136959224939,0.995919406414032,483.8046576976776,569.560595035553,44.245926693081856,0.9560810923576356,381.9670670032501,564.6360468864441,57.41530258208513,0.934763252735138,532.1170047521591,595.0361398458481,-111.67751197516918,0.9868733882904052,346.4786693453789,589.2183405160904,-83.02888384461403,0.9902728796005248,9.877929259205795,6.472766692974632,71.766169876036,29.353365276084972
nick_1_frame29.jpg,nick_1,FO,frame29,P3,390.3889238834381,151.55806466937065,-400.38702338933945,0.9999074339866638,397.2162961959839,142.10391014814377,-392.2369167208672,0.999793827533722,401.15595012903214,142.1162873506546,-392.2556877136231,0.9997611045837402,404.84836399555206,142.026713848114,-392.26658046245575,0.9997701048851012,386.8016883730888,140.5449234843254,-376.3089314103127,0.9998124837875366,383.9040905237198,139.4849252998829,-376.3540983200073,0.9997766017913818,381.2515541911125,138.320282548666,-376.367524266243,0.999804675579071,412.2511014342308,141.3528011739254,-284.88173335790634,0.9994790554046632,381.5350949764252,137.19256338477135,-212.5161111354828,0.9995993971824646,398.2485234737396,160.82937982678413,-355.39807081222534,0.9997886419296264,385.7240915298462,159.0097958445549,-334.9148139357567,0.9998317360877992,427.5663316249848,189.04496031999588,-252.0407035946846,0.9997869729995728,377.596378326416,173.66589096188545,-63.99020664393902,0.999903440475464,350.5372956395149,212.2176212668419,-438.8452410697937,0.926899552345276,372.7903962135315,224.3972045779228,-14.846526924520733,0.7296575903892517,287.4273434281349,189.67043548822403,-498.3108341693878,0.883807897567749,378.80575209856033,213.55514961481092,-85.72170287370682,0.6871462464332581,274.5085179805756,186.5011019706726,-546.7397421598434,0.8218733668327332,378.255794942379,251.40317875146863,-102.52107009291647,0.6387466192245483,275.6483554840088,180.7986023426056,-552.1229386329651,0.8244770765304565,380.7409375905991,265.11734795570374,-133.5743211209774,0.6426154375076294,280.2686542272568,183.7804056406021,-501.5383303165436,0.7675334215164185,381.7052245140076,256.99667578935623,-100.0207345932722,0.6115288734436035,444.8653846979141,324.3829299211502,-33.77004191279411,0.9998258948326112,395.09562999010086,322.11211889982224,33.67759604007006,0.9998936653137208,465.9734547138214,432.7951171398163,-66.26839973032475,0.985405445098877,353.56829166412354,419.3332140445709,-79.18056286871433,0.9966758489608764,478.68569791316986,524.2408431768417,157.16230273246765,0.9935619831085204,324.52870458364487,517.1192712783813,96.1724404245615,0.9968498945236206,470.29392421245575,536.714608669281,171.59072384238243,0.9443855285644532,333.8485151529312,530.870655298233,106.11361898481846,0.9476070404052734,503.583025932312,560.3010218143463,27.32880488038063,0.9882338643074036,300.3240033984184,549.7706227302551,-25.50509115681052,0.992273211479187,17.10660348234669,2.6123840960645945,75.11889929246964,53.57630543548307
nick_2_frame35.jpg,nick_2,FO,frame35,P3,371.1589388847351,191.53619974851608,-249.34790325164795,0.999843418598175,378.9362196922302,182.56144165992737,-242.3965525627136,0.999722957611084,383.0049810409546,182.94489115476608,-242.43251132965088,0.9996716380119324,387.1973900794983,183.15955460071564,-242.46919441223145,0.9996519684791564,368.941014289856,180.5952939391136,-223.69684886932373,0.9996923208236694,366.11641693115234,179.7911748290062,-223.7047462463379,0.9995527267456056,363.4468698501587,178.8840526342392,-223.6952600479126,0.9995325803756714,397.0114231109619,184.2125138640404,-158.17629551887512,0.9994168281555176,365.2874960899353,176.87389880418775,-73.8696813583374,0.9992084503173828,378.355902671814,200.6031239032745,-214.51229286193848,0.9996297955513,366.4213538169861,198.89817506074905,-190.5153534412384,0.9995721578598022,410.8834228515625,224.1555842757225,-156.1897897720337,0.9995297193527222,358.82882022857666,207.65066117048264,34.59024554491043,0.9996163249015808,333.54331159591675,233.50427091121676,-265.9974899291992,0.9540615677833556,312.0137066841125,207.5421676039696,-19.639139622449875,0.7000653147697449,276.2965807914734,197.0018818974495,-294.8363275527954,0.9394735097885132,280.9774823188782,190.01253962516785,-197.6609258651733,0.672229528427124,263.3478031158447,191.41477167606357,-326.7880868911743,0.8962356448173523,271.6397919654846,178.72098326683044,-226.9564094543457,0.6286668181419373,260.4793028831482,185.89087396860123,-321.960382938385,0.8971225023269653,277.57277822494507,187.39209920167923,-237.2598462104797,0.6295868158340454,267.2226347923279,188.5848292708397,-293.2747497558594,0.8520890474319458,281.1979079246521,189.3918067216873,-210.19354915618896,0.6103788614273071,417.6113805770874,365.4480350017548,-19.554096788167957,0.9997999668121338,368.626871585846,360.5016660690308,19.301179200410843,0.999849796295166,426.53163146972656,476.2635612487793,-47.542300164699554,0.9835362434387208,339.7689447402954,464.7609812021256,-50.42336785793304,0.9939433932304382,436.4510641098023,571.3777899742126,133.40936183929443,0.9898086190223694,322.52140045166016,556.2641590833664,134.45487642288208,0.9925346970558168,426.37723541259766,585.2618408203125,142.96876287460327,0.93144029378891,333.0895628929138,567.8654855489731,146.1382279396057,0.8945683240890503,459.2742500305176,608.9242959022522,-3.417026951909065,0.9837030172348022,307.1052532196045,599.7682696580887,23.182980954647064,0.9862756133079528,17.592229735680217,5.7660811654441275,74.7382610946552,38.42199923521441
rob_1_frame4706.jpg,rob_1,FO,frame4706,P3,875.4915618896484,460.41377305984497,-184.57407474517825,0.9963560104370116,882.2305297851562,453.3914172649384,-181.7654228210449,0.994165301322937,885.6396102905273,454.26302790641785,-181.8507957458496,0.9931142926216124,889.3207168579102,455.0360834598541,-181.89997673034668,0.9939620494842528,875.6607627868652,450.82286953926086,-164.1157293319702,0.993495523929596,874.1737174987793,450.0122845172882,-164.16648387908936,0.9899502396583556,872.5330924987793,449.06046509742737,-164.1953945159912,0.9917951822280884,897.147045135498,458.57730746269226,-115.5988097190857,0.9899659156799316,870.65185546875,449.57815289497375,-36.47066116333008,0.982205867767334,880.8101463317871,471.1683797836304,-156.12218856811523,0.99014014005661,872.4524688720703,467.789922952652,-133.57396602630615,0.9909135699272156,918.1465530395508,500.14222383499146,-138.10805797576904,0.9980835914611816,856.7111206054688,492.7286732196808,105.0090765953064,0.9992148876190186,846.7617416381836,531.9310998916626,-178.43582153320312,0.9751775860786438,796.8507957458496,532.5774693489075,163.13562870025635,0.7585113048553467,771.5633010864258,523.1182730197906,-181.65297031402588,0.9664596915245056,729.9039459228516,514.7017908096313,32.47315764427185,0.8256365060806274,753.7038803100586,521.3450217247009,-219.17768955230716,0.9383439421653748,709.1019630432129,510.5764138698578,8.167667090892792,0.7751522660255432,754.8103523254395,510.30250668525696,-222.79741287231445,0.938262403011322,707.5985527038574,506.3179135322571,-32.46472120285034,0.7938253879547119,765.0631141662598,510.27302384376526,-182.7530193328857,0.8919284343719482,714.3902778625488,509.7739720344544,9.464811086654665,0.779078483581543,915.5916023254396,650.1827216148376,-50.3618860244751,0.9988552927970886,860.5824851989746,645.6291031837463,50.44563174247742,0.9995586276054382,917.548999786377,769.7298502922058,-157.60574340820312,0.9820378422737122,842.4890327453613,760.0245237350464,-79.96650695800781,0.9906004071235656,930.4643440246582,899.3695735931396,-94.04723167419434,0.9916144013404846,813.9901542663574,894.8538708686829,-10.657553672790527,0.9947877526283264,919.9092864990234,920.2357649803162,-96.42011404037476,0.9413111805915833,825.3947639465332,919.5276618003844,-13.205196261405945,0.9450775384902954,961.2936401367188,935.3943872451782,-235.0332069396973,0.986446738243103,776.7474746704102,934.365577697754,-149.67650413513184,0.9889439940452576,6.880739557391239,4.732117697599056,75.81830984926674,61.37937947546912
tom_1_frame36.jpg,tom_1,FO,frame36,P3,560.8439274430275,253.54029059410092,-174.75753012299538,0.9978112578392028,567.1886608600616,246.17709636688232,-183.89938947558403,0.9956489205360411,569.7648834586143,246.50288581848145,-183.94341105222705,0.9951317310333252,572.373234629631,246.73135995864868,-183.935689330101,0.99504816532135,562.8244133591652,244.8610091209412,-161.56512308120728,0.9963067770004272,562.4296742677689,244.2327558994293,-161.61159892380238,0.9950646758079528,562.1882831454277,243.49900007247925,-161.68232640624046,0.9955965876579284,583.7086063027382,250.775842666626,-169.55307000875473,0.9920547604560852,571.4469771981239,246.325865983963,-70.46233925968409,0.991706907749176,567.0460224151611,262.9472887516022,-165.86398816108704,0.9951049089431764,561.0895480513573,261.25675439834595,-137.42071428894997,0.9961823225021362,600.1157137155533,291.72824144363403,-185.0027226805687,0.9969379901885986,558.30119150877,276.8662762641907,22.318711392581463,0.9997960329055786,528.1610594987869,311.6913163661957,-241.59380784630773,0.955358624458313,508.8378185033798,291.1849009990692,47.30038379877806,0.799464762210846,467.0417275428772,304.2413651943207,-243.63370057940483,0.9323528409004213,469.3006998896599,295.6396806240082,-59.9697023704648,0.8281459808349609,453.4294567108154,302.6429784297943,-272.3993466496468,0.8916938304901123,454.2046943306923,291.26529455184937,-77.55363515764475,0.7876503467559814,453.6806260943413,299.14955735206604,-277.03119644522667,0.8920296430587769,455.9835230112076,291.77706122398376,-99.71446837484837,0.7982959151268005,458.244086265564,301.0972011089325,-244.60072016716003,0.8390464782714844,462.1619871854782,295.59979796409607,-73.95822284370661,0.7776051759719849,598.4072341918945,412.8764820098877,-28.306637708097696,0.998736560344696,552.6464075446129,407.7892136573792,28.206352327018976,0.9997721314430236,605.511839389801,502.4686622619629,-11.081708008423448,0.9790526032447816,533.1267088651657,501.3345193862915,-20.990480605512857,0.9947654604911804,607.7495867013931,584.1997838020325,89.57141402363777,0.9894448518753052,521.4944971203804,585.2353954315186,52.89922893047333,0.9957621097564696,600.1374431848526,599.0498733520508,92.47782754898073,0.9346980452537536,529.41353058815,597.7052521705627,53.425145141780376,0.9506973624229432,631.643233537674,610.683856010437,-14.718121357262136,0.9851629734039308,494.7190570235253,617.8370785713196,-51.26868932694197,0.991800844669342,19.56653178582153,6.343570737139406,78.5970288180841,51.00152492858028
tom_2_frame89.jpg,tom_2,FO,frame89,P3,402.9108964204788,234.33547103405,-317.7079073190689,0.9983325004577636,410.4416714906693,228.521553337574,-329.9553408026695,0.9966921210289,412.39805287122726,229.3745124936104,-329.9356751441956,0.9964995980262756,414.2242501974106,230.11075854301453,-329.9633112549782,0.996610701084137,406.4764496088028,224.52342104911804,-308.88571059703827,0.9959145188331604,405.986214697361,222.7847825288773,-308.96335738897324,0.9941886067390442,405.30362099409103,220.9184069633484,-309.02438604831696,0.9950366616249084,419.8284940123558,230.57459127902985,-305.0614302754402,0.9929155707359314,409.1111268997192,219.01560896635056,-211.1263287961483,0.9903925061225892,407.3721356987953,241.8864139914513,-301.3427714705467,0.9948690533638,401.4781685471535,237.88199412822723,-274.5435581803322,0.9960217475891112,434.3236731886864,267.4836065769196,-285.3769136071205,0.9984831213951112,400.89114212989807,227.121326982975,-90.238107457757,0.9998916983604432,349.1441265940666,266.1941159963608,-338.7495627999306,0.9817849397659302,344.8562055826187,246.7782919406891,-7.747724888846278,0.8499984741210938,285.4264814853668,247.92211347818372,-385.95336842536926,0.9709476232528688,288.451971411705,235.0902488827705,-77.70518331229687,0.9024354815483092,269.45494532585144,240.8899161219597,-426.8767441511154,0.9407747387886048,277.346214056015,226.3847706913948,-92.04816201329233,0.8681917786598206,269.9264522790909,235.10319632291797,-433.61000514030457,0.9423125386238098,277.6014769077301,223.39567005634308,-125.7091663479805,0.881554365158081,275.6409800648689,238.3700257539749,-389.7546490430832,0.8902019262313843,280.24693775177,228.1971434354782,-94.4313142299652,0.8571816682815552,433.7387565970421,375.5373990535736,-22.10104189813137,0.9989423751831056,387.6528980731964,368.429337143898,21.90303574129939,0.9997410178184508,454.72164952754974,466.76357316970825,-51.69517829269171,0.9902955293655396,362.5536311864853,470.2021319866181,-42.63682110607624,0.9970993399620056,463.1827274560928,562.6284055709839,39.48312997072935,0.9966428875923156,343.5610331296921,562.3540687561035,51.2463910356164,0.9975818395614624,454.3676155805588,579.1359367370605,41.63282412290573,0.9686405062675476,348.6067461967468,575.3140840530396,52.65900067985058,0.9524620175361632,489.6184777021408,597.1289074420929,-81.4714173823595,0.993903636932373,326.300810277462,595.2231518030167,-70.84981290996075,0.9943795204162598,50.36466443779172,8.767936667119375,80.27807934621573,43.676255748015585
tom_3_frame54.jpg,tom_3,FO,frame54,P3,433.39037132263184,215.97001433372495,-379.40594458580017,0.9991087913513184,441.5849305391312,210.07830381393435,-388.3058979511261,0.9981116652488708,443.9626159667969,210.99337577819824,-388.3079528808594,0.9978278279304504,446.4212603569031,211.8323302268982,-388.34320282936096,0.9978126883506776,437.05439007282257,205.92225909233093,-371.2352805137634,0.9980717301368712,436.3608776330948,204.00797247886655,-371.3381323814392,0.996915876865387,435.5795828104019,201.93129777908325,-371.398436665535,0.9972328543663024,453.9646439552307,211.55631303787231,-336.3579329252243,0.9954607486724854,438.7803466320038,198.92414927482605,-262.21411859989166,0.9955529570579528,438.05601024627686,223.82699966430664,-351.94228291511536,0.997124433517456,431.66235983371735,219.82126474380493,-330.96772050857544,0.9981741309165956,466.9716114997864,251.7602026462555,-302.409756064415,0.998963177204132,420.2159533500672,210.90256571769717,-126.864024579525,0.9999462366104126,380.3727363348007,256.752769947052,-353.1916011571884,0.9735372066497804,368.34517991542816,232.03559279441836,-75.22038015723228,0.8758241534233093,311.3159532546997,236.60199522972107,-408.51109993457794,0.9659941792488098,308.8419759273529,220.21111369133,-219.8334848880768,0.9080870747566224,293.2128653526306,231.0516583919525,-450.243798494339,0.9346555471420288,290.02150678634644,214.86519575119016,-247.88303864002228,0.8762918710708618,293.9119893312454,223.27640414237976,-459.00501775741577,0.9359268546104432,289.49325811862946,210.73855638504028,-280.1507835388184,0.8876165747642517,300.3596475124359,225.48482537269592,-412.67101538181305,0.8875070810317993,295.65973341465,213.80573153495789,-238.2233145236969,0.8656434416770935,460.00661158561707,363.3587145805359,-11.470266226679088,0.9993360638618468,413.0012004375458,353.3854150772095,11.271348863840103,0.9999180436134338,480.79069781303406,457.0205879211426,19.041637539863583,0.988783836364746,382.5506193637848,449.8772954940796,-107.060383528471,0.9982504844665528,491.77998781204224,546.4373087882996,160.91497427225113,0.9951722621917723,366.2639049291611,546.1763286590576,-22.841377153992653,0.9982304573059082,482.2374210357666,560.5047011375427,168.17728036642075,0.9711110591888428,372.1162921190262,558.450825214386,-20.91912540793419,0.9603700637817384,523.5755994319916,580.4392623901367,53.95522631704807,0.992140769958496,345.56567788124084,583.2944393157959,-154.3686004281044,0.9956478476524352,41.14872805746186,11.97899567759536,75.08581200693236,25.81808943551864
eric_1_frame76.jpg,eric_1,FO,frame76,P4,360.14410614967346,293.8595552444458,-119.98244225978851,0.9980827569961548,367.6161894202232,287.8093864917755,-120.76875925064088,0.9965757131576538,371.7666849493981,287.7581527233124,-120.77930688858032,0.9961180090904236,375.9899309277535,287.6585683822632,-120.80109670758247,0.9962072968482972,359.07782942056656,285.9462196826935,-107.3997576534748,0.995373010635376,357.1817737817764,284.8095145225525,-107.42441982030869,0.9937854409217834,355.2217495441437,283.7744472026825,-107.4822434782982,0.9947346448898317,387.15658336877823,284.49130511283875,-82.11502708494663,0.992238700389862,358.1283301115036,280.25408577919006,-19.72131507471204,0.9919841289520264,368.2002884149552,297.754296541214,-101.85135871171951,0.9964199066162108,357.8532674908638,296.0046944618225,-84.22333627939224,0.9966021180152892,406.1908084154129,302.7887299060821,-75.01915074884892,0.9990528225898744,355.5473843216896,296.014609336853,29.88267667591572,0.9997211694717408,368.773510158062,316.2988049983978,-156.24261990189552,0.9722632169723512,319.9053382873535,279.1575379371643,1.0014781181234866,0.9253198504447936,333.9510250091553,284.21059799194336,-200.352241396904,0.9623327851295472,304.42684441804886,242.06978631019592,-87.08037473261356,0.9264817237854004,324.99643355607986,278.4366767406464,-226.64693772792816,0.929543435573578,302.7131122350693,228.8550832271576,-109.37873467803,0.8888106942176819,330.5673757195473,271.13437128067017,-225.46411901712415,0.9284700751304626,305.6114760041237,228.0584292411804,-113.65674361586572,0.8917518854141235,332.149238884449,273.6364459991455,-201.7797276377678,0.886967122554779,306.859487593174,232.97000527381897,-94.3062424659729,0.881892740726471,411.3159716129303,414.7742772102356,-13.211435955017803,0.9993057250976562,370.1589941978455,411.6087355613709,13.117837440222502,0.9996145367622375,415.6429517269135,500.2286767959595,-67.22047917544842,0.9865422248840332,351.3892135024071,489.3008666038513,-65.95044232904911,0.9931102395057678,429.7253197431564,582.3429665565491,1.8056666268967088,0.9931846261024476,334.2954948544502,576.6387190818787,19.424392003566027,0.9921700954437256,426.2881082296372,596.1594071388245,2.4233352672308683,0.920549213886261,336.50835633277893,587.2861332893372,22.28170709684491,0.867465615272522,447.7835351228714,606.8482646942139,-111.23681411147118,0.9863929152488708,329.4459593296051,604.8783574104309,-81.48510001599789,0.983591616153717,7.618723639020023,4.398179885783994,64.23015741132473,32.60818828299245
grant_frame259.jpg,grant,FO,frame259,P4,578.5364556312561,358.3807075023651,-173.47196996212006,0.9976277947425842,590.3936433792114,346.70244455337524,-162.3982983827591,0.9954659342765808,595.0639700889587,346.6581881046295,-162.39928007125854,0.9940202832221984,599.5944142341614,346.46371722221375,-162.47210204601288,0.9943668842315674,576.4448475837708,343.39157938957214,-149.10541534423828,0.99476957321167,572.305920124054,341.4761281013489,-149.13769841194153,0.991305947303772,568.1593322753906,339.8678970336914,-149.19227063655853,0.9932580590248108,604.7736096382141,342.3335444927216,-52.408595234155655,0.9891567826271056,564.5891404151917,335.7339906692505,9.456755183637142,0.9919125437736512,587.6265048980713,364.8986685276032,-126.51572495698927,0.9917796850204468,571.2444734573364,361.3680338859558,-109.31910932064056,0.993308424949646,637.9461193084717,367.5525748729706,-37.64834940433502,0.9975356459617616,534.9447548389435,364.3395245075226,113.26210141181946,0.9995378255844116,547.7742004394531,394.9989438056946,-64.93045046925545,0.9575380682945251,463.1793344020844,313.5140347480774,160.2940410375595,0.9249697327613832,485.794540643692,330.3528892993927,-10.00873066484928,0.9360306262969972,450.93545794487,276.0900413990021,183.02836954593656,0.9072398543357848,468.71386885643005,313.6774456501007,-32.605232521891594,0.8797053098678589,456.45663499832153,252.9090929031372,168.00724804401398,0.8220666646957397,470.8207333087921,302.6750349998474,-34.91333708167076,0.872639000415802,459.3303108215332,254.70382869243625,158.17824482917786,0.8161201477050781,478.9089453220368,305.8248710632324,-11.056030355393888,0.8140481114387512,458.5745394229889,261.54730796813965,173.1380993127823,0.8078795671463013,638.0380439758301,570.518217086792,-25.37215366959572,0.999278962612152,557.0949625968933,564.6058773994446,25.402765050530437,0.9997674822807312,657.2575092315674,729.1278576850891,-149.74890410900116,0.9769151210784912,517.0419430732727,701.1519241333008,-218.64164650440216,0.9958746433258056,651.7124819755554,872.501757144928,30.25779403746128,0.9865614175796508,502.5523817539215,850.2182006835938,-17.80055522918701,0.9952394962310792,635.9656834602356,892.3131322860718,38.53050112724304,0.9345749020576476,518.1518626213074,870.5493235588074,-8.661127835512161,0.955075979232788,692.5591564178467,920.2828216552734,-136.91475927829742,0.9755882620811462,462.9111564159393,918.5976004600524,-184.8369938135147,0.988855242729187,1.7867195081298777,4.177646538010659,55.685173148491785,32.09970511986727
jess_1_frame160.jpg,jess_1,FO,frame160,P4,406.26348400115967,144.15367549657822,-290.0246903896332,0.99979966878891,413.6273391246796,133.03308606147766,-289.74233078956604,0.9996808171272278,417.6415982246399,131.86349374055862,-289.74721908569336,0.9996098279953004,421.6225588321686,130.78024181723595,-289.8824216127396,0.999622404575348,403.4528831243515,134.1665661931038,-268.75009965896606,0.9997206926345824,400.4915678501129,133.72032418847084,-268.7757511138916,0.9995700716972352,397.5078438520432,133.03107982873917,-268.8453004360199,0.999598264694214,432.89671206474304,128.7732438147068,-215.48134458065036,0.9992050528526306,402.31698346138,126.30187532305716,-119.23254829645155,0.9994409084320068,414.2120471000672,148.7255593240261,-256.15100038051605,0.9986018538475036,402.4502258300781,149.15120124816897,-228.82636880874637,0.9988602995872498,458.203663110733,162.95480638742447,-165.63198894262314,0.994904398918152,411.0560469627381,162.23495146632197,33.728057503700256,0.9993815422058104,379.6176964044571,169.17709586024284,-111.9617401957512,0.9266006350517272,365.8876583576202,130.57443749904633,213.6039484739304,0.7347958087921143,362.392405629158,110.89220848679544,51.64908349514008,0.8732439279556274,365.99178874492645,90.54102495312692,365.29152822494507,0.642703115940094,358.6777845621109,97.7039376795292,54.73734927177429,0.801085352897644,366.3492393493652,82.50533893704414,385.7701978683472,0.5293500423431396,365.0832916498184,97.18078663945198,40.8391489982605,0.7968195080757141,367.4951575994492,84.12202642858028,374.9760172367096,0.5238413214683533,366.4276456832886,101.84948670864104,50.26051700115204,0.7234292030334473,368.60034811496735,89.33057373762131,361.2470197677612,0.5129991173744202,492.7093710899353,328.1427980065346,-50.97101390361786,0.9993136525154114,436.6079936027527,325.6982344388962,51.10473421216011,0.999835968017578,486.2826652526856,449.2772486209869,-54.06715056300163,0.9813566207885742,395.13808500766754,440.4319132566452,-8.418928503990173,0.9948933124542236,488.5176329612732,570.7591497898102,39.38323533535004,0.992698609828949,367.6819776296616,563.4900928735733,91.40176633000374,0.9970185160636902,477.8424654006958,591.3826432228088,41.07948921620846,0.9673206210136414,377.095480799675,585.3687847852707,91.0147923529148,0.9726546406745912,523.8572552204132,608.0490597486496,-81.35092735290527,0.9903821349143982,327.67190301418304,601.4545934200287,-32.12882541120052,0.9939715266227722,0.8747302141913313,2.4950301839689737,76.69431189409576,61.20656934752824
jess_2_frame672.jpg,jess_2,FO,frame672,P4,415.9443381428719,182.61439901590347,-194.50981548428533,0.9998946189880372,422.5087810754776,171.38164550065994,-193.28805154562,0.999844491481781,427.304536819458,170.78776395320892,-193.30109241604805,0.9998170137405396,432.1243423223496,170.1326731145382,-193.37546852231023,0.9998052716255188,412.098241686821,171.543352663517,-171.50661078095436,0.9998089671134948,409.02944791316986,171.06308889389038,-171.51874700188637,0.9996869564056396,405.95210868120193,170.41190049052238,-171.51931762695312,0.9996766448020936,444.5143661499024,167.97800037264824,-139.19897466897964,0.9997026324272156,410.1949704885483,166.5438350737095,-40.52963352203369,0.999656617641449,424.8542171120644,189.40727871656415,-171.2821324467659,0.9994860291481018,412.1860622763634,188.50748282670972,-143.09577324986458,0.9994118809700012,465.5429297685623,205.4802918434143,-125.42256852984428,0.9982574582099916,415.407672226429,203.8821632862091,76.91924996674061,0.9996192455291748,386.39993304014206,196.16286170482635,-105.52551266551018,0.9452543258666992,370.3381735086441,179.07086580991745,225.53048330545425,0.7513113617897034,358.9653932452202,155.62733125686646,26.791504494845867,0.8250313401222229,360.24142223596573,145.4902474284172,347.0325653553009,0.5191992521286011,352.0461328625679,141.7897834777832,24.164130963385105,0.676856279373169,357.0150246024132,133.06565561890602,359.63227301836014,0.3718222379684448,360.98175954818726,140.43693923950195,14.781212512403728,0.6647359132766724,364.5837398171425,131.01229375600815,352.82669228315353,0.3604992628097534,364.0931971073151,146.81545957922935,26.085481233894825,0.6134911775588989,367.69372993707657,136.59579452872276,342.1900461912155,0.3869921863079071,480.9140102863312,355.25523030757904,-26.005031798034903,0.9996744990348816,428.7103343009949,351.2298276424408,26.041588336229324,0.999861180782318,496.4107396602631,459.6697242259979,-40.04880883544684,0.987845540046692,393.2251377105713,451.8003414869309,4.214258790947497,0.9975798726081848,494.0765769481659,555.9813396930695,100.82956063747406,0.9913419485092164,373.55513495206833,550.1437842845917,160.81675738096237,0.9970285296440125,485.70030200481415,571.1610813140869,108.90199860930444,0.9565102458000184,381.5724728107453,562.7773901224136,169.22900953888893,0.9604438543319702,529.5825943946838,594.9290667772293,1.2428678239230069,0.983833074569702,345.9647727608681,588.4782599210739,61.283065393567085,0.9923148155212402,1.8257615774495615,4.409327241398339,76.08379971547073,44.91368244560079
nick_1_frame33.jpg,nick_1,FO,frame33,P4,392.45043992996216,151.56032168865204,-251.10559910535807,0.9999229311943054,398.81671965122223,141.8764608502388,-248.7658113241196,0.9998398423194884,402.56727039814,141.66324013471603,-248.725001513958,0.9998139142990112,406.1691477894783,141.29223608970642,-248.791041970253,0.9998197555541992,388.807524740696,140.51108899712565,-232.33536630868912,0.9998525381088256,385.7760727405548,139.399033755064,-232.3377475142479,0.9998086094856262,382.9587519168854,138.16781413555145,-232.35109746456143,0.99983412027359,413.8969704508781,139.64945888519287,-175.18795281648636,0.9996099472045898,384.2311769723892,135.8125157058239,-99.3614573031664,0.9997068643569946,399.5632529258728,158.91540667414665,-219.1237792372704,0.9997404217720032,388.31537514925,158.09280115365982,-197.81663790345192,0.9998083114624025,427.9726058244705,178.5645068883896,-129.04406487941742,0.9994204640388488,380.12240678071976,168.54765769839287,15.260817110538484,0.9998401403427124,348.06621223688126,156.0500010848045,-96.86910137534142,0.9393981099128724,323.793064057827,138.0552960038185,140.2939312160015,0.7536315321922302,348.6630842089653,129.8531631231308,84.74367335438728,0.8349859714508057,365.0401294231415,129.78020003437996,319.093020260334,0.5084373354911804,352.3420721292496,120.34822046756744,90.90261086821556,0.7285292744636536,382.045128941536,123.9064685702324,335.5803102254868,0.4504471719264984,354.79603111743927,124.6253968179226,87.90191188454628,0.7288613319396973,383.6491748690605,130.11207547783852,352.98628956079483,0.4505991637706756,365.4943823814392,127.40248742699625,86.00345775485039,0.6703754663467407,378.67929488420486,133.89304041862488,326.45175606012344,0.4295653700828552,437.740159034729,327.40548437833786,-30.839620158076286,0.9997702240943908,388.8973265886307,323.3631940484047,30.64583372324705,0.9999048113822936,453.4474015235901,436.8677784204483,-9.197531547397377,0.9836631417274476,344.24116015434265,418.893209695816,-95.90578339993954,0.9970889687538148,475.7749021053314,525.2259020805359,181.80053532123569,0.9928529262542723,324.1778820753097,517.9599641561508,63.15459981560707,0.9970662593841552,470.23596465587616,538.4332716464996,196.13369554281235,0.9368326663970948,333.5037216544152,532.1308001279831,73.77751246094704,0.9543310403823853,502.6743173599243,560.7973580360413,93.38589161634444,0.9878647923469543,299.7789099812508,550.5536940097809,-44.77685112506151,0.9932228922843932,11.823428437290794,4.731084126638616,71.65494398838139,51.53706352090739
nick_2_frame38.jpg,nick_2,FO,frame38,P4,370.68254947662354,190.3381025791168,-234.1122274398804,0.999766767024994,377.9415240287781,181.783150434494,-228.91937494277957,0.9995772242546082,381.7997431755066,182.08529144525528,-228.900776386261,0.999479353427887,385.9733901023865,182.2028124332428,-228.92762279510495,0.9994595050811768,368.87633991241455,179.95484054088593,-211.30100440979004,0.9995263814926147,366.4434103965759,179.10930633544922,-211.34175300598145,0.9992977976799012,364.0502948760986,178.11137527227402,-211.36789846420288,0.9993020296096802,396.47687816619873,182.57857114076612,-151.35164165496826,0.9991859793663024,369.27840518951416,176.4660608768463,-73.0052398443222,0.9988952875137328,378.1648468971253,198.889579474926,-201.8265118598938,0.9993544220924376,367.5285987854004,196.86904102563855,-179.57725262641907,0.9992538690567015,410.913610458374,221.7620015144348,-127.63386750221252,0.9990099668502808,366.0434246063232,205.79387068748477,27.413282215595245,0.99952495098114,335.9468946456909,223.73172730207443,-139.28133034706116,0.955232560634613,304.1851396560669,194.2660591006279,10.296656519174576,0.707375705242157,287.98848390579224,188.67493897676468,-39.1397597193718,0.9218395948410034,296.3055200576782,186.16622060537335,-77.42943572998047,0.6206327080726624,277.2115550041199,181.5168929100037,-47.22276598215103,0.852757453918457,296.8341302871704,181.8412220478058,-94.80159735679626,0.5544227361679077,279.7128038406372,179.79526698589325,-45.45842361450195,0.8501879572868347,300.8673768043518,183.59655171632767,-101.035653591156,0.5501106977462769,284.7695083618164,183.06763529777527,-36.02735495567322,0.7971471548080444,303.3622703552246,184.7052589058876,-86.43555307388306,0.5376073122024536,419.47095584869385,364.93110716342926,-18.525812447071075,0.9997921586036682,368.69904613494873,360.08151054382324,18.161483138799667,0.999851405620575,429.87876415252686,476.6704738140106,-56.262269020080566,0.9852867126464844,338.4900135993957,461.7553639411926,-72.20224249362946,0.994694709777832,436.2827425003052,572.120423913002,113.53807759284972,0.990218460559845,322.16704654693604,556.0262382030487,127.33742380142212,0.9930554032325744,426.71953296661377,585.6725370883942,124.0515775680542,0.928863525390625,332.544153213501,567.4764221906662,137.33498907089233,0.9008999466896056,458.2670774459839,609.3309205770493,3.5858582109212875,0.984043300151825,306.9471187591553,598.8135427236557,5.192554593086243,0.9873059391975404,19.589320083915474,5.456186064710704,73.8597132812761,35.851514973216666
rob_1_frame2833.jpg,rob_1,FO,frame2833,P4,858.4004402160645,451.4797639846802,-125.50048828125,0.999008059501648,868.1532669067383,444.4094502925873,-131.59399509429932,0.9987361431121826,871.8660163879395,444.7100722789765,-131.69670581817627,0.9985145330429076,875.6293487548828,444.98565316200256,-131.79376602172852,0.9987555146217346,861.4248275756836,443.6959719657898,-106.27693891525269,0.9985883235931396,859.9944305419922,443.6017298698425,-106.25491619110107,0.9977788925170898,858.4671020507812,443.4909117221832,-106.34749174118042,0.9982972741127014,887.823429107666,448.03435921669006,-94.59683418273926,0.9981467723846436,861.9830703735352,445.6201457977295,20.32866597175598,0.997099757194519,864.4032096862793,461.2274479866028,-106.54498100280762,0.9962701201438904,855.5216789245605,459.68159437179565,-74.16969537734985,0.996691107749939,907.917594909668,485.68864703178406,-119.28698301315308,0.995336890220642,849.3427276611328,483.7363743782044,149.6390676498413,0.9978006482124328,829.03564453125,466.9674289226532,-190.42309284210205,0.924321472644806,807.7511215209961,448.3337903022766,265.22664070129395,0.6405392289161682,807.5258445739746,401.9846069812775,-183.8694190979004,0.7862813472747803,787.1068954467773,397.4422538280487,272.73390769958496,0.5324100852012634,795.6598663330078,381.7235541343689,-217.38099575042725,0.7075366377830505,787.4323081970215,382.966468334198,264.26061630249023,0.442459225654602,808.6882781982422,378.9312779903412,-227.62548923492432,0.6990030407905579,796.0709381103516,381.2754213809967,249.0820598602295,0.4470770061016083,810.2461624145508,383.17606687545776,-188.6951208114624,0.6337756514549255,795.7780838012695,386.16236329078674,261.6603755950928,0.4481514096260071,909.4030380249023,647.8270554542542,-71.19958162307739,0.998763918876648,862.1055793762207,646.5659880638123,71.37307405471802,0.9994786381721495,904.2295074462892,777.0892310142517,-110.31850576400755,0.9787890315055848,841.7067718505859,763.9468359947205,15.075439810752869,0.9907201528549194,925.9185218811036,898.8439035415649,-32.54244446754456,0.9892370700836182,812.9715728759766,895.9700989723206,99.70417499542236,0.9940840005874634,917.3974227905272,918.013994693756,-32.48697280883789,0.9280864000320436,824.3960380554199,920.4269528388976,98.9859652519226,0.9483613967895508,951.4968681335448,933.4682178497314,-164.9773120880127,0.984253466129303,778.0868339538574,931.1861300468444,-30.9158992767334,0.9860199689865112,1.9089346214996916,1.5272855468889681,77.71230421147862,71.64710562997212
rob_2_frame48.jpg,rob_2,FO,frame48,P4,972.7793884277344,342.3101770877838,-173.91170024871826,0.9970022439956664,985.481300354004,334.3596589565277,-189.26307678222656,0.9967782497406006,990.3779983520508,335.8830463886261,-189.3346881866455,0.996751606464386,995.6811904907228,337.5640833377838,-189.38331127166748,0.9970444440841676,977.5716018676758,330.56432247161865,-147.55608558654785,0.9961344003677368,976.289176940918,329.46824312210083,-147.55074977874756,0.9953049421310424,974.6621704101562,328.30070972442627,-147.63731002807617,0.995771586894989,1014.096565246582,345.7613754272461,-187.58982181549072,0.9963377118110656,983.7408828735352,330.2314817905426,1.0126836597919464,0.995457649230957,980.1885223388672,355.1406848430633,-167.5254249572754,0.9956541657447816,971.0638046264648,349.3719613552093,-113.61300230026244,0.9953704476356506,1039.859848022461,406.2627410888672,-243.46312522888184,0.9931676387786864,978.7467956542968,372.2186851501465,128.48702430725098,0.9989543557167052,939.6214485168456,392.1623146533966,-336.3687801361084,0.9660775661468506,920.9127616882324,330.415974855423,233.92237186431885,0.8242825865745544,887.8390502929688,296.795107126236,-270.6610679626465,0.948916792869568,889.0483474731445,272.9976260662079,185.7653045654297,0.8993749618530273,877.2039985656738,274.09956336021423,-312.9117679595947,0.9183678030967712,889.7927284240723,253.58821213245392,167.35463619232178,0.8504441976547241,890.2694892883301,269.5287412405014,-322.7280521392822,0.9171338081359864,896.2592124938965,252.4674296379089,139.417462348938,0.8567453622817993,894.0519332885742,279.1065287590027,-273.7546634674072,0.8797851800918579,897.0572090148926,260.4486697912216,167.63694763183594,0.8446667194366455,1046.2654495239258,608.3207559585571,-87.56675004959106,0.9980002045631408,971.6786956787108,599.7727274894714,87.57410287857056,0.998483657836914,1050.2873611450195,772.1560049057007,-177.25311756134033,0.9673251509666444,933.628635406494,756.0561203956604,-11.16266816854477,0.980229914188385,1061.2873077392578,940.2933025360109,-81.00484371185303,0.9738589525222778,914.2104148864746,932.1257829666138,96.17641925811768,0.9786138534545898,1050.2722549438477,966.9894361495972,-83.37511539459229,0.9239423274993896,929.5814895629884,960.1180028915404,94.27025556564332,0.9354153275489808,1091.0650634765625,988.1668066978456,-264.1702651977539,0.9674223065376282,853.0690956115723,976.4164781570436,-65.26157140731812,0.9718631505966188,29.120730339561113,6.537869236491828,80.66941695131554,66.93243333288476
tom_1_frame46.jpg,tom_1,FO,frame46,P4,559.1248936057091,251.68830037117004,-47.69083034992218,0.9990137219429016,562.9268910884857,244.77364420890808,-53.36877463012934,0.9981436729431152,564.691362798214,244.9962615966797,-53.38173470646143,0.9978856444358826,566.6083288192749,245.29886722564697,-53.37699108570814,0.9978484511375428,560.1218106150627,243.95363807678223,-30.83000870794058,0.9983948469161988,559.675852060318,243.53653192520144,-30.843393187969923,0.9978148341178894,559.2267892956734,243.13496947288516,-30.90687913075089,0.9980749487876892,578.7860666513443,249.615638256073,-47.18977206945419,0.9965201020240784,566.317619562149,245.9380030632019,55.16592299938202,0.9964885115623474,563.3938030600548,259.6269154548645,-43.23156977444887,0.9974158406257628,559.1550820469856,258.35079193115234,-13.959229342639446,0.997974693775177,603.0965700745583,281.4327597618103,-75.33044368028641,0.9957669973373412,559.5093888044357,280.18346786499023,92.00841280817986,0.999753713607788,547.6250764131546,281.8166708946228,-168.73452866077423,0.9659234285354614,524.392626285553,256.2188935279846,44.3707275018096,0.8711673021316528,527.7055166959763,238.4479057788849,-173.1718609035015,0.9561194777488708,522.3973953723907,220.26712775230408,-72.97517292201519,0.8952744603157043,522.5813586115837,225.580073595047,-198.23201161623,0.9250284433364868,524.2219335436821,209.13358330726624,-100.50966994464396,0.8432514071464539,527.6489424705505,223.3279800415039,-204.59831929206848,0.9224119782447816,528.4806379079819,208.7900006771088,-102.7055395245552,0.8435455560684204,529.2304210066795,228.66169810295105,-176.54409992694855,0.8810455799102783,528.7448061704636,212.90093421936035,-81.46543921530247,0.8274434804916382,606.1105250716209,410.2377414703369,-26.48520617187023,0.999167263507843,559.7576867938042,407.0439267158508,26.39134262502193,0.9998778104782104,608.2118423581123,501.706109046936,-4.4004627778194845,0.9888430833816528,532.7795417904854,495.3607130050659,-60.29892323166132,0.9973021149635316,607.37382209301,582.3130989074707,104.144796743989,0.993017315864563,521.7443860173225,584.0878772735596,8.519137264229357,0.9975425601005554,601.5274695754051,596.3854360580444,108.37694071233273,0.9416469931602478,529.3657645583153,597.5861716270447,8.508616296574473,0.9637117981910706,630.7672255039215,609.586353302002,3.3085523983463645,0.989752233028412,495.3885574936867,617.7545166015625,-92.82799212634563,0.9949601888656616,1.6417570431895283,3.941578307954682,75.4004251512087,48.76142551224998
tom_2_frame117.jpg,tom_2,FO,frame117,P4,410.6718248128891,237.3440341949463,-312.15075689554214,0.9985779523849488,414.0067558288574,231.36601907014847,-314.9322624206543,0.9978935122489928,415.6557278037071,231.2694923877716,-314.9223384261132,0.997553825378418,417.4064142107964,231.06564259529117,-314.97214072942734,0.9977594017982484,411.9449873566628,229.55635577440265,-300.6686691641808,0.9972994327545166,411.425475358963,228.3408269286156,-300.7464982867241,0.9960538148880004,410.7052694559097,227.0690408349037,-300.8407632112503,0.9969263672828674,423.2650352716446,228.5887517929077,-266.6503359079361,0.9946649074554444,414.03689247369766,224.5690680146217,-201.9555810689926,0.9950351119041444,413.8551349043846,241.3272955417633,-288.3192086815834,0.9939794540405272,412.0082300305367,239.96103036403656,-269.9215814471245,0.9950844645500184,449.1755170822144,253.01738619804385,-244.41199254989624,0.9970041513442992,401.4270899295807,246.6603792309761,-107.12997689843178,0.9994564056396484,378.9376252293587,226.72210735082624,-304.98339277505875,0.9678363800048828,374.95060181617737,214.94194304943085,-62.48012819886208,0.7270564436912537,349.91348361968994,173.8025895357132,-328.6347723007202,0.9589325785636902,351.71589982509613,168.17361754179,-104.88142374157906,0.8824412226676941,346.5554487109184,159.54968133568764,-359.53965413570404,0.9334720373153688,350.1368125677109,156.54887422919273,-122.87659522891045,0.857847273349762,353.9763565659523,156.854524821043,-364.3587563037872,0.9304380416870116,353.3571097254753,154.5822283923626,-139.94025266170502,0.8635744452476501,355.3705084919929,162.52508994936943,-332.04425048828125,0.8992816209793091,353.66464936733246,159.582060277462,-115.381569981575,0.8437228202819824,455.12986171245575,378.5793029069901,-25.49029766768217,0.999253273010254,421.0090586543083,374.3269581794739,25.386432711035013,0.9997181296348572,464.58610010147095,468.55160224437714,-33.67692570388317,0.9565759897232056,366.26541352272034,459.949910402298,-106.44049370288847,0.9754223823547364,465.24634528160095,563.811834692955,54.007332272827625,0.9863809943199158,341.8602792620659,563.6453380584717,-73.77974206209183,0.9827441573143004,456.03333592414856,580.1945244073868,56.07500369846821,0.954640805721283,346.9230532646179,579.7469069957733,-77.70054039359093,0.9259533882141112,488.8901450634002,593.384449839592,-42.46513079106808,0.9582298398017884,324.5471805334091,593.0910848379135,-198.47684329748157,0.9457266926765442,7.583501627915406,7.103925564858702,70.8216767233351,56.15196714631387
tom_3_frame70.jpg,tom_3,FO,frame70,P4,428.9245874881744,221.57695293426517,-253.8844872713089,0.9995617270469666,435.1386950016022,214.68446731567383,-253.8546644449234,0.9991903305053712,437.7540409564972,214.481041431427,-253.86167228221893,0.999051868915558,440.2351578474045,214.2214798927307,-253.92018508911133,0.9990540742874146,430.4483969211578,212.9589140415192,-237.2736998796463,0.999068558216095,429.74158012866974,211.68880939483645,-237.32325530052185,0.9984806180000304,428.8085103034973,210.41815757751465,-237.40168511867523,0.9986976385116576,448.06894516944885,210.6602096557617,-205.45659053325653,0.9977131485939026,432.7896205186844,207.01923489570615,-129.87884360551834,0.9981437921524048,434.3201479911804,226.5352714061737,-231.25736618041992,0.997991383075714,428.7210704088211,225.2539598941803,-209.84595996141437,0.9986897706985474,473.9168524742127,238.01189184188843,-196.47364962100983,0.998275339603424,418.8700534105301,228.4456467628479,-55.57185995578766,0.9998726844787598,415.1030510663986,220.44775485992432,-279.6769905090332,0.9863973259925842,390.8417339324951,188.53396654129028,-18.6908208578825,0.9204224944114684,385.1011033058167,157.06095457077026,-318.425878405571,0.9792941808700562,375.14236056804657,140.0794631242752,-40.71527123451233,0.93565571308136,379.3065176010132,138.9296144247055,-352.1574709415436,0.9553045630455016,377.52096807956696,125.4848212003708,-57.53344187140465,0.8919869661331177,386.95085620880127,135.37078619003296,-357.3168989419937,0.9539571404457092,383.62268674373627,124.0044206380844,-67.77191191911697,0.895054817199707,388.1433477401733,141.1710786819458,-323.0535011291504,0.922705352306366,383.7864751815796,130.26528894901276,-49.20066887140274,0.8796349763870239,477.50286293029785,364.7168731689453,-17.704788841307163,0.999438464641571,427.1803209781647,355.7298183441162,17.667291313409805,0.9999310374259948,490.1474778652191,458.1310606002808,-68.12616994976997,0.9865639805793762,384.94948637485504,442.79905557632446,-176.41797012090683,0.9984502792358398,490.1968488693237,543.6037755012512,55.93792724609375,0.994587779045105,364.5838944911957,542.5102043151855,-97.67727139592172,0.998196005821228,480.6510679721832,558.6687612533569,62.006154507398605,0.967848777770996,371.91788601875305,557.4332094192505,-97.5506561100483,0.959884524345398,522.2949566841125,580.6730461120605,-52.13830618560314,0.9888420701026917,344.4679765701294,581.2392663955688,-223.53238475322723,0.9942593574523926,9.85862227067029,10.125649935808418,68.66065790881825,35.10366207904581
eric_1_frame86.jpg,eric_1,FO,frame86,P5,373.2212936878204,310.38783860206604,-298.7123790383339,0.9982941150665284,377.5248947739601,302.1787369251251,-309.47087556123734,0.9973463416099548,380.46234130859375,301.26824855804443,-309.4338411092758,0.9970006942749025,383.1351080536842,300.21613097190857,-309.4830712676048,0.9970224499702454,370.9357288479805,300.8595607280731,-293.5646373033524,0.9964064955711364,369.5525285601616,299.1822874546051,-293.66039007902145,0.9953691363334656,368.1017339229584,297.39885449409485,-293.7545418739319,0.99607652425766,393.1737753748894,294.23061633110046,-279.7497507929802,0.994853973388672,371.5853974223137,290.2400243282318,-209.0748083591461,0.9943483471870422,380.9215402603149,311.7240028381348,-280.61020731925964,0.996939182281494,373.6326044797897,311.5311191082001,-260.4773563146591,0.9970186948776244,427.0060068368912,315.7733166217804,-233.0127903819084,0.9987395405769348,365.9058240056038,302.6900374889374,-107.15128779411316,0.9996732473373412,386.154722571373,364.77152967453,-275.2850392460823,0.96896493434906,335.593678355217,344.1692283153534,-133.70830953121185,0.8971660137176514,325.1875388622284,345.3714587688446,-299.0705043077469,0.9507354497909546,298.94475668668747,342.3900475502014,-314.55966353416443,0.8976448178291321,308.9885330200196,343.60897564888,-317.94119387865067,0.9080395698547364,284.90912318229675,335.34876465797424,-340.8747488260269,0.8417686820030212,305.5642706155777,331.2236580848694,-321.24095648527145,0.9057425856590272,287.9576024413109,332.0582292079925,-355.2014547586441,0.8412449955940247,312.1825838088989,334.5990092754364,-298.1315290927887,0.85120689868927,292.5817057490349,334.7774355411529,-325.7047498226166,0.8255783915519714,430.34419298172,415.5134539604187,-14.44650873541832,0.9992308616638184,381.9235187768936,411.2393131256104,14.332427084445952,0.999660313129425,438.91786873340607,502.8386120796204,-70.4506167769432,0.9883916974067688,359.4487860798836,493.09793186187744,-95.45324511826038,0.9935405254364014,431.3007318973541,580.3510308265686,63.0660106241703,0.9917740225791932,336.3405829668045,577.2440242767334,-8.158754659816623,0.992487370967865,425.5457240343094,591.1536812782288,70.70703268051147,0.9057312607765198,338.5675236582756,588.0025763511658,-4.71354927867651,0.872954785823822,447.4554282426834,610.081841468811,-25.40382999926805,0.9836029410362244,327.95798897743225,607.2349863052368,-110.50990998744965,0.9842049479484558,12.086134353762368,5.0444804701148955,64.10548133259469,30.725227371840923
grant_frame299.jpg,grant,FO,frame299,P5,585.05042552948,391.50001287460327,-797.7601146697998,0.9987196922302246,594.26922082901,377.94633865356445,-807.6915836334229,0.99794203042984,599.3995571136475,377.32555747032166,-807.5773859024048,0.9976994395256042,604.4732451438904,376.5028703212738,-807.6735591888428,0.997739553451538,581.8225693702698,372.7327358722687,-779.0161085128784,0.9972419738769532,578.565423488617,368.559240102768,-779.2363286018372,0.9961963891983032,575.0795602798462,363.9562153816223,-779.3619847297668,0.996785283088684,618.5567736625671,369.4565677642822,-714.2023301124573,0.9960986971855164,578.5905289649963,352.8273117542267,-588.3310675621033,0.9966294765472412,598.1501412391663,397.5277090072632,-751.2916159629822,0.9963432550430298,583.6853313446045,395.0559139251709,-715.2935814857483,0.9969943165779114,661.1097836494446,414.1075587272644,-632.8674745559692,0.9981939792633056,566.0698485374451,374.1919755935669,-413.3614754676819,0.9997785687446594,565.0895118713379,439.41275238990784,-834.9972653388977,0.9714162349700928,473.8065791130066,372.0602953433991,-646.5808582305908,0.9418105483055116,481.8233048915863,390.5997884273529,-952.7637076377868,0.9323033690452576,441.8494319915772,344.68451142311096,-1017.2859406471252,0.8353298306465149,451.9595038890839,370.982369184494,-1016.3809204101562,0.8673548698425293,438.2576751708984,330.9342420101166,-1083.54012966156,0.7027080059051514,456.7051148414612,359.6182143688202,-1010.056529045105,0.8605026006698608,446.0061585903168,331.06295585632324,-1083.4622383117676,0.6859216690063477,461.355357170105,362.3299598693848,-952.5674343109132,0.7910706996917725,448.8367688655853,335.8745813369751,-1030.577037334442,0.6623730063438416,663.7589907646179,571.2720251083374,-16.94549649953842,0.9995076656341552,578.4342956542969,562.5405979156494,16.608719006180763,0.999866247177124,673.4801530838013,719.1282820701599,-201.61366403102875,0.9891734719276428,528.3009767532349,714.7531700134277,-195.1992470026016,0.9968705773353576,657.6677584648132,869.1328597068787,29.102052971720692,0.9915763139724731,498.8504505157471,859.3971490859985,-3.11472712084651,0.9963698983192444,643.0939650535583,890.482428073883,39.46734175086021,0.9396461248397828,510.52626729011536,881.2734818458557,2.306049400940537,0.9421186447143556,692.8133010864258,921.7550325393676,-169.8536914587021,0.9853459596633912,458.4079098701477,920.8065605163574,-218.26668977737427,0.9918416142463684,22.781796096379853,5.842840250698116,66.58874300004793,21.467395623812067
jess_1_frame174.jpg,jess_1,FO,frame174,P5,405.5262950658798,158.28799879550934,-450.3493328094482,0.9997013211250304,412.0216064453125,146.4846697449684,-464.7275540828705,0.9996532201766968,416.24620747566223,146.50851702690125,-464.6194791793823,0.9996208548545836,420.740487575531,146.387636333704,-464.6354024410248,0.9996501207351683,404.63568139076233,144.52809643745422,-434.21897196769714,0.9995840191841124,402.9705873727799,143.28210180997849,-434.352795124054,0.999449908733368,401.2962007522583,141.99118411540985,-434.43444418907166,0.9995260834693908,440.3396511077881,145.41175922751427,-434.16883063316345,0.9992808699607848,413.217787027359,139.19589176774025,-299.7811002731323,0.9993841648101808,417.5301837921143,169.06396088004112,-431.4479372501373,0.9986410140991212,407.528391122818,166.55337777733803,-392.7371330261231,0.9987413883209229,473.2082154750824,190.43490010499957,-409.1435616016388,0.9958092570304872,424.90807461738586,169.14613369107246,-156.64305365085602,0.9994067549705504,373.988484621048,212.2911925315857,-476.50578260421753,0.9396432638168336,364.5392388105393,182.4874676465988,-167.0229148864746,0.5887095928192139,327.9021853208542,171.08326515555382,-412.11985635757446,0.9070326685905457,354.85107147693634,168.78948962688446,-308.6366842985153,0.5325593948364258,318.2900285720825,157.9520375430584,-437.6719481945038,0.8465515971183777,348.08385467529297,159.28481724858284,-327.3536071777344,0.4307708442211151,327.6633605957031,152.95053035020828,-438.0867757797241,0.8424481749534607,354.9353098869324,164.9164883494377,-338.2879754304886,0.4257622957229614,330.6541508436203,157.62199157476425,-409.3313496112824,0.7665737271308899,359.60956156253815,168.67444148659706,-318.15944814682007,0.4103428423404693,515.2176516056061,333.42498129606247,-46.41080230474472,0.9993498921394348,455.597088098526,325.5250779390335,46.20484955608845,0.9998741745948792,509.7760100364685,450.3719071149826,-110.59554612636566,0.9775586724281312,398.2330056428909,434.0798081159592,-96.75434774160384,0.9949054718017578,494.1729075908661,570.1973218917847,46.127713695168495,0.990833580493927,365.7789542675018,564.5401592254639,36.78899298608303,0.9965551495552064,479.6899025440216,589.1162620782852,51.787135511636734,0.9545555114746094,377.8224575519562,585.6569790840149,43.90348148345947,0.9721142053604126,525.2751514911652,610.5626418590546,-90.35271257162094,0.9873098731040956,327.2045625448227,602.130176782608,-88.35746496915817,0.993829071521759,23.785962521299243,7.547894535545767,79.17086264595332,57.2289241857277
jess_2_frame711.jpg,jess_2,FO,frame711,P5,442.0067612528801,192.6749991774559,-402.1050379872322,0.9995322823524476,447.433878839016,181.74787545204163,-397.66215121746063,0.9994999170303344,451.7514229416847,180.84303891658783,-397.70190012454987,0.9993810653686525,455.7371137738228,180.0719217658043,-397.79523211717606,0.9993684887886048,436.34393376111984,183.0476506352425,-380.106161236763,0.9994317293167114,433.09774518013,182.88821989297867,-380.15890926122665,0.9991952180862428,430.0765498876572,182.6188908815384,-380.18126106262207,0.9992247223854064,465.212440431118,178.91283750534058,-294.1998100280762,0.9990501403808594,430.3863018751144,180.91043722629547,-217.9558669924736,0.9986263513565063,451.3527926206589,199.55932188034055,-357.09262961149216,0.998196303844452,439.1242696046829,201.38295835256577,-335.274515748024,0.998242199420929,494.4860908985138,213.38861763477323,-260.36107552051544,0.9947193264961244,426.32203179597855,218.5208688378334,-89.93568094074726,0.998837113380432,423.2538504004479,245.95053780078888,-367.3316474556923,0.9540020227432252,396.9929889440537,244.238994717598,-217.5790874361992,0.8233553171157837,357.8815396428108,229.7796589136124,-383.8314800262451,0.8939914703369141,391.9553716778755,243.85702353715897,-476.69650650024414,0.6848835945129395,347.3775569200516,227.42411237955093,-416.8550835847855,0.7894908785820007,387.5280727148056,243.8113731741905,-511.80637097358704,0.542130708694458,349.17249286174774,219.7715180516243,-412.1805508732796,0.776286244392395,390.6066367030144,244.69990891218183,-507.4348819255829,0.5146591663360596,350.98357331752777,220.45056211948395,-381.94708120822906,0.6923279166221619,394.13769245147705,245.64752995967865,-479.22551679611206,0.4917995035648346,510.3314861059189,352.76498878002167,-15.546394631266594,0.9995965957641602,450.1373055577278,350.0931214094162,15.36041609197855,0.9998452067375184,521.5526471138,457.0894827842712,-143.4298811852932,0.9889332056045532,405.7727653980255,449.8140832185745,-108.3087155520916,0.9971732497215272,501.5320578813553,554.5102435350418,34.65155164152384,0.9915336966514589,373.5262696743012,549.4802889823914,37.76956530660391,0.996293306350708,489.6642255783081,567.6503123044968,44.29034846276045,0.936233937740326,379.0111178159714,563.3121863603592,44.06361894309521,0.9345677495002748,531.4501806497574,595.7604887485504,-96.66765800118446,0.9856048822402954,347.4228172302246,587.2403749227524,-91.8137054592371,0.9916378259658812,4.305825579218103,2.5415463998332313,68.20035807727574,27.17831321416714
nick_1_frame39.jpg,nick_1,FO,frame39,P5,405.2863284945488,150.25455802679062,-519.3547129631042,0.9999175667762756,410.4423731565476,140.01014512777328,-514.6221429109573,0.9998636841773988,414.170403778553,139.55862686038017,-514.5979255437851,0.9998384714126588,417.86573082208633,138.76728677749634,-514.6373927593231,0.999838411808014,400.877982378006,138.75088438391683,-499.21158850193024,0.9998686909675598,398.1100842356682,138.1286023259163,-499.34665858745575,0.9998270273208618,395.4882755875588,137.51237365603447,-499.3950933218002,0.9998422265052797,427.52818167209625,135.89171940088272,-407.7465444803238,0.9997145533561708,396.6115459799767,136.0161570906639,-337.8365784883499,0.9997373819351196,413.92270773649216,158.02124220132828,-474.1489440202713,0.9997563362121582,403.3288255333901,158.80510395765305,-454.3745011091232,0.9998010993003844,462.4442547559738,176.52559679746628,-342.9947003722191,0.99934720993042,382.7259510755539,169.8215318620205,-197.740375995636,0.9997695088386536,403.1296148896217,228.1516781449318,-451.7093241214752,0.9420529007911682,352.7717024087906,234.55352091789248,-327.4826914072037,0.7193613052368164,326.5858381986618,228.62259429693225,-565.1277661323547,0.8350573778152466,340.836264193058,239.2137768864632,-611.1182183027267,0.4853688180446625,299.3922680616379,229.09288638830185,-611.8656635284424,0.7341062426567078,336.08365654945374,239.36908477544785,-663.6703610420227,0.4160090684890747,308.4821656346321,217.5659248828888,-611.6759777069092,0.7318128943443298,341.4997339248657,235.02300173044205,-669.7459310293198,0.4095595777034759,314.6289438009262,219.90677630901337,-565.5091136693954,0.6711716055870056,341.3944035768509,235.11480104923248,-621.617004275322,0.3833709359169006,460.2342426776886,314.6793279647827,-13.962645269930364,0.999795377254486,402.334013581276,310.1005327105522,13.75695914030075,0.9998908638954164,491.4795607328415,422.2869762182236,-152.514860779047,0.9883955717086792,362.9713177680969,415.5301469564438,-57.65136145055294,0.9975410103797911,486.7028623819351,524.6331276893616,46.574556827545166,0.9937461614608764,324.09453988075256,514.0624974966049,98.92487972974776,0.9974271655082704,475.5422532558441,535.5814809799194,57.51538574695587,0.9367474913597108,332.8550711274147,526.1928216218948,106.84982314705849,0.9557177424430848,503.6168187856674,561.3761534690857,-103.2480027526617,0.989213526248932,299.2446333169937,548.617483496666,-39.42180164158344,0.9940335154533386,4.807088309287268,4.521584927310829,61.24119217269077,25.582664083919827
nick_2_frame42.jpg,nick_2,FO,frame42,P5,387.30837392807007,198.73689472675323,-631.7830114364624,0.9997258186340332,392.10612392425537,187.36968487501144,-633.2337455749512,0.9995598793029784,395.7032623291016,186.81969076395035,-633.2359418869019,0.999481737613678,399.5498924255371,186.06891363859177,-633.3547296524048,0.9994668960571288,382.2941703796387,187.46292024850845,-615.3545513153076,0.9995042085647584,379.0522270202637,186.8586587905884,-615.5117044448853,0.9992929100990297,375.984890460968,185.9947407245636,-615.5884819030762,0.9992903470993042,408.8691711425781,183.3426734805107,-528.519853591919,0.9992635250091552,374.20459270477295,181.28224164247516,-450.0121688842773,0.9989580512046814,395.5804557800293,206.71557247638705,-584.2229509353638,0.9993614554405212,384.4630751609802,206.4982768893242,-561.7902879714966,0.999297857284546,439.2909889221192,229.6377584338188,-442.34171295166016,0.9990519881248474,364.861575126648,203.2654729485512,-271.5519394874573,0.9995823502540588,360.4057722091675,283.25147062540054,-507.2239923477173,0.9615983963012696,330.0032072067261,272.40612387657166,-326.5235013961792,0.7143824100494385,283.3259472846985,299.14322823286057,-596.6266460418701,0.9287154078483582,320.36614084243774,294.9949738383293,-553.2081756591797,0.5955663323402405,261.75725269317627,305.4523676633835,-643.7418365478516,0.8666109442710876,322.81907081604004,303.5602489113808,-592.0983180999756,0.5268322825431824,263.673791885376,292.1555721759796,-649.9920263290405,0.8641356825828552,324.51833868026733,299.61098849773407,-608.4675712585449,0.5188983678817749,270.18464183807373,289.3148133158684,-598.827070236206,0.8017252087593079,328.24101734161377,297.149011194706,-565.5629444122314,0.4983946979045868,439.1366395950317,359.6449041366577,-12.114966243505478,0.9997761249542236,380.7841124534607,353.5996574163437,11.910422280430794,0.9998456239700316,457.4901905059815,469.29188311100006,-190.7044231891632,0.9874917268753052,349.1821508407593,460.5715173482895,-164.39455699920654,0.9952971339225768,439.0042533874512,570.8618080615997,10.370065033435822,0.9913915991783142,323.1283769607544,555.9599411487579,43.111483216285706,0.9931349158287048,427.61067485809326,585.3790122270584,21.60131654143333,0.9381430745124816,332.2373237609863,568.2538497447968,55.63140761852264,0.8991938829421997,460.50353050231934,609.1059547662735,-139.06590485572815,0.985525131225586,307.21740531921387,598.7052547931671,-91.9475075006485,0.9870752096176147,19.51056591458325,5.914669139024587,66.45264472480416,22.378352966742106
rob_1_frame3691.jpg,rob_1,FO,frame3691,P5,899.8752021789551,491.51408314704895,-610.3849411010742,0.998292088508606,905.6298065185548,478.2008099555969,-610.7616806030273,0.9975147247314452,909.3845558166504,477.81708240509033,-610.7624244689941,0.9971874952316284,913.1698608398438,476.7616546154022,-610.8275413513184,0.9974591732025146,895.0027084350586,474.19429779052734,-598.5853958129883,0.9975304007530212,891.7008590698242,471.8772554397583,-598.7610054016113,0.9965561032295228,888.5893821716309,469.64228868484497,-598.8974189758301,0.9971967935562134,919.9230766296388,468.6889886856079,-500.44864654541016,0.9966779947280884,884.7201347351074,462.8119254112244,-444.6969223022461,0.9959556460380554,906.342658996582,497.5535273551941,-559.0133285522461,0.9953590035438538,894.1341018676758,493.78764152526855,-543.4324836730957,0.9959710836410522,950.6292343139648,497.9296910762787,-416.17220878601074,0.9965037107467652,867.6770210266113,490.04274129867554,-282.9524230957031,0.999441921710968,881.1221122741699,565.0880312919617,-503.3137893676758,0.9670614004135132,841.4747428894043,549.2439651489258,-399.219446182251,0.7797209620475769,784.390754699707,565.6129932403564,-583.1859970092773,0.9270000457763672,912.6178550720216,541.4908790588379,-607.1054649353027,0.6851156949996948,761.8918991088867,566.0577464103699,-629.468822479248,0.872988224029541,931.8376350402832,539.0962994098663,-649.8525810241699,0.5844631195068359,760.3425979614258,555.679657459259,-632.5258255004883,0.8684239983558655,932.1257400512696,532.0427870750427,-648.9252090454102,0.5814151167869568,767.090950012207,557.5686192512512,-583.619213104248,0.7989857792854309,927.0747184753418,533.3765316009521,-610.2667236328125,0.5547013878822327,950.3505706787108,643.4158945083618,-16.095240712165833,0.9987810850143432,882.7832794189453,637.1659827232361,16.084048748016357,0.9996837377548218,942.1298217773438,770.5663776397705,-94.52454328536987,0.9840990900993348,852.2770500183105,756.607346534729,-88.16807270050049,0.9928575754165648,931.054515838623,898.0456137657166,26.749103665351868,0.988927721977234,813.5956192016602,896.0667872428894,-9.224095344543455,0.9947718381881714,920.5643463134766,919.019694328308,27.85553276538849,0.9083168506622314,824.1706466674805,921.3524436950684,-11.783887445926666,0.928491473197937,957.5998306274414,935.5536460876464,-137.23387241363525,0.9835865497589112,775.9223556518555,934.2806696891784,-190.65809726715088,0.9889454245567322,5.4312547362261405,5.284768411814493,58.090639464027596,25.466378731295077
rob_2_frame58.jpg,rob_2,FO,frame58,P5,1010.4571151733398,400.0921046733856,-919.5982933044434,0.9975568652153016,1021.4834976196288,383.33316922187805,-928.2149505615234,0.996737539768219,1027.950096130371,381.9907021522522,-928.1372451782228,0.9964920282363892,1034.223518371582,380.3946053981781,-928.2046508789062,0.9965603947639464,1004.2544174194336,380.6923305988312,-912.2133636474608,0.9968854188919068,998.9008712768556,377.75978565216064,-912.4936294555664,0.9961183667182922,993.8129425048828,374.7499930858612,-912.6911544799804,0.9966331720352172,1047.1451568603516,367.94238567352295,-780.604133605957,0.9959920644760132,988.8411712646484,360.21897554397583,-709.325065612793,0.9963074922561646,1023.8957977294922,404.9555504322052,-846.6157722473145,0.9948424100875854,1002.2910690307616,403.2461893558502,-826.7597579956055,0.9958242774009703,1085.1720428466797,403.6106050014496,-631.6394233703613,0.9943886995315552,958.6984634399414,372.64889001846313,-489.649600982666,0.9993563294410706,1000.3631973266602,499.9625587463379,-760.0605583190918,0.9557385444641112,900.5938339233398,464.1168630123138,-758.4127807617188,0.8539430499076843,871.1347389221191,480.6595373153687,-874.1961479187012,0.8765842914581299,996.426887512207,442.93740034103394,-1150.3990173339844,0.8009675145149231,842.4114418029785,476.9674551486969,-936.7364501953124,0.7902407050132751,1020.2037048339844,437.0176255702973,-1223.0942916870115,0.6915388703346252,842.6723670959473,464.5611011981964,-932.680435180664,0.7857646346092224,1024.042625427246,428.9720928668976,-1205.028076171875,0.6788284182548523,851.6767501831055,468.0531120300293,-872.7881240844727,0.7050533294677734,1019.1327667236328,432.5142824649811,-1150.8812713623047,0.6443954110145569,1083.3440780639648,595.4352736473083,-17.933676838874817,0.9986746907234192,990.0932693481444,589.8859333992004,17.8659725189209,0.9992982149124146,1075.205955505371,765.035834312439,-104.85996723175047,0.9763023853302002,951.3467788696288,755.3907608985901,-53.34453105926514,0.9881614446640016,1063.234405517578,940.1267051696776,74.4509768486023,0.982704758644104,915.4597091674804,932.3903560638428,114.2210054397583,0.9879363775253296,1050.6804656982422,966.7480373382568,76.79748773574829,0.91740882396698,929.765853881836,959.9100136756896,118.36913108825684,0.9242923855781556,1099.7906112670898,988.6505699157716,-168.61846446990967,0.9766156673431396,859.8727798461914,976.8562746047974,-102.33169555664062,0.9818322062492372,13.755909952438374,3.4056459047469203,48.30781518448496,21.00215149209274
tom_2_frame128.jpg,tom_2,FO,frame128,P5,424.9208316206932,262.4944780468941,-589.0031936168671,0.9994452595710754,428.0210250020027,254.65910506248477,-598.406504034996,0.9992105960845948,431.259555220604,253.383926987648,-598.3659224510193,0.999096930027008,434.4507055282593,252.1088730096817,-598.4388546943665,0.9991608262062072,419.46456211805344,254.63242423534396,-582.6472527980804,0.9989412426948548,416.83165603876114,253.26206386089325,-582.8178100585938,0.998471975326538,414.1499895453453,251.64911478757855,-582.8980355262756,0.9987644553184508,441.37895607948303,243.37956821918488,-529.1601520776749,0.9980682730674744,412.8069422841072,242.89770007133484,-458.3922772407532,0.9980935454368592,433.006907582283,262.7422167658806,-552.9686745405197,0.9976946115493774,423.4484859108925,264.0624006390572,-532.8066600561142,0.9980689287185668,481.4582452774048,260.6789201498032,-446.3654898405075,0.9986145496368408,403.2390394210816,248.60365349054337,-302.2830243706703,0.9997554421424866,415.0045991539955,309.57691341638565,-524.9312280416489,0.981860339641571,378.31887328624725,310.7571160197258,-371.3727803826332,0.8298739194869995,343.06189006567,323.43158441782,-633.2886936664581,0.9705989360809326,325.1137338280678,333.4296969771385,-607.8973852396011,0.8186789155006409,319.3631045818329,323.94873744249344,-681.1043226718903,0.9432878494262696,313.8299436569214,328.42025792598724,-650.5115387439728,0.7461854815483093,319.0469433069229,315.35790407657623,-683.5328621864319,0.9415744543075562,315.56825762987137,320.7759734392166,-671.4903943538666,0.7458696365356445,323.5576202273369,316.2471408843994,-635.1711790561676,0.8940584659576416,321.8355076313019,322.9084540605545,-622.8345859050751,0.708092987537384,478.0583003759384,375.1222950220108,-15.697078127413988,0.999630570411682,423.1580853462219,371.9184447526932,15.689377915114164,0.9998742938041688,492.0330559015274,468.5585516691208,-149.17019271850586,0.9789530634880066,385.65176755189896,459.8458344936371,-162.14382296800613,0.9906599521636964,468.94875061511993,556.6074322462082,86.48459745943546,0.9914358258247375,343.5096158981323,560.693280339241,5.031769659370184,0.992805540561676,455.0603156089783,573.328906416893,101.18873402476312,0.959013819694519,346.66268515586853,573.3741604089737,13.243638275191188,0.9409286379814148,486.7460412979126,597.5097193717957,-33.64994077384472,0.9790398478507996,326.35350382328033,593.9158326387405,-133.394883364439,0.9786284565925598,8.775886426870153,3.3398619047262406,61.50343678444654,29.756605970362163
tom_3_frame79.jpg,tom_3,FO,frame79,P5,453.9033122062683,239.73361492156985,-643.9035906791687,0.9997173547744752,457.13966846466064,230.86655259132385,-648.3095707893372,0.9995269179344176,460.43177127838135,229.69135165214536,-648.2880730628967,0.9994677901268004,463.79995918273926,228.6020565032959,-648.3684787750244,0.9994710683822632,448.8869125843048,230.68527698516849,-636.6905765533447,0.999403178691864,446.2603435516357,229.25945162773127,-636.8845303058624,0.9990646839141846,443.641256570816,227.6366651058197,-636.9971299171448,0.9991734623908995,470.5351758003235,222.2931790351868,-551.4645261764526,0.9988067746162416,442.1722979545593,218.6347758769989,-499.31715393066406,0.9989015460014344,461.43162631988525,241.2348687648773,-597.0546703338623,0.9987725615501404,451.8392143249512,241.65035367012024,-582.5141456127167,0.9990991950035096,511.5316562652588,244.69655394554135,-443.4504642486572,0.9989846348762512,428.9942443370819,226.6834533214569,-348.5149235725403,0.9998911023139954,448.3760254383087,301.1296463012696,-500.5531678199768,0.9850569367408752,407.0656939744949,300.6785547733307,-466.61015462875366,0.9270007014274596,376.27425801754,322.30206966400146,-590.2434213161469,0.9649702310562134,410.0135170221329,301.4658522605896,-715.8508431911469,0.8601277470588684,355.6588867902756,327.1693754196167,-634.3883175849915,0.9279985427856444,410.1288828849793,303.16686391830444,-763.4413824081421,0.777332603931427,349.1123285293579,315.78755736351013,-638.8084187507629,0.9261282682418824,408.8492149114609,298.077244758606,-773.0814266204834,0.7671568393707275,359.1039237976074,313.7480092048645,-592.1770575046539,0.8696842193603516,411.1132205724716,297.0071005821228,-725.7389543056488,0.7280251383781433,498.3202495574951,359.078381061554,-1.1605777563527226,0.99967622756958,444.74280428886414,355.69082736968994,1.1169233634136615,0.999942660331726,524.7149789333344,450.51517486572266,-134.5418348312378,0.9898253083229064,414.0664707422257,449.4667148590088,-144.21066123247147,0.9981923699378968,500.1480305194855,544.722273349762,95.79732683300972,0.9945138096809388,364.176860332489,545.4241514205933,-1.7440662449225783,0.9975883960723876,490.23315262794495,558.6290812492371,111.28248035907744,0.964682936668396,365.96491265296936,557.215678691864,5.151952946558595,0.9417818784713744,523.3747959136963,581.0456490516663,-32.48857410252094,0.989013969898224,345.0274443626404,582.1442866325378,-155.04155039787292,0.9934360980987548,12.311287886752991,3.6178378216888176,48.99614824845172,2.4340968134437198
eric_1_frame90.jpg,eric_1,FO,frame90,P6,382.47081875801086,314.35474276542664,-425.19915878772736,0.9984644651412964,384.8934322595596,305.8826687335968,-427.0203685760498,0.9976294040679932,387.9936844110489,303.72091484069824,-426.97135031223297,0.9973568320274352,391.19675248861313,301.366982460022,-426.9745993614197,0.9973580241203308,377.6896074414253,305.4832735061645,-419.26634788513184,0.996863067150116,375.5771133303642,303.1900541782379,-419.3794524669647,0.9960880279541016,373.3293128013611,301.09463453292847,-419.452155828476,0.9966787695884703,399.20412838459015,291.7381660938263,-351.3766175508499,0.9954055547714232,371.9156232476234,293.20471715927124,-315.7841783761978,0.994865655899048,389.879310131073,314.86035990715027,-389.1757732629776,0.9974150657653807,382.1658554673195,314.6047303676605,-379.1666063666344,0.997477650642395,435.7535302639008,315.08649373054504,-271.6355565190315,0.9989753365516664,361.5469655394554,312.20365047454834,-178.6728547513485,0.999748170375824,411.48680567741394,375.1931004524231,-229.3184095621109,0.9686759114265442,358.36296796798706,373.0249786376953,-95.6906670331955,0.8744838833808899,365.20492404699326,417.7890629768372,-307.6281467080116,0.9442722201347352,344.84106093645096,418.8945508003235,-171.63164719939232,0.8727298378944397,352.7813604474068,430.4673256874085,-336.5672394633293,0.8991530537605286,333.5844475030899,429.7701315879822,-191.0518616437912,0.8226873278617859,344.0653386712074,427.3690309524536,-360.9251493215561,0.8994168639183044,332.47487366199493,429.132260799408,-223.47935020923612,0.8266484141349792,351.6961309313774,421.8423800468445,-315.33983558416367,0.8368722796440125,337.3976540565491,425.4460430145264,-185.04030838608745,0.8023945093154907,437.4987405538559,411.9339766502381,-6.270710546523333,0.9992165565490724,389.8262658715248,411.2977237701416,6.229427168145776,0.9996776580810548,446.1388099193573,502.497606754303,-66.14291317760944,0.98737633228302,368.0610737204552,496.78103828430176,-71.6579269617796,0.993155598640442,433.2755887508392,580.6382303237915,67.75139853358269,0.9916463494300842,336.8450331687927,578.159345626831,53.33957575261593,0.992634654045105,425.70671677589417,592.4593334197998,74.92160864174366,0.9149040579795836,338.3234918117523,588.0614018440247,60.21558798849583,0.8744121789932251,448.947919011116,610.7895312309265,-33.2750254124403,0.9843320846557616,328.99080991744995,607.1782765388489,-47.94037703424692,0.985239803791046,2.224759108627495,0.7646433443690057,51.40172606078818,14.692688562896242
grant_frame329.jpg,grant,FO,frame329,P6,598.6610698699951,397.4066877365112,-812.2885251045227,0.9997265934944152,604.3855047225952,383.1661534309387,-818.4986543655396,0.9994600415229796,609.7695350646973,380.9399092197418,-818.3970093727112,0.9994105696678162,615.322995185852,378.38961124420166,-818.435697555542,0.9994459748268129,591.0932493209839,382.9272973537445,-800.4158878326416,0.9993669986724854,587.2405242919922,380.71640610694885,-800.6331467628479,0.9992100596427916,583.2556414604187,378.3035123348236,-800.7980704307556,0.9992980360984802,630.5589938163757,363.1928479671478,-695.0993800163269,0.9991666674613952,583.3535528182983,363.7843072414398,-614.3752312660217,0.9989529848098756,612.4749398231506,398.97233605384827,-752.5405812263489,0.99956214427948,597.0270895957947,400.98875641822815,-729.4291877746582,0.999558448791504,699.7674536705017,391.62389874458313,-531.7195379734039,0.9998118877410888,555.9302616119385,395.1838231086731,-356.99623703956604,0.9999693632125854,661.926999092102,521.1247050762177,-466.333966255188,0.9863204956054688,559.1395783424377,514.4552099704742,-191.68222725391388,0.9335187077522278,580.3470754623413,620.3545832633972,-575.3666639328003,0.9758989810943604,551.6578245162964,613.6675786972046,-303.9632034301758,0.8986637592315674,562.4560117721558,642.3726010322571,-626.4536690711975,0.9507693648338318,534.00111079216,635.06272315979,-329.97923612594604,0.8447543978691101,549.3407821655273,635.4859757423401,-663.2721376419067,0.9522570371627808,533.1930685043335,634.0431833267212,-388.660454750061,0.8493754267692566,557.433500289917,628.3580803871155,-587.383496761322,0.910066783428192,542.8678822517395,627.577428817749,-326.9839918613434,0.8201431035995483,694.7943162918091,567.5921416282654,-15.90810924768448,0.9997202157974244,607.1051359176636,563.3249831199646,16.026935800909996,0.9998838305473328,712.8848719596863,730.2639126777649,-160.08083760738373,0.9854676127433776,559.1200733184814,713.369472026825,-150.77472031116486,0.9939659237861632,667.9320359230042,878.9196825027466,64.4608211517334,0.9860273003578186,493.271917104721,875.5695819854736,39.04896944761276,0.9932796955108644,646.1633992195129,898.8240766525269,74.71448510885239,0.9430463910102844,496.2684488296509,891.8128252029419,46.31093367934227,0.9174505472183228,707.2042751312256,929.5506048202516,-119.57813233137132,0.9784870743751526,458.34553241729736,922.489013671875,-157.1848887205124,0.9858429431915284,1.4177627292484611,2.785947591079548,50.53781689297547,20.010842428988855
jess_1_frame185.jpg,jess_1,FO,frame185,P6,434.2398319244385,165.89048331975937,-602.2861430644989,0.9997581243515016,437.2827236652374,153.7128160595894,-600.4148936271667,0.9996271133422852,441.60905933380127,152.4395925104618,-600.2856683731079,0.9995428323745728,446.1112768650055,150.99890023469925,-600.222314119339,0.9995751976966858,427.9102144241333,155.1574690937996,-595.4721002578735,0.9996193647384644,425.30286502838135,154.66193994879723,-595.6113440990448,0.999541699886322,422.7600314617157,154.10804390907288,-595.716902256012,0.9996119737625122,455.78947401046753,141.75013628602028,-481.96688055992126,0.9992753863334656,421.8817353248596,147.02830711007118,-471.3971743583679,0.9993461966514589,445.60758876800537,172.48667666316032,-546.1800708770752,0.9992951154708862,433.4543166160584,172.8059675693512,-538.5132865905762,0.9993037581443788,505.93671321868896,174.70686274766922,-345.6111512184143,0.9981788396835328,406.39609718322754,190.1898708343506,-260.36843836307526,0.9997682571411132,478.960675239563,270.9484325647354,-288.483304142952,0.9673085808753968,396.987312912941,266.91747665405273,-134.737074136734,0.7942109704017639,414.747049331665,333.3201814889908,-355.37363517284393,0.9489657878875732,403.0821954011917,325.3841452598572,-227.64272356033325,0.7642880082130432,401.5816094875336,354.17693567276,-386.09979486465454,0.9083282947540284,399.1219253540039,345.3003485798836,-249.72390735149384,0.7000589966773987,391.6859073638916,349.0152918100357,-415.10491132736206,0.9068037867546082,399.79208171367645,340.56708711385727,-285.1638606786728,0.6962020993232727,397.5038267374039,340.5642949342728,-364.8118702173233,0.8468690514564514,402.6675372123718,333.0397018790245,-241.3476425409317,0.6716728806495667,525.9498331546783,321.7915615439415,-6.786317002028227,0.9994974732398988,462.8579986095429,323.03124791383743,6.666886489838362,0.9998700618743896,527.9024896621704,445.9794156551361,-118.18857038021088,0.9861538410186768,422.9025180339813,440.663188457489,-120.94426262378693,0.9954590797424316,493.7099714279175,567.759935259819,29.198464304208755,0.9917232394218444,365.0628430843353,563.660808801651,19.712840616703037,0.99620258808136,476.9241433143616,585.1225765943527,33.879993975162506,0.956839084625244,371.0652109384537,581.3614072799683,23.48518804460764,0.9568610787391664,524.8750371932983,610.2421823740005,-112.44120460748672,0.9874225854873656,331.39908361434937,602.0498033761978,-123.81290596723557,0.992903470993042,8.841203245510359,1.1256553024720488,40.575464221867236,12.03702650488404
jess_2_frame733.jpg,jess_2,FO,frame733,P6,453.3376492857933,197.3187345862389,-544.4317060709,0.9989222288131714,457.7152621150017,184.2840518951416,-541.9242403507233,0.9974629282951356,461.7307924628258,182.90200036764145,-541.86021900177,0.9967015385627748,465.8235659599304,181.385619699955,-541.8792027235031,0.9963548183441162,447.6857610940933,185.64669287204745,-529.4404113292694,0.9983656406402588,444.8610835075378,185.16882747411728,-529.6321413516998,0.9984459280967712,442.1679002046585,184.5381776690483,-529.7748811244965,0.99886155128479,475.0881232023239,176.16857182979584,-429.53537464141846,0.9930471777915956,440.6878936290741,178.16334635019302,-380.6135165095329,0.9981526732444764,462.4052434563637,203.45578157901764,-500.1384522914887,0.9975569844245912,450.850002348423,205.3179749250412,-481.40742003917694,0.9986617565155028,515.8894855976105,209.510877430439,-308.4287775158882,0.998075783252716,422.4742095470429,223.1202546954155,-237.5342357158661,0.9997586011886596,476.2594355344772,287.69895327091217,-273.4452856183052,0.8588278293609619,416.55574202537537,308.32511246204376,-228.6935415565968,0.86564040184021,431.1942512989044,321.71318912506104,-348.4450433254242,0.630107581615448,446.4209219217301,329.2306819558144,-373.0166875720024,0.6642811298370361,419.2932670712471,335.3814484477043,-383.3674365878105,0.5453951954841614,454.7447271943092,340.81170749664307,-413.4898988008499,0.5500237941741943,422.5423226952553,325.05599081516266,-406.0957670211792,0.5373059511184692,459.6464521884918,330.33838415145874,-434.3962651491165,0.5262540578842163,425.4739716053009,318.9901632666588,-358.7095583677292,0.4303342700004577,457.6026680469513,323.5373540520668,-383.2503053545952,0.4611503481864929,526.7908182144165,348.20918011665344,-16.54900896921754,0.9993906021118164,464.9809615015984,349.96234917640686,16.582197427749634,0.999697208404541,533.9598175287247,456.0070041418076,-178.49099200963974,0.988500475883484,425.641095161438,436.4092586040497,-125.74781090021132,0.9949038624763488,503.2449908256531,554.3402030467987,12.729328278452158,0.98789381980896,377.4295121431351,546.3700480461121,41.27512037754059,0.9947229623794556,490.0903850793839,569.7836842536926,22.27276112511754,0.9059359431266784,378.8654274940491,557.4341838359833,49.998217061162,0.9308419823646544,530.9082816839218,594.043457865715,-136.76436802744865,0.9821768999099731,353.17672204971313,585.8164738416672,-97.6658691316843,0.9904519319534302,8.2889266716561,1.6246965893845877,37.19551992597996,28.192117171400756
nick_1_frame41.jpg,nick_1,FO,frame41,P6,404.6202749013901,150.16428765654564,-545.2629894018173,0.9998068809509276,408.7574169039726,138.63262489438057,-540.7708704471588,0.9996317625045776,412.1300145983696,137.06778246164322,-540.7399654388428,0.9996063709259032,415.5586466193199,135.11889311671257,-540.7725930213928,0.9995929598808287,399.6689632534981,138.9485347867012,-535.1526945829391,0.9996630549430848,396.8841180205345,138.20617306232452,-535.311222076416,0.9996528029441832,394.1605761647224,137.73863723874092,-535.4246586561203,0.999680519104004,422.9547217488289,128.46599075198174,-433.0866247415543,0.9993741512298584,393.7530860304833,135.65968325734138,-402.9483646154404,0.999498724937439,413.1922602653504,155.8081983923912,-497.07210063934326,0.9996371865272522,402.3194223642349,158.2984603345394,-488.5692209005356,0.9996291399002076,469.51461136341095,154.72682613134384,-325.8692219853401,0.9994223713874816,376.2439295649529,178.68284958600998,-294.7155550122261,0.9997836351394652,456.8659007549286,240.4788725972176,-396.73529267311096,0.933137595653534,394.7644904255867,265.0660501718521,-306.6102847456932,0.7495118975639343,405.3059101104736,280.764773786068,-377.4735689163208,0.7952213287353516,449.827766418457,273.3155492544174,-381.69757425785065,0.5142263770103455,389.3221691250801,296.425284087658,-409.40606743097305,0.6944627165794373,466.8927520513535,279.7960236668587,-419.5754110813141,0.4370457828044891,386.09003722667694,285.844273686409,-419.396136701107,0.690788984298706,464.337819814682,268.113795876503,-427.7865171432495,0.429216057062149,391.4076492190361,279.38187623023987,-381.1875909566879,0.6219609975814819,459.3514233827591,263.97841650247574,-386.7465913295746,0.3954943716526031,474.52390789985657,306.8596194386482,-12.1254644356668,0.999765932559967,415.14877527952194,308.613562643528,12.1038016397506,0.999840497970581,492.4702435731888,415.58211040496826,-69.19794753193855,0.9898194670677184,381.317999958992,410.6901823282242,33.66266917437315,0.997123956680298,492.45565235614777,522.4499555826187,137.46869415044785,0.9940543174743652,336.7762327194214,507.4026472568512,227.3331373929977,0.9970448613166808,483.16905200481415,532.0983073711395,150.0882476568222,0.9292066693305968,343.57718378305435,519.8771200180054,240.85820764303207,0.9466601014137268,503.3552914857864,559.92400598526,-2.954068162944168,0.989263355731964,313.6376276612282,544.9439713954926,117.79447719454764,0.9934285879135132,14.404715600589292,1.6920270041721208,18.4700153289452,22.19894387097975
nick_2_frame43.jpg,nick_2,FO,frame43,P6,388.40113258361816,200.25060206651688,-591.2968044281006,0.9996722936630248,392.6616973876953,188.31312239170077,-588.6984739303589,0.999378263950348,396.30846309661865,187.41107940673828,-588.6703424453735,0.999264657497406,400.0783624649048,186.40364795923236,-588.7343626022339,0.999250054359436,382.78179836273193,189.1814821958542,-579.3530263900757,0.9993855953216552,379.6023797988892,188.6933022737503,-579.5139179229736,0.9991919994354248,376.6896028518677,187.96103239059448,-579.6356029510498,0.9992313385009766,409.2796478271485,182.7054074406624,-472.5925455093384,0.9986725449562072,375.32994556427,182.14963495731357,-429.6864700317383,0.9988581538200378,397.2318954467773,207.25762903690335,-539.5493116378784,0.9992254376411438,385.4754581451416,207.61977463960648,-527.3036108016968,0.999241054058075,449.17710304260254,226.5623688697815,-352.5976495742798,0.9990459680557252,359.94522428512573,213.56232672929764,-267.6643738746643,0.999618649482727,406.8150119781494,298.8380026817322,-325.7340908050537,0.941779375076294,344.77782106399536,293.230616748333,-246.61466312408447,0.7362821102142334,362.2143883705139,342.0216706395149,-499.3004932403565,0.888206422328949,334.97832107543945,347.0271188020706,-350.1001625061035,0.617994487285614,350.13413524627686,356.4097970724106,-538.2525062561035,0.8260787129402161,330.8588809967041,362.77279257774353,-385.9757032394409,0.5473309755325317,344.7560214996338,348.1241458654404,-498.8716049194336,0.8244669437408447,332.65927267074585,358.25468122959137,-425.22519969940186,0.5407214760780334,349.92123317718506,342.8888788819313,-498.3943042755127,0.7580969929695129,334.6514210700989,351.4657312631607,-366.8480458259583,0.5177969932556152,444.3032999038696,356.6836220026016,-10.125033140182495,0.999724805355072,385.3095197677612,353.6293923854828,10.024769455194471,0.9998262524604796,460.7576951980591,468.1172901391983,-127.74147510528564,0.9877973198890686,356.77339935302734,460.5150496959686,-111.95248055458067,0.9953343272209167,442.32035732269287,570.6202268600464,61.310608863830566,0.9915578961372375,326.054238319397,555.8649784326553,84.0128048658371,0.9932844042778016,430.36452293396,585.249502658844,70.3154878616333,0.9367567896842957,334.1151237487793,567.8686112165451,95.1731595993042,0.9016714096069336,460.2503938674927,609.3344575166702,-100.00429821014404,0.9855830073356628,307.3006315231323,598.6713248491287,-52.1260586977005,0.9872843623161316,8.289008942589021,2.9636746227845947,43.586159087944445,18.85801645124324
rob_1_frame2479.jpg,rob_1,FO,frame2479,P6,782.4172210693359,20.102355256676677,-537.4789237976074,0.9887333512306212,833.1289100646973,-34.339210242033005,-638.14453125,0.9888549447059632,843.4457015991211,-27.142459899187088,-638.3159065246582,0.9885214567184448,856.5958786010742,-33.58385927975178,-638.9619255065918,0.9886531829833984,827.9745483398438,-43.65108489990234,-464.2062950134277,0.9871882796287536,834.0750503540039,-42.737422585487366,-464.1305351257324,0.9861446022987366,841.8331718444824,-42.35545724630356,-464.3459701538086,0.9868406653404236,960.571174621582,34.48641523718834,-926.4356231689452,0.9913457036018372,941.9258880615234,17.053534537553787,-150.91614246368408,0.9848835468292236,811.6495513916016,97.16883927583694,-627.0328903198242,0.9831414222717284,802.6054000854492,92.0079419016838,-403.6047077178955,0.9817644953727722,1039.1770935058594,391.9037926197052,-1259.864387512207,0.995247483253479,1008.1744766235352,376.0936188697815,322.4602031707764,0.9896851778030396,1112.3643493652344,942.4013900756836,-1132.4110794067385,0.6981518864631653,1027.1785354614258,841.1590504646301,517.8234100341797,0.6173146367073059,969.913215637207,1174.2874145507812,-565.8803558349609,0.5886565446853638,935.5430030822754,1101.7070960998535,412.4889278411865,0.5359961986541748,952.3728561401368,1220.3993511199951,-647.6780319213867,0.5489586591720581,908.3694076538086,1162.7782917022705,422.6608371734619,0.5031639337539673,924.4090461730956,1193.9177083969116,-634.610481262207,0.5599859356880188,888.6570167541504,1149.8466539382937,339.45611000061035,0.5096955895423889,937.4965667724608,1175.9155368804932,-547.1881484985352,0.5381507277488708,900.5926895141602,1129.712061882019,361.3502597808838,0.4957458674907684,1018.326530456543,1190.423283576965,-460.4912281036377,0.8066244721412659,1003.5318374633788,1151.5678596496582,462.0696830749512,0.8166728615760803,781.739673614502,931.585178375244,-198.95841121673584,0.6141757965087891,773.862361907959,991.2285161018372,891.2747955322266,0.5752296447753906,697.4911308288574,1199.8137617111206,978.6899185180664,0.4958368241786957,730.6303596496582,1150.55926322937,1708.9393615722656,0.5791743993759155,714.3726539611816,1290.3048419952393,1074.6984100341797,0.4650209844112396,742.4740791320801,1215.8183097839355,1790.701904296875,0.5190439224243164,541.4381217956543,1113.0860567092896,996.6022109985352,0.508085310459137,586.4843559265137,1055.7498478889463,1784.2141342163086,0.5700715184211731,27.01987901826766,69.15503718935122,88.8775426603639,89.08125219376608
tom_2_frame131.jpg,tom_2,FO,frame131,P6,430.9566259384155,260.34195578098297,-572.5500962734222,0.9995136260986328,434.2474850416184,252.5457974076271,-578.200313448906,0.9991918802261353,437.7225501537323,251.5245835781097,-578.1743704080582,0.9990944266319276,441.1691195964813,250.83311581611636,-578.2187548875809,0.999164581298828,425.0639090538025,252.7259446978569,-568.0188680887222,0.9989472031593324,422.0053130984306,251.49159449338916,-568.1629613637924,0.9985494017601012,418.8330991268158,250.08764523267743,-568.3170046806335,0.9988101720809937,445.8045367002487,238.71578031778336,-492.228045463562,0.9982545375823976,414.2835336923599,241.63687586784363,-444.1765327453613,0.9981356263160706,438.41394782066345,260.44958913326263,-529.5846698284149,0.9982267022132874,427.75813031196594,262.89661395549774,-515.9107077121735,0.9984806776046752,484.932164311409,246.00018388032916,-393.49987602233887,0.9989786744117736,398.0118032097817,251.9861618876457,-270.1405084133148,0.9998153448104858,444.5374952554703,321.37447196245193,-359.03980779647827,0.9776241183280944,399.45359551906586,320.80685287714005,-188.1060085296631,0.8600655198097229,399.3399775028229,376.20677757263184,-446.6580523252487,0.9687825441360474,388.9332756996155,381.0985107421875,-279.2497456073761,0.8463330864906311,387.6232823729515,390.8373435735703,-486.9890098571777,0.9432893395423888,380.3589183688164,395.1373414993286,-303.2367957830429,0.7819953560829163,381.2394970655441,384.6280739307404,-511.5198220014572,0.9427664875984192,379.4110075831413,391.066343665123,-346.8104771375656,0.7838353514671326,386.8240752220154,379.667963385582,-456.45576989650726,0.8945313096046448,384.90996849536896,385.7911098003388,-297.2515070438385,0.7488833069801331,483.779470205307,369.7619307041168,-15.66356022655964,0.9996949434280396,428.2862899899483,369.5422792434693,15.772138103842735,0.9998859763145448,495.6618517637253,467.9534139633178,-130.6516021490097,0.9830297827720642,394.6833319067955,460.1667903661728,-101.00597363710403,0.992449939250946,470.132493019104,557.2117426395416,81.74719893932343,0.9922133088111876,344.9182240366936,561.0222611427307,64.36179310083389,0.9939885139465332,455.7761976718903,573.1788319349289,93.87226904928684,0.9579527974128724,348.056524515152,573.6025813817978,72.96901552379131,0.944621205329895,485.9113838672638,597.5504645109177,-40.64131678640842,0.9823405146598816,325.5885748267174,594.7602704763412,-66.29065558314323,0.9830198287963868,3.9395902667381764,0.2267852713918046,54.83105628579175,29.530624712440044
eric_1_frame95.jpg,eric_1,FO,frame95,P7,384.8457324504852,315.7369966506958,-418.1683576107025,0.9990718364715576,388.439157307148,307.66794776916504,-417.39216446876526,0.9985170960426332,392.1115481853485,305.73193359375,-417.28489875793457,0.9983460307121276,395.687056183815,303.8527121543884,-417.2494888305664,0.9983526468276978,380.2529188990593,308.7308306694031,-414.9427109956741,0.9980682134628296,378.2022744417191,307.6714117527008,-414.9824059009552,0.9976146817207336,376.2240037322045,306.51431679725647,-414.97425973415375,0.9979750514030457,402.03970074653625,291.6849410533905,-348.9140972495079,0.9970473647117616,369.0598502755165,298.42510628700256,-316.0077741742134,0.9968715906143188,392.66089648008347,313.74721813201904,-384.3383392691612,0.9984434247016908,382.8390914201737,315.9320583343506,-371.9987565279007,0.998481035232544,440.4178935289383,296.8652558326721,-231.1993971467018,0.9993880987167358,356.5284323692322,322.3531222343445,-218.50025296211243,0.9998487830162048,446.56339943408966,373.58448457717896,-169.428438693285,0.9686511158943176,380.5502539873123,390.315815448761,-169.0142673254013,0.919077217578888,433.47938418388367,427.74368047714233,-216.10739886760712,0.945888876914978,418.7733870744705,439.0524458885193,-209.1949760913849,0.9128666520118712,432.7365761995316,449.8034477233887,-235.69287925958636,0.9036506414413452,425.235887169838,453.6341571807861,-228.29112142324448,0.8686118721961975,431.7110067605972,448.47974967956543,-258.40203791856766,0.9064737558364868,429.7372329235077,452.8155369758606,-245.96872717142105,0.8719636797904968,430.68039894104,439.8600311279297,-224.56837028265,0.8570687770843506,428.3041667938232,446.8495616912842,-214.49123233556747,0.8492008447647095,444.7072035074234,406.830180644989,0.7027252955595031,0.9995050430297852,400.091872215271,409.765730381012,-0.7662484009051695,0.9997851848602296,447.1345257759094,500.1428861618042,-42.28112488985062,0.9850382804870604,381.6058653593064,496.1920366287232,-71.14002145826817,0.99277925491333,437.4517470598221,580.8481850624084,95.3608414530754,0.9886409044265748,339.2834210395813,575.5238556861877,45.2893265336752,0.9919663071632384,429.1758537292481,593.5321726799011,103.31310123205184,0.9052345156669616,339.637967646122,583.5379786491394,47.72241115570069,0.8740440011024475,449.9711811542511,611.4667296409607,6.23684641905129,0.9821014404296876,324.6629586815834,610.5517401695251,-54.322848692536354,0.9865648150444032,16.90018717584889,3.764457561520782,8.608049860045927,1.88580015520018
grant_frame340.jpg,grant,FO,frame340,P7,602.5763010978699,399.62353348732,-923.4499096870422,0.9998775124549866,608.0351328849792,385.222806930542,-930.7565689086914,0.9997333884239196,612.9979062080383,382.19515085220337,-930.6593656539916,0.9997122287750244,617.9236650466919,378.9378762245178,-930.7469773292542,0.9997339248657228,595.131561756134,387.1070694923401,-921.1053800582886,0.9996876120567322,590.9871625900269,385.510071516037,-921.3616490364076,0.9996289610862732,586.8278288841248,383.72172474861145,-921.5339756011964,0.9996633529663086,630.2558612823486,362.6109802722931,-795.0449895858765,0.9995843768119812,581.7962408065796,371.9002318382263,-750.635461807251,0.9994833469390868,614.290452003479,398.6904144287109,-856.7672538757324,0.9998250007629396,598.6157512664795,402.90852069854736,-844.2094945907593,0.9998131394386292,701.0890960693359,375.8705019950866,-595.2619814872742,0.9999327063560486,552.0922780036926,417.46927857398987,-530.8758008480072,0.9999846816062928,704.7733569145203,521.4805269241333,-517.4755918979645,0.9886821508407592,593.9582991600037,539.930831193924,-439.78556871414185,0.9621655344963074,673.7593388557434,631.4204335212708,-625.9087514877319,0.9772865772247314,640.0648927688599,640.7484698295593,-532.0079290866852,0.9339287281036376,674.0158009529114,667.4805879592896,-685.1234936714172,0.949466109275818,642.4483680725098,673.1517863273621,-576.7634296417236,0.8813076615333557,661.4595222473145,667.7896428108215,-727.3283743858337,0.9527618288993835,653.3322358131409,672.2203731536865,-622.7224159240723,0.8866190314292908,661.6875958442688,653.7964940071106,-643.0630660057068,0.9205816388130188,655.257568359375,658.6184191703796,-548.8882398605347,0.8598043322563171,700.4953837394714,578.8742852210999,-12.57638219743967,0.99985009431839,616.8627977371216,583.1605625152588,12.657755725085735,0.999914526939392,710.9953308105469,739.2655777931213,26.365700885653496,0.9811286330223083,566.5121555328369,742.3470497131348,2.459709048271179,0.9908794164657592,676.7535209655762,883.5524797439575,333.96502017974854,0.9800915718078612,487.367559671402,887.906928062439,254.33215498924253,0.9895426630973816,657.7907109260559,904.2173767089844,354.316999912262,0.9142665266990662,484.77696418762207,904.096612930298,270.7037580013275,0.8887837529182434,705.8154916763306,931.0611820220948,173.2150572538376,0.972550094127655,453.039425611496,927.8940296173096,78.49615037441254,0.9821905493736268,15.59932844274798,2.933915148235278,23.370681346029084,16.789935867484516
jess_1_frame190.jpg,jess_1,FO,frame190,P7,442.092661857605,165.45625802874565,-569.8116431236267,0.9998273253440856,444.1635570526123,152.52911806106567,-569.0897240638733,0.999702513217926,448.22394037246704,149.54116532206535,-568.9875538349152,0.9996354579925536,452.3503882884979,146.2746564745903,-569.0144152641296,0.9996618628501892,434.08306765556335,157.11316338181496,-561.9936604499817,0.9997087717056274,430.93127822875977,157.14329823851585,-562.1261768341064,0.9996546506881714,427.7183609008789,156.84045016765594,-562.1965489387512,0.9997036457061768,458.6540639400482,135.42126828432083,-465.6307272911072,0.9993824362754822,423.0329532623291,149.8706528544426,-435.6390461921692,0.9995237588882446,453.2347342967987,169.11994925141337,-519.8050997257233,0.999528706073761,440.33810234069824,174.22145783901215,-510.89964056015015,0.9995347261428832,508.43119621276855,163.46722304821014,-324.57548201084137,0.9988985657691956,406.7524588108063,197.3334864974022,-275.45439779758453,0.9998583197593688,501.9297623634338,265.61737579107285,-252.96225833892825,0.9566490650177002,423.0938391685486,286.0975993871689,-162.78694009780884,0.8620361685752869,484.4894349575043,352.4869017601013,-303.66632771492004,0.9398314356803894,451.9901547431946,356.3672454357147,-203.84407806396484,0.8247343301773071,485.5243985652924,377.8299232721329,-323.0023218393326,0.8977140784263611,453.3847711086273,379.11651825904846,-217.07601809501648,0.7617460489273071,479.0523912906647,377.7736246585846,-354.10504972934723,0.8982419967651367,458.7487323284149,377.99286246299744,-244.77661287784576,0.7610668540000916,478.4297385215759,367.61823999881744,-313.72012507915497,0.8468483090400696,459.2914783954621,368.66119146347046,-213.27396428585047,0.7362627983093262,527.1241858005524,307.85674464702606,4.370722441002727,0.9996538758277892,462.85523986816406,313.98613727092743,-4.537545755505562,0.9998953342437744,531.8392136096954,442.5248483419418,-77.85503333806992,0.9793938994407654,435.1214191913605,440.50182116031647,-122.00706773996352,0.9950425028800964,493.9662923812866,566.9842470884323,61.66676312685013,0.9872986078262328,364.9407566785813,560.9823433160782,-13.387972265481949,0.9950187802314758,478.1274385452271,584.4864974021912,67.56867891550064,0.9482044577598572,369.1263723373413,575.5343146324158,-9.666166219860315,0.9430481791496276,524.7397620677948,612.188352227211,-66.68620836734772,0.98296320438385,342.52099788188934,601.1267708539963,-140.67390978336334,0.9914886355400084,18.42143275548401,5.447877469947812,25.785227573105594,7.891441273827793
jess_2_frame741.jpg,jess_2,FO,frame741,P7,457.7397850751877,195.98684561252597,-575.6352661848068,0.9993986487388612,461.2831718921661,182.39185857772827,-571.2223581075668,0.9984528422355652,465.5079407095909,180.1971858739853,-571.136458158493,0.997978448867798,469.5827882289887,177.9503384232521,-571.1552748680115,0.997807800769806,450.2959949970245,185.89913165569305,-566.7847322225571,0.9989386200904846,447.0938976407051,185.9797819852829,-566.9460660219193,0.9989827275276184,444.1126739382744,185.94071698188785,-567.0356402397156,0.9992483258247375,478.1791296005249,170.0009964108467,-455.6385208964348,0.9956201314926147,442.45415914058685,180.53807985782623,-434.672197163105,0.9988273978233336,468.266286611557,200.9036905169487,-524.9923750162125,0.9986875653266908,455.39938724040985,204.7983819246292,-519.3059431314468,0.999254584312439,526.4167665243149,199.05733048915863,-298.9345228075981,0.999067723751068,425.3698673248291,233.60933005809784,-322.8792310357094,0.9998865723609924,526.3290294408798,290.7387064695358,-215.6340075135231,0.8357385993003845,458.215380191803,320.0456500649452,-285.7835634946823,0.9306451678276062,521.1408506631851,369.8392814397812,-260.3921119570732,0.6524496674537659,490.0000314712525,388.5534505844116,-336.4064967036247,0.8063440918922424,526.014601111412,390.23576605319977,-282.0628932118416,0.5748419165611267,499.59432649612427,405.6636781692505,-344.3333974480629,0.7146652936935425,520.7865620851517,391.5944639444351,-314.1258146762848,0.5745204091072083,506.5596265792847,403.2846966981888,-378.8165764212608,0.705094575881958,517.9128942489624,383.1831305027008,-272.7231804728508,0.4918467104434967,505.3846399784088,396.28332126140594,-337.736554145813,0.6631462574005127,530.7597521543503,340.41071194410324,4.984512166120112,0.9996386766433716,469.1527317762375,346.25540149211884,-5.068540186621249,0.9997756481170654,539.0196752548218,448.266198515892,-142.2825629413128,0.9875739812850952,439.45478677749634,448.05733692646027,-45.494224697351456,0.9939875602722168,505.47337913513184,555.0133731365204,14.401360627263784,0.9870723485946656,385.6188447475433,538.4362751245499,139.80986359715462,0.9926721453666688,491.7677444219589,570.7155939340591,23.379011761397123,0.9083600044250488,385.0263410806656,547.0322425365448,152.40653720498085,0.923730194568634,532.6496067047119,594.907034277916,-104.44053868949412,0.980826735496521,361.309576690197,583.0115171670914,44.42957402020693,0.988055944442749,18.877621752631985,5.419459635071395,13.33126809277966,9.267857934480531
nick_2_frame44.jpg,nick_2,FO,frame44,P7,388.7083125114441,201.0680875182152,-641.0627565383911,0.999692976474762,393.0740432739258,188.90389412641525,-635.6732406616211,0.9994150400161744,397.0531063079834,187.64441460371015,-635.6216039657593,0.999308705329895,401.025860786438,186.4310592412949,-635.6957178115845,0.999294638633728,382.3304796218872,190.6042778491974,-632.6727514266968,0.999424695968628,379.0786528587341,190.3303295373917,-632.8307456970215,0.9992517828941344,375.9748435020447,189.86729890108109,-632.9268226623535,0.9992889761924744,409.5963840484619,180.80831229686737,-503.7061548233032,0.9987317323684692,374.9450068473816,183.91358077526093,-489.0931568145752,0.9989503622055054,398.84230613708496,207.4324196577072,-582.7919368743896,0.9992824196815492,385.5065336227417,208.5743781924248,-578.7679662704468,0.999299943447113,455.3265895843506,215.6334722042084,-331.1613178253174,0.9991294145584106,358.7107334136963,227.9455590248108,-342.51470851898193,0.9996530413627625,440.24717903137207,297.72522389888763,-259.52346324920654,0.925954818725586,370.4034309387207,315.2049851417541,-297.454354763031,0.7578146457672119,421.8846092224121,354.79333341121674,-363.2302293777466,0.8582764863967896,393.7906017303467,368.4932577610016,-387.8215866088867,0.6364459991455078,416.0786819458008,375.3709602355957,-392.4125328063965,0.7934575080871582,400.487624168396,391.49965167045593,-427.0223903656006,0.5614807605743408,410.0528898239136,369.261349439621,-427.68712520599365,0.7931126952171326,404.3322916030884,391.7938756942749,-458.8497543334961,0.5551672577857971,410.7365036010742,356.4963698387146,-380.2589135169983,0.7262085676193237,404.0297145843506,382.5594609975815,-397.9429397583008,0.5280559659004211,452.5904054641724,344.7857889533043,2.786330930888653,0.9997344017028807,392.8570289611816,349.0405833721161,-2.7522955797612667,0.9998263120651244,461.2220983505249,462.2109299898148,-66.62744200229645,0.987051784992218,368.3526830673218,458.9710110425949,-70.82507312297821,0.9948102235794068,444.7482633590698,569.9957925081253,113.83571290969849,0.9904910326004028,327.09809398651123,556.1547195911407,105.94596457481384,0.9929044246673584,432.39442920684814,585.1241880655289,123.03269910812378,0.9298131465911864,334.4487295150757,567.8721481561661,116.28614282608032,0.8968377113342285,460.1126804351807,609.3291109800339,-31.218491971492767,0.9836591482162476,307.3194637298584,599.4548392295837,-33.242156863212585,0.9868529438972472,7.262253425259991,4.074283717533992,6.702126935586488,5.297459573893922
rob_1_frame86.jpg,rob_1,FO,frame86,P7,165.79217433929443,206.2004667520523,144.241304397583,0.9472821950912476,148.6541748046875,182.73574590682983,117.72461414337158,0.9502427577972412,144.81679916381836,181.8802285194397,117.50300645828248,0.94839745759964,140.37779331207275,180.90169429779053,117.16917514801024,0.957950472831726,151.88560009002686,185.15794157981875,82.14820861816406,0.9437541961669922,150.06518840789795,185.6947159767151,82.15865850448608,0.9375532269477844,147.93200969696045,186.3216930627823,81.88480854034424,0.947242558002472,117.06996202468872,188.581218123436,44.039390087127686,0.9593942761421204,125.72008609771729,193.3683979511261,-111.524920463562,0.9597429633140564,151.72285079956055,225.5087023973465,135.0234031677246,0.9697428941726683,152.0853853225708,226.6298711299896,89.12806749343872,0.9549675583839417,19.472177624702454,296.9064402580261,116.75524950027466,0.9907145500183104,159.80165004730225,334.52545166015625,-248.83526802062988,0.9877088069915771,27.85968840122223,495.4166650772095,198.01806449890137,0.2898518741130829,186.49206161499023,546.205108165741,-234.45788383483887,0.7202214002609253,110.30953645706175,615.046706199646,247.16474533081052,0.2383794039487838,231.47430896759036,737.9998755455017,-29.61122095584869,0.5606264472007751,128.10380458831787,643.6164808273315,264.7628116607666,0.2262380421161651,229.0698337554932,790.0920653343201,-20.764290690422055,0.5180792808532715,138.95180225372314,636.7835426330566,242.5738906860352,0.2300978600978851,227.9704427719116,791.4043736457825,-8.8286492228508,0.5086431503295898,136.80972576141355,630.1790642738342,235.4361391067505,0.2422375082969665,228.18732261657715,773.3082175254822,-20.72840452194214,0.4850214719772339,7.627259194850922,671.82692527771,88.40106725692749,0.9238693714141846,73.84398221969604,696.240713596344,-88.29319953918457,0.9312366247177124,-22.99209237098694,930.5828905105592,210.59317588806152,0.4075932800769806,34.62476134300232,965.1125764846802,-11.219242215156555,0.5399004817008972,-53.60447287559509,1155.5277013778689,415.6248378753662,0.2622140944004059,-42.32162117958069,1183.6602544784546,202.92314529418945,0.3420948684215545,-67.38688230514526,1192.9971742630005,430.3194522857666,0.2908151149749756,-67.89491415023804,1221.6311931610107,223.47341537475583,0.3507976233959198,-24.499327540397644,1192.397346496582,371.1783027648926,0.2423354089260101,-9.334471821784971,1217.727484703064,121.47760391235352,0.2902268469333648,15.006796814844865,20.23868874116389,69.00103522524306,69.45635839098206
rob_2_frame65.jpg,rob_2,FO,frame65,P7,1031.2968063354492,378.1027328968048,-811.0047340393066,0.9986509084701538,1036.5407180786133,362.9788398742676,-801.1332321166992,0.9980612397193908,1041.1994934082031,361.0873675346375,-801.0663414001465,0.9978702664375304,1045.8905410766602,358.6981308460236,-801.0857391357422,0.9979517459869384,1021.6790771484376,364.6932220458984,-820.8590126037598,0.998168647289276,1015.7802200317384,364.239649772644,-821.0714149475098,0.9977439641952516,1010.0238418579102,364.0521633625031,-821.198616027832,0.9980443716049194,1051.984748840332,346.4019513130188,-609.5820808410645,0.9973087906837464,994.380111694336,360.4390025138855,-677.0053482055664,0.997773289680481,1039.753074645996,383.6273860931397,-722.8566741943359,0.9972072839736938,1021.039810180664,386.9783234596253,-750.8639717102051,0.997717559337616,1096.3528060913086,373.39648604393005,-354.4014644622803,0.9972391724586488,956.2688827514648,418.361713886261,-489.2311477661133,0.9996741414070128,1085.606575012207,503.3845961093903,-207.1150302886963,0.949898600578308,1002.9145431518556,542.4188160896301,-411.1355209350586,0.9075030088424684,1093.260154724121,616.2074160575867,-349.5135498046875,0.9025208353996276,1064.465675354004,637.5241541862488,-506.3788604736328,0.8636260032653809,1100.013198852539,655.8201241493225,-387.70548820495605,0.8331374526023865,1078.7608337402344,669.7485136985779,-555.9504890441895,0.7888271808624268,1093.5285186767578,657.1187210083008,-452.6913356781006,0.8358087539672852,1086.6182327270508,666.008312702179,-597.4567222595215,0.7855663895606995,1089.9192810058594,642.3915910720825,-376.9673252105713,0.7713596820831299,1083.3891677856443,654.794340133667,-520.5183219909668,0.7520744800567627,1094.0836715698242,585.5954074859619,32.99006223678589,0.999225914478302,1012.924346923828,594.6168351173401,-33.062217235565186,0.9995812773704528,1091.3832092285156,760.7543849945068,-35.6438934803009,0.9727995991706848,984.5425415039062,763.420844078064,-133.14311027526855,0.9873057007789612,1069.28466796875,937.7281665802002,108.593852519989,0.9805727601051332,906.8877983093262,926.381778717041,-5.57989776134491,0.9887010455131532,1049.7831344604492,966.501166820526,110.580096244812,0.9134158492088318,909.6392440795898,946.7779183387756,-4.411015659570694,0.8969830274581909,1103.4617614746094,988.0048441886902,-88.96382331848145,0.9746557474136353,871.9919586181641,979.6363520622252,-225.6298828125,0.982283890247345,17.795995554443557,6.342789314239766,43.90507736280521,39.140743768058506
tom_1_frame0.jpg,tom_1,FO,frame0,P7,571.2866835594177,269.46725249290466,-704.2624214887619,0.9995384812355042,574.3945797085762,258.44091296195984,-697.9525716304779,0.9994076490402222,577.8903856873512,256.6257655620575,-697.8949885368347,0.9991146326065063,581.4790463447571,254.7663176059723,-697.96366918087,0.9994022846221924,565.9224148392677,260.29034972190857,-692.0537967681885,0.9995155334472656,563.355776488781,259.90137219429016,-692.2159141302109,0.9994861483573914,560.8085394501686,259.4566643238068,-692.339927315712,0.9995608925819396,589.7178522348404,249.1377556324005,-574.900449514389,0.9990208745002748,558.3751105070114,256.3388454914093,-550.0569920539856,0.9995792508125304,579.750544667244,273.6035990715027,-650.7227164506912,0.9986215829849244,569.9770562052727,274.867502450943,-643.5078729987144,0.9982904195785522,625.8223355412483,281.8111181259155,-420.8732405304909,0.9993027448654176,538.0500633716583,290.00104665756226,-381.2475355267525,0.9996718168258668,607.8862883448601,365.08141040802,-392.698073387146,0.2580323219299316,555.3032231926918,362.3412609100342,-311.3066404759884,0.9322357177734376,600.219859957695,431.99705600738525,-479.0647593140602,0.298471599817276,586.8464968800545,432.6731157302856,-424.2583814263344,0.8547950983047485,603.2265588641167,455.364363193512,-520.7738547921181,0.2804252505302429,588.21875166893,452.7558183670044,-458.0486762523651,0.8288365006446838,597.7040530443192,453.5842752456665,-546.5098890066147,0.2958126366138458,593.5163574814796,453.46750497817993,-488.1484923362732,0.8294174075126648,596.478627383709,444.793107509613,-491.29096162319183,0.297331154346466,593.781806230545,446.4056396484375,-436.175676047802,0.7882874011993408,635.3556357622147,383.6966824531555,-18.396703457459807,0.9998604655265808,581.4658922553062,380.91859579086304,18.4557380117476,0.9997734427452089,617.1437795162201,484.1908121109009,-132.53657953441143,0.78693687915802,534.6093183159828,479.6888542175293,-124.57212759554386,0.9828899502754213,621.3458708524704,586.7368316650391,-36.0169421620667,0.934222400188446,530.4698932170868,581.0441899299622,-9.173269470222294,0.9883400201797484,612.9758732914925,601.4094352722168,-35.844200156629086,0.8866440653800964,541.8159356117249,598.772234916687,-4.656108407769352,0.9557147026062012,637.2594476938248,614.2532324790955,-191.8538303375244,0.9256689548492432,506.0027824044228,622.9541778564453,-151.72619399428368,0.9840732216835022,5.330767394596182,2.9510599332047036,24.29729121952414,34.366229266103744
tom_2_frame134.jpg,tom_2,FO,frame134,P7,435.841054558754,258.50195080041885,-408.4763559103012,0.9996240139007568,436.4852285981178,250.74690985679624,-416.1443477869034,0.99933522939682,439.0325174331665,248.7781336903572,-416.1146539449692,0.9992634057998656,441.6403139829636,246.49938422441485,-416.1367680430412,0.9993236064910888,429.4357542395592,251.8816723227501,-412.7752167582512,0.9991354942321776,426.971868634224,251.1225510835648,-412.8843286037445,0.9988349676132202,424.4188754558563,250.14363360404968,-413.0049012303352,0.9990273714065552,444.1240736246109,231.5508199930191,-346.0194488167763,0.9986321926116944,416.8084740042687,241.2902112603188,-328.3826872110367,0.9984854459762572,441.96949887275696,255.07840770483017,-370.7510069608688,0.9986879229545592,434.0018075704575,258.6158096790314,-365.9869165420532,0.9988622665405272,482.34775817394257,230.6509729027748,-245.99970144033432,0.9992539286613464,396.31735277175903,253.2547835111618,-190.3110628128052,0.9998624324798584,474.9800387620926,314.32177793979645,-182.70221117138863,0.979449450969696,412.8763060569763,329.09733045101166,-103.33605462312698,0.8897079229354858,464.0877124071121,374.3945496082306,-269.1329234242439,0.9718599915504456,438.3292943239212,391.71313655376434,-172.68781971931458,0.8720317482948303,460.5091356039047,397.0808225870133,-301.51267755031586,0.948205590248108,441.6638606786728,410.7168762683869,-191.3806923031807,0.8110193610191345,455.70910000801086,394.5331552028656,-332.1389582157135,0.9489748477935792,448.0865865945816,406.5189687013626,-227.5619093775749,0.8146905899047852,456.4589476585388,386.0702450275421,-281.067165017128,0.907146692276001,448.4976118803024,399.06877171993256,-185.9021914899349,0.7804231643676758,491.10926485061646,365.82731533050537,-13.667731944471598,0.9997583627700806,437.5826244354248,369.6554969549179,13.864320155233145,0.9998986124992372,496.6141384840012,471.0063624382019,-80.6701069176197,0.9858832359313964,402.8610420227051,466.07483553886414,-10.852469209581614,0.9927804470062256,470.8627531528473,560.2548874616623,94.79354003071784,0.9916270971298218,349.09414196014404,561.1780440807343,134.61401093006134,0.9938289523124696,458.5269935131073,574.5419119596481,105.65452505648136,0.9488478899002076,352.71137285232544,573.331346988678,141.82276409864426,0.9388274550437928,489.915624499321,598.0177719593048,-9.873330237343907,0.983272910118103,326.47754073143005,594.3317226171494,22.9755988009274,0.9847792983055116,14.721280998320898,4.090782089049438,32.91552525794422,27.219553063839694
tom_3_frame83.jpg,tom_3,FO,frame83,P7,463.1436462402344,235.27220845222476,-552.4787657260895,0.9997661113739014,466.1730868816376,226.2563157081604,-553.1342356204987,0.9995711445808412,469.2816686630249,223.73651385307312,-553.1167423725128,0.9995182156562804,472.1781711578369,221.32742285728452,-553.1461963653564,0.9995290637016296,456.6676142215729,228.56495022773743,-552.7008562088013,0.9995034337043762,453.2400968074799,227.87237405776975,-552.8661463260651,0.9992755651474,449.7846007347107,227.15900540351868,-553.0128893852234,0.999359965324402,474.98230719566345,209.8842000961304,-431.5762898921967,0.9989444017410278,443.9787392616272,219.077821969986,-458.4139883518219,0.9991770386695862,469.5286817550659,232.2786176204681,-492.4009454250336,0.999120593070984,458.7084755897522,235.9906435012817,-500.9391257762909,0.9993610978126526,512.1456060409546,207.91760802268985,-276.7142823934555,0.9993175268173218,421.1384850740433,237.09987998008728,-346.98360574245453,0.9999259114265442,507.4225871562958,293.70853304862976,-203.7673460841179,0.9524221420288086,440.225093960762,313.9465308189392,-316.6868546009064,0.9441702365875244,496.51264905929565,353.49886178970337,-292.7590947151184,0.907002568244934,484.9352276325226,366.024854183197,-372.19672417640686,0.8754315972328186,503.4290683269501,376.27015829086304,-324.0391297340393,0.863039493560791,497.4218764305115,380.4346132278442,-405.3810994625092,0.8001555800437927,500.549901008606,371.929190158844,-361.1835126876831,0.8673725128173828,504.0438084602356,375.5154275894165,-421.78771114349365,0.7943117022514343,497.6601428985596,363.39085578918457,-309.32799315452576,0.7998397946357727,500.9633107185364,369.297947883606,-380.4620994329453,0.7486310005187988,513.6969726085663,352.9083633422852,22.24494367837906,0.9997616410255432,463.2204163074493,354.142861366272,-22.148091942071915,0.9999457597732544,532.80934715271,447.596607208252,-11.022633209824562,0.9905948638916016,431.2763491868973,451.9627857208252,-63.45871978998184,0.9978635907173156,502.7082622051239,545.036633014679,186.68621689081192,0.993932008743286,369.419065117836,547.1515488624573,79.04288536310196,0.9975098371505736,490.5351746082306,558.3148837089539,200.424686729908,0.9638591408729552,368.04197239875793,556.0144567489624,87.38171118497849,0.9429336786270142,523.7098548412323,582.2873616218567,88.8600355386734,0.9893412590026855,347.0573461055756,582.8832507133484,-36.50199347734451,0.9939922094345092,17.77892688593874,1.400995520082449,37.67280532549937,41.33092685356167
eric_1_frame99.jpg,eric_1,FO,frame99,P8,387.95342445373535,299.318793296814,-325.38309395313263,0.9993128776550292,389.0856003761292,290.793203830719,-319.2541393637657,0.998789370059967,392.2056293487549,288.96718668937683,-319.24615800380707,0.9986265897750854,394.9933841824532,287.08636808395386,-319.2578122019768,0.9986940622329712,381.38412952423096,295.3780868053436,-325.0741517543793,0.9985744953155518,379.0258142352104,296.3763155937195,-325.17287105321884,0.9982957243919371,376.5955489873886,297.3455879688263,-325.30704736709595,0.9985491037368774,399.638135433197,281.2235448360443,-223.39972496032715,0.9971681237220764,371.1030077934265,297.62928199768066,-245.9314101934433,0.9978230595588684,395.63431799411774,300.33013129234314,-283.55973184108734,0.9988693594932556,387.0236548781395,306.18476128578186,-290.7887014746666,0.9988813400268556,434.4151574373245,281.7119665145874,-80.91038323938847,0.999592661857605,373.12930792570114,328.2262544631958,-235.56341171264648,0.999896764755249,461.4075046777725,337.2657165527344,-7.789632948115468,0.9433860182762146,424.2204415798187,374.7324113845825,-245.3646630048752,0.9444749355316162,487.6197975873947,389.4299483299256,-71.23104192316532,0.9365543127059937,486.0881769657135,392.1764516830444,-274.99377846717834,0.938801109790802,501.2917494773865,401.2510514259338,-83.53330180048943,0.8941166996955872,501.181470155716,408.9360752105713,-309.88027930259705,0.9041582942008972,501.6054004430771,404.595932006836,-118.02650287747385,0.8989214301109314,504.0866380929947,405.3432397842407,-316.9081139564514,0.9060724973678588,494.5153158903122,401.4535803794861,-86.04341596364975,0.8585713505744934,498.5949444770813,403.2627754211426,-276.9327074289322,0.8838140368461609,445.3682672977448,404.4976959228516,44.4133310765028,0.9996533989906312,405.2882319688797,409.77510595321655,-44.45966828614473,0.9998400211334229,440.2483308315277,494.1407775878906,41.36882483959198,0.9598296284675598,391.10730946064,496.8653769493103,-133.16424682736397,0.9925786852836608,437.0877593755722,580.4507603645325,160.89240953326225,0.9777039289474488,342.4116197228432,569.1815299987793,-32.72990323603153,0.9915676712989808,426.00327491760254,594.784848690033,167.4155232310295,0.901340901851654,339.37083929777145,576.5153017044067,-25.327815786004063,0.8863052129745483,459.391775727272,610.2854075431824,74.81325402855873,0.9716871380805968,328.8301938772201,609.3206777572632,-119.6471780538559,0.9874559044837952,37.19750645960087,7.50108658842914,68.38258436409802,65.7255292801443
grant_frame360.jpg,grant,FO,frame360,P8,621.7630648612976,361.6980743408203,-545.2898526191711,0.999889075756073,623.0362343788147,351.4971399307251,-540.5391240119934,0.9996281862258912,627.5267672538757,349.19731736183167,-540.5987334251404,0.9995625615119934,631.0009789466858,346.5958428382873,-540.6363916397095,0.999663770198822,610.9768509864807,355.5268585681915,-560.631422996521,0.9996567368507384,606.2015318870544,355.96572160720825,-560.8180403709412,0.9996720552444458,601.5368700027466,355.9867715835572,-561.0803604125977,0.999716341495514,629.8551392555237,333.1607115268707,-381.6835784912109,0.9992291927337646,590.8516573905945,351.362407207489,-470.4149901866913,0.9996570944786072,631.8294596672058,362.3979699611664,-469.524872303009,0.9998736381530762,617.3926520347595,367.92275190353394,-495.4645586013794,0.9998422265052797,670.4805636405945,324.0636456012726,-116.02472573518752,0.9999855160713196,580.8062481880188,399.3311512470245,-433.0639636516571,0.9999913573265076,735.7607245445251,431.3776803016663,25.675262063741684,0.9719253778457642,673.0625009536743,482.50601291656494,-444.3009495735169,0.987105429172516,797.0434498786926,535.6180322170258,-95.4772049188614,0.960038125514984,777.1922278404236,548.5613536834717,-502.15423464775085,0.9768052697181702,821.2618017196655,561.1344981193542,-119.74947720766068,0.9259547591209412,801.4714121818542,572.3467969894409,-568.3228397369385,0.9496273398399352,818.8766527175903,565.3002691268921,-188.3230984210968,0.933917760848999,807.8192353248596,572.4296450614929,-582.828848361969,0.9510275721549988,808.1259083747864,556.318109035492,-125.57017385959624,0.9090631008148192,797.3075079917908,562.4535655975342,-507.9283654689789,0.923077404499054,698.5392165184021,558.6169981956482,97.45684415102004,0.9999300241470336,635.5744242668152,570.8887481689453,-97.45192766189577,0.9999266862869264,695.0414443016052,711.2394332885742,10.822110883891582,0.896379292011261,613.8391971588135,725.6450843811035,-264.59281146526337,0.9746712446212769,675.6378078460693,874.8570370674133,263.7639766931534,0.9190144538879396,507.0199978351593,867.3668503761292,-68.70109587907791,0.9776625037193298,654.5895051956177,896.8865132331848,280.8042061328888,0.8197541832923889,488.28094840049744,883.0224323272705,-56.14441886544228,0.8596707582473755,706.49977684021,922.1280097961426,111.48495554924013,0.9186924695968628,490.8100032806397,920.5240273475648,-245.76130628585813,0.9715241193771362,40.0081804578979,11.028612029382966,74.20648332475301,72.09707878233104
jess_1_frame53.jpg,jess_1,FO,frame53,P8,442.445054769516,132.24371621012688,-359.269873380661,0.9997907280921936,443.37978410720825,121.0306642651558,-339.43808019161224,0.9995932579040528,446.9985268115997,118.45320329070093,-339.47324204444885,0.9994990825653076,450.6388070583344,115.99348956346512,-339.5071939229965,0.999540388584137,433.5366916656494,129.8546859920025,-349.97390711307526,0.9996520280838012,430.58735513687134,132.8315630853176,-350.04198026657104,0.9996006488800048,427.7410600185394,135.323717802763,-350.16452646255493,0.99963641166687,457.07253074646,118.25247660279274,-197.46476691961288,0.998945653438568,424.3737015724182,139.78457629680634,-238.8037925958633,0.9994991421699524,453.2914578914642,136.25788801908493,-300.77054464817047,0.999306857585907,442.52079916000366,146.4940080344677,-313.0482747554779,0.9993351101875304,507.3922154903412,142.68711936473846,-47.468371257185936,0.9977385401725768,419.6318123340607,196.27845627069476,-249.7283842563629,0.9997848272323608,558.6922698020935,207.27397674322128,-82.38953903317451,0.9380436539649964,496.2925889492035,254.6318864822388,-300.7409728765488,0.8458306789398193,607.6616232395172,279.97420477867126,-301.5625938177109,0.914917528629303,586.5717713832855,279.78439861536026,-344.5646928548813,0.8151304721832275,626.0986306667328,286.528256893158,-350.1006398200989,0.8614954948425293,611.0397262573242,288.5464236140251,-392.8118852376938,0.7416347861289978,628.546989440918,282.7732924222946,-391.7015644311905,0.8624090552330017,613.0020141601562,288.1265832185745,-397.9555343389511,0.7429537177085876,620.6378231048584,279.84812235832214,-326.3657841682434,0.8095000982284546,604.4171013832092,285.6330013871193,-345.6050771474838,0.7214378118515015,530.3568015098572,320.43840926885605,55.79590737819672,0.99961119890213,472.61934518814087,325.5342197418213,-55.82483181357384,0.9998745918273926,534.0632915496826,446.2200808525085,0.5214276434853673,0.9713075757026672,450.2595043182373,448.5374244451523,-111.07405465841292,0.992132008075714,494.0334701538086,568.2880088090897,228.36694157123569,0.9842647314071656,367.3166621923447,550.2644689083099,86.26413080096245,0.994097888469696,478.3486702442169,584.6758278608322,246.09086275100708,0.9491645693778992,365.6484706401825,553.152782201767,105.30169081687929,0.9500132203102112,526.8295812606812,611.8518842458725,151.80491095781326,0.97913920879364,351.2260853052139,601.556352853775,8.085901986807585,0.9897048473358154,31.41053816891521,5.0437597439203365,66.5440297022128,62.64907487776233
jess_2_frame769.jpg,jess_2,FO,frame769,P8,477.7520793676376,175.52656024694443,-472.9696846008301,0.9998780488967896,476.2189072370529,162.35390004515648,-454.3822828531265,0.9997947216033936,478.2758853435517,160.05627012252808,-454.4217255711556,0.99970805644989,480.2116125822067,157.60805091261864,-454.48232316970825,0.9997146129608154,467.8388466835022,167.8022180199623,-467.0236600637436,0.9998364448547364,463.94904869794846,169.7207527756691,-467.1353912353516,0.9998325109481812,460.0543795228005,171.42849504947662,-467.1810969114304,0.999857783317566,479.1962339878082,154.51933434605598,-295.2961060404777,0.9994021654129028,450.2964681982994,174.22662246227264,-347.3366389274597,0.9998528361320496,483.2668226957321,181.5515138506889,-407.712389588356,0.9998353123664856,474.0058840513229,187.5191707611084,-422.3350883722305,0.9998191595077516,513.511510014534,176.9311727285385,-134.4222722351551,0.9998863339424132,446.954581618309,231.6422181129456,-318.6422703266144,0.9999331831932068,574.4172461032867,236.9005667567253,-229.0667442679405,0.8070189356803894,515.3837169408798,286.83588498830795,-334.6515323519707,0.9878537654876708,573.5346422195435,264.8088937997818,-497.5557754039765,0.6864003539085388,575.0976538658142,265.16393411159515,-306.8904001712799,0.9568485617637634,570.8147369623184,269.6032794713974,-546.7065794467926,0.6059151887893677,595.4860039949417,260.34170293807983,-334.5125503540039,0.9158059358596802,562.7265024185181,264.11686193943024,-554.9334341287613,0.613509476184845,580.9891210794449,251.7530932426453,-338.0891447663307,0.9129550457000732,561.7568295001984,264.20056104660034,-508.1267578601837,0.5909067988395691,576.0671597719193,253.3437421321869,-306.0066828727722,0.8783677220344543,535.9582300186157,348.8784477710724,45.76499672979117,0.9999457001686096,483.306738615036,356.91783034801483,-45.80550763010979,0.9998931884765624,537.1076080799103,459.9149272441864,-65.52886383235455,0.9796388745307922,461.0173719525337,459.5703747272492,-73.15262348949909,0.9911298155784608,504.95269072055817,556.5559732913971,174.13048401474953,0.978163719177246,393.7488323450089,535.6008713245392,208.05710870027545,0.9855053424835204,490.2089637517929,572.7372586727142,194.4542560875416,0.9300286173820496,385.0223606228829,536.1821715831757,239.21410024166107,0.8868929147720337,536.5087022781372,592.3632968664169,103.28457756340504,0.9759148955345154,369.7035827636719,586.4554569721222,147.34954652190208,0.9808833003044128,39.42084698169368,8.681467958015556,70.135695482305,60.10182636816745
nick_1_frame43.jpg,nick_1,FO,frame43,P8,392.8622364997864,155.2948461174965,-446.0628271102905,0.9994616508483888,395.6425219774246,144.04582041502,-447.1478462219238,0.9990246295928956,399.26684349775314,141.65057170391083,-447.2075283527374,0.9987908601760864,403.0302628874779,138.58079665899277,-447.3027765750885,0.99887615442276,387.31954991817474,145.9233068227768,-444.5966631174088,0.9991454482078552,384.6943974494934,145.37305176258087,-444.6288347244263,0.9990452527999878,382.0551857352257,144.8390846848488,-444.8097050189972,0.9991852045059204,411.58243864774704,128.10496127605438,-340.1744917035103,0.997894823551178,383.4087491035461,139.73237574100494,-328.793241083622,0.9989082217216492,403.0891090631485,157.81492775678635,-395.61655670404434,0.999212384223938,393.8193544745445,160.8123117685318,-386.2159118056297,0.9990482926368712,462.4634563922882,140.7882551252842,-194.2766971886158,0.9994633197784424,379.7930657863617,181.53836381435397,-218.67715120315552,0.9998018145561218,492.5831735134125,206.09221655130384,-250.47749280929563,0.9004045128822327,449.9884724617005,238.8357625603676,-238.46621066331863,0.783646285533905,501.87874138355255,256.11431646347046,-498.8005518913269,0.7328100800514221,526.9578009843826,266.2831348180771,-310.11123955249786,0.5690525770187378,502.7920097112656,287.8847647309303,-549.2102682590485,0.6384559273719788,541.0988181829453,276.212958753109,-349.33929592370987,0.4849427938461303,497.62160181999207,270.5763807296753,-565.7468795776367,0.6370665431022644,544.1621631383896,258.9321374297142,-358.6032494902611,0.4782010316848755,495.9127575159073,255.95867574214932,-512.3254954814911,0.5718021392822266,536.2795621156693,252.12904447317123,-314.6826982498169,0.4368818700313568,479.4179439544678,297.75902646780014,-5.6869917549192905,0.999717116355896,422.7545738220215,301.9503216743469,5.647364631295204,0.9998108148574828,487.960696220398,410.9993419647217,-26.834305748343468,0.9874300360679626,403.5440713167191,407.2132909297943,-29.075298830866814,0.995829939842224,490.7530397176743,521.2877050638199,110.96040457487106,0.9908029437065125,360.163851082325,508.2267817258835,86.3156870007515,0.9959818720817566,478.8842499256134,534.1613270044327,114.48110565543176,0.9149324893951416,365.06566405296326,521.7469304800034,90.17196707427502,0.9336879253387452,505.23953437805176,558.8558222055435,-24.36883971095085,0.984028160572052,330.99902272224426,544.945843577385,-48.37239552289248,0.9921316504478456,26.23973225202942,4.230369473044814,16.444148974321436,11.311568172594441
nick_2_frame46.jpg,nick_2,FO,frame46,P8,387.367066860199,200.78011482954025,-327.22573709487915,0.999735414981842,391.85637521743774,188.91524523496628,-320.41350173950195,0.9994959831237792,395.7610206604004,187.41445183753967,-320.48541927337646,0.9994003176689148,399.70952224731445,185.63607037067413,-320.5776176452637,0.9993902444839478,381.391743183136,191.11080050468445,-313.8197994232178,0.9995034337043762,378.2070908546448,191.1234059929848,-313.7979063987732,0.9993584156036376,375.1366467475891,191.05525821447367,-313.8118085861206,0.9993879199028016,409.0515584945679,178.70632141828537,-202.5275092124939,0.9988972544670104,374.4662809371948,186.58993363380432,-175.48434352874756,0.9991055727005004,397.34661769866943,207.26830154657364,-277.9992365837097,0.999393880367279,384.5686383247376,208.6329022049904,-268.1264638900757,0.9993908405303956,448.41881465911865,189.80067282915115,-52.80995285511017,0.9992902874946594,369.5148825645447,230.8763864636421,-124.40451788902284,0.9997076392173768,481.20652770996094,258.57446908950806,-5.676480680704117,0.920413613319397,445.78814697265625,290.9004110097885,-139.4852602481842,0.7877076864242554,520.0069484710693,309.6011567115784,-105.7240436077118,0.8573125004768372,504.7491226196289,335.55197060108185,-241.23939990997317,0.6773105263710022,540.2654027938843,321.38551980257034,-132.1083390712738,0.7929795980453491,531.2632341384888,339.7012120485306,-279.7897448539734,0.6031591296195984,542.3883485794067,317.34255105257034,-165.213454246521,0.7942619919776917,536.0310068130493,342.76342034339905,-299.79380083084106,0.5976802110671997,533.9399309158325,312.97763854265213,-120.632141828537,0.7326237559318542,521.9984893798828,353.4313237667084,-250.63783931732175,0.5627233386039734,456.2993688583374,347.2181957960129,15.840863436460497,0.9997664093971252,400.0351371765137,354.0147542953491,-15.826822519302368,0.9998251795768738,458.7789115905762,458.76924097538,-59.90037798881531,0.986666202545166,372.41852378845215,460.45039772987366,-109.47058963775636,0.9945083856582642,445.0619621276856,570.2166867256165,81.04056394100189,0.989677906036377,329.2240071296692,561.4237725734711,-4.851388052105904,0.9931485056877136,432.0341873168945,585.977413058281,87.99884819984436,0.9299075603485109,334.7199506759644,572.326101064682,-0.96746227145195,0.9009605050086976,461.564208984375,608.7703156471252,-32.32957172393799,0.9827218651771544,310.51610231399536,600.2158981561661,-135.2683880329132,0.9877188801765442,27.50052928670871,6.887793792960606,42.219460204736954,29.372492300118104
rob_1_frame694.jpg,rob_1,FO,frame694,P8,894.8356246948242,459.12235379219055,-277.1220016479492,0.9997963309288024,896.9958686828613,446.5326654911041,-260.3170680999756,0.9996106624603271,900.3860664367676,444.46481108665466,-260.35752296447754,0.999536395072937,903.6697196960448,442.3221230506897,-260.45079231262207,0.9995883107185364,886.3607597351074,450.49311876297,-268.33765983581543,0.9995957016944884,882.4244499206543,451.2411653995514,-268.35662841796875,0.999487578868866,878.4982681274414,451.8779754638672,-268.3806037902832,0.9995648860931396,906.9042778015136,438.8978326320648,-117.37722158432008,0.9992316365242004,870.9578704833984,453.8973569869995,-149.9843788146973,0.9993881583213806,902.62939453125,465.4206418991089,-216.29984378814697,0.999549686908722,888.8588333129883,469.0549170970917,-225.90014934539795,0.9995577335357666,942.2412300109864,463.3883857727051,49.99042510986328,0.9997339248657228,861.6010093688965,501.45742893218994,-131.18568420410156,0.999932587146759,978.8446426391602,539.2887103557587,131.68586254119873,0.9637570977211,910.1362037658693,562.0341753959656,-159.1601800918579,0.9728142023086548,1031.5167617797852,597.4811124801636,35.787938833236694,0.9545233249664308,998.620491027832,585.1016020774841,-213.3604001998901,0.9630457758903505,1054.4561004638672,606.6735148429871,11.307802498340608,0.9165259599685668,1022.9286575317384,596.422369480133,-255.02617835998532,0.935687243938446,1055.7500839233398,605.8257222175598,-33.1702995300293,0.9234647154808044,1028.8959503173828,595.3470826148987,-270.0819396972656,0.9371747970581056,1048.0842590332031,604.3989586830139,14.125362038612366,0.9038630723953248,1017.582893371582,592.3176884651184,-219.2929172515869,0.917646050453186,947.8653717041016,636.5489673614502,39.33017134666443,0.9997969269752502,889.8952102661133,640.105254650116,-39.16503310203552,0.9998763203620912,943.5869979858398,760.2185440063477,-91.29011392593384,0.9770660400390624,871.7418479919434,765.4352688789368,-162.420916557312,0.9900851249694824,930.3124237060548,890.8733010292053,-26.72773003578186,0.9821807146072388,822.6291847229004,892.9324650764465,-101.786470413208,0.9929913282394408,914.4199562072754,913.5683941841124,-29.78440225124359,0.9323257803916932,825.816478729248,912.254991531372,-104.1560411453247,0.9184720516204834,949.5284843444824,932.4684405326844,-178.887677192688,0.9776239991188048,796.5420913696289,935.4434394836426,-268.11635971069336,0.989017367362976,25.2712958713792,3.510516617702003,66.00648770959252,53.55344597346009
rob_2_frame68.jpg,rob_2,FO,frame68,P8,1032.5952529907229,342.21986174583435,-557.3296165466309,0.9989674091339112,1029.4127655029297,326.21524930000305,-527.1802711486816,0.9984558820724488,1032.3863983154297,323.1266963481903,-527.2346878051758,0.9982964992523192,1035.7273864746094,319.8064649105072,-527.2857284545898,0.9983752369880676,1020.1643371582032,333.87109994888306,-552.4445343017578,0.9985629320144652,1016.4273834228516,336.0787081718445,-552.539176940918,0.998267948627472,1012.8315353393556,338.1568300724029,-552.6858329772949,0.9984885454177856,1038.7219619750977,316.4111423492432,-285.8606243133545,0.9976365566253662,997.5021743774414,343.6058449745178,-393.1959915161133,0.9983150362968444,1041.101417541504,348.5501432418823,-456.3548183441162,0.9978796243667604,1023.9340209960938,355.9941101074219,-487.3230743408203,0.9982580542564392,1085.4582595825195,349.8881685733795,6.5609340369701385,0.9979785680770874,981.1736297607422,416.68933510780334,-390.9056568145752,0.999757707118988,1122.557144165039,428.8479495048523,70.20999670028687,0.9044689536094666,1077.795295715332,493.174649477005,-423.52675437927246,0.9319608211517334,1183.3861541748047,471.4178252220154,-199.5888519287109,0.890078067779541,1197.6530456542969,525.6244432926178,-479.8622989654541,0.8979951739311218,1181.916961669922,467.2315192222595,-251.1871433258057,0.8252760171890259,1230.0450897216797,545.9732365608215,-542.8949546813965,0.8390917181968689,1199.9284744262695,467.2615814208984,-308.6316776275635,0.8325623869895935,1237.4798583984375,540.8542943000793,-562.3386383056641,0.8367502689361572,1190.1066970825195,468.1692087650299,-231.2781000137329,0.7776631712913513,1227.835922241211,535.0886929035187,-485.1006889343262,0.8070876598358154,1094.505615234375,592.34858751297,114.79586362838744,0.9993815422058104,1026.0857391357422,603.1260466575623,-114.88238096237184,0.999626398086548,1088.686294555664,761.3374757766724,80.6960678100586,0.9618613719940186,998.6802291870116,771.1051797866821,-192.04678058624268,0.9891198873519896,1067.6372909545898,933.5526752471924,312.0348072052002,0.9800764918327332,891.8647956848145,914.033682346344,-32.507193088531494,0.9905953407287598,1047.959861755371,966.452178955078,324.17627334594727,0.925302803516388,874.3400001525879,924.4214916229248,-9.705997109413149,0.9117745757102966,1108.7789154052734,984.6647214889526,156.2013816833496,0.976114809513092,884.3198204040527,979.924292564392,-187.80113697052,0.9854863286018372,32.64223483339782,8.951644358736889,75.29848653782841,73.41149750304476
tom_1_frame55.jpg,tom_1,FO,frame55,P8,567.9193142652512,248.53033542633057,-264.84354454278946,0.99919992685318,565.341617166996,238.23728561401367,-249.5227359831333,0.9984678030014038,567.1621586680412,236.05626344680783,-249.60156351327896,0.9982349276542664,568.6395297646523,233.89939785003665,-249.65951523184776,0.9982975125312804,558.1599887609482,244.31580424308777,-257.4389950633049,0.998643696308136,555.638671875,246.3496577739716,-257.45358484983444,0.9983046054840088,553.4004977345467,248.2394230365753,-257.5342361032963,0.9984831213951112,572.3805683255196,233.03776621818545,-136.2745526880026,0.9967936873435974,553.4547049999237,248.5819113254547,-167.47775048017502,0.9973785877227784,577.9712503552437,250.467826128006,-218.7267038226128,0.9978925585746764,570.6655311584473,257.4780344963074,-228.01158964633944,0.998180091381073,617.2543281912804,251.775381565094,-5.289054684340954,0.996467649936676,553.3546718358994,292.41204261779785,-167.79288598895073,0.999738872051239,664.7459070682526,293.6291527748108,39.42580358684063,0.966897428035736,613.341238796711,350.7162356376648,-250.75417605042455,0.8802058696746826,717.037642121315,323.26975107192993,-44.81834486871958,0.9619017243385316,650.9582483768463,326.216893196106,-361.563701748848,0.8842981457710266,732.0141355991364,324.4260036945343,-63.626485884189606,0.9342756867408752,672.1828955411911,328.4251320362091,-403.9650748372078,0.8403175473213196,733.8987014293671,325.1858615875244,-96.9351140409708,0.9347397089004515,662.0869184732437,317.87829637527466,-410.3451962471008,0.8417313694953918,727.1882532835007,326.58698320388794,-61.28134746104479,0.8976055383682251,656.1256713867188,318.6923444271088,-367.05675637722015,0.8145174384117126,635.5338562130928,388.1502056121826,39.76923833414912,0.9992641806602478,594.7279694080353,391.8279218673706,-39.71602538600564,0.9997985363006592,629.4260904192924,487.7570676803589,24.457844261080027,0.9825836420059204,576.944998562336,487.5032615661621,-129.20367667078972,0.9945821166038512,614.5669748783112,582.2988724708557,136.02600248157978,0.9879742860794068,532.0772531032562,578.414204120636,-55.30482184141874,0.996184468269348,604.835936486721,596.7532157897949,140.006773352623,0.9356579780578612,531.0556576251984,588.7353014945984,-54.14842119812965,0.9419974088668824,631.396099627018,610.826404094696,34.83132556825876,0.9835147261619568,507.3878032565117,615.7309579849243,-176.6942078769207,0.9931849837303162,32.45411282428789,5.149988277051619,68.53428599100384,62.82508984185179
tom_2_frame140.jpg,tom_2,FO,frame140,P8,433.4336914420128,240.08103203773496,-528.0431426763535,0.999665915966034,432.4372807145119,232.004538834095,-531.2544014453888,0.9991744756698608,435.12582367658615,229.1332061290741,-531.2688837051392,0.9990457892417908,437.7695393562317,226.25554448366165,-531.3378046751022,0.9992278218269348,424.7323538661003,236.8234685063362,-539.2284482717514,0.9991187453269958,422.2013445496559,237.3186977505684,-539.3737397193909,0.998978853225708,419.68807339668274,237.7110920548439,-539.5085080862045,0.9991597533226012,436.2303043603897,217.7974947690964,-432.4774455428124,0.9984753727912904,413.9575265645981,233.95561051368716,-464.364333987236,0.9987720847129822,440.52976429462433,236.5691940188408,-478.403217792511,0.9991784691810608,431.5006744265556,243.47954893112183,-487.9755747318268,0.9992268085479736,467.266516327858,205.4588738679886,-258.07733303308487,0.9995986223220824,408.42053669691086,259.840025305748,-386.78810399770737,0.9999199509620668,515.3860644102097,263.6507920026779,-177.94752380251884,0.9648985266685486,481.1512526273728,307.6266276836395,-374.58474242687225,0.933776319026947,549.4491728544235,308.8771725296974,-268.69225639104843,0.951746940612793,558.118003487587,317.1849616169929,-438.4295761585236,0.920083463191986,562.6951789855957,315.2810260653496,-295.7368866801262,0.9232072234153748,578.0846637487411,324.0567017197609,-486.28505742549896,0.8753535747528076,563.1427224874496,315.60547733306885,-325.9197132587433,0.9287585616111756,578.9392733573914,319.1294561624527,-496.4108659029007,0.8780364990234375,556.6928032636642,313.92464727163315,-279.3608370423317,0.890990674495697,573.273375749588,317.2793579697609,-442.59650778770447,0.8436972498893738,494.8792366981506,354.0302531719208,31.095401041209698,0.9998365044593812,448.9211919307709,361.5163555145264,-31.08485516905785,0.9999047517776488,484.8726724386215,462.6323056221008,-13.106759268790483,0.979653775691986,434.6825779676437,454.9280823469162,-121.728420317173,0.9909742474555968,471.4913249015808,561.2052626609802,228.46165883541107,0.9814983010292052,367.3701807260513,545.5312074422836,89.21524576842785,0.9910322427749634,459.183696269989,576.0960184335709,247.8120155930519,0.9042256474494934,358.9205375313759,552.4575088024139,106.4192782342434,0.9172540307044984,486.21316707134247,596.066514134407,135.4922323524952,0.9756094813346864,354.94690239429474,588.9356184005737,-3.419973593205213,0.985152781009674,42.74185443281777,9.251651040769442,65.43033596900531,53.531525412295835
tom_3_frame86.jpg,tom_3,FO,frame86,P8,460.6987540721893,222.98697113990784,-581.8565680980682,0.9997722506523132,462.1543292999268,213.6081624031067,-582.4921736717224,0.9994510412216188,465.4111294746399,211.0419523715973,-582.4639315605164,0.9993552565574646,468.5054848194122,208.57662439346316,-582.5067162513733,0.99943608045578,452.66029047966,217.7282154560089,-592.5370917320251,0.999460995197296,449.4125530719757,217.94734716415405,-592.7269356250763,0.9993107914924622,446.3302638530731,218.20236921310425,-592.8918042182922,0.9994070529937744,468.8325347900391,200.3983688354492,-467.94111680984497,0.9986857175827026,438.2532835006714,214.01888489723208,-507.9202489852905,0.99926096200943,467.7302494049072,220.9191119670868,-525.9637439250946,0.9992915391921996,456.724098443985,226.33776307106015,-538.568156003952,0.9994762539863586,500.7417998313904,188.84044289588928,-274.759174823761,0.99949711561203,423.6902862787247,239.1732716560364,-420.9444522857666,0.999944031238556,531.0076479911804,263.123072385788,-180.8142815232277,0.9383292198181152,492.6264081001282,297.3915386199951,-424.9215053319931,0.957765519618988,546.1067974567413,327.5938379764557,-211.13835269212723,0.8856860399246216,561.7387006282806,329.31167006492615,-486.4581940174103,0.905386447906494,555.8570175170898,340.5558037757873,-228.5313965082169,0.838965654373169,576.8667771816254,340.3207230567932,-534.5448143482208,0.8457598090171814,553.7213659286499,339.039431810379,-269.92550587654114,0.8456039428710938,581.3365654945374,337.7211558818817,-549.0017719268799,0.8414741158485413,555.6202263832092,339.78933930397034,-227.83058643341064,0.7814763188362122,574.5040822029114,333.4602975845337,-492.3141641616821,0.8012253046035767,522.6924538612366,335.27939677238464,23.427491523325443,0.999808669090271,473.5124001502991,345.1590085029602,-23.317506678402424,0.9999458193778992,526.0418312549591,447.2931098937988,-27.067481756210327,0.9905903339385986,446.8842518329621,445.3462767601013,-117.6769079566002,0.9971623420715332,505.2063717842102,545.2226710319519,223.1975629329681,0.9923214316368104,380.23297476768494,535.2595853805542,53.965484499931335,0.9971542954444884,493.4137623310089,558.5277128219604,241.27680838108063,0.9477661848068236,371.3211660385132,543.0713987350464,65.07583093643188,0.941356360912323,519.8225600719452,581.4834666252136,106.83882653713226,0.9880040287971495,367.854315161705,579.2831516265869,-77.16222289204597,0.9941510558128356,33.15401849220705,11.358766495084136,62.20712777092242,43.54586008623215
eric_1_frame105.jpg,eric_1,FO,frame105,P9,401.081890463829,275.15087056159973,-120.79433962702753,0.998867690563202,395.52187263965607,271.3517518043518,-110.69126814603806,0.9979196786880492,396.4487934112549,270.5477964878082,-110.73759064078332,0.9973196387290956,395.194895863533,269.5989761352539,-110.8005703985691,0.9981614351272584,393.49625527858734,273.76714396476746,-137.8679047524929,0.9983583092689514,392.50668436288834,274.72560954093933,-137.87234276533127,0.9981386065483092,391.2843590974808,275.4313702583313,-137.91368573904035,0.9984216690063475,389.7001886367798,273.0605742931366,-43.92333973199129,0.9941125512123108,386.48506611585617,280.0354607105255,-166.92824825644493,0.9977397322654724,404.8542249202728,279.1730117797852,-92.17270605266094,0.9974848628044128,403.43754529953,282.1976709365845,-127.91939854621889,0.9971133470535278,413.6135202646256,294.5881118774414,51.7827632278204,0.9996443390846252,396.159251332283,316.72607803344727,-201.50092154741287,0.9996707439422609,461.8556380271912,312.5224614143372,105.88274598121644,0.8194771409034729,453.9392590522766,325.22333335876465,-236.49336963891983,0.9682315587997437,506.11390352249146,300.51293420791626,54.05605584383011,0.9005017280578613,503.3521646261215,300.9258327484131,-243.61036479473117,0.964430809020996,517.5776320695877,290.9535219669342,49.27194569259882,0.8618912696838379,518.5785746574402,298.49328660964966,-278.4450927376747,0.9421446919441224,518.4449869394302,290.03282833099365,18.53159360587597,0.872484028339386,511.4184707403183,285.2626326084137,-269.8929360508919,0.942868709564209,514.9047946929932,295.05740904808044,38.64581260830164,0.8422823548316956,510.2522975206375,297.35558581352234,-241.2061390280724,0.9223515391349792,439.2344862222672,408.6311202049256,77.1081481128931,0.9996062517166138,413.21544110774994,414.7071962356568,-77.18212872743607,0.9991944432258606,438.48687529563904,489.6696667671204,30.197937451303005,0.8865220546722412,408.69460105896,498.1280093193054,-135.8397564291954,0.9900109171867372,436.8728512525559,579.8778133392334,70.42925074696541,0.9616456031799316,342.15235501527786,566.0474753379822,-76.39987893402576,0.9915485978126526,426.2593847513199,595.4057106971741,70.66633127629757,0.9021645784378052,332.7726796269417,567.6556348800659,-73.50591197609901,0.9061455130577089,463.9890390634537,605.7267637252808,-4.08817058429122,0.9627447128295898,332.01226085424423,608.9851069450378,-144.2199842631817,0.988387167453766,51.74664244699497,13.144391681081949,86.05786926087914,80.427873908856
grant_frame395.jpg,grant,FO,frame395,P9,644.8186469078064,326.45198106765747,-285.97522616386414,0.9995954632759094,636.5352559089661,314.83747959136963,-263.2757234573364,0.999091625213623,636.5268874168396,312.3434114456177,-263.3354777097702,0.9986891746520996,636.6343259811401,309.5246458053589,-263.3749383687973,0.9991853833198548,632.5692987442017,321.14941477775574,-302.5214731693268,0.9994230270385742,629.8539805412292,323.1231880187988,-302.54673957824707,0.999359369277954,627.5043654441833,324.8122715950012,-302.61632680892944,0.9994232654571532,628.0572009086609,311.1048424243927,-101.41012787818909,0.9979420900344848,619.1343283653259,332.13364005088806,-274.87213611602783,0.9994219541549684,646.461832523346,331.6833829879761,-217.45381951332087,0.9991537928581238,640.5316615104675,339.4512104988098,-268.236420750618,0.9989946484565736,659.6637082099915,341.52331352233887,79.24645006656647,0.9999485611915588,623.4016799926758,392.69381046295166,-336.04159712791443,0.9998552203178406,740.496518611908,322.9366672039032,26.83014415204525,0.9143404960632324,717.2938442230225,382.29116320610046,-529.3284344673157,0.9980477094650269,814.8533391952515,302.97539949417114,-220.5222719907761,0.9820531606674194,792.1528387069702,329.4669234752655,-558.816876411438,0.996392011642456,839.8649597167969,291.04044914245605,-262.635372877121,0.9683087468147278,821.755735874176,314.33472633361816,-621.7047429084778,0.9903416037559508,845.5514788627625,289.18640971183777,-303.7594950199127,0.97184020280838,815.1230621337891,305.4944443702698,-609.1599225997925,0.9898871779441832,830.6789946556091,296.93061232566833,-248.8893359899521,0.9680182933807372,805.0094175338745,313.3062708377838,-554.8643732070923,0.9790886640548706,692.4823594093323,558.7676310539246,123.18246603012084,0.9998674988746644,649.2336058616638,563.435640335083,-123.21923106908798,0.999485194683075,694.4405221939087,708.2310247421265,-20.25691084563732,0.9039635062217712,629.1882991790771,716.9895529747009,-267.8877925872803,0.9926541447639464,663.6830949783325,869.1301560401917,139.1091227531433,0.9497563242912292,503.0720973014832,844.3580031394958,-159.485821723938,0.9952557682991028,645.8309769630432,891.8251204490662,146.56850695610046,0.9303117990493774,484.2418956756592,848.0631852149963,-152.53004372119904,0.964207649230957,717.7962112426758,912.5152516365052,25.84371216595173,0.9634023904800416,494.8631536960602,928.5038995742798,-283.966144323349,0.9939176440238952,54.67666515901051,6.160312288574765,85.00971696682917,80.04477464845824
jess_1_frame56.jpg,jess_1,FO,frame56,P9,481.5792047977448,109.72541868686676,-236.48366689682007,0.9998177886009216,471.52596402168274,101.35824924707411,-208.78440308570865,0.9996526837348938,471.4811465740204,100.60673928260805,-208.79466366767883,0.9995722770690918,471.3377888202667,99.71543419361116,-208.82970452308652,0.9996174573898317,467.452125787735,103.74719673395155,-241.32598400115967,0.999705135822296,464.5930049419403,104.99531134963036,-241.3215312957764,0.9996686577796936,461.5681660175324,106.3664059638977,-241.3590162992477,0.9996946454048156,466.1476283073425,106.1094633936882,-61.57549476623535,0.9990765452384948,453.189626455307,116.31707215309144,-204.6679253578186,0.9995973706245422,484.7366569042206,117.94197589159012,-179.17801409959793,0.999447762966156,480.44686245918274,121.8726408481598,-220.94556427001956,0.999459981918335,501.05020785331726,147.55410555005074,87.82801651954651,0.9982874989509584,459.5616898536682,177.79550975561142,-299.468346118927,0.999806582927704,559.2203509807587,163.10345375537872,51.723333567380905,0.8744204640388489,543.4510464668274,180.03068053722382,-433.7846879959106,0.8866720199584961,613.9755110740662,120.48446223139764,-153.27401334047318,0.912714958190918,605.0504987239838,134.41442900896072,-437.6260175704956,0.8636503219604492,632.5886907577515,107.034677952528,-183.43130362033844,0.8708977699279785,625.1268277168274,123.2825571000576,-484.219562292099,0.8081726431846619,631.7031831741333,103.87505787611008,-214.6285063028336,0.8735363483428955,624.2043917179108,112.73261678218842,-471.749228477478,0.8088887929916382,624.7322309017181,110.30697798728944,-176.3646181821823,0.8360921740531921,616.8035113811493,118.59223315119743,-432.6943075656891,0.7899743914604187,526.242308139801,323.126223385334,112.15740513801576,0.9996941685676576,485.2147419452667,327.999445438385,-112.20260977745056,0.99984872341156,534.6456279754639,449.54686975479126,33.340309143066406,0.9598180055618286,485.806709766388,452.91655480861664,-198.18969881534576,0.9934485554695128,493.98032808303833,567.8437420129776,167.8988031744957,0.9791088104248048,379.9369844198227,534.5933920145035,-34.21122443675995,0.9926679730415344,476.0229060649872,583.6669203042984,176.3789079785347,0.9472785592079164,365.2486951351166,529.202623963356,-17.775644555687904,0.9428832530975342,536.3513045310974,611.0039716959,99.47248843312263,0.9745323657989502,366.5848455429077,600.4797297716141,-77.6153495311737,0.987689197063446,36.08868936249502,6.773810507502345,83.8855964273392,79.63711218915826
jess_2_frame791.jpg,jess_2,FO,frame791,P9,490.470115184784,155.40368309617045,-440.1908096075058,0.9999077916145324,485.445942401886,144.86372363567352,-407.4290812015533,0.9998430609703064,486.3770911693573,143.0983086526394,-407.4263255000114,0.9997568130493164,487.2561877965927,141.12086135149002,-407.5058233141899,0.999797224998474,479.88978004455566,149.27275398373604,-432.7732682824135,0.99989515542984,476.7029643058777,151.02202060818672,-432.8610888719559,0.9998846054077148,473.3897759914398,152.91150051355362,-432.9074625968933,0.9998916983604432,482.6036728620529,144.44353094697,-225.7356438934803,0.9993183612823486,464.0516220331192,161.27973440289497,-335.73271375894547,0.9998792409896852,494.210576415062,162.2314306497574,-369.3948050141335,0.999699592590332,487.4780913591385,168.20077455043793,-401.79951697587967,0.999682605266571,506.1786717176437,184.866754591465,-10.084451518952848,0.9994285702705384,467.8096195459366,217.98843032121655,-365.7453654408455,0.9996983408927916,554.0162587165833,226.4139913916588,78.46965219080448,0.3682710230350494,554.4583957195282,238.8804835677147,-440.6065586805344,0.9968627095222472,610.7172396183014,231.5520555973053,-21.665374234318733,0.555078387260437,634.7722315788269,230.48396718502045,-445.7010436058045,0.9893113970756532,627.9184956550598,229.3718950748444,-33.73141872137785,0.5654528737068176,655.5395324230194,231.45768576860428,-488.8189767599106,0.9754056930541992,626.5685359239578,224.1325301527977,-73.64879590272903,0.5905930995941162,654.3630427122116,226.85801535844803,-486.6077350378037,0.9746185541152954,620.3100315332413,227.12748664617536,-42.58860533684492,0.5863683223724365,646.5880674123764,227.7535023093224,-443.8162272572517,0.9522922039031982,523.795732498169,344.60605347156525,93.77177754044531,0.9997496008872986,484.2711228132248,351.1623886823654,-93.88098265230656,0.9991771578788756,529.5577652454376,449.3176202774048,-61.465902015566826,0.9513261914253236,487.6075814962387,455.1103789806366,-192.93611505627632,0.991693079471588,505.88729107379913,556.5589001178741,110.02915708720684,0.9747676253318788,397.35487657785416,530.2562829256058,-7.135207176208496,0.9899912476539612,487.9715567827225,571.4402273893356,120.65240740776062,0.93955659866333,379.7453035116196,523.2321026325226,8.211981896311045,0.9147121906280518,538.9427382946014,594.2938641309738,27.38142643123865,0.9754805564880372,381.7899227142334,588.9293164014816,-85.03269639611244,0.9859268069267272,40.80205220942589,9.418452184793546,83.842687689091,78.10585561200885
nick_1_frame46.jpg,nick_1,FO,frame46,P9,393.1247010827065,153.12742114067078,-222.7227687835693,0.9992560148239136,395.5887421965599,141.9148509800434,-208.48649069666865,0.9987950921058656,399.0391343832016,139.58743765950203,-208.5069589316845,0.9984014630317688,402.5335282087326,136.99002450704575,-208.53820592164996,0.9985482692718506,386.4856466650963,146.70251932740211,-205.38020804524425,0.9989367723464966,384.4640538096428,147.44974872469902,-205.34302070736885,0.9987492561340332,382.3108106851578,147.87126007676125,-205.3676433861256,0.998909592628479,409.4549834728241,133.69049113988876,-99.43789653480052,0.9969730377197266,386.20990812778473,148.1053452193737,-81.95145651698112,0.9984816908836364,405.2875950932503,155.85734316706657,-178.89384329319,0.9986658096313475,395.4961284995079,161.38793489336967,-173.7229160964489,0.998205065727234,457.41666853427887,162.33877447247505,2.5283073424361646,0.9992541670799256,395.2665701508522,184.75327455997467,-95.22851407527924,0.9996740221977234,505.0180315971375,166.88254952430725,-84.38450396060944,0.8449450731277466,466.97062253952026,186.42673474550247,-168.6927080154419,0.8278693556785583,554.7758042812347,149.95459288358688,-253.38187962770465,0.7320259809494019,531.4650177955627,163.57243832945824,-197.61127158999443,0.6628534197807312,573.4449625015259,151.87975752353668,-289.08666372299194,0.6558501720428467,557.4628174304962,166.31263655424118,-243.6509057879448,0.5842664241790771,568.9717918634415,152.82432529330254,-308.6152344942093,0.6577156186103821,555.6599915027618,157.77308449149132,-225.8265182375908,0.5782041549682617,561.7871880531311,154.0654258728027,-266.9326111674309,0.6055967211723328,548.0147004127502,159.44859367609024,-185.70051938295364,0.5327542424201965,480.5446594953537,307.94933331012726,15.9115606918931,0.999696671962738,432.24342465400696,316.6675019264221,-15.905865747481585,0.9997642636299132,486.95972859859467,414.3790463209152,-3.692961274646223,0.9847124218940736,410.040582716465,410.58259427547455,-43.2596305385232,0.9948753714561462,481.3270628452301,521.4019913673401,76.93921513855457,0.9887718558311462,359.3727335333824,509.4431591033936,23.8304671831429,0.9954606294631958,470.1769918203354,536.9644825458527,78.22473682463169,0.9241246581077576,362.4273896217346,523.0101124048233,25.41426019743085,0.9338975548744202,507.4610978364945,556.8388166427612,-22.500415053218603,0.9812934398651124,331.075955927372,544.2891237735748,-79.0461577475071,0.991372287273407,19.831893686158075,10.23148546206945,57.55333890854755,33.37405697085202
nick_2_frame49.jpg,nick_2,FO,frame49,P9,401.7341947555542,191.4344921708107,-136.83070182800293,0.9997376203536988,402.3620128631592,180.2547401189804,-118.64553093910216,0.999536395072937,405.3881101608277,178.4335246682167,-118.70997166633606,0.9994508624076844,408.4106559753418,176.29873484373093,-118.74916648864746,0.9994603395462036,394.5084686279297,183.65801632404327,-119.70269298553468,0.9995020031929016,392.3425312042236,184.3702983856201,-119.66312432289124,0.9993451237678528,390.3217372894287,184.8403000831604,-119.69700360298155,0.999329686164856,414.0140552520752,172.58091777563095,3.415594018995762,0.9990513324737548,391.1072692871094,183.02665203809735,1.2224342469125986,0.9990540742874146,411.9340076446533,196.0368114709854,-88.3188613653183,0.9994320273399352,401.7042875289917,198.7925809621811,-89.07668828964233,0.9992619156837464,452.3531103134155,192.9902520775795,113.44563388824464,0.9994613528251648,385.82348012924194,217.37031519412997,-48.814732909202576,0.999630570411682,500.5263624191284,219.27672564983368,40.01262140274048,0.9186012148857116,453.9412307739258,228.59314799308777,-179.52081441879272,0.7699014544487,563.3607912063599,206.57378643751144,-109.23022198677064,0.8842960000038147,510.1565361022949,216.1539781093597,-264.70091819763184,0.670923113822937,581.5334968566895,200.0513818860054,-138.89831924438477,0.8312259316444397,525.3114624023438,216.036169230938,-328.22410106658936,0.6023403406143188,577.7805137634277,198.66150856018064,-160.22841024398804,0.8339400887489319,522.2078866958618,212.5902235507965,-268.7268748283386,0.5979618430137634,572.0554294586182,202.61060446500775,-123.56167149543762,0.7852571606636047,517.1124429702759,214.5862707495689,-227.85925722122192,0.557401716709137,453.21728897094727,352.8672641515732,47.38849115371704,0.9998031258583068,404.1834096908569,358.46870720386505,-47.401619374752045,0.9997957944869996,457.9727249145508,460.20022094249725,48.40001547336578,0.9861574172973632,383.8036208152771,460.7694214582443,-128.18398523330688,0.9943859577178956,444.26530838012695,569.9150186777115,120.29191207885742,0.9898520708084106,335.1277871131897,560.9007579088211,-85.55545115470886,0.9935618042945862,430.1367607116699,586.12275660038,119.96229004859924,0.9381403923034668,335.6206722259521,572.0085579156876,-86.12368845939636,0.9080631732940674,467.9105224609375,607.065839767456,19.952863216400143,0.9830224514007568,321.4466562271118,598.7811756134033,-204.89109134674072,0.9887079000473022,20.125572478191096,6.5170002133399,67.7055002990497,62.64797274413508
rob_1_frame3728.jpg,rob_1,FO,frame3728,P9,917.1619033813477,441.8161189556122,-253.33179473876956,0.999772608280182,915.0155067443848,431.6576385498047,-216.81090831756592,0.9996848106384276,917.0598793029784,430.1469004154205,-216.729998588562,0.9995708465576172,919.4184494018556,428.57632756233215,-216.78422927856445,0.9996543526649476,909.2514038085938,436.0812556743622,-248.0540943145752,0.999724507331848,907.2350692749023,437.71098732948303,-248.01369667053223,0.9996821284294128,905.024642944336,439.2568731307984,-248.1559181213379,0.9997179508209229,923.5371208190918,429.9404239654541,-89.86754179000854,0.9992446303367616,901.6654586791992,443.63629817962646,-167.9471254348755,0.9996875524520874,924.9722671508788,447.6224362850189,-195.87389945983887,0.9995323419570924,917.1732330322266,452.32234239578247,-223.73863220214844,0.999475121498108,958.945369720459,479.091796875,80.84465503692627,0.9996433854103088,901.0846710205078,492.2763884067536,-222.9915475845337,0.9998098611831664,1017.6936721801758,493.4158873558045,56.65058255195618,0.7685278654098511,979.5838165283204,518.328115940094,-346.0623264312744,0.9853863716125488,1087.8635787963867,481.0160994529724,-88.33973407745361,0.8552461266517639,1053.5774230957031,498.93819093704224,-394.3980216979981,0.9722214937210084,1099.397964477539,471.39249444007874,-116.40591144561768,0.8056896924972534,1070.5530166625977,494.5199167728424,-439.8280334472656,0.9403953552246094,1099.9448776245115,466.8643355369568,-151.80974006652832,0.8252100348472595,1061.2146377563477,488.0809736251831,-436.46544456481934,0.9388351440429688,1095.8731842041016,472.3727989196777,-110.50857782363892,0.8088238835334778,1054.013214111328,492.0826256275177,-395.5311870574951,0.9086151719093324,959.53125,643.2090640068054,85.91320753097534,0.9997546672821044,916.9360542297364,643.2333326339722,-85.88698625564575,0.9996808171272278,958.8740158081056,756.602840423584,18.838478922843933,0.9613196849822998,889.9792671203613,762.2850465774536,-176.4909553527832,0.9945555925369264,937.8943634033204,891.1721205711365,109.884831905365,0.985503077507019,805.1562309265137,877.0239615440369,-120.4319143295288,0.9962752461433412,923.6965942382812,914.444704055786,110.5075478553772,0.9623687267303468,796.5432929992676,887.776186466217,-119.6230959892273,0.9476124048233032,969.3212127685548,927.0579528808594,-6.877700239419937,0.981569230556488,785.0215530395508,931.5705013275146,-250.9182357788086,0.9931466579437256,12.8366837637953,0.03264428618363343,79.21804298965557,76.0751933493744
rob_2_frame75.jpg,rob_2,FO,frame75,P9,1044.374656677246,324.15428280830383,-474.083776473999,0.9994152784347534,1038.2977294921875,309.1850137710572,-439.25883293151855,0.999083936214447,1038.4857559204102,306.884161233902,-439.3717575073242,0.9988820552825928,1038.910675048828,304.39624071121216,-439.48513984680176,0.998986542224884,1033.3345413208008,315.3550064563751,-485.90383529663086,0.999216079711914,1029.7547149658203,317.52225279808044,-485.9345054626465,0.9990679621696472,1026.4021682739258,319.3832767009735,-486.01003646850586,0.9991760849952698,1032.118148803711,307.17673659324646,-214.73333358764648,0.9980104565620422,1014.1097259521484,324.7111415863037,-421.7659378051758,0.9991076588630676,1046.2954330444336,331.26283407211304,-381.74391746521,0.998533308506012,1038.7700271606443,337.3239076137543,-441.94504737854,0.9987893104553224,1060.060157775879,345.4957401752472,51.43111824989319,0.998917818069458,1006.9948196411132,396.2931311130524,-475.213508605957,0.9997813105583192,1140.3142547607422,382.3361921310425,98.09792518615724,0.7966012954711914,1130.5342483520508,415.24551272392273,-593.8934898376465,0.9670279026031494,1249.0632247924805,374.50968861579895,-133.30626010894775,0.8946824073791504,1239.6742630004885,392.535742521286,-603.6268043518066,0.9503623843193054,1275.2322006225586,387.0578563213349,-171.54019832611084,0.8502219915390015,1269.3617248535156,396.2068390846253,-676.3681983947754,0.9204187393188475,1269.1061782836914,386.1014664173126,-232.35955238342285,0.8599374890327454,1271.9372177124023,386.6881942749024,-668.6812591552734,0.9191927313804626,1260.41748046875,383.72310876846313,-168.8126277923584,0.8280090689659119,1263.1108474731443,385.5916965007782,-600.1993560791016,0.9013497233390808,1082.5179290771484,594.0468764305115,145.5613088607788,0.9994906187057496,1030.5572891235352,603.2139801979065,-145.662260055542,0.999215602874756,1093.4796524047852,755.9219026565552,40.74127078056336,0.909406840801239,1020.4082107543944,771.7379665374756,-247.7213287353516,0.9903001189231871,1067.417335510254,931.0671043395996,205.31680583953855,0.9644634127616882,881.2939453125,901.6909289360046,-116.73967123031616,0.9927680492401124,1046.7981719970703,965.0463366508484,210.52581310272217,0.9265578389167786,854.7820472717285,905.1901173591614,-109.44316148757936,0.930332601070404,1122.5009536743164,975.838086605072,56.03126406669617,0.96808660030365,888.6629676818848,984.5750498771667,-273.64800453186035,0.9890806078910828,43.749087793806126,10.00539090028916,84.24622908848892,79.88363546123568
tom_1_frame57.jpg,tom_1,FO,frame57,P9,579.4246026277542,244.71854209899905,-377.8251829147339,0.9993104338645936,566.2669821381569,235.98930597305295,-358.44377678632736,0.9986541867256165,570.3515015244484,234.43844199180603,-358.4623244404793,0.9984194040298462,572.3225584030151,232.785804271698,-358.51703613996506,0.9985185265541076,564.6138351559639,241.30342721939087,-379.99409437179565,0.9988524317741394,562.1676013469696,243.62762570381165,-380.0587395429611,0.9985816478729248,559.5099320411682,245.8411741256714,-380.128118634224,0.998733639717102,574.0435711741447,236.00371479988095,-207.459236741066,0.9970665574073792,556.6317086219788,250.31378746032715,-327.19924449920654,0.9978246688842772,585.0716648697853,248.73469352722168,-326.3327819108963,0.9981542825698853,580.733647942543,255.34759521484372,-354.0476723313332,0.9983940720558168,608.2601904273033,254.77150559425357,-77.8123565018177,0.997046709060669,570.6704590916634,294.2533326148987,-335.8210322856903,0.9997316598892212,666.2547858953476,270.6702780723572,-34.3951501250267,0.9542872309684752,647.4603082537651,326.4434826374054,-416.2099800109863,0.9027975797653198,725.094696521759,266.731561422348,-129.08807395398617,0.9606777429580688,704.8231194019318,278.3055377006531,-474.946365237236,0.9060776829719543,742.1992034912109,260.13965487480164,-149.72204817831516,0.9303504824638368,728.2912566661835,271.6604542732239,-525.5707515478134,0.869884192943573,742.6187374591827,257.0100009441376,-188.5512614250183,0.9326172471046448,726.9665350914001,264.3129658699036,-519.1278862953186,0.8709388375282288,737.1117914915085,260.80594658851624,-149.95324391126633,0.901804506778717,716.6030527353287,267.56476044654846,-474.5382392406464,0.8475891947746277,635.1405528187752,391.5603756904602,62.4410657286644,0.9992563128471376,598.7392682433128,393.8153672218323,-62.355345882475376,0.9996649622917176,628.2772223353386,486.6340303421021,46.70889600366354,0.9753463268280028,578.2682068347931,485.3168487548828,-118.5812547057867,0.9946388602256776,613.7131231427193,581.9237160682678,178.8558244407177,0.9861077666282654,531.1625200510025,572.457582950592,-21.80554911866784,0.9962912201881408,603.1635046005249,597.3769092559814,185.67325142025948,0.9395140409469604,522.825194299221,581.5843081474304,-17.56553791835904,0.9445474147796632,634.4364016056061,609.8826360702515,86.0324304252863,0.982913076877594,510.0940922498703,613.2936978340149,-137.90800733864307,0.9935359954833984,46.4063206732366,3.544836543467736,81.71079929073588,73.73880892525881
tom_2_frame147.jpg,tom_2,FO,frame147,P9,450.1982355117798,226.23366206884384,-285.4251791238785,0.9992502927780152,444.9628986120224,219.6703233718872,-278.0815013051033,0.9981288313865662,444.6365268230438,217.94519072771072,-278.1288551688194,0.9975826144218444,444.3015594482422,215.99627006053925,-278.2060591578484,0.9984257221221924,443.58916771411896,224.11005437374115,-306.5537542104721,0.9984627962112428,442.30655002594,225.62244361639023,-306.60626542568207,0.998314619064331,441.1142120361328,226.98080796003345,-306.69128358364105,0.9985831379890442,438.50860345363617,214.64082199335095,-186.826750934124,0.9967767596244812,435.9436285495758,230.47045332193372,-315.78637713193893,0.9983307719230652,452.36385428905487,228.0314741134644,-243.50958627462387,0.9987761974334716,449.42447650432587,234.80641865730288,-281.02877140045166,0.9986103177070618,460.3978097438812,224.5026968717575,-49.5470567420125,0.9997318983078004,432.0600907802582,257.0251153111458,-333.7297146320343,0.999786913394928,518.3425812721252,222.69905227422717,-6.56847807392478,0.9350995421409608,502.2694609165192,246.47834980487823,-401.495542049408,0.9658809304237366,565.3179266452789,213.42322486639023,-102.22426769137384,0.9528546929359436,566.2116070985794,216.74668383598328,-434.3550080060959,0.9567285776138306,582.5731744766235,207.24888849258423,-117.45470806956293,0.924723744392395,586.3890415430069,212.65398973226547,-482.62542164325714,0.9274003505706788,582.9778963327408,205.54687923192975,-157.67824682593346,0.9321888089179992,584.6099636554718,208.10242676734924,-479.3730603456497,0.9283345341682434,577.9455715417862,208.4033409953117,-123.74403309822084,0.9088393449783324,576.8841469287872,210.36980068683624,-433.9940975904465,0.8975903987884521,488.3534679412842,369.1706091165543,79.99210403859615,0.9998128414154052,457.7137469053269,376.6270936727524,-80.0033824890852,0.999507486820221,483.7551420927048,461.1008675098419,3.1465529734268785,0.9534375071525574,443.8271872997284,458.8123971223831,-178.66008484363556,0.9899466633796692,470.8499900102616,559.0530920028687,152.24306255578995,0.9680278301239014,368.0321971178055,543.7145533561707,-82.062735080719,0.990153193473816,459.690887928009,574.0375409126282,161.59620600938797,0.8988968729972839,352.0582906603813,545.3970173597336,-75.22762942314148,0.9233333468437196,492.1142711639404,594.1009438037872,73.2369243055582,0.9687860608100892,356.17815494537354,591.6596274375916,-174.86443042755127,0.9863158464431764,48.93342570707315,13.677626543539866,84.3054860570945,79.15890436799937
tom_3_frame91.jpg,tom_3,FO,frame91,P9,462.8442060947418,209.9695384502411,-341.0086340904236,0.999623715877533,458.5485072135925,202.1246314048767,-328.46810925006866,0.9990677833557128,459.6435213088989,199.68698620796204,-328.5047818422317,0.9988371729850768,461.3116500377655,197.1477496623993,-328.5696702003479,0.9991560578346252,454.3707296848297,207.66759157180783,-351.2896056175232,0.9991832971572876,452.58499574661255,208.94312739372253,-351.3617125749588,0.9991286993026732,451.0278859138489,209.99746441841123,-351.45418441295624,0.9992536902427672,458.177987575531,192.57806420326236,-208.88355469703677,0.9981617331504822,445.9342420101166,209.3962860107422,-311.0714956521988,0.999155580997467,466.6239068508148,209.71111178398127,-288.787442445755,0.9993017911911012,460.9763276576996,217.63835787773127,-318.4937701225281,0.9992883205413818,486.5249001979828,197.7123486995697,-48.78451266884804,0.999675452709198,455.5145351886749,244.37437176704407,-327.0601398944855,0.9999096989631652,535.9253056049347,201.9965934753418,-6.350250313058496,0.931971788406372,522.6302263736725,229.38949584960935,-406.2776547670365,0.9740431308746338,590.2774066925049,184.67090129852292,-106.601778537035,0.9114460349082948,580.5586428642273,190.8214032649994,-459.1553437709808,0.941982626914978,603.2465951442719,175.46965956687927,-124.77094691991806,0.8708757162094116,598.0021510124207,182.59317278862,-507.4479312896729,0.9023552536964417,603.2842161655426,172.77634382247925,-164.98007315397265,0.8782942295074463,594.8427228927612,175.90595722198486,-522.1152293682098,0.899588406085968,597.5094420909882,177.86742210388184,-128.46341854333878,0.8348348140716553,589.2619025707245,179.9743938446045,-464.9406032562256,0.8679118156433105,518.059641122818,342.74014949798584,67.99533942341805,0.999835968017578,484.783637046814,352.3650026321411,-67.88949736952782,0.9998016357421876,516.7228829860687,440.4816055297852,-15.47543542087078,0.9832907319068908,470.8555867671967,441.0742926597595,-195.675256729126,0.995653748512268,505.9601621627808,543.3217191696167,135.4664741754532,0.9866122007369996,387.5730520486832,530.1539969444275,-94.26309785246848,0.9955477118492126,495.29470801353455,558.0757904052734,145.31131321191788,0.936229944229126,374.06476068496704,531.4526557922363,-86.94100779294968,0.9401659369468688,523.3099865913391,575.1483654975891,48.592897057533264,0.9837751984596252,384.9777811765671,577.3310089111328,-193.56973093748093,0.9932339191436768,56.3930229954,16.132145703302875,83.64133122437583,76.23997671743815
eric_1_frame132.jpg,eric_1,FO,frame132,P10,424.672954082489,252.9965386390686,122.3120929300785,0.9986496567726136,421.663863658905,247.44078612327576,107.977794110775,0.9986004829406738,419.5543360710144,247.22481608390808,107.96615168452264,0.9980758428573608,417.2428494691849,246.85599517822263,107.96770557761192,0.9986028671264648,427.32191801071167,247.5806729793549,93.52932535111904,0.9987030625343324,429.26150619983673,247.41871619224548,93.4739914536476,0.998627245426178,431.3838416337967,247.16524386405945,93.36984530091286,0.9987767934799194,413.5343188047409,250.32931280136108,66.9788958877325,0.9979004263877868,433.91729950904846,251.48464465141296,-2.586968964897096,0.9987024068832396,422.03067660331726,258.37894678115845,111.71560153365137,0.9973236322402954,427.77494847774506,258.800142288208,92.07448706030846,0.9967382550239564,390.89162439107895,285.2122700214386,93.582087084651,0.9988572001457214,453.88600289821625,282.3761386871338,-85.15029236674309,0.9994741678237916,394.5383524894714,265.1264548301697,182.9972568154335,0.2575743496417999,457.0017939805985,245.1944031715393,-131.40820637345314,0.9230992794036864,407.1646285057068,228.6369559764862,252.39014327526093,0.3389487266540527,416.42818570137024,215.0902497768402,-130.55755585432053,0.8879179954528809,408.71244728565216,214.0040316581726,258.2858255505562,0.3616503179073334,410.15639066696167,205.23675155639648,-150.29974400997162,0.865110456943512,409.556587934494,216.64236330986023,245.7250013947487,0.3763729929924011,407.0722424983978,206.9323403835297,-153.40944901108742,0.8627162575721741,409.9012696743012,220.4220049381256,246.9037234783173,0.3828507959842682,408.9193034172058,210.6299042701721,-132.51242399215698,0.8233298659324646,415.731617808342,400.1707863807678,84.03755187988281,0.9998881220817566,442.05150604248047,405.10590505599976,-84.24016423523426,0.9997842311859132,430.0679767131805,484.8186793327332,44.103423580527306,0.6384087800979614,431.11671328544617,491.7184367179871,-152.23863765597343,0.98105788230896,437.4112987518311,574.8722949028015,66.3492101430893,0.8943933248519897,355.1184156537056,560.3273391723633,-145.74965074658394,0.9897355437278748,429.7637432813645,589.9626932144165,64.5865185558796,0.8711890578269958,342.2898039221764,562.1865234375,-146.44685432314873,0.9605981707572936,464.3934750556946,595.1329479217529,15.18429158255458,0.8733131289482117,351.2452429533005,605.7829756736755,-208.32265347242355,0.9804505109786988,2.577828359324037,10.619948916106488,70.58495089964038,81.11053491445148
grant_frame455.jpg,grant,FO,frame455,P10,675.0396537780762,280.3852343559265,-47.771975845098495,0.9988998174667358,664.1615152359009,269.3569618463516,-22.170497328042984,0.9986245632171632,663.3898758888245,267.03814923763275,-22.22506955265999,0.99760502576828,662.694776058197,264.5285350084305,-22.31753334403038,0.9984917044639589,662.8342080116272,273.2201313972473,-65.50761491060257,0.9990754723548888,660.8748865127563,274.0489339828491,-65.47215342521667,0.9990100264549256,658.8694095611572,274.8082458972931,-65.66085085272789,0.9992586374282836,647.4238228797913,267.61356353759766,117.962908744812,0.9970113039016724,642.8074407577515,280.6466209888458,-75.9809598326683,0.9993988275527954,675.3864312171936,287.06953525543213,10.92096772044897,0.9958758354187012,672.9370379447937,290.7664132118225,-43.10627996921539,0.994584858417511,657.462215423584,317.9073643684387,287.2854423522949,0.9987813830375672,623.9097118377686,337.77281284332275,-209.20271158218384,0.9993550181388856,686.8624019622803,277.8061938285828,518.8046371936798,0.1419443190097808,716.1416959762573,304.68093037605286,-370.71892261505127,0.991909921169281,690.6378149986267,210.10652482509613,684.3306756019592,0.4913147389888763,703.8358283042908,207.37659394741056,-313.3486604690552,0.9917194247245787,695.7324242591858,180.10292172431946,717.3368453979492,0.4855051338672638,704.9142694473267,184.4163805246353,-344.92085695266724,0.9840795993804932,684.8498439788818,183.219895362854,703.221001625061,0.5011064410209656,693.2809710502625,182.91956305503845,-346.1322927474976,0.983454167842865,681.5623140335083,196.161607503891,677.610776424408,0.5264106392860413,691.4878606796265,192.13119685649872,-311.91999793052673,0.9731943607330322,703.6016392707825,543.1181645393372,147.18684196472168,0.9998725056648254,664.1550779342651,545.3381967544556,-147.3012810945511,0.9996522068977356,688.7788510322571,706.8344521522522,24.23593372106552,0.8382070064544678,652.5311136245728,714.5574116706848,-239.5125049352646,0.9758493304252625,663.3355450630188,875.8277821540833,105.75182229280472,0.9158991575241088,518.8307404518127,841.0030102729797,-137.0605319738388,0.980708122253418,648.7658071517944,896.7794609069824,107.19934612512589,0.8933621644973755,496.3533246517181,835.9938883781433,-126.73654049634932,0.9360978007316588,718.881025314331,920.928225517273,2.280647959560156,0.922377109527588,507.6752507686615,925.9065771102904,-217.6712393760681,0.97856205701828,30.628524849838936,3.2211790158185356,86.13384879532968,82.37066766318128
jess_1_frame238.jpg,jess_1,FO,frame238,P10,519.3108494281769,81.81287322938442,-29.840691432356834,0.9999535083770752,513.3192987442017,72.24864986538887,-7.848207831382751,0.9999114871025084,512.9578068256378,71.81062410771847,-7.925843562930822,0.999869167804718,512.5130202770233,71.38465125858784,-7.979077138006687,0.9999080300331116,510.2062768936157,73.73572334647179,-47.02388720214367,0.9999366402626038,507.5876505374909,74.45802918076515,-47.02091066539288,0.9999422430992126,504.744743347168,75.25911584496498,-47.04511922597885,0.999947190284729,501.8477261066437,77.79596611857414,95.04950001835824,0.9998241662979126,491.32937121391296,83.19587597250938,-79.37670910358429,0.9999499320983888,518.2030453681946,91.3668379187584,11.929160714149477,0.9997209906578064,515.0563862323761,93.76911547780036,-38.85424365103245,0.9995874762535096,490.9841413497925,129.31052121520042,226.68314135074613,0.9995559453964232,476.0613832473755,134.551669806242,-163.48230022192,0.9995664954185486,544.5897290706635,92.86384949088097,371.8272285461426,0.3276182115077972,552.2911186218262,107.32411321997644,-181.35827887058255,0.9809058904647828,524.1415991783142,41.780505165457726,424.9559412002564,0.4882600605487823,519.9754157066345,43.065962597727776,-30.67517440021038,0.966797947883606,515.5769655704498,31.305521942675117,430.9866950511933,0.4525282382965088,512.6386156082153,29.644012212753296,-41.501392126083374,0.9492592215538024,505.78188490867615,34.4455036893487,432.7342367172241,0.4653632640838623,504.3119113445282,31.965032175183296,-60.985880345106125,0.9469939470291138,507.812028169632,40.30069393664599,422.14120221138,0.4826385676860809,505.551167011261,37.90676447749138,-34.194983556866646,0.9300135970115662,502.3141469955444,305.6104465126991,134.8654282093048,0.9998849034309388,499.30978083610535,306.29086965322495,-135.02560460567474,0.9997348189353944,521.342057466507,436.731055021286,98.00875833630562,0.7235777378082275,527.3343341350555,436.2710279226303,-199.59865337610245,0.9804404973983764,476.06849789619446,556.9357098340988,146.65006959438324,0.8791877031326294,430.4774894714356,544.1625430583954,-184.38421887159348,0.9831583499908448,463.8364322185517,579.6486636400223,145.72563713788986,0.842041015625,408.3029682636261,537.9296122789383,-185.4588817358017,0.9515604376792908,534.9259548187256,596.076110959053,78.22507372498512,0.9054455757141112,417.1569793224335,605.6258615255356,-260.01423048973083,0.9809646010398864,19.352218052890013,12.760966055517368,87.80966119998264,89.36222263644393
jess_2_frame857.jpg,jess_2,FO,frame857,P10,521.1469744443893,120.77979335188866,42.87962064146996,0.999826431274414,516.9810217618942,112.39992329478264,45.68777445703745,0.9997987151145936,515.5938183069229,112.12625485658646,45.65248964726925,0.9997011423110962,514.3705095052719,111.78065559267998,45.58079617470503,0.9997851848602296,520.2741686105728,113.09304255247116,11.839951701462269,0.9998557567596436,521.0669755935669,113.42039996385574,11.781626164913176,0.99985533952713,522.0586384534836,113.7856028676033,11.680305421352386,0.99987131357193,504.2734520435333,116.13459452986716,73.77967084944248,0.999550461769104,513.1629555225372,119.95389983057976,-77.10419511795044,0.999809741973877,516.8775855302811,129.7150693833828,59.3412978798151,0.9991684556007384,520.2686015367508,131.36354342103004,14.992931809276342,0.9990202784538268,465.8061966896057,165.9325856566429,196.23516300320625,0.9988245964050292,518.8478286266327,174.9267030954361,-165.0131480395794,0.9993954300880432,507.4195724725723,167.74146604537964,468.6039296388626,0.0743382051587104,560.3703497648239,163.791500300169,-117.60044011473656,0.9283143877983092,540.2493861913681,114.9822379052639,654.9559917449951,0.2611440122127533,545.6351404190063,112.30624452233316,67.02758273482323,0.9562538862228394,537.9705601930618,101.61020797491074,692.9916318655014,0.3103875815868377,538.5190283060074,97.83594328165054,67.09743559360504,0.9472443461418152,534.3303062915802,105.06933069229126,668.6245497465134,0.329141229391098,530.7349230051041,100.4787151515484,50.762186601758,0.9469953775405884,535.3307094573975,113.49554216861723,647.4066499471664,0.3560347855091095,532.5950493812561,106.31754088401794,66.27186638116837,0.9163565635681152,488.2084914445877,329.4450313448906,121.67399328947069,0.9999246001243592,496.73095774650574,333.32535284757614,-121.8490638434887,0.9998772144317628,516.5447858572006,441.8572208881378,89.26951792836189,0.7921756505966187,507.9380897283554,445.7194529771805,-222.3623590171337,0.9871901273727416,500.6110968589783,555.8907300233841,187.9924143254757,0.9520490169525146,411.3742437362671,535.2011562585831,-215.54404360055923,0.9955891370773317,485.879005074501,575.2975001335144,192.62661358714104,0.9136152267456056,389.26321828365326,528.8231135606766,-215.69484171271324,0.9720502495765686,545.1536998748779,588.8521620035172,127.12545290589333,0.9441640973091124,398.9961334466934,590.3929328918457,-297.9144678711891,0.9930428266525269,9.623938751267865,24.480011272949337,81.6470184305596,87.99566352415152
nick_1_frame51.jpg,nick_1,FO,frame51,P10,448.2655435800552,141.19456019997597,-15.039042010903358,0.9994350671768188,441.2060797214508,135.12780678272247,1.8194098607636988,0.9991905093193054,440.94551503658295,134.10334885120392,1.7621542559936645,0.9988799095153807,440.7484322786331,132.65303194522858,1.7270336509682238,0.9990243911743164,438.8629227876663,137.89936405420303,-28.89423537999392,0.999289572238922,436.772882938385,139.2458164691925,-28.93204018473625,0.999159038066864,434.6715450286865,140.6211212873459,-28.97038012742996,0.9992725849151612,430.526727437973,135.6285738348961,91.208266466856,0.997885763645172,425.8718758821488,147.0050223171711,-47.89532478898764,0.9990381598472596,450.12577176094055,146.77159243822098,21.70905051752925,0.99870103597641,447.21406400203705,149.44699236750603,-18.44832357019186,0.9983057975769044,437.91094720363617,170.06146237254143,189.60686177015305,0.9991900324821472,430.935737490654,184.02364367246628,-125.39121955633163,0.999084174633026,466.3468986749649,128.82840356230736,251.92346721887589,0.6062061190605164,488.9334946870804,139.9105658531189,-160.57932004332542,0.8848487734794617,482.8880697488785,71.6067813783884,209.58026200532916,0.6451738476753235,497.7753162384033,70.9549552500248,-41.97841212153435,0.775453507900238,480.8906435966492,58.57691025733948,199.1025522351265,0.6051668524742126,483.5930585861206,56.6050138771534,-59.60354469716549,0.7134768962860107,479.2144268751144,59.54338775575161,183.12694281339645,0.6183263063430786,475.8848428726196,53.13660970330238,-61.25824190676212,0.7082127332687378,478.2037317752838,62.24604873359203,196.9664715230465,0.5914309620857239,476.4971673488617,59.1209871172905,-40.14171734452248,0.6661086082458496,472.4736392498016,310.4663362503052,91.70515313744544,0.9997742772102356,450.3174841403961,319.1847752928734,-91.74253046512604,0.999687135219574,478.2669603824616,409.7434823513031,44.36469040811062,0.9343094825744628,431.395360827446,418.7204697132111,-124.81325790286064,0.9902883172035216,481.1388462781906,519.537589430809,87.66060583293438,0.9813082218170166,356.5592631697655,499.1822293996811,-57.57859535515309,0.9946699142456056,469.178506731987,537.8514807224274,85.49905382096767,0.9312342405319214,340.0889709591865,499.0972739458084,-53.64973917603493,0.9416094422340392,514.4634634256363,549.2194939851761,16.083433385938406,0.9748005867004396,337.92569637298584,545.8057991266251,-126.50471180677414,0.9902337193489076,63.45425867880064,21.479619813683602,88.73146917715309,83.11337634034267
nick_2_frame54.jpg,nick_2,FO,frame54,P10,456.2179651260376,158.0823853611946,65.65250146389008,0.9998364448547364,448.50269508361816,150.0041078031063,79.60274481773376,0.9997193813323976,447.12088775634766,149.24001574516296,79.59714305400848,0.999663770198822,445.7578659057617,148.38041603565216,79.60275065898895,0.9996727705001832,449.069109916687,151.40795409679413,44.69801193475723,0.9997000694274902,447.9825429916382,151.73716709017754,44.6404025554657,0.9996065497398376,446.8414421081543,152.02499583363533,44.59541612863541,0.9995988011360168,433.9546051025391,151.14500731229782,147.92205381393433,0.999417781829834,435.8231058120728,155.79502388834953,-9.945575907826424,0.99943745136261,454.678957939148,164.02293249964714,94.76122844219208,0.9996174573898317,454.8731679916382,166.39900535345078,48.656005561351776,0.9995155930519104,415.9728384017944,195.44680058956143,245.28400182724,0.9995566606521606,439.61772537231445,194.8809313774109,-102.85448026657104,0.9996716380119324,466.98176288604736,161.34251832962036,377.94313621521,0.6447829604148865,489.7060213088989,157.3605515062809,-82.98324859142303,0.8549497723579407,494.2586488723755,114.39533069729804,434.2329292297363,0.7566400766372681,501.6169013977051,108.46738904714584,166.73956394195557,0.7853158116340637,491.4259204864502,102.0779076218605,443.751745223999,0.7375249862670898,505.8052215576172,96.39872387051582,173.75526189804077,0.7320716381072998,490.52571296691895,101.81650310754776,430.09306812286377,0.7501948475837708,502.1461191177368,94.22130569815636,167.67183995246887,0.727408766746521,491.09273529052734,105.0051775574684,425.3177719116211,0.7252501249313354,499.32572746276855,98.75759527087212,171.8668074607849,0.69237220287323,451.1091566085816,352.6737195253372,106.65745282173155,0.9998626112937928,428.9640235900879,353.19373190402985,-106.78584361076356,0.999830722808838,447.4029035568237,458.21998715400696,67.1221262216568,0.9472552537918092,410.4993486404419,461.3208138942719,-131.89063549041748,0.9913452863693236,443.9034309387207,570.9432399272919,121.48618006706238,0.9846234321594238,327.0494947433472,551.203538775444,-65.11680579185486,0.9943059086799622,430.0462913513184,589.3306374549866,113.28759288787842,0.9464613199234008,307.1548571586609,547.888850569725,-61.82294535636902,0.9316561818122864,475.5299491882324,598.1416064500809,46.41613245010376,0.9809391498565674,320.6535539627075,600.6071823835373,-131.06733393669128,0.9901883602142334,1.3709403644437785,1.345173230498477,86.11454937703431,84.07665109542131
rob_1_frame3182.jpg,rob_1,FO,frame3182,P10,934.167251586914,405.3139793872833,78.76795291900635,0.9999574422836304,928.568515777588,395.075740814209,95.19197702407835,0.9999614357948304,927.4381828308104,394.5419919490814,95.1886510848999,0.9999275207519532,926.53902053833,393.8549709320069,95.1702332496643,0.9999577403068542,930.5334091186523,395.33526062965393,53.4693717956543,0.9999713897705078,930.4107856750488,395.2824103832245,53.37489724159241,0.9999687671661376,930.4072380065918,395.21349906921387,53.27266216278076,0.9999789595603944,917.980613708496,398.410359621048,172.3298692703247,0.9998126029968262,922.8927040100098,401.56267404556274,-16.46096169948578,0.9999715089797974,934.1547203063964,413.7361586093903,111.7989993095398,0.9995911121368408,934.7555351257324,414.58179473876953,56.97202920913696,0.9996174573898317,911.8529319763184,450.369039773941,282.95928955078125,0.998896300792694,917.1620750427246,452.3760616779328,-128.6375856399536,0.9996196031570436,929.7678565979004,447.1044588088989,464.4617557525635,0.0584576837718486,966.4633941650392,447.3332405090332,-88.1544828414917,0.9512923955917358,954.689712524414,386.5917313098908,570.0500679016113,0.2508322596549988,957.074031829834,401.4016127586365,204.743070602417,0.9270753860473632,955.8895111083984,381.7436707019806,592.3873329162598,0.2755384743213653,953.2053565979004,384.5477592945099,223.83599281311035,0.8925368785858154,954.2034530639648,382.59960651397705,575.9795951843262,0.2935331463813782,947.7588272094728,386.39394521713257,212.92762756347656,0.887965202331543,953.6063575744628,386.5715181827545,561.0290336608887,0.3175364136695862,948.3167839050292,392.1358573436737,210.25952339172363,0.8539930582046509,956.39986038208,625.227427482605,121.52034759521484,0.9998970627784728,935.7282257080078,625.3663444519043,-121.69999122619627,0.9998459219932556,961.208724975586,756.5045428276062,106.08841896057127,0.8703378438949585,912.7814483642578,757.5286531448364,-177.4863338470459,0.984022617340088,938.624439239502,890.6865549087524,151.09638690948486,0.9706909656524658,807.8373527526855,869.1377520561218,-175.7017707824707,0.9947578310966492,926.7104530334472,912.2150802612304,149.8901081085205,0.9387234449386596,791.1477470397949,872.7309894561768,-177.82751083374023,0.9608072638511658,971.250343322754,926.154670715332,83.57250452041626,0.9747291803359984,794.5497894287109,933.8420963287354,-260.12486457824707,0.9941602349281312,20.708157955016414,0.38503177690398743,89.2609889920098,85.14202685901674
rob_2_frame88.jpg,rob_2,FO,frame88,P10,1075.8607864379885,280.8983838558197,-13.780944049358368,0.9995537996292114,1069.823112487793,265.8261340856552,4.3307822942733765,0.9993944764137268,1067.6279067993164,264.48863983154297,4.270205944776535,0.9990954399108888,1065.5670547485352,263.1000977754593,4.164092838764191,0.9993495941162108,1067.6859283447266,266.01584136486053,-49.517472982406616,0.9995507001876832,1066.1371994018557,264.990234375,-49.60020303726196,0.9994998574256896,1064.9652099609375,263.95540595054626,-49.768996238708496,0.9995750188827516,1051.699562072754,265.5175459384918,116.93758964538574,0.9983891844749452,1056.3948440551758,267.69835889339447,-130.78887462615967,0.999585747718811,1070.3001022338867,290.0737273693085,34.56353545188904,0.9982218146324158,1072.6880264282229,291.01927042007446,-37.77260184288025,0.9982439875602722,1028.7436294555664,339.2964577674866,303.7142372131348,0.9988778829574584,1041.4724349975586,331.64968371391296,-273.2743549346924,0.9995425939559937,1036.9167709350586,294.06694650650024,679.343433380127,0.2717625200748443,1087.0026397705078,299.60376620292664,-564.2659950256348,0.972432255744934,1059.2304611206057,238.13188076019287,1083.7821578979492,0.4535137414932251,1054.2980575561523,239.7625941038132,-665.0003242492676,0.950280785560608,1056.9914245605469,221.94650888442996,1160.284194946289,0.4725184738636017,1042.020149230957,226.08327984809875,-705.8639717102051,0.9286032915115356,1054.3660354614258,225.01451075077057,1140.1848220825195,0.4926694929599762,1048.1407928466797,230.01489400863647,-700.9296798706055,0.9258861541748048,1057.4042129516602,234.9877256155014,1081.6599655151367,0.4983997642993927,1039.7007751464844,235.71044147014615,-666.2157440185547,0.8995731472969055,1076.4630889892578,577.8168296813965,185.50189018249512,0.9997344613075256,1056.8964385986328,585.572361946106,-185.7543897628784,0.9993425607681274,1090.5152893066406,750.1553678512573,69.22659158706665,0.8072175979614258,1045.4231643676758,762.2907757759094,-310.51477432250977,0.986246943473816,1067.6968002319336,932.8206253051758,100.74382066726685,0.9371538758277892,884.8853874206543,883.3838224411011,-277.07250595092773,0.990751564502716,1047.3565292358398,965.511302947998,95.84220170974731,0.9009642601013184,853.7307357788086,880.6880736351013,-275.5579090118408,0.9488648176193236,1124.8228454589844,977.3098468780518,-10.314442813396454,0.945173442363739,884.5320510864258,978.2090735435486,-390.08328437805176,0.986575722694397,30.995158201483072,21.621633616529888,88.73621668094836,86.98308079989064
tom_1_frame83.jpg,tom_1,FO,frame83,P10,605.9051427841187,207.4403738975525,26.077082600444555,0.9998075366020204,601.1785175800323,201.6487348079681,36.099686332046986,0.9997366666793824,600.5508463382721,201.58437132835388,36.08775210008025,0.9995872974395752,599.9019112586975,201.45570516586304,36.06594745069742,0.9997276067733764,599.8605864644051,202.0913553237915,1.3824742783326656,0.9997966885566713,598.1356934309006,202.30663657188416,1.346770711010322,0.999779462814331,596.1164436936378,202.41426706314087,1.291443323018029,0.9998281002044678,589.8549807071686,206.00605726242063,91.86116655170918,0.9991445541381836,585.8076730370522,207.50911474227905,-66.7805620059371,0.9997581243515016,604.9774108529091,214.94688630104065,49.7784745618701,0.9990536570549012,603.9441357851028,215.70579171180725,3.8112106807529926,0.9991046786308287,577.2216612696648,250.7368111610413,193.9666526019573,0.9978123307228088,587.6683364510536,249.1887438297272,-145.69774076342583,0.9992313981056212,610.03447920084,255.8801746368408,314.37008821964264,0.1163844764232635,639.6127492189407,254.2914342880249,-131.49860934913158,0.9319100379943848,599.8959356546402,220.0019729137421,357.5863552093506,0.2005091905593872,613.0443599224091,215.1746916770935,41.737746365368366,0.8629348278045654,596.0892818570137,206.3604211807251,366.0322118997574,0.2104362994432449,609.3959820270538,204.61960792541504,42.10672536492348,0.8344445824623108,594.2945052981377,206.71644687652588,360.1884591579437,0.2224519252777099,601.1541107296944,205.46034574508667,33.04991893842816,0.8317716717720032,594.8675424456596,211.4360773563385,352.1392040848732,0.236878216266632,600.404288828373,210.46361327171329,43.536776661872864,0.7908196449279785,626.2428395748138,380.80259561538696,101.83815537393092,0.9997771978378296,609.8877664804459,381.7267870903015,-101.85737237334251,0.9996256232261658,622.2351105809212,478.49804878234863,92.5941190123558,0.8259243369102478,596.6144365668297,482.5662422180176,-128.0971228480339,0.9790822863578796,610.4487748146057,582.5029873847961,132.98228587210178,0.9632993340492249,512.3226821422577,572.1427774429321,-113.54819548130035,0.9928720593452454,600.639820754528,601.0979127883911,132.35801956057549,0.9302356839179992,497.2459226846695,570.8660459518433,-113.99784998595716,0.954619824886322,641.2708241343498,611.0924506187439,79.82512620091438,0.969955027103424,511.4841186404228,620.1183342933655,-175.34339153766632,0.991487205028534,8.42917878473691,3.2342268934514427,88.2383735567109,85.40946862861762
tom_2_frame208.jpg,tom_2,FO,frame208,P10,477.0319874286652,175.4701412320137,27.38454338163137,0.994806468486786,471.9455364942551,169.11757072806358,19.427349112927917,0.9945037961006165,468.9502613544464,168.54049959778786,19.425213240087032,0.9927501678466796,465.949933052063,167.92714047431946,19.352199599146843,0.994556725025177,479.24199068546295,170.5734235048294,-2.403439956251532,0.9949486255645752,481.2576816082001,171.03837311267853,-2.481189309153706,0.9947208762168884,483.3550045490265,171.3908185660839,-2.610333712771535,0.9952989220619202,458.2676672935486,171.31822189688685,10.526155212894082,0.989989161491394,482.46585631370544,174.76775294542313,-90.53401701152325,0.9912538528442384,472.2775344848633,180.62355333566663,31.081241115927696,0.9828459620475768,479.6829181909561,181.4277631044388,1.41738320607692,0.9796512126922609,423.3896973133087,208.05506312847135,96.5287869423628,0.9953725337982178,498.2792857885361,204.0239624381065,-151.3330244421959,0.9976317882537842,436.4660057425499,191.9276406764984,334.5602045059204,0.0984348729252815,499.1681214570999,180.14582175016403,-180.1705506742001,0.7815314531326294,457.1335709095001,153.9081445336342,562.8832399845123,0.282306045293808,478.7898107767105,134.29719883203506,-125.3333178460598,0.7725207209587097,459.8644666671753,145.4571993649006,603.4883185625076,0.3360283076763153,475.761455655098,121.52983358502388,-134.79714900255203,0.7629655003547668,460.2797116041184,143.65768098831177,582.9114758968353,0.3569275438785553,470.4504255056381,123.38585740327837,-140.59192830324173,0.7656894326210022,459.59805560112,145.79689386487007,559.4116652011871,0.3417248129844665,470.3564991950989,129.16921624541283,-126.22663363814354,0.7027732133865356,454.96769165992737,343.51180243492126,94.73048619925976,0.9998047947883606,480.05685222148895,348.2924689054489,-95.0416789650917,0.9997416734695436,472.3458824157715,439.51847755908966,12.820776151493192,0.600591778755188,463.37714397907257,451.6847279071808,-234.3862054347992,0.9562119841575624,471.5303436517716,551.3482068777084,29.104051254689693,0.8400299549102783,383.96643364429474,535.4998369216919,-251.02460277080536,0.9819544553756714,459.5833649635315,572.4685014486313,26.49106642231345,0.7974493503570557,362.2859177589417,536.9098669290543,-254.0678829550743,0.936781406402588,499.594983458519,585.6064302921295,-34.90678472816944,0.8258455395698547,401.7165527939797,585.3002419471741,-332.4231855869293,0.974459946155548,3.081100912111583,10.788217693704706,73.18820166841688,82.46878714159237
tom_3_frame141.jpg,tom_3,FO,frame141,P10,486.3620865345001,145.4632270336151,-6.807986734434962,0.9944121837615968,480.3831894397736,134.9885368347168,6.232804821804166,0.9937993884086608,479.6524775028229,134.24288511276245,6.171790039166808,0.9917457103729248,478.947900056839,133.36116015911102,6.089378383010626,0.9937816262245178,479.6278183460236,136.518172621727,-32.22637955844402,0.995019257068634,478.26529455184937,136.99725091457367,-32.25694005191326,0.9949966669082642,476.9644186496735,137.42358803749084,-32.34406380355358,0.9951729774475098,467.4898226261139,136.1053627729416,73.28684934973717,0.9888995289802552,467.7454242706299,141.0356640815735,-97.55653110146524,0.9946396350860596,486.4347994327545,153.50696980953217,22.696218103170395,0.9839497804641724,485.2802977561951,155.49281418323517,-28.149306759238243,0.9809797406196594,450.9178154468536,181.31228685379028,188.6987702846527,0.9968268871307372,461.892404794693,190.90086460113525,-174.68885213136673,0.9986215233802797,481.23224425315857,183.4804606437683,395.6569085121155,0.0563127510249614,523.1969127655029,181.6267478466034,-163.43832260370257,0.9328320026397704,505.0440323352814,141.68341279029846,519.8335196971893,0.1803217083215713,526.425418138504,135.3312987089157,-19.25688978284597,0.9372764229774476,509.546014547348,133.5864222049713,546.7518873214722,0.2203909009695053,528.785215139389,121.6035169363022,-26.733279049396515,0.9221365451812744,507.3543002605438,133.3190280199051,521.3975319862366,0.2381449788808822,518.7672746181488,122.91361570358276,-30.716068774461743,0.9224937558174132,505.2626979351044,136.19066059589386,509.69781589508057,0.2564445436000824,515.9748358726501,128.40092658996582,-15.949073672294617,0.882288932800293,500.5620198249817,329.9959373474121,108.25451505184174,0.999641478061676,484.158833026886,335.77691674232483,-108.3138116300106,0.999013364315033,502.5704765319824,435.79113721847534,42.06761588156223,0.6196088194847107,481.6636741161346,436.8711709976196,-159.02025002241135,0.9422010779380798,500.81667304039,541.1878752708435,64.77165523171425,0.8541561961174011,398.81594145298,523.7686777114868,-117.95367801189424,0.9780202507972716,487.32521629333496,562.6624178886414,62.315006494522095,0.8079075813293457,375.9513179063797,522.8763842582703,-115.05310517549516,0.9277464747428894,540.9034519195557,576.7946600914001,-2.3511993922293186,0.8812382221221924,393.505897641182,583.9588665962219,-178.66291499137878,0.9775632619857788,41.143946054648104,19.413999906349563,88.2701486111221,85.6686079159864
