NOSE_X,NOSE_Y,NOSE_Z,NOSE_V,LEFT_EYE_INNER_X,LEFT_EYE_INNER_Y,LEFT_EYE_INNER_Z,LEFT_EYE_INNER_V,LEFT_EYE_X,LEFT_EYE_Y,LEFT_EYE_Z,LEFT_EYE_V,LEFT_EYE_OUTER_X,LEFT_EYE_OUTER_Y,LEFT_EYE_OUTER_Z,LEFT_EYE_OUTER_V,RIGHT_EYE_INNER_X,RIGHT_EYE_INNER_Y,RIGHT_EYE_INNER_Z,RIGHT_EYE_INNER_V,RIGHT_EYE_X,RIGHT_EYE_Y,RIGHT_EYE_Z,RIGHT_EYE_V,RIGHT_EYE_OUTER_X,RIGHT_EYE_OUTER_Y,RIGHT_EYE_OUTER_Z,RIGHT_EYE_OUTER_V,LEFT_EAR_X,LEFT_EAR_Y,LEFT_EAR_Z,LEFT_EAR_V,RIGHT_EAR_X,RIGHT_EAR_Y,RIGHT_EAR_Z,RIGHT_EAR_V,MOUTH_LEFT_X,MOUTH_LEFT_Y,MOUTH_LEFT_Z,MOUTH_LEFT_V,MOUTH_RIGHT_X,MOUTH_RIGHT_Y,MOUTH_RIGHT_Z,MOUTH_RIGHT_V,LEFT_SHOULDER_X,LEFT_SHOULDER_Y,LEFT_SHOULDER_Z,LEFT_SHOULDER_V,RIGHT_SHOULDER_X,RIGHT_SHOULDER_Y,RIGHT_SHOULDER_Z,RIGHT_SHOULDER_V,LEFT_ELBOW_X,LEFT_ELBOW_Y,LEFT_ELBOW_Z,LEFT_ELBOW_V,RIGHT_ELBOW_X,RIGHT_ELBOW_Y,RIGHT_ELBOW_Z,RIGHT_ELBOW_V,LEFT_WRIST_X,LEFT_WRIST_Y,LEFT_WRIST_Z,LEFT_WRIST_V,RIGHT_WRIST_X,RIGHT_WRIST_Y,RIGHT_WRIST_Z,RIGHT_WRIST_V,LEFT_PINKY_X,LEFT_PINKY_Y,LEFT_PINKY_Z,LEFT_PINKY_V,RIGHT_PINKY_X,RIGHT_PINKY_Y,RIGHT_PINKY_Z,RIGHT_PINKY_V,LEFT_INDEX_X,LEFT_INDEX_Y,LEFT_INDEX_Z,LEFT_INDEX_V,RIGHT_INDEX_X,RIGHT_INDEX_Y,RIGHT_INDEX_Z,RIGHT_INDEX_V,LEFT_THUMB_X,LEFT_THUMB_Y,LEFT_THUMB_Z,LEFT_THUMB_V,RIGHT_THUMB_X,RIGHT_THUMB_Y,RIGHT_THUMB_Z,RIGHT_THUMB_V,LEFT_HIP_X,LEFT_HIP_Y,LEFT_HIP_Z,LEFT_HIP_V,RIGHT_HIP_X,RIGHT_HIP_Y,RIGHT_HIP_Z,RIGHT_HIP_V,LEFT_KNEE_X,LEFT_KNEE_Y,LEFT_KNEE_Z,LEFT_KNEE_V,RIGHT_KNEE_X,RIGHT_KNEE_Y,RIGHT_KNEE_Z,RIGHT_KNEE_V,LEFT_ANKLE_X,LEFT_ANKLE_Y,LEFT_ANKLE_Z,LEFT_ANKLE_V,RIGHT_ANKLE_X,RIGHT_ANKLE_Y,RIGHT_ANKLE_Z,RIGHT_ANKLE_V,LEFT_HEEL_X,LEFT_HEEL_Y,LEFT_HEEL_Z,LEFT_HEEL_V,RIGHT_HEEL_X,RIGHT_HEEL_Y,RIGHT_HEEL_Z,RIGHT_HEEL_V,LEFT_FOOT_INDEX_X,LEFT_FOOT_INDEX_Y,LEFT_FOOT_INDEX_Z,LEFT_FOOT_INDEX_V,RIGHT_FOOT_INDEX_X,RIGHT_FOOT_INDEX_Y,RIGHT_FOOT_INDEX_Z,RIGHT_FOOT_INDEX_V,Pose_Class,Image_Path
-0.0109577121433015,-0.41284909172628304,-1.9487587197687959,0.9999380111694336,0.008449602775171141,-0.4517735085287953,-1.951388233770807,0.9998342990875244,0.019447613705436694,-0.458222911872437,-1.9512755423881616,0.9998168349266052,0.029777318265941616,-0.46462555410111517,-1.9514804490130493,0.9998279809951782,-0.025714619656549288,-0.4469274886333341,-1.9378182162966844,0.9998397827148438,-0.0374278432923931,-0.45126755907372224,-1.9382617207845698,0.9997983574867249,-0.048649349116848484,-0.45673940823917114,-1.9385614566270701,0.9998123049736023,0.04364837857024984,-0.4882416598080282,-1.6106123970681165,0.9998010993003845,-0.07651955451862635,-0.4856231825909152,-1.5478000211201446,0.9998168349266052,0.009998092740568282,-0.40653096803458905,-1.7880828816862144,0.9999251365661621,-0.029192804328895428,-0.40181266988015446,-1.7707766220823218,0.9999239444732666,0.1442254375812928,-0.4031832642994941,-1.183304027968704,0.9999822378158569,-0.18529825169676437,-0.3957616799492546,-0.9987839422176942,0.9999918937683105,0.08475924054944961,-0.12035831762837125,-1.0006069722074356,0.9750246405601501,-0.1451974007566096,-0.11079051427798131,-0.7255014578579514,0.9803392291069031,0.009432747956240132,0.10678321742436118,-1.2299493293013941,0.9466676115989685,-0.09613497092077283,0.14890946361420118,-0.940668371737776,0.9595575928688049,-0.007102824575875158,0.19420065309447215,-1.3409738669854747,0.9040519595146179,-0.10265320894917485,0.22316858293106545,-1.020696026424657,0.9119851589202881,-0.03232855822768756,0.19710100398905261,-1.4403313612652595,0.9070229530334473,-0.08269637831945183,0.22395858437641483,-1.1412013801676266,0.9156930446624756,-0.030382453564245085,0.15927924913038927,-1.2672054489340214,0.8719057440757751,-0.07853797916732325,0.19344318112040185,-0.9878033577898995,0.9020938873291016,0.10496556060621495,-0.004405419824654191,-0.046090820883496204,0.9999362230300903,-0.10496556060621495,0.004405419824654191,0.04628075160782274,0.9999566078186035,0.17057155012113287,0.3235282463237834,-0.42997375265234317,0.9736207127571106,-0.17991353504367016,0.3390310081427875,-0.29029331028893274,0.9863475561141968,0.1528639000769928,0.6906819989333236,-0.11896844514067316,0.9827283024787903,-0.21234389308995882,0.6797998742444897,0.06754142498374861,0.9885913729667664,0.12331450594128571,0.7481232363780432,-0.11869045612104816,0.9024598598480225,-0.18112329736728838,0.7349351497497421,0.07592153050401351,0.9337290525436401,0.23471022812799744,0.8120166363626293,-0.5966600277423659,0.9746622443199158,-0.3120030110833449,0.8138940515621655,-0.3543201500856687,0.9824019074440002,P1,P1/grant_1_frame109.jpg
-0.01745248804846759,-0.41289112128606337,-2.0008009844743984,0.9999315738677979,0.0023416316191932638,-0.4507466807446686,-1.9997573603544236,0.9998147487640381,0.013860486266992822,-0.4571145467935705,-1.9996182593305676,0.999796450138092,0.02486485767587226,-0.4633208123379398,-1.9998538076396686,0.999807596206665,-0.03113143941762492,-0.44687926186748705,-1.989719220715049,0.9998204112052917,-0.04235420969430806,-0.4511965970699864,-1.9901746336561672,0.99977707862854,-0.05339214710367545,-0.45642204649092716,-1.9904959291717548,0.9997897148132324,0.037848010772906004,-0.4877193371293037,-1.6405463355517675,0.9997764825820923,-0.08109391812646492,-0.486372592969988,-1.5943842902955545,0.9997970461845398,0.0037072841368624224,-0.4055381151093033,-1.83283422623353,0.99991774559021,-0.035771609188136086,-0.4023220085603672,-1.8206497680564038,0.9999163746833801,0.14482050910526356,-0.4020092144772175,-1.1943477745850057,0.9999816417694092,-0.18687453028865755,-0.39688468292237256,-1.0426925535288571,0.9999915361404419,0.08175277914040964,-0.11582175661820496,-0.9974238182725298,0.9746910333633423,-0.14738948075396258,-0.10703149534194883,-0.7958654819581858,0.9803391695022583,-0.001921397019197828,0.11404781547887996,-1.227198702001426,0.9469512701034546,-0.10703589263458918,0.1535399006817995,-1.0224871404229028,0.9595441222190857,-0.02285807989124111,0.20156141441919215,-1.3387123577316764,0.9046728610992432,-0.11940511039082038,0.22732046155347815,-1.1085271333112254,0.9124810695648193,-0.05085798735504584,0.20447139611214973,-1.4423898181122037,0.9076836109161377,-0.10025438792465237,0.22971376136119545,-1.2329919151904458,0.9161843061447144,-0.04462130720324751,0.16714219258259352,-1.266218884415826,0.8728716373443604,-0.09372792618785544,0.19965372229539005,-1.0717667195846976,0.9025018215179443,0.10553744187918167,-0.007155494448997976,-0.03765949517300397,0.9999365210533142,-0.10553744187918167,0.007155494448997976,0.03784114229341205,0.9999561905860901,0.17248592917555955,0.32549514992388034,-0.5243106016655997,0.9745680689811707,-0.1849447784134431,0.3439595282971015,-0.34031673778563076,0.9864227175712585,0.15492255606434466,0.7016301814878455,-0.18033088246645795,0.9830496907234192,-0.21423206658591887,0.690685320106032,0.03313269997414639,0.9884817004203796,0.12504515121953486,0.7579014559477855,-0.17634248307550895,0.9038805961608887,-0.18575314737715945,0.7431826914456083,0.04134264916650251,0.9323298335075378,0.2359763855395718,0.8238208301899018,-0.6733198251636325,0.9749976396560669,-0.31115873001678107,0.826234064390922,-0.4123827942568397,0.9820681810379028,P1,P1/grant_1_frame115.jpg
-0.0241901273978075,-0.41811376395145516,-2.1554114371787,0.9999322891235352,-0.0020306760912851387,-0.45658697297031375,-2.154284142881908,0.9998167753219604,0.010704347476928965,-0.46286224455578756,-2.154109249898414,0.9997981786727905,0.02277753022343271,-0.46929501260782963,-2.154332234586476,0.9998087286949158,-0.04010276008876135,-0.4544586444306851,-2.144669977132329,0.9998226165771484,-0.05299628525563272,-0.4590975609751919,-2.145149811728069,0.99978107213974,-0.06569357771158109,-0.4643409484944804,-2.1454640314826756,0.999793529510498,0.03718246478081741,-0.4952112610739413,-1.7680107986115494,0.9997747540473938,-0.09295229605939334,-0.49413700682431,-1.7286642071251628,0.9998012185096741,-0.0012765177530885486,-0.4084277699164359,-1.9747407998011353,0.9999179840087891,-0.04542918698217565,-0.40673188012865613,-1.964268869790335,0.9999176263809204,0.15156510479290966,-0.3970551642359973,-1.2800969511397888,0.9999815225601196,-0.19787138549955754,-0.4016035415746369,-1.1171783381761324,0.999991774559021,0.07569526054041383,-0.09378129807929736,-1.0568568048912377,0.9746479988098145,-0.16649286267230434,-0.0933615394553411,-0.8432363139598288,0.9806944727897644,-0.031068942143827005,0.1408606026802747,-1.294840073986211,0.9480493664741516,-0.14771135104565392,0.1800553419033624,-1.1093959869999135,0.9608502984046936,-0.060486993490322286,0.23264184253807632,-1.4122517182075702,0.9061972498893738,-0.1574241743756654,0.2578766887656677,-1.2021830548074381,0.9151520729064941,-0.08355585738387236,0.23520245519384778,-1.5204467650794946,0.9093137979507446,-0.1403025997351481,0.2592640803199634,-1.3374797874677247,0.9188490509986877,-0.07431188951447439,0.1969525401344634,-1.3355162232728466,0.874872088432312,-0.13134586768965828,0.22796148362435964,-1.162997284455299,0.9056243896484375,0.11068684663852275,-0.0036538870972415887,-0.03961521303718424,0.9999373555183411,-0.11068684663852275,0.0036538870972415887,0.03979496013213714,0.9999567270278931,0.18086918962407772,0.3543330299231818,-0.5590339786963956,0.974824070930481,-0.19520562056370128,0.3523710120853638,-0.4618382855695351,0.9863604307174683,0.16285258351719137,0.7607419533798421,-0.2524079970227269,0.9834884405136108,-0.2259084626735565,0.7428356025313388,-0.07750058408438851,0.9885640144348145,0.130707067588143,0.8195771282585966,-0.2563245135371583,0.9061439633369446,-0.19623572631926753,0.7964863060947935,-0.06984330903250023,0.9325469136238098,0.24771449407399965,0.8886312491331239,-0.7993357009315333,0.975640594959259,-0.32299301138672437,0.8897791099788145,-0.5685860582100127,0.9822487235069275,P1,P1/grant_1_frame121.jpg
-0.026184184866984882,-0.4214635905462241,-2.2558680280260845,0.999930202960968,-0.002861713523793861,-0.4592698171069555,-2.2524112140039425,0.9998095035552979,0.010135989380382779,-0.46490071159796825,-2.252224884568926,0.9997896552085876,0.022562060760850326,-0.4709937947511561,-2.252446615016193,0.9998002052307129,-0.04165663978381308,-0.4591286081585358,-2.241924770406301,0.9998154044151306,-0.05467172711364855,-0.4641730943640294,-2.2424417200093014,0.999773383140564,-0.06749337319797119,-0.4694510850141679,-2.242810743953968,0.9997868537902832,0.03736553137027996,-0.49695798761344007,-1.845881319219356,0.9997627139091492,-0.09506791701707958,-0.49738659272604696,-1.8041590137186223,0.9997965693473816,-0.002984510785038529,-0.41038125624906774,-2.067095765124511,0.9999163150787354,-0.048158573020450006,-0.41070255204328965,-2.0559670460188926,0.9999169111251831,0.15283636348138277,-0.39106952994560285,-1.3414112051982674,0.9999812245368958,-0.20248114685542976,-0.40738860639201624,-1.150535426791975,0.9999920129776001,0.06830664823833806,-0.08123647286232862,-1.1154598193815466,0.9748278856277466,-0.17783255991493627,-0.09058676522304876,-0.8471073452622313,0.980705976486206,-0.062408902813462216,0.15396745743083975,-1.3867298742471137,0.9496520161628723,-0.18131078838868567,0.18231276346756753,-1.1046512897885168,0.9620745182037354,-0.1015573650752888,0.25566334477058283,-1.5107791302196845,0.9088191986083984,-0.19557431454117527,0.2688590720870369,-1.1964172722120507,0.9179520010948181,-0.12328805518906373,0.2520916354988589,-1.6280419805357464,0.9119423031806946,-0.17904425438335697,0.26794149049271704,-1.3362200576563066,0.9216697812080383,-0.11062508149893627,0.21358702914734218,-1.4306875008071067,0.877922773361206,-0.16535931352483998,0.23455643945749347,-1.158598718513125,0.9089962244033813,0.11246056076804255,-0.001718924597075462,-0.03546107988624799,0.9999371767044067,-0.11246056076804255,0.001718924597075462,0.03568482781586749,0.9999575614929199,0.18405073191275106,0.3682025305546733,-0.5681700079900107,0.9747967720031738,-0.19929236906889994,0.3480765809694419,-0.5665807554043267,0.986487865447998,0.1637571016400286,0.7896563226064351,-0.22195188138858551,0.9835578799247742,-0.22941712911204254,0.7630775902971114,-0.11333814830583253,0.9886925220489502,0.12354834745324644,0.8492733656792053,-0.22346804036638568,0.9069263935089111,-0.19896783344989616,0.8218522789265945,-0.10181718321877173,0.9329909086227417,0.25023671728106134,0.9176689115487534,-0.7821128252124842,0.9758296608924866,-0.32498579660821314,0.9167298364827098,-0.6373020608566184,0.9825073480606079,P1,P1/grant_1_frame127.jpg
-0.026386407751691526,-0.42272900831476734,-2.143656110852519,0.9999315738677979,-0.00322336167914939,-0.4588432449152155,-2.1437596568978314,0.9998114705085754,0.009372016982884502,-0.46357800175348346,-2.143504955624006,0.9997918009757996,0.02160663430950554,-0.4686409948416109,-2.1436155723400905,0.9998020529747009,-0.039755946300301694,-0.4593137587736187,-2.1325358312396387,0.9998166561126709,-0.05191105786223679,-0.4645135300596891,-2.132990868185351,0.9997751712799072,-0.06379104176811445,-0.4701193149741161,-2.133350843890678,0.9997881650924683,0.03632902786591391,-0.49241691094410855,-1.7618626724119264,0.9997634291648865,-0.09072244111034582,-0.49521783932610747,-1.7210996269046,0.9997974634170532,-0.0034901616562970496,-0.41122761954725084,-1.9647642121587388,0.999917209148407,-0.04853504825741076,-0.41155389172189577,-1.953794459270303,0.9999181032180786,0.14425826055308635,-0.38458038260706395,-1.3137133456620118,0.9999812245368958,-0.20204842403661022,-0.41332957284188737,-1.0566828357576579,0.9999921321868896,0.05028951736508494,-0.07447773213662584,-1.1047931723906692,0.9753696322441101,-0.19516834712296793,-0.09738458423817901,-0.6608085492887449,0.9805086851119995,-0.09898255583275599,0.15601686461070338,-1.37710112350707,0.9523520469665527,-0.20896354005208048,0.17638463883786457,-0.9082591644895041,0.9635483026504517,-0.1380393699196781,0.2580606280728936,-1.5010058297375488,0.9132929444313049,-0.22894415577294494,0.2630603779391118,-0.9834198448597414,0.9213668704032898,-0.16617679000666616,0.2523962351540637,-1.611979221881293,0.9163625836372375,-0.21507165684338678,0.26193394152204963,-1.135794842644574,0.925114631652832,-0.15526870907996806,0.21456673238722423,-1.4183622584888123,0.8833740949630737,-0.19964038926053457,0.22884618770124202,-0.9681480601843125,0.9131432175636292,0.11059448275334866,-0.002074691930658244,-0.035799751332184666,0.9999363422393799,-0.11059448275334866,0.002074691930658244,0.03601317265518826,0.9999583959579468,0.1807496781577412,0.3663160543717024,-0.4924217818506407,0.9749316573143005,-0.2021097817463135,0.35059213958187874,-0.4807387161257762,0.9866640567779541,0.1608125863436317,0.7822278361796938,-0.1415866763443432,0.9837051630020142,-0.2269411918691229,0.7565177773688928,-0.10573413312548478,0.9887625575065613,0.11740715260562676,0.8422781002941316,-0.141683416869037,0.9082545042037964,-0.19575403435195374,0.8132082158582726,-0.08490988817770459,0.932735800743103,0.24628945393390328,0.9129536970673776,-0.6730450521275719,0.97613525390625,-0.32304237079909104,0.9122840259822166,-0.61706160215243,0.9826509356498718,P1,P1/grant_1_frame133.jpg
-0.025612245253198808,-0.4239877917419958,-2.164973709372571,0.9999316930770874,-0.002537390338671186,-0.4598973640225431,-2.1624774828895488,0.9998112916946411,0.009928973364870853,-0.4643495021047057,-2.1622407121625904,0.9997914433479309,0.022032560951261698,-0.46910549857169737,-2.1623643608434904,0.9998015761375427,-0.03913017264322544,-0.4610351832691473,-2.148469674194508,0.9998161196708679,-0.05136070830352628,-0.46662199831885676,-2.148930018076385,0.9997733235359192,-0.06307481040077992,-0.47268172636667155,-2.1492828960145056,0.9997868537902832,0.03570147484998573,-0.49172865087175566,-1.7749526187700695,0.9997644424438477,-0.08958244807132158,-0.4973957511513761,-1.7238233393191043,0.9997976422309875,-0.004128483339273236,-0.4123824125001205,-1.9850529380027238,0.9999164938926697,-0.047646691571894814,-0.41316044079467773,-1.970493816447101,0.9999183416366577,0.1339608551958456,-0.37560431428816915,-1.346790544971542,0.9999808669090271,-0.20087851576960128,-0.4215920396318269,-1.0419300873511013,0.9999922513961792,0.02842741306052452,-0.06667326982008366,-1.1769718079856397,0.9758744239807129,-0.2106102325666578,-0.10964181488862838,-0.5457315837989982,0.9795171618461609,-0.13734100477765193,0.1605488566532746,-1.474427563564817,0.9551002383232117,-0.23688809108114334,0.16024452692658692,-0.6707929155275927,0.9646673202514648,-0.1695280761731134,0.25820743324340206,-1.5998073259973682,0.918171763420105,-0.2695901034570999,0.240683728511285,-0.7215481852137772,0.9243288040161133,-0.20059798880677174,0.25038520087241617,-1.7089336500066667,0.9210706353187561,-0.2615879756100905,0.24391037776114816,-0.8751356368437798,0.928095281124115,-0.1905863735026971,0.2151838197343803,-1.5137610416630418,0.8890840411186218,-0.24176742200112922,0.21709935304763597,-0.7282248211974924,0.9167954325675964,0.10994237388044746,-0.0019024142981919538,-0.03609945676710489,0.9999340772628784,-0.10994237388044746,0.0019024142981919538,0.03632023378464331,0.9999590516090393,0.1800909257807935,0.36714003574882537,-0.5081840200029204,0.9753158092498779,-0.20349477731260765,0.3567628162764481,-0.5526538281695201,0.9871319532394409,0.1600889055562802,0.7809261828607637,-0.12912703822407853,0.9838686585426331,-0.22598226171437227,0.7575598815636828,-0.07462138974579775,0.9890533089637756,0.1139332253970163,0.8415094801971073,-0.1249453423528964,0.9094906449317932,-0.19281959122863346,0.8143735438290829,-0.05766405626468187,0.933813750743866,0.24468832749872899,0.9124527144710136,-0.6649144969813771,0.9765273928642273,-0.32298056691761023,0.9129584642852664,-0.5720761371864723,0.9830126166343689,P1,P1/grant_1_frame139.jpg
-0.01947197945293462,-0.43260703678396767,-2.481086690388694,0.9999305009841919,9.225644222548433e-05,-0.4733558267934605,-2.4733150965410324,0.9998092651367188,0.012227587939778874,-0.47851822124500826,-2.4732457653884055,0.9997885823249817,0.02352571007254485,-0.4835493307336298,-2.4736779348615303,0.9997997879981995,-0.0379810174164667,-0.47141986937943386,-2.4557947811019183,0.9998175501823425,-0.05115044606006602,-0.47702815674736126,-2.456367199405529,0.999775230884552,-0.06366368786781906,-0.4836285776689551,-2.4566878361548627,0.9997905492782593,0.03598881768297503,-0.5087197121876544,-2.0663629660168614,0.9997560977935791,-0.09230760766420784,-0.5109947893699648,-1.9747831768027129,0.9997972846031189,0.0031272792105376344,-0.42566313314970283,-2.2952573073004303,0.9999104142189026,-0.0415698961431781,-0.42214120578777076,-2.269182923769362,0.9999114274978638,0.15786235428199538,-0.42011791015973704,-1.5468238656851176,0.9999784827232361,-0.19543809382801494,-0.37899914246620325,-1.4230558593068805,0.9999911785125732,0.1443841878283001,-0.0924097005628701,-1.4723606212386058,0.9772988557815552,-0.14255698671890904,-0.06961395074944725,-1.29916719768477,0.9806420207023621,0.06863823773192923,0.17662753674419132,-1.7437121229012014,0.9562371969223022,-0.0209412604700459,0.18671149111710927,-1.518363824163087,0.9658069610595703,0.06896871093769998,0.2686625000473252,-1.897635848969149,0.9191737771034241,-0.001561537459336766,0.2686391781264187,-1.6408898985899207,0.9254941940307617,0.052178197105184995,0.2683039453449527,-1.995512239523014,0.9220898747444153,0.029204518487022903,0.2662954044015742,-1.753397383483384,0.9289589524269104,0.051858829576036415,0.23083053667638018,-1.7868335613947564,0.8909284472465515,0.02942885315479046,0.2390189107024192,-1.5633614873956938,0.9173271059989929,0.11084710691218926,-0.0042522049261004835,-0.04877036569687149,0.999930739402771,-0.11084710691218926,0.0042522049261004835,0.04919488514364476,0.9999566674232483,0.19592230132874097,0.4001909945966019,-0.5009149599626493,0.9745704531669617,-0.20670638928642426,0.35919819700646805,-0.36249376688096213,0.9865459203720093,0.1679234626915763,0.7793357800790786,-0.10139004815302664,0.9828801155090332,-0.2299424791779156,0.7555444063564795,0.11810343702771382,0.9883268475532532,0.11843387057035376,0.8395206147450072,-0.09697140681433429,0.9069923162460327,-0.19659546398456682,0.8131479644703725,0.13565375762527285,0.9314799904823303,0.25678315439591254,0.9110364126159987,-0.6438749240904195,0.9749331474304199,-0.3283931125394076,0.9102111021904493,-0.362823050192809,0.9815046787261963,P1,P1/grant_1_frame49.jpg
-0.01936000478812534,-0.4358535592420166,-2.298394734973224,0.9999268054962158,-0.00027291199521914427,-0.4783488255748598,-2.290563401219504,0.999798059463501,0.011631013032612256,-0.48381125219735116,-2.2904650908757715,0.9997773766517639,0.022699300138718674,-0.48913016742690196,-2.2907939808427376,0.999788761138916,-0.03750648157932737,-0.4753150055825515,-2.2735817624442602,0.9998103976249695,-0.050316908609460545,-0.4802759564138277,-2.274110684498631,0.999769389629364,-0.0625292552046163,-0.48587778524296793,-2.2744428308019033,0.9997859001159668,0.03497785890544181,-0.515294441991285,-1.9054822500107869,0.9997343420982361,-0.0905224277960518,-0.5106312133366117,-1.825908245132032,0.9997869729995728,0.0036089510095058883,-0.4309475009370515,-2.1234350415563394,0.9999028444290161,-0.040565421880286494,-0.42446444547789397,-2.0987454996797585,0.9999024868011475,0.16250560261687308,-0.42729575236465894,-1.4207713186110142,0.9999763369560242,-0.18889782072271763,-0.3722687858831635,-1.2923283118019802,0.9999901056289673,0.15092188399252324,-0.10265794036073535,-1.3003075762621998,0.9786160588264465,-0.1236148679799768,-0.07400822834443745,-1.1392018105980772,0.9817043542861938,0.07876813917468997,0.16119578010345484,-1.5417356839010588,0.9580362439155579,-0.01604009239173791,0.17756011055314913,-1.3554788294548041,0.967358410358429,0.07404955280280442,0.25173604021737606,-1.6775368477857386,0.921703577041626,0.00166476317083678,0.2598032257578738,-1.4725751324035183,0.9280927777290344,0.05627677936869225,0.252792798880682,-1.7768344816735215,0.9245277047157288,0.033332633752444586,0.2561316290403744,-1.5816175852842282,0.9312575459480286,0.05653651095505138,0.21573274550262506,-1.5820678900763399,0.8946154117584229,0.03389473942441583,0.22770598397469677,-1.39915591327149,0.9196182489395142,0.10865138239665169,-0.004627874146201909,-0.049677581247932964,0.9999271035194397,-0.10865138239665169,0.004627874146201909,0.05008334401127938,0.9999541640281677,0.192818217040404,0.38893014072310905,-0.4542655049740227,0.974030077457428,-0.20160559562737632,0.34513675918118797,-0.31492658367063525,0.9861927032470703,0.16336977224718915,0.7551808294526062,-0.07739261329225226,0.9818784594535828,-0.2245460972482333,0.7306838766090151,0.11162671432464363,0.9878352880477905,0.11398975811222525,0.8118617046505833,-0.07301240484341631,0.9035958051681519,-0.19164004355195227,0.78610408446544,0.12599568593656524,0.9289608001708984,0.25008926442804236,0.8806843724904064,-0.5903441939970226,0.9733970165252686,-0.3214996341861708,0.8808862653414152,-0.3453952502584779,0.9804904460906982,P1,P1/grant_1_frame67.jpg
-0.019261374989241305,-0.4322127876477154,-2.3402058931192227,0.9999259114265442,-0.0004635866378897819,-0.4761386527314607,-2.339383624122086,0.9997951984405518,0.011801342236494204,-0.4836159620048745,-2.3392774746888003,0.999775230884552,0.0232365311858856,-0.4913784895136192,-2.3396443283753894,0.9997868537902832,-0.038103210686076396,-0.46929730619177784,-2.3218188501556134,0.9998095631599426,-0.05096690329924232,-0.47434765342234614,-2.3223762125025273,0.9997695684432983,-0.06321735725090556,-0.48095008591497146,-2.322687501163189,0.9997863173484802,0.03682256913611597,-0.5184024698337704,-1.9620715724005542,0.9997275471687317,-0.09133746276741017,-0.5112235307416003,-1.871843620241906,0.9997828602790833,0.005574168224296023,-0.431529975970555,-2.1645425890214667,0.9998981356620789,-0.03946447599914809,-0.4198921381030731,-2.1389722489244383,0.9998955726623535,0.16672752962697882,-0.4318392412549219,-1.4504893592997068,0.9999751448631287,-0.19018904469235734,-0.36781665806105085,-1.3115159375464602,0.9999889731407166,0.14895948416509475,-0.10985913807675515,-1.3117824006399863,0.9795281887054443,-0.12082443679287838,-0.07429059531011308,-1.104446798296755,0.9819064140319824,0.07898755208866566,0.15053872936279447,-1.5467075947997901,0.9590034484863281,-0.029058718650563482,0.1764896198474811,-1.328014703494498,0.9675319790840149,0.07095023451472225,0.2366570486233928,-1.6791313474883935,0.9228312373161316,-0.013913435799080855,0.25871776471579566,-1.4381604606055571,0.927998960018158,0.052473540416842816,0.240271576906661,-1.7797312821759448,0.9257526993751526,0.016551295909524373,0.25497389599402265,-1.5551846076069176,0.9311078190803528,0.0539445349827976,0.20351289976814577,-1.5869800983398497,0.8964561820030212,0.017588976659838686,0.2261547917900032,-1.3742432486233198,0.9191848039627075,0.1091987391831623,-0.005859386459626902,-0.055608873854220295,0.9999246001243591,-0.1091987391831623,0.005859386459626902,0.055998033318900096,0.9999527335166931,0.19261398335890856,0.3951761297352297,-0.3849509587209112,0.9736605286598206,-0.2026629260802102,0.3482244610476918,-0.2788788028454306,0.9860768914222717,0.1647289007812032,0.7569548772897644,-0.009420844282152039,0.9817796945571899,-0.22577727646678625,0.7341559401386033,0.17013384470734724,0.9878613352775574,0.1191039443654036,0.8122458135520871,-0.0061406059732367485,0.9010936617851257,-0.19121053843231728,0.788833015162102,0.1865743218536762,0.9282808899879456,0.2532793183475479,0.8822283294429787,-0.5234382643194527,0.9730708003044128,-0.32449266960269413,0.8824137018404025,-0.27744006556693684,0.980354905128479,P1,P1/grant_1_frame79.jpg
-0.018577901280141144,-0.42902844834495163,-2.2930965395738254,0.9999238848686218,-3.8793085430755026e-05,-0.4722428721883384,-2.2865607480066874,0.9997895359992981,0.012044716363012251,-0.47962605500699057,-2.286419528909131,0.9997691512107849,0.02331203769387459,-0.4871409503172831,-2.286743520172037,0.9997809529304504,-0.03677277834128614,-0.46558334141194097,-2.277894863384988,0.9998052716255188,-0.04921186551745215,-0.47064844571066367,-2.278454986472255,0.9997668266296387,-0.06115599585658071,-0.4772821399854995,-2.278820530802954,0.9997837543487549,0.036624812620176736,-0.5135915479545653,-1.8912130544288959,0.9997163414955139,-0.08946712827100434,-0.5070457897844509,-1.8456471256125206,0.9997783303260803,0.005593564254995824,-0.42822445014947275,-2.110651892131217,0.9998950362205505,-0.03844655431188741,-0.41693773227589503,-2.098922733751669,0.9998933672904968,0.16304074477426367,-0.4270314477732119,-1.424683269065092,0.9999740123748779,-0.18901463212457267,-0.3725467892842467,-1.290103155749896,0.9999884366989136,0.1348298917190168,-0.1133483356610013,-1.1799184498720965,0.9798552989959717,-0.12677856317007008,-0.07988546616813806,-1.0790473044771014,0.9824851155281067,0.05729968716652739,0.135725429329524,-1.4235897027200637,0.9597399234771729,-0.05023811895930213,0.17361753385122322,-1.3264499768132114,0.9676724076271057,0.04368684082446245,0.22925709162660918,-1.5426272820246332,0.923650324344635,-0.042629920911916225,0.25287119405684183,-1.4370303568291691,0.9281859993934631,0.022056552383570155,0.23320892637288132,-1.6600288051175576,0.9266449809074402,-0.016835739079887238,0.2522452913899314,-1.5547877643145236,0.9312193989753723,0.02509268631485229,0.1972084830960802,-1.4691120851480501,0.8978580832481384,-0.014433941094957013,0.22281805277451777,-1.3722540307745428,0.9187726378440857,0.10766323199097717,-0.006230430185180175,-0.024235383564176437,0.9999222755432129,-0.10766323199097717,0.006230430185180175,0.024504225492007547,0.9999514818191528,0.18976197401544026,0.38174305051663787,-0.3826791062015525,0.9733384251594543,-0.19900737826712217,0.34452438169142824,-0.3773091005179323,0.9860978722572327,0.16261003419333486,0.7425797712993452,-0.023800391656440264,0.9811811447143555,-0.23788510315699885,0.7391802396903124,0.054111064209708154,0.9878969788551331,0.11779666056784571,0.796621145954396,-0.013604298063358366,0.9007561206817627,-0.21838782108538415,0.791953709114427,0.06937152898119768,0.9260605573654175,0.24981198360636075,0.8655034057705432,-0.5263234615927922,0.9722596406936646,-0.319832199483869,0.9040908725152799,-0.43908919738627006,0.980128288269043,P1,P1/grant_1_frame97.jpg
-0.0065920817671078795,-0.07209876293618764,-1.5045700097382178,0.9999228119850159,0.006588049108536339,-0.10701720284119115,-1.504988003565807,0.9998013377189636,0.014481890595835519,-0.11251397947367245,-1.5048249438931316,0.999783992767334,0.022957837581287454,-0.11990820963055408,-1.5050903980269277,0.9997932314872742,-0.015095380697653739,-0.10861211930623528,-1.4992030671784418,0.9998130798339844,-0.02279048225056854,-0.11396696389029651,-1.4992397117715486,0.9997789859771729,-0.03030192250549689,-0.12086114438430716,-1.4992686417134748,0.9997907280921936,0.036017602365220266,-0.1700180250405121,-1.3041045358176706,0.9997318387031555,-0.037877271632135084,-0.16445698887035823,-1.2885650366782033,0.9997862577438354,0.006652045646736868,-0.08120617165404835,-1.4113182869309788,0.9998932480812073,-0.02138054208087114,-0.0870857878513539,-1.4069214617571306,0.9998915791511536,0.09810721906035454,-0.12242432557972308,-1.0261743207325573,0.9999635219573975,-0.062168253537279304,-0.07506259165328828,-0.9156551045879463,0.9999368190765381,0.0464804226955719,0.3318368662066669,-0.9822713805296345,0.9641539454460144,-0.09913414433224631,0.42669761978395027,-0.9229911241950127,0.9719418287277222,0.03266067710388514,0.7753334019352746,-1.0598306261711594,0.9559763669967651,-0.055078226103076895,0.7910542830439705,-1.0177758709248717,0.9624956846237183,0.04053058563922714,0.8541925663006865,-1.1318860818609484,0.9213308691978455,-0.10176238572300227,0.8597251985278583,-1.0642022033956904,0.9237757921218872,0.023901655020009224,0.8564794343767126,-1.1622428835896146,0.9251867532730103,-0.06917070214728674,0.8636579173000168,-1.113225041987637,0.9278326630592346,0.014051711126041007,0.8362165523855929,-1.0786943509709361,0.8999727964401245,-0.053228989148553674,0.8467956184825937,-1.0411455656794002,0.9174650311470032,0.05362497868698078,-0.0070425121962507786,-0.019876780958884163,0.9999275207519531,-0.05362497868698078,0.0070425121962507786,0.019738791162967107,0.9999512434005737,0.09973536112536853,0.4856656080787497,-0.09784531541943114,0.9314913749694824,-0.07098452183957295,0.4098765242171494,0.1601353596288955,0.9332734942436218,0.03877296016747043,0.8196097137220277,0.01278467418510581,0.9416500926017761,-0.07968761270239141,0.8117605821449783,0.26369832740409044,0.9418184161186218,0.020671057171752126,0.9157758213456205,0.018577348510062784,0.8657349944114685,-0.0741970603907488,0.856909350847035,0.2696603281860178,0.8834273815155029,0.017808921583846837,0.9575255848708131,-0.18752497939719223,0.9413737058639526,-0.08548569906335932,0.996339397622943,0.11421796401144087,0.9413979649543762,P1,P1/rob_1_frame477.jpg
0.012645385765931253,0.21340697264763167,-1.3545826012107414,0.9996402859687805,0.016664084203152848,0.19301604788604046,-1.3614108775338605,0.9994317889213562,0.02158290571747128,0.19054226756906453,-1.3612443983926588,0.9994215965270996,0.026467655793573703,0.1860667210060076,-1.3614362233598505,0.9993831515312195,-0.00045937578334527166,0.19500382545220354,-1.3586645257111565,0.9995042085647583,-0.007592425276359972,0.19419608306327774,-1.358863414269198,0.9995279312133789,-0.015005663873077842,0.19200096833040997,-1.358978509249513,0.9994841814041138,0.029832210317404264,0.1494870155294659,-1.18529589039889,0.9992594718933105,-0.027780167924687432,0.1665070839361744,-1.1746793133518514,0.9995484352111816,0.021534360843102538,0.20798116536262345,-1.2659006031110773,0.9995846152305603,-0.000255639662956067,0.20840622732963532,-1.2630320927172087,0.9995090961456299,0.10178575551102566,0.09626500525489114,-0.8157264626144104,0.9997005462646484,-0.05830956158404218,0.18279544743192697,-0.8046262373468422,0.9996873736381531,0.10174351246770907,0.38187236789598356,-0.6599007399335085,0.9207444787025452,-0.03602074691239437,0.5124079423030391,-0.6782150382361904,0.9504353404045105,0.08358856046448858,0.6327139136401925,-0.6431285204645542,0.9177026748657227,-0.049211933573243195,0.7747519224879027,-0.7387935706280137,0.9398998618125916,0.08384721254118936,0.6953223973906048,-0.6807934566489883,0.8833280205726624,-0.05475311284212919,0.8365084817811336,-0.7854628538734968,0.9002062678337097,0.07705723196061794,0.6967772201020719,-0.7269057549807084,0.8891687393188477,-0.05589907658115046,0.8435411867335486,-0.8292363418741822,0.9037045836448669,0.06923042704474155,0.6739161160698203,-0.6638044126413057,0.8722301125526428,-0.034211498142411916,0.8121708102577403,-0.7604601660468753,0.8974574208259583,0.050241348063245074,-0.008328977749663704,0.001648340673578202,0.999933123588562,-0.050241348063245074,0.008328977749663704,-0.0015020044794368803,0.9999541640281677,0.05567013313655266,0.4771316770909317,-0.10078121074714029,0.8756032586097717,-0.045389284407545,0.4998859962497502,0.08293745493392626,0.8778360486030579,0.05478365248492037,0.8513349589745692,0.2003608666027636,0.8998041152954102,-0.07765659841947876,0.8661471704845243,0.21410239009186974,0.9209399819374084,0.037095105230449475,0.9205985918213933,0.2313154434181889,0.821003794670105,-0.07682067091804502,0.9100944782208238,0.2317097926151829,0.8405125737190247,0.06985313105376253,0.9746163640808057,-0.01250952525681783,0.9078418016433716,-0.09446780613988752,0.9955279170385513,-0.015035624621704715,0.9202879667282104,P1,P1/rob_1_frame546.jpg
-0.0028984101647628706,0.07613115465024688,-1.3240774290131085,0.9980505108833313,0.009845853798810325,0.04286693017301235,-1.3271770374729266,0.9973039031028748,0.016752151541061175,0.039103140781315944,-1.3270470953848017,0.9972918033599854,0.02370748817033782,0.03519143081236141,-1.3272483667631458,0.9970144033432007,-0.011942759531364758,0.04759417656569388,-1.3230975282720627,0.9978361129760742,-0.019091036044021566,0.046479948739173424,-1.3232793594954906,0.9980670809745789,-0.026182088341266757,0.04507411858890795,-1.3234376578998093,0.9979307651519775,0.03200361082252829,0.010432858777336646,-1.145038791147195,0.9964950084686279,-0.039552895342801375,0.023114417278811288,-1.132882847661353,0.9980051517486572,0.005511430085359246,0.07942925732342117,-1.2360477302214383,0.9973148107528687,-0.0178896929368234,0.08259946424056692,-1.2319682210205742,0.9971186518669128,0.061358902495796334,0.06312788350989365,-0.8193944905617061,0.9986026883125305,-0.05611473799889211,0.11513804473974022,-0.769161203341186,0.998949408531189,0.07807049281137418,0.2921712040678375,-0.6147585768343773,0.8654505014419556,-0.07972838722594958,0.43342410052281805,-0.6518821836455284,0.9126412868499756,0.030856860932332014,0.4637524961912402,-0.6009145189938926,0.8608784079551697,-0.0812443538929779,0.6991489470757892,-0.7351444402354796,0.8999310731887817,0.0741747880827455,0.5944045153871073,-0.634695990450151,0.8274409770965576,-0.08993424930715789,0.755839800643123,-0.797517227201781,0.8590543866157532,0.030981175607191734,0.5131791631493107,-0.6762037906946706,0.8364562392234802,-0.08184561011289025,0.7679336233331797,-0.844004338103292,0.8653907775878906,0.02662585007304114,0.5240587800732772,-0.6203795587701861,0.8260453343391418,-0.07031160541779265,0.7389088873767785,-0.7580413616457533,0.8643650412559509,0.056910103434811184,-0.0031547132598440217,-0.0036053382547226024,0.9999290704727173,-0.056910103434811184,0.0031547132598440217,0.0037686388676063548,0.999950647354126,0.044742832039149506,0.4567530172553115,-0.1087677215693603,0.8468039035797119,-0.057008181208862765,0.4869334923464755,0.020717490941141812,0.844641387462616,0.048960395573235095,0.8554913502434602,0.22017088135826657,0.8765438795089722,-0.08215475242603348,0.8825269052355276,0.2503115260568389,0.9084267616271973,0.03821693281697205,0.9113174823334629,0.24277936129705133,0.7887066006660461,-0.08435536334590475,0.9222448957285395,0.2646033286683572,0.8095391988754272,0.06668389711051058,0.9784270896033256,0.00037276506330224,0.8867018222808838,-0.1025185339507617,0.9947310944152628,0.0005106442535633375,0.907007098197937,P1,P1/rob_1_frame550.jpg
-0.004159725289830676,0.05283056738028527,-1.3258346896164739,0.9980143308639526,0.012770276572050779,0.01451323451052464,-1.353300852857331,0.9972231984138489,0.02026484158650691,0.010800572838402023,-1.3525123548799456,0.997182309627533,0.027818273297787296,0.007436374946331011,-1.352364699461602,0.9969099760055542,-0.010424254510236262,0.018802158291405732,-1.3602005108833193,0.9977924823760986,-0.017527878498528784,0.017219373402209096,-1.3601833696229413,0.99801105260849,-0.024583010763383706,0.015583510750614094,-1.3604846949369536,0.9978932738304138,0.039827154630901154,-0.01709630215993413,-1.1462551774385534,0.996304988861084,-0.03609141240204158,-0.009462126090557644,-1.1298439994269711,0.9979368448257446,0.005111666688539069,0.05790287683282499,-1.268010452074681,0.9971473217010498,-0.01926831787462255,0.05977074794725478,-1.2540757351019118,0.9969229698181152,0.061567610638759276,0.02618237305570901,-0.7613513332524405,0.9980137348175049,-0.06663525887137166,0.07985865112893938,-0.7710543391598883,0.9988989233970642,0.056116313933740565,0.25003475355119326,-0.4048793142322921,0.8168733716011047,-0.0921231101579077,0.3643047104317528,-0.6131313058501674,0.9062703251838684,0.0290919140524484,0.38235310435232844,-0.21062355641308184,0.8077706694602966,-0.053951177277493295,0.6465618758928828,-0.6123743086977748,0.879522442817688,0.017859125837235874,0.4268782799937009,-0.19354518491367464,0.7745795249938965,-0.07469984597436095,0.6952373416127815,-0.6252655514450366,0.8317083120346069,0.021115739766145326,0.4025256613023708,-0.2288742247242139,0.7849750518798828,-0.0639408482104721,0.7034374799984964,-0.6716019493425284,0.8405835032463074,0.02000328700381014,0.4081034875741267,-0.2189860105056212,0.7781415581703186,-0.05494078434045322,0.674541074049613,-0.6306783179046882,0.8430567383766174,0.052713172300986336,-0.002236408212555565,-0.0009721755042013013,0.9999278783798218,-0.052713172300986336,0.002236408212555565,0.0006695972230254841,0.9999504089355469,0.04690702143375758,0.45186753110994526,-0.040293069875976625,0.8284240365028381,-0.05080635744587332,0.4872887427854992,0.011023856785006893,0.8289633989334106,0.05332168704440331,0.8714457392497065,0.16016882034785607,0.8683934211730957,-0.0857108503381922,0.8844118998301552,0.22852401298668953,0.8994497060775757,0.035069101618623734,0.9174364926533931,0.1693072923773302,0.7682857513427734,-0.08638567469412385,0.9213755242158578,0.2203960107383985,0.7868766784667969,0.07199513552104132,0.9974049831744911,-0.07447781308602791,0.8787018656730652,-0.09910915111448484,0.99436977719213,-0.046927743187668416,0.8992456197738647,P1,P1/rob_1_frame557.jpg
0.001142344447125387,0.08979354790306994,-1.3332946665644738,0.998050332069397,0.007986159558835387,0.07673735502645962,-1.360010112127271,0.9973300099372864,0.012879873283357058,0.07222740663530487,-1.3595975235361908,0.9972844123840332,0.01812912337750592,0.0548956400533262,-1.3597351025910487,0.9970594644546509,-0.0045969010281477814,0.07576657582079976,-1.35981503513048,0.9978718757629395,-0.00878414779170945,0.07075563761001154,-1.3600115978622047,0.9980607032775879,-0.01305288711638291,0.06482785237165567,-1.3600841017269678,0.9979758262634277,0.02392118672967105,0.018125186179931693,-1.2099117347111163,0.9965003132820129,-0.025740543442696433,0.023249560252905605,-1.2033392147982946,0.9980213046073914,0.01111147727855655,0.06906323694706824,-1.257097264756283,0.997186541557312,-0.010491628664229497,0.07938820329511333,-1.2535347695323296,0.996872067451477,0.05721903234259908,0.006268947122499803,-0.7594261312441563,0.9979534149169922,-0.07162791258956909,0.04978055182368773,-0.8149184795902176,0.9988946914672852,0.05057972864450873,0.13826713584898168,-0.3612271430002514,0.7835405468940735,-0.09764558274076829,0.27211699602329625,-0.4847618055337098,0.893057107925415,0.027819680908873986,0.3068203468834759,-0.11987999602855731,0.762253999710083,-0.022527344501648703,0.3991473328520663,-0.33884202047512824,0.8511864542961121,0.005270087526593579,0.3631603070091959,-0.0973001586545334,0.7269530892372131,-0.024414747874636166,0.44652429984343633,-0.32493238430924465,0.8013293743133545,0.01796702969624254,0.332538567158794,-0.13476842508289927,0.7377810478210449,-0.017118897909357122,0.44002123803876353,-0.36945945169422256,0.8118259310722351,0.018282079788927225,0.32854312877516906,-0.12553734036561193,0.7329506278038025,-0.014874472431808798,0.4020975567098545,-0.34784226841293997,0.8148220181465149,0.05231150128319428,-0.00389533699246889,0.0033783578211596162,0.9999293088912964,-0.05231150128319428,0.00389533699246889,-0.0035983229093676634,0.999951183795929,0.04810464281850817,0.4457171000539735,-0.025806895436249793,0.8090336918830872,-0.05099098007414853,0.4862327945481629,0.010790476121024264,0.8187634348869324,0.060363813189951314,0.8603855714677284,0.18981758798409024,0.8629239797592163,-0.08250282372331207,0.8759456734280525,0.1978817486269433,0.8904817700386047,0.04285004407859809,0.9037504598442164,0.19934218892336739,0.7471452355384827,-0.08013582511373599,0.9124344319580232,0.20070000207924826,0.76171875,0.0836937888461418,0.9964915201388206,-0.06580720241071414,0.8757907152175903,-0.09556065090834942,0.9858221604331509,-0.050840442624916105,0.8947848677635193,P1,P1/rob_1_frame560.jpg
0.01039475930196206,0.035943699114409526,-1.3515869630635806,0.9981627464294434,0.010452198959265099,0.018540998509828523,-1.3690913576260781,0.9974955916404724,0.016040819969950083,0.014699361482605663,-1.3687183787431683,0.9974527359008789,0.02227923657611471,0.006827627760992845,-1.3688249224874534,0.9972510933876038,-0.0033023256274527578,0.015824966587591627,-1.3703815523559482,0.9979986548423767,-0.00771942011847415,0.010840219757708658,-1.3706425314849082,0.9981685280799866,-0.011789375994580993,0.004958110893811703,-1.370690574681122,0.9980944395065308,0.027925827689486798,-0.03171354873231505,-1.2014744809350457,0.9967171549797058,-0.025010348302841455,-0.02450509907451953,-1.2083492804462643,0.9981399774551392,0.014038388645104649,0.025728154574349436,-1.2673565554150408,0.9973085522651672,-0.002430197638137863,0.04250167117551732,-1.2686293212251487,0.9969778656959534,0.06235779534826704,-0.037709703353785984,-0.7838746080956935,0.997927725315094,-0.07072246438750028,0.023165572923931347,-0.8191452099066806,0.998880922794342,0.05028910197001981,0.11308811421096092,-0.42262804041281643,0.7634356617927551,-0.09569893996367358,0.24539255968357715,-0.4932500990669044,0.8957053422927856,0.01213355927092718,0.2856982248580213,-0.23598255329265377,0.7420332431793213,-0.030960278397986724,0.34048474590579236,-0.33617779460987646,0.8514853715896606,-0.0038011716222099,0.34524556900568787,-0.2282734768591689,0.7020905613899231,-0.04317484425685183,0.36691593005880796,-0.32304256500905454,0.8005759119987488,-0.007044920923679478,0.3371558222312243,-0.2625551769184347,0.7142509818077087,-0.024514533424564684,0.3567492622719939,-0.36309338906541144,0.8116081357002258,-0.002735431067711275,0.3121028867418337,-0.24288370457277364,0.7119225859642029,-0.025037249461604752,0.34440913241292936,-0.34431687280505807,0.8142840266227722,0.05215998283961712,-0.007046625926699687,0.00916389038898607,0.9999268054962158,-0.05215998283961712,0.007046625926699687,-0.009375963163953189,0.9999495148658752,0.055308933973163076,0.4536993713408528,-0.012873143403928703,0.8081709146499634,-0.051855886078723844,0.48631024421822583,0.008334408195699215,0.8230975270271301,0.06138601940465993,0.851930637204367,0.20431142124658594,0.8656674027442932,-0.08425291368840666,0.8669543660393284,0.2009266871398231,0.8899967670440674,0.05162279322138327,0.8944993339430565,0.21492991483375543,0.7414730787277222,-0.08056980405310724,0.9059889325177288,0.20044693717889228,0.7446635961532593,0.08523279786859878,0.9963610641567094,-0.03779963989504226,0.8798891305923462,-0.09627826210098459,0.987292569870734,-0.05772662825581941,0.8963239192962646,P1,P1/rob_1_frame562.jpg
-0.004619267956194805,-0.019357121707578792,-1.3682789001432611,0.9982715249061584,0.0034115956207163892,-0.03688537560620509,-1.3843917998536717,0.9976398348808289,0.010034426621354346,-0.03957587117758546,-1.3839954880846497,0.9976028203964233,0.017074746956740806,-0.044941668007390044,-1.3840639805834676,0.9974240660667419,-0.012643597191264754,-0.033123720334921246,-1.3904375618700164,0.9980948567390442,-0.017620718772030426,-0.03765690030553289,-1.390767270588464,0.9982429146766663,-0.022292537007490672,-0.042947197932617545,-1.3908112002601196,0.9981815218925476,0.023978869564592865,-0.0881192605351691,-1.2032700785256594,0.9969140291213989,-0.03263640014218256,-0.07470929526374041,-1.248744925209192,0.9982314109802246,0.007658051820414582,-0.027640935168055318,-1.2767341093065818,0.9974222779273987,-0.013798994792013203,-0.0183522501502094,-1.2836276824950756,0.9970848560333252,0.06620835270931022,-0.0847121917175355,-0.8006988036547403,0.9979836344718933,-0.07799984810637349,-0.02865367942643826,-0.8498322519532895,0.9988787174224854,0.04361929041814422,0.09136226226368034,-0.5201482537870402,0.7611525654792786,-0.09021977589259411,0.20234451572178186,-0.5314934851271504,0.8972077369689941,-0.007644353320651006,0.27654031406191354,-0.31858278119405403,0.7429456114768982,-0.034998289173257396,0.3069782230825575,-0.4658279551527244,0.8544518351554871,-0.02518425881677735,0.3423433407595412,-0.3377247026194275,0.698474109172821,-0.04081054687754035,0.33367282022527917,-0.47650825816523035,0.803188145160675,-0.025913034749601584,0.32919435552671167,-0.3463497189418312,0.711294949054718,-0.03683333705250553,0.3259895363981161,-0.522122569747218,0.8147634863853455,-0.02217421031125703,0.31106478472467053,-0.32197266784172557,0.7093223333358765,-0.03476864248469217,0.30645956953978487,-0.47981156478350534,0.8171932101249695,0.05207016259412826,-0.006079732721218279,0.00734990384681324,0.9999241828918457,-0.05207016259412826,0.006079732721218279,-0.007399388693121529,0.9999476671218872,0.05779983566477907,0.4556692973093763,-0.031316918230778285,0.812123715877533,-0.056395188349941665,0.47553385396078335,-0.0027550077432756527,0.8310672640800476,0.06378466297527902,0.8557171353244225,0.19318527759035123,0.8710236549377441,-0.08362095663004747,0.8673421230950492,0.1882600174275123,0.8928600549697876,0.048774807403876914,0.9015543624356088,0.20351038401487834,0.7403607964515686,-0.0740189381118623,0.910017516025174,0.188774655892768,0.7354713082313538,0.09332878424985475,0.995635343903803,-0.05961249555051993,0.8854348659515381,-0.10588558491244511,0.9936663813803145,-0.07772635539360094,0.8992236852645874,P1,P1/rob_1_frame564.jpg
-0.016733489728627784,-0.14395191625719964,-1.3329863920425762,0.9984239935874939,-0.008127118844725193,-0.15087448290114294,-1.335220781776693,0.9978427886962891,-0.002058796472796209,-0.14811025922340826,-1.3349192985646188,0.9978092312812805,0.0043842252673451515,-0.1465615074131709,-1.335005066061809,0.9976478219032288,-0.02290121872169038,-0.16092785605715285,-1.3333850226343948,0.9982504844665527,-0.02722984154817418,-0.16400527753194402,-1.3336085201807315,0.998379111289978,-0.03162331297009447,-0.16963112329397861,-1.3336708585079575,0.9983223080635071,0.01114278772153941,-0.1648920716150871,-1.1243641093918306,0.9971771240234375,-0.04091732999244487,-0.15891771694983578,-1.1177634428080732,0.9983644485473633,-0.005117558287223059,-0.14255403156641,-1.234965187934311,0.997626781463623,-0.024843329560504418,-0.14640536873048124,-1.2335064710772217,0.997313380241394,0.060879986909185196,-0.15792164252393132,-0.7847393800742851,0.9981474876403809,-0.08339366205698642,-0.09589073947806073,-0.723930475593259,0.9989504218101501,0.03812047282797442,0.03619170824847925,-0.5764307135986309,0.7788592576980591,-0.06371901657959111,0.09623631973503195,-0.4612253429423561,0.9013006091117859,-0.020832339338248882,0.23483676254559857,-0.6631241232182469,0.7634847164154053,-0.06852049026131568,0.30584204179502295,-0.46229220693179507,0.8621000647544861,-0.03595611957692901,0.30946837525183135,-0.7143262730957046,0.7193306088447571,-0.07255340349260911,0.34497561703492935,-0.47780620836378884,0.81114262342453,-0.03876176268013602,0.30167717213146716,-0.7600221078157485,0.7316981554031372,-0.05925333310881704,0.3465922297624557,-0.5385437793898348,0.8225306272506714,-0.03486624479556094,0.2792961228207844,-0.6812865831256703,0.7283220887184143,-0.05367275585017746,0.3211777723462716,-0.48356639531288576,0.824578046798706,0.05121018273573122,0.0015024791995581594,0.0074336284880999375,0.9999246597290039,-0.05121018273573122,-0.0015024791995581594,-0.007388256043911829,0.9999481439590454,0.06416751783319057,0.44654793022929656,-0.055180564139957373,0.8267174363136292,-0.06492168607921517,0.44264965104968995,-0.008799334678266931,0.8447951674461365,0.06981696011640336,0.8516203723295558,0.1497035159971266,0.8811745643615723,-0.09398347952956837,0.8589640783036048,0.19443428856311593,0.9007951617240906,0.056415893274944395,0.9011477967704155,0.15527902042209094,0.7547236680984497,-0.08217300230185419,0.9122306309195287,0.19193552574863576,0.7450815439224243,0.09545608653742224,0.9922869332285325,-0.13179787744653346,0.8943727612495422,-0.12223127667488139,0.9925016448361325,-0.08938071449560225,0.9060757160186768,P1,P1/rob_1_frame566.jpg
-0.028685800712192497,-0.29585737368655546,-1.4087658818772,0.9985730051994324,-0.018934750944922134,-0.32590971746672937,-1.4152759316974617,0.9980392456054688,-0.012356540717565664,-0.32881402693097067,-1.4149957065385341,0.9980115294456482,-0.005527708510770625,-0.3320743054917824,-1.4150492480915604,0.9978652596473694,-0.03491608221271627,-0.32832749319400006,-1.403288471361209,0.9983996748924255,-0.039584065052496294,-0.3315063630112173,-1.4035287687749618,0.9985132813453674,-0.044418063253792855,-0.3363740759447095,-1.403624430901273,0.9984561204910278,0.004667023477481766,-0.34323945528667604,-1.1968177154057602,0.997434675693512,-0.05211872737010406,-0.3353897702267031,-1.1436558871139424,0.9984768629074097,-0.015313295320778058,-0.28945130046585676,-1.3053113581402034,0.9978421926498413,-0.0369438086398691,-0.2884939482600393,-1.29110640037742,0.9975493550300598,0.058203916743996977,-0.26617095809728625,-0.8733657014114763,0.9983235597610474,-0.08697327334397531,-0.23659454938488322,-0.707110727739963,0.9990348815917969,0.031451505166295864,-0.040238852663012706,-0.7146266460879822,0.7993032932281494,-0.08009281830875054,-0.008966200039462371,-0.4333484728283662,0.9072567224502563,-0.03083477226027678,0.1738632192197596,-0.8588367532953975,0.7861515879631042,-0.0780479147280671,0.22569089434214162,-0.5040444744774961,0.8733202219009399,-0.04589228331877329,0.2541978425115886,-0.9241369815917261,0.7452157139778137,-0.09240207617018807,0.2986000534455008,-0.5288676998412506,0.8253241181373596,-0.049572945301895203,0.2542239737132362,-0.9845193360115393,0.7565412521362305,-0.08236997893344886,0.30241009228712984,-0.6093793026351476,0.8360043168067932,-0.047464541073851285,0.22453563939937046,-0.8806519210149426,0.7526400685310364,-0.07412019411118584,0.27489521610191325,-0.5350156589198005,0.8373368978500366,0.05240945983039336,0.003571842888148762,-0.024100368713981107,0.9999241232872009,-0.05240945983039336,-0.003571842888148762,0.024073052585685345,0.9999470114707947,0.06746651404970022,0.42517064017847206,-0.09534583940894496,0.8425344228744507,-0.06797643795318059,0.43022255067322873,0.024255005924430587,0.8588661551475525,0.07172352435447671,0.8416305447923306,0.1273652813453161,0.8921405673027039,-0.09674944926667609,0.8488846029168461,0.24626674870802107,0.9096013307571411,0.05725085882656215,0.9026390430054696,0.134106114903206,0.7728517651557922,-0.08259273372231915,0.9133175676955547,0.24966506122998364,0.7602394223213196,0.10093519265786814,0.9939063763125016,-0.17164424848684215,0.9039120674133301,-0.12423225534077965,0.9922531666530187,-0.034938575832316354,0.9139108061790466,P1,P1/rob_1_frame568.jpg
-0.026467459141643866,-0.4732545883795958,-1.3934349492025053,0.9987040758132935,-0.01475575418324311,-0.4994747715360059,-1.3841270545238291,0.9981991052627563,-0.007975481390940216,-0.5007470151607352,-1.383947190386927,0.9981781244277954,-0.0011788392756429114,-0.5021686660607951,-1.3840359815631693,0.9980447888374329,-0.032232536284238875,-0.5041690965387302,-1.3792326269485005,0.9985141754150391,-0.037683223217323064,-0.5083537899522285,-1.3794361025937218,0.9986147880554199,-0.04334859630167939,-0.5131416681160663,-1.3795254890180733,0.9985495805740356,0.00787696782891931,-0.5035574791068481,-1.1180963887073263,0.9976340532302856,-0.05559681822222422,-0.5115354903022511,-1.0984309785179687,0.99850994348526,-0.015065481615900982,-0.45886387009912805,-1.2755105447668098,0.9980292320251465,-0.037729850985852596,-0.4601060536943584,-1.2706981622224895,0.9977496266365051,0.05804170062146208,-0.3783713453667778,-0.837601491468908,0.9984853267669678,-0.10722982968335651,-0.37831420154832457,-0.6806276205939651,0.9991106390953064,0.022317190910442892,-0.12457808779684162,-0.7506609912010415,0.8181082606315613,-0.09539738856686972,-0.11770832937216928,-0.49973335723530854,0.9125914573669434,-0.045173031755420034,0.10871432886291323,-0.9321409786988434,0.8067445158958435,-0.10271844426609704,0.1431891151693228,-0.7045125958151999,0.8832496404647827,-0.060006118588809464,0.19726879477401962,-1.0230477659282557,0.7689272165298462,-0.11687106330300974,0.21848363579081168,-0.771234452380507,0.8382834792137146,-0.07128487975601261,0.19142524408906958,-1.0880511412032041,0.7792242765426636,-0.10629955609718326,0.2211235611537284,-0.8729054583909981,0.8482615947723389,-0.06368068437299106,0.1597171709927698,-0.9581273285564789,0.7747666835784912,-0.09759504458488291,0.19694180514620402,-0.7507974518300039,0.8487720489501953,0.053286263479558664,-0.004225269492920816,-0.04529057465542194,0.9999119639396667,-0.053286263479558664,0.004225269492920816,0.0452982353745733,0.9999361634254456,0.06382840511201335,0.416306804970242,-0.10690052106811669,0.8575310707092285,-0.07461797154172899,0.42059616284288637,0.06655834314989591,0.8716098666191101,0.06741467576004327,0.8328477408633131,0.14035159223625993,0.9022254347801208,-0.10698756370303925,0.8375956381958373,0.3415749674256837,0.9178043603897095,0.051490201519008336,0.900884401293135,0.14965858164177046,0.789002001285553,-0.0881603620590137,0.9082494061444017,0.34834398010792683,0.77659672498703,0.10025441471935662,0.9933903225670738,-0.17428622808686076,0.9125015735626221,-0.15063760356786116,0.988589051320786,0.05080504304342355,0.9212741255760193,P1,P1/rob_1_frame570.jpg
0.00023140315132681984,-0.4117136578127881,-0.8758489457318149,0.9988324046134949,0.008996810194466187,-0.43737660088582436,-0.8808162502714615,0.9983752369880676,0.015460712402726333,-0.44064436195100115,-0.8807987537695813,0.9983555674552917,0.022011484402423086,-0.44474868727728534,-0.8809298754140225,0.9982359409332275,-0.009568952613927968,-0.44044114382604954,-0.8729347910120313,0.9986590147018433,-0.016719507421270874,-0.44569914900004903,-0.8731290226068343,0.9987480640411377,-0.02349031325006097,-0.45120135632285974,-0.8732954776539052,0.9986894726753235,0.0352196413276706,-0.4771070037896824,-0.7128968753447292,0.9978653192520142,-0.03611652426841186,-0.4804999635589751,-0.6750936746791059,0.9986537098884583,0.008420991467216336,-0.40314922226206323,-0.7937708810980888,0.9982247948646545,-0.011653282970215674,-0.4032136938079022,-0.7833119216005787,0.9979727864265442,0.0909979446837383,-0.42169742048880327,-0.4944354507481827,0.9986362457275391,-0.08230756155138509,-0.37825537639424595,-0.41797100598717785,0.9991992712020874,0.0665321163541357,-0.14687639338714398,-0.3914545467893448,0.8355914354324341,-0.042524056423921604,-0.11318010507921121,-0.28608931895073547,0.9189474582672119,0.04780677455582979,0.10643639500041466,-0.5575353593433993,0.824766218662262,0.00489336990524208,0.11554982584749128,-0.42407929349671614,0.8901810050010681,0.050840409278725664,0.17367279661506108,-0.6554988860889215,0.7890357971191406,0.01345344835044038,0.19104621026419136,-0.48216962001272334,0.8445653915405273,0.040095923209675546,0.17118189384932242,-0.6661010854306185,0.7985693216323853,0.025616172268399094,0.18648881404291454,-0.5960736854070888,0.8541872501373291,0.038313594730200365,0.14730386628716782,-0.5937380045257353,0.7931005954742432,0.02533976838655535,0.16080326848495907,-0.45401618265259164,0.8531810641288757,0.050035570192233855,-0.0006884907529767959,-0.02949507908097675,0.9999157190322876,-0.050035570192233855,0.0006884907529767959,0.02964557367606498,0.9999392628669739,0.08108757200393685,0.3229989725845364,-0.17224650833289434,0.8685973882675171,-0.08658167783365903,0.318961025037759,-0.09788372874059462,0.8824672102928162,0.07635371300883267,0.6911485192682485,-0.03616592465431404,0.9098477959632874,-0.10706912841860573,0.6894728037146274,0.051662549137747905,0.9246793389320374,0.06175768181381505,0.7546101697418338,-0.03744365010497562,0.8011327385902405,-0.08822621285085545,0.7509348150705982,0.05247742573589719,0.7903868556022644,0.12621956032485065,0.7926964461071385,-0.2676626431203233,0.9183911681175232,-0.16559853543607878,0.7821114028684525,-0.17659318063415227,0.9270898699760437,P1,P1/rob_2_frame10.jpg
0.002642838542499815,-0.4070895009301925,-0.7199518428856001,0.9989482760429382,0.012506375032518268,-0.43529904414401976,-0.7291310605362895,0.9985344409942627,0.01948485154886712,-0.43843681852828315,-0.7290631448118623,0.9985163807868958,0.026384545824880357,-0.4427093967520015,-0.7291619621909039,0.9984092712402344,-0.00702849644738952,-0.43924712103642466,-0.7262913682665373,0.9987900257110596,-0.014189530430998819,-0.44481349381048213,-0.7264039725376377,0.9988690614700317,-0.021326658079609727,-0.45062076365908305,-0.7264431599106322,0.9988163113594055,0.03842749791176928,-0.47415329051022764,-0.5913733859055827,0.9980740547180176,-0.03390369942339455,-0.47751756383545596,-0.5777746204035143,0.9987832903862,0.011205245583941002,-0.3955511626757981,-0.6487944330157124,0.9984005093574524,-0.008835733874398658,-0.39804074938612777,-0.6453313423114425,0.9981734156608582,0.08894810367291701,-0.4143448698550313,-0.3929029927489307,0.9987719655036926,-0.08296418502508082,-0.3856327502804424,-0.38665525546955687,0.9992788434028625,0.06444927189462148,-0.13898647383276905,-0.28084834662740793,0.850115954875946,-0.048587826117534816,-0.1085437936840494,-0.26940396977775855,0.9245336055755615,0.045562180594300804,0.12198513053689541,-0.3529672224290811,0.8393541574478149,-0.003005304763768051,0.12700491756076235,-0.3348557287017196,0.8951501250267029,0.041394056754751586,0.1924021910948016,-0.3935181394229305,0.8037700653076172,0.002957288346597985,0.20232916087143513,-0.3741145490383406,0.8476907014846802,0.03509161335935159,0.18926353380612065,-0.4430909472918338,0.813151478767395,0.017859220768976447,0.1965799589672195,-0.4237519787190364,0.8573925495147705,0.03541231141009706,0.16683219251083947,-0.3725034861813396,0.8064507246017456,0.019517451096592198,0.17037780082028853,-0.3517700040388775,0.8548688888549805,0.0526053128803044,-2.1665116092292928e-05,-0.0077683852058647055,0.9999110102653503,-0.0526053128803044,2.1665116092292928e-05,0.007719439192216542,0.9999383687973022,0.08353141715549721,0.3357953767070328,-0.15555206984071743,0.8761007189750671,-0.08202599720784277,0.3280680614131491,-0.1794966583708933,0.8915436267852783,0.07789753615135907,0.7208884007254518,-0.06947665699015872,0.9136614799499512,-0.10621866490042026,0.714533526390794,-0.09195641370749097,0.9302006959915161,0.06011421120443008,0.7834147407565024,-0.07309510491405599,0.7985984683036804,-0.09348487406465734,0.7776116137670915,-0.09404137551061424,0.7935663461685181,0.12510725034667833,0.8278503692718662,-0.27927154725338044,0.9209806323051453,-0.15930573797194936,0.8229435940134462,-0.30537283357060585,0.9319446086883545,P1,P1/rob_2_frame11.jpg
-0.004300743402307554,-0.41059808561686884,-0.8153104732825877,0.9990527629852295,0.00706002720426575,-0.4384407619187906,-0.8207022665105642,0.9986785054206848,0.013641163344514077,-0.44163994249839994,-0.8206299123545401,0.9986621737480164,0.0201769493014994,-0.44559640242610254,-0.8207272091113589,0.9985661506652832,-0.012878661854105678,-0.4410284708607371,-0.8195533952012348,0.998908519744873,-0.020649484468620114,-0.44621660053842355,-0.8197038066423905,0.9989789128303528,-0.027992778537282426,-0.45166302012351245,-0.8197377505674388,0.9989310503005981,0.03112379641719948,-0.47748637644705066,-0.6600488987393819,0.9982634782791138,-0.043004513746123,-0.48090268820713133,-0.6538606600959486,0.9989001154899597,0.004951243682536113,-0.3998309901366476,-0.7354835690302745,0.998559296131134,-0.01818504557027032,-0.4006190526394406,-0.7342366451277385,0.9983542561531067,0.08359134738133632,-0.4174029493278813,-0.44737759958615586,0.9988945126533508,-0.09179615750719791,-0.3825549752474044,-0.4258714089282583,0.9993504285812378,0.06035226437980041,-0.14650067497318126,-0.3334768007829859,0.8644495010375977,-0.05860209086784291,-0.11376588200796248,-0.3021035440016405,0.9297164082527161,0.030628929720441678,0.12303058088659957,-0.41984351066761916,0.8545815348625183,-0.02797065314484199,0.1327491251598611,-0.381910556014477,0.901258647441864,0.025394831447902305,0.1968003497525488,-0.46634816530046047,0.8211190104484558,-0.024673007697632844,0.20869048068011933,-0.4114271694217952,0.8533926606178284,0.014587882776328704,0.19359670286701205,-0.5178941799269734,0.8298702836036682,-0.007847540007867684,0.20204942732804473,-0.4559102709232893,0.8629181981086731,0.01631022776673845,0.1673003303895609,-0.43894160659425124,0.8228195905685425,-0.004745037773487216,0.17416442418841083,-0.40166176329249526,0.858941912651062,0.05336641221012922,-0.0033948734916290704,-0.0076001007545170056,0.9999112486839294,-0.05336641221012922,0.0033948734916290704,0.007556391079777343,0.9999387860298157,0.07826915981342851,0.34211209408785165,-0.19893653234333317,0.8855997323989868,-0.08149637505178223,0.3329380268633417,-0.20707206319302063,0.8999592661857605,0.07385232681320755,0.7324305397230899,-0.11356121353883859,0.9196252226829529,-0.114715315579533,0.7191917218302373,-0.1002318928276067,0.9356837272644043,0.05316233638544571,0.7921267724745517,-0.11915289972421672,0.8048225045204163,-0.10026860242671011,0.7867125102921402,-0.1028031966843198,0.8011896014213562,0.11901355097928132,0.8433837483951618,-0.35324604506571106,0.9258004426956177,-0.17975112013582004,0.834239090077374,-0.33993054413570456,0.9369595050811768,P1,P1/rob_2_frame14.jpg
-0.0054409760775248495,-0.4191445347839987,-0.900000021109865,0.9991467595100403,0.007961627736477917,-0.4504662724278095,-0.9068650859786587,0.9988085031509399,0.01489310911844368,-0.4538357713107239,-0.9067445420784525,0.9987935423851013,0.0215640334102728,-0.45762855464505,-0.9068169650746245,0.9987073540687561,-0.013239738372658743,-0.4526209428639713,-0.9062901205714892,0.9990155696868896,-0.021532413074479853,-0.4577611805512907,-0.9064776333051434,0.9990783333778381,-0.02933697473251027,-0.46327948146743586,-0.9065433594179706,0.9990350008010864,0.031185314535673553,-0.4830446767792693,-0.7410109015418916,0.9984343647956848,-0.04496736237919169,-0.49028870239733696,-0.7389666261208673,0.999006450176239,0.004177819606634537,-0.4039209310204877,-0.8175057408676518,0.9987021684646606,-0.02055687738724329,-0.40540342768092863,-0.8175225866360655,0.9985172152519226,0.0775840839497892,-0.4102427888979737,-0.5185844153297834,0.9990043640136719,-0.09757876833624217,-0.3895073049415244,-0.47247740910139047,0.9994145035743713,0.045087492039191095,-0.1393960410621046,-0.38510120446087376,0.877015233039856,-0.0698815634627238,-0.12168354405550243,-0.3289209465213409,0.9343498349189758,9.64489281719374e-05,0.11781695692431463,-0.4433038176104828,0.8677366971969604,-0.05749812863775049,0.12272874113753174,-0.42264583109274,0.9068605303764343,-0.008774781262611832,0.19444476735648786,-0.48995831131232137,0.8354954123497009,-0.057633792305508434,0.20463880460795475,-0.46394133375800156,0.8591433167457581,-0.022769334332266848,0.1925877285089798,-0.560024902067458,0.8436592817306519,-0.04437541312353944,0.19931857955073964,-0.5304573336197765,0.8685100674629211,-0.02065670927710487,0.16615865098883448,-0.4544782923916345,0.8360235691070557,-0.04033063366335252,0.1726653980786644,-0.4489056569683517,0.864182710647583,0.05328489149342647,-0.0051944341143881365,-0.01607069586034573,0.9999116659164429,-0.05328489149342647,0.0051944341143881365,0.015941374167005314,0.999939501285553,0.07722259032923927,0.34595132798725675,-0.17054507505965763,0.8957063555717468,-0.0945606141888088,0.3394256639279787,-0.1450506787863439,0.908562958240509,0.06827983466273171,0.7316748247989378,-0.04711794650831253,0.9264931082725525,-0.11277544648630504,0.7202924704739595,-0.011043977249724007,0.9413596987724304,0.0524680098054305,0.7908225269805766,-0.04981754993664402,0.8152434825897217,-0.09940729364950901,0.7879033762425911,-0.00248234387888254,0.8146959543228149,0.11733595500407562,0.8480997965480179,-0.2775209687893448,0.9315357208251953,-0.17942711001583792,0.8274669060828095,-0.28872314588433257,0.9421072006225586,P1,P1/rob_2_frame16.jpg
-0.010546127971275082,-0.40073719409639375,-0.8464448284281123,0.9992309212684631,0.0022800495608796137,-0.42841150421991236,-0.8608526063532886,0.9989244341850281,0.009020216299901612,-0.43214637923987886,-0.8607086703394793,0.9989105463027954,0.01575644887831996,-0.4368446487952524,-0.8607418393831894,0.9988334774971008,-0.016917026256396066,-0.43109433043017925,-0.857615538310394,0.9991105198860168,-0.024140416446114393,-0.43671753470954144,-0.8578036997158168,0.9991660118103027,-0.031132912106611735,-0.4427603375663893,-0.857897441266752,0.9991269111633301,0.02576563175755235,-0.46627780003002256,-0.7210391858744585,0.9985871911048889,-0.04531311918997363,-0.47559443498230247,-0.7086932472573697,0.9990994334220886,-0.0013533512476548478,-0.3896486946046571,-0.7722990601382667,0.9988304376602173,-0.023721767493602077,-0.3916292053168176,-0.769212439823284,0.9986631870269775,0.07037792771723479,-0.39626364650791474,-0.5300006541888781,0.999103307723999,-0.09696817310338277,-0.4032943306584096,-0.43594070756620906,0.999472439289093,0.024190068266146638,-0.12786313632382904,-0.39324224507949085,0.888026237487793,-0.08281224928719512,-0.1285158678322584,-0.2714401410204791,0.9362954497337341,-0.029710509557327344,0.1046032935493794,-0.4625212532115584,0.8788489699363708,-0.08544874736483626,0.1167305471011895,-0.36611753040926626,0.9096099138259888,-0.03946030915813992,0.18013429335384049,-0.5147425549304719,0.847202718257904,-0.08924555149913259,0.19782431433849812,-0.3958057916100764,0.8610605597496033,-0.05276170615907318,0.17652666808029543,-0.5728688621395727,0.8549435138702393,-0.07790709714835388,0.18870601534492623,-0.4648811051853724,0.8707287907600403,-0.049596741783793745,0.15189448155872506,-0.4741751187141813,0.8461700081825256,-0.07329653224229958,0.16462596791497128,-0.3921107669238107,0.8662607669830322,0.05152827897947435,-0.006062744981286986,-0.0288689595369089,0.9999131560325623,-0.05152827897947435,0.006062744981286986,0.028708589499845224,0.9999404549598694,0.06945936904663826,0.3430512754686582,-0.17534781042148342,0.9045800566673279,-0.0984423302137117,0.3414473588887641,-0.12643922454914067,0.9157806038856506,0.06472345364410911,0.7216846595348776,-0.07029194850257683,0.932834804058075,-0.11583118442112457,0.710843469518329,0.021793373810946908,0.9461961984634399,0.046195320790164036,0.7831583608596632,-0.07475285844799603,0.8246078491210938,-0.09865572451128198,0.7774189631817829,0.029117390332656812,0.8253871202468872,0.11054258728413814,0.833855446666084,-0.29224711944649834,0.9369733929634094,-0.1747677591386887,0.8144554224259444,-0.21183423331504175,0.9465165138244629,P1,P1/rob_2_frame18.jpg
0.005829142740575981,-0.40278177683054667,-0.9273074563488908,0.9993048310279846,0.017097414078759778,-0.4374044378258492,-0.9419475405337632,0.9990237951278687,0.023877583679486107,-0.441421363951691,-0.9417131921046581,0.9990108609199524,0.03031256916312022,-0.44632419654464545,-0.9416871297831377,0.9989423155784607,-0.0033690153964167258,-0.43946003261423683,-0.9363874841807317,0.9991903901100159,-0.011371847819769224,-0.4445203014592011,-0.9366002320444463,0.9992377758026123,-0.019141535779956444,-0.4495433181815575,-0.9366821017283524,0.999201238155365,0.040383106855784216,-0.4746431043437516,-0.7862095887142887,0.9987195134162903,-0.03523714396451682,-0.4743015321244788,-0.7749352975464059,0.9991767406463623,0.015529283852937913,-0.3927200918286165,-0.8546658880851719,0.9989426732063293,-0.008338278580637536,-0.39162851965037637,-0.8499867806924419,0.9987897276878357,0.09486483192039888,-0.4134613796456959,-0.5409569463247671,0.999191403388977,-0.08318664559047734,-0.3864533782904504,-0.4924953696560008,0.9995235204696655,0.0710934451189554,-0.1287631657598621,-0.40127862535471087,0.8982112407684326,-0.04613813486953685,-0.10724057486938068,-0.3829903473184407,0.9404553174972534,0.05900024464743346,0.11657973866438132,-0.4892951219557332,0.8893209099769592,0.0019319758149809246,0.13716486501691658,-0.49121746604319577,0.9142947793006897,0.061038771448086365,0.200923926684447,-0.5383821943409867,0.858333945274353,0.011033391747634697,0.2129943226246387,-0.536253405505612,0.8655990958213806,0.051789905098570475,0.20095381336836432,-0.6038280122901718,0.8658331632614136,0.029285657037999766,0.2077831331080447,-0.6004839614816244,0.8749660849571228,0.04938296472033987,0.1681631636042767,-0.4995300364099423,0.8567988872528076,0.029258319929013798,0.18189701554411178,-0.5150542211130176,0.8693732023239136,0.05468183128596141,-0.004812605968995537,-0.02311292809100902,0.9999136924743652,-0.05468183128596141,0.004812605968995537,0.023091916229552353,0.9999402165412903,0.08039146160742534,0.3594593287758013,-0.19791833194803413,0.9089805483818054,-0.08725647539614438,0.35877930048439394,-0.14480348003809917,0.9213411808013916,0.07571667432777356,0.7565234713582549,-0.0799783242362605,0.9360355734825134,-0.11096086503411448,0.7496686558692612,-0.018126650035197856,0.9498603343963623,0.05642559889594181,0.825932674359724,-0.08342566824028987,0.8313288688659668,-0.09156044116633887,0.8163094454244573,-0.019453953875470192,0.8323994874954224,0.12654358372832158,0.8724277143088845,-0.32453224145154497,0.9391756057739258,-0.17009846803097353,0.8594627008538983,-0.27047404681701664,0.9494391083717346,P1,P1/rob_2_frame7.jpg
-0.008225812156537737,-0.48406341754844234,-0.9308071735886221,0.9993723034858704,-0.005009591621895105,-0.5296703756134891,-0.9166184280245313,0.9991151094436646,0.0003689415153557015,-0.5375565312288604,-0.9165274128529503,0.9991031289100647,0.0057238781266410535,-0.5450633165071324,-0.9165508689234041,0.9990403652191162,-0.023139799755286933,-0.5186898446198741,-0.9149021318993238,0.9992660284042358,-0.03025162413466091,-0.5189417515801066,-0.9151008062206222,0.9993084073066711,-0.037200590348219736,-0.5196481725761973,-0.9152128194912023,0.9992752075195312,0.011406567674476335,-0.5609357725177164,-0.7133479810167748,0.9988337159156799,-0.04742181884558915,-0.5251942691389052,-0.705695473145115,0.9992514252662659,0.003162671870807336,-0.465522166360063,-0.8443334905228627,0.9990428686141968,-0.016935037070465966,-0.456992092451307,-0.8423006779020411,0.9989052414894104,0.07158557439504071,-0.43411617348862486,-0.48088933366730946,0.9992638230323792,-0.08630510133784244,-0.3657483997527334,-0.515931403711737,0.9995690584182739,0.046129838821224664,-0.15147958390137614,-0.38418522226816443,0.9048917293548584,-0.04775034428745343,-0.10536073572394195,-0.44948867810531584,0.9458326101303101,0.026521055516176048,0.07738747555843062,-0.510675663805589,0.8965729475021362,-0.004585345748807869,0.12422826506599838,-0.5654568598699219,0.9220324754714966,0.03273733555295634,0.15917472002083663,-0.5619591313759563,0.8652334213256836,0.0034040446676622984,0.20533640712933907,-0.618970023574635,0.8769949078559875,0.025728043697122734,0.16256742290592924,-0.616526589265361,0.8720769882202148,0.017094805215023733,0.2005628861087323,-0.6664538184147614,0.88543301820755,0.021072224395319823,0.12670196753804353,-0.5333919199653473,0.8621118068695068,0.013256647674577335,0.17253962378105608,-0.5847849428348398,0.8798498511314392,0.04691505535937868,-0.0023291737505067474,-0.02482589575086182,0.9999008774757385,-0.04691505535937868,0.0023291737505067474,0.02474088505240592,0.9999387264251709,0.05602570212574303,0.3233294306644778,-0.10793993784221212,0.9159931540489197,-0.09488503695325162,0.3172340828232704,-0.08381274461814975,0.9284039735794067,0.06179575500185518,0.6430477501231708,0.06468453423561446,0.9406077861785889,-0.10475126414480147,0.6441338925951402,0.08181999693204035,0.9542637467384338,0.04536611197636062,0.6875332411550558,0.06812493493463313,0.8414554595947266,-0.08652659967979198,0.6949056105086316,0.08547415775216088,0.8436492681503296,0.1011042665557776,0.727517413948007,-0.13518418123118806,0.942925214767456,-0.15678799462441118,0.7574618267647039,-0.12519990118205507,0.9533313512802124,P1,P1/tom_1_frame0.jpg
-0.012185402975898233,-0.49313438656992215,-0.555402101133965,0.9992018342018127,-0.006709440508869452,-0.5349569013597018,-0.5553788609749538,0.9984003901481628,-0.0013633456349519029,-0.5406164082643763,-0.5553891605908793,0.9984734654426575,0.003806467351010898,-0.5453474972258224,-0.5554755189090234,0.9984006881713867,-0.02019216594071032,-0.5266218711488555,-0.541398056680667,0.9985188245773315,-0.023883785971834593,-0.5271219967298507,-0.5414880132620671,0.9984942674636841,-0.027460195555587694,-0.5276236408439632,-0.5416560422526457,0.9984365701675415,0.016730966804328395,-0.5482883676884324,-0.44978871704039874,0.9974717497825623,-0.023637981676383084,-0.531290634229317,-0.38478906236372085,0.9973922371864319,0.0019078387922413455,-0.47453849603970844,-0.5071737204124007,0.998552680015564,-0.014165240044849188,-0.4678904900989071,-0.48869723280142524,0.9982832670211792,0.07664020136780218,-0.4146899367777442,-0.33000741896323343,0.9992579221725464,-0.06315463693926392,-0.3851963923666185,-0.26278534155212974,0.9995876550674438,0.05140627439681753,-0.16038746784005714,-0.2779988481159038,0.9053561687469482,-0.03595394548877215,-0.14178741784956583,-0.19072754494664487,0.9431862831115723,0.031028022126069588,0.05757366460602088,-0.3410291634090933,0.8929724097251892,0.005154264527306118,0.0818770608920489,-0.25489852619778275,0.9183436632156372,0.03237390463017354,0.1304246966957126,-0.37742080956310736,0.8582386374473572,0.009058809310735286,0.1493724247468667,-0.28477358554881343,0.8711315393447876,0.027925923060319078,0.13233342680087057,-0.4176748116891637,0.8647326827049255,0.02199512691309544,0.14818915733266258,-0.3214590348494188,0.878717303276062,0.026699674556579924,0.10477178663073512,-0.3562622293396489,0.8521233201026917,0.022179001466636258,0.1250335079905317,-0.26909176007053187,0.8710219860076904,0.042809066142125554,0.0004386580013375841,-0.023175633733127237,0.9998283386230469,-0.042809066142125554,-0.0004386580013375841,0.02302952031153104,0.9999051690101624,0.06588845871250072,0.28522369857170915,-0.09760062127236173,0.921737551689148,-0.07844646349913777,0.2804873277559422,-0.004301236285802899,0.9344786405563354,0.06720324429929131,0.5547131492610033,0.052811664417452275,0.9443840384483337,-0.08838532877447709,0.5754642344236166,0.14429692587211865,0.9578216075897217,0.04729402069222521,0.6038692546824165,0.05727342419947624,0.8485554456710815,-0.07442809475509661,0.6230765858734351,0.1496214476722949,0.8497992157936096,0.1127799030707169,0.6547691643078224,-0.10974120276261004,0.945081353187561,-0.13231490729915846,0.6854097294078761,-0.009160089898947676,0.9557487964630127,P1,P1/tom_1_frame12.jpg
-0.003395235723295716,-0.48470793657977995,-0.8419264123526574,0.9992733597755432,0.0012173670224874605,-0.5285241251712226,-0.8295593350853369,0.9985329508781433,0.006314750764920203,-0.5346374192911464,-0.8295392652242694,0.9985954165458679,0.011286445197573809,-0.5406404013689436,-0.829640119885821,0.9985323548316956,-0.013019744817612441,-0.5230448365185477,-0.825301636789223,0.9986419677734375,-0.01763249195088531,-0.5250556488937793,-0.8254806050826994,0.9986164569854736,-0.022205749105726716,-0.5276851616623522,-0.825643907333544,0.9985660314559937,0.01997698381480112,-0.5506058093264292,-0.6485375627304638,0.9976693987846375,-0.025013219455348203,-0.5355725448681534,-0.627299823452522,0.9976151585578918,0.00876478988380275,-0.4699433772398257,-0.7638149462402329,0.9986857175827026,-0.009900758458974888,-0.461622254014982,-0.7580642091069322,0.9984429478645325,0.08356978248222124,-0.41525459409314636,-0.4367633486892449,0.9993271827697754,-0.07289550414408004,-0.38467419010077164,-0.45515463299534764,0.9996262788772583,0.06436639074033128,-0.14282882674333086,-0.34458666404320193,0.9133352041244507,-0.04257268743332048,-0.1149822554808334,-0.3866071776190579,0.947782576084137,0.04463677879224941,0.09244033620222528,-0.43951205333056065,0.9011327028274536,0.002450291796989512,0.12286465731824013,-0.47801341062009056,0.9244654178619385,0.04492584254661796,0.17623489390902855,-0.4854995048951581,0.866347074508667,0.005946273891219624,0.19434628306635837,-0.5248724211693568,0.87911456823349,0.0350490885078048,0.18444519973553167,-0.5344278047529823,0.8723899722099304,0.02285484306564872,0.19607084724327048,-0.5700450580327353,0.8858873248100281,0.034156051884043796,0.15260111643334998,-0.45859119963756845,0.8595118522644043,0.02243785199541076,0.17012918013231368,-0.4951318109139183,0.8774640560150146,0.046146999740709904,-0.001814806357971225,-0.010026117256765894,0.9998233318328857,-0.046146999740709904,0.001814806357971225,0.00984748060330485,0.9998999238014221,0.06926220954715039,0.31992427009093916,-0.18398193247484662,0.9276028275489807,-0.08081580769753159,0.3213942791235197,-0.1697524370748281,0.9399312734603882,0.07241880884685338,0.6441992240213554,-0.05701514084431135,0.9479001760482788,-0.09827969115732606,0.6561641821298766,-0.03564951711553615,0.9610012173652649,0.05636977839857614,0.702683665497126,-0.05399228496904702,0.8564848303794861,-0.08586814254317962,0.7007624455592499,-0.03244946169354414,0.855206310749054,0.11430251527622373,0.7497889289100665,-0.23928784580091683,0.947514533996582,-0.13637026603867483,0.7808221320701234,-0.22612355105768392,0.9582832455635071,P1,P1/tom_1_frame13.jpg
-0.005085300627239659,-0.48819032806621954,-0.7206830718849554,0.9993439316749573,0.0001498955678436838,-0.5273321183903421,-0.7107592793271681,0.9986720085144043,0.006125447955326327,-0.5316522840987659,-0.7107408962381764,0.998727023601532,0.01212518493897307,-0.536030674571943,-0.7107958358121214,0.9986705183982849,-0.015432253720221945,-0.5229719013131265,-0.7028711867077718,0.9987710118293762,-0.020482850150942887,-0.5236643076992582,-0.7029973520143504,0.9987467527389526,-0.025619700314804005,-0.5248732579167562,-0.7031065321854727,0.9987015724182129,0.023185583618796336,-0.5478976924417481,-0.5525554988778327,0.9978842735290527,-0.030226795986388468,-0.5319912179334472,-0.5151541956542425,0.9978404641151428,0.007502292392437487,-0.4696854074238132,-0.6528958156649604,0.9988135099411011,-0.012797950077931082,-0.461913694436247,-0.64231540433155,0.9985952377319336,0.0795747654824688,-0.41640436555328836,-0.36791372601169003,0.9993911385536194,-0.07269914071115631,-0.383566087516076,-0.3640305256296244,0.9996623992919922,0.05809178442339286,-0.14991010656045298,-0.27815736786506906,0.9196661710739136,-0.04147221381663478,-0.11705903724839083,-0.29979403644095376,0.9519619345664978,0.038384483945105415,0.057970756596057195,-0.3608037692789898,0.9071150422096252,-0.007498378122538095,0.11240832542649885,-0.38685036965469627,0.929966151714325,0.034526341880163555,0.13576617186970683,-0.40292145319180206,0.8716892600059509,-0.0023444030278671375,0.18054108586279205,-0.4265581214676649,0.8864414691925049,0.026440159244787292,0.13901865056539453,-0.4479028798709186,0.8773660659790039,0.013015122159670567,0.17799974613061176,-0.4665188329728818,0.8924857378005981,0.027780027810884553,0.10571184840076031,-0.378107113908798,0.8638010025024414,0.013891359435720192,0.1497431909083146,-0.40163914536252887,0.8835158944129944,0.044303698805107525,-0.0019514033402004962,-0.005719879791654606,0.999829113483429,-0.044303698805107525,0.0019514033402004962,0.0055382626922183325,0.9999008774757385,0.07195955339320154,0.30153913678815325,-0.1851376444596027,0.933804452419281,-0.07113559957937951,0.30799698314538243,-0.11843208973653695,0.9452494978904724,0.07247022581971865,0.607054193226614,-0.04642054557762931,0.9521646499633789,-0.09741335157218041,0.6079583895733736,0.006445364707244455,0.9643246531486511,0.0578261732516484,0.6568618797428426,-0.04362013884369259,0.8665228486061096,-0.08814918339011746,0.6583270748433971,0.008456356362971118,0.8627989292144775,0.11357816789384126,0.6966426047303642,-0.23601948352366892,0.95134037733078,-0.13838953652558242,0.7537413179109782,-0.17878438250124792,0.9613600969314575,P1,P1/tom_1_frame15.jpg
-0.005997160982248858,-0.48008341251030523,-0.703185758567091,0.999405562877655,0.0014225424455201435,-0.5182452256236345,-0.6947597153662004,0.998786985874176,0.007285215937948275,-0.52141944377877,-0.6947167256974685,0.9988344311714172,0.01289553803103701,-0.5248801461764061,-0.6947479971046759,0.9987832307815552,-0.013914413618812573,-0.5172168119160135,-0.6898597788133146,0.9988788366317749,-0.018636736754290697,-0.519418141846914,-0.6899936531382882,0.9988549947738647,-0.023216396868652,-0.5222664288210452,-0.6901294350872308,0.9988142848014832,0.021579928020884098,-0.5380753174294449,-0.5366747807889968,0.9980509877204895,-0.0281187179514991,-0.5321328643774524,-0.5134748031123644,0.9980279803276062,0.0044908874703712305,-0.46171830778332723,-0.6344585635030517,0.9989246129989624,-0.014494808211407691,-0.4580967518074405,-0.6280315739629109,0.9987289309501648,0.07623996328972867,-0.413491734350233,-0.3544517603836479,0.9994475841522217,-0.07381094481223203,-0.3865045780595406,-0.3577733084256817,0.9996945261955261,0.05218904906402799,-0.14517958590861127,-0.2588220257778309,0.9251481294631958,-0.04517607831823961,-0.12369660606301336,-0.2800316192633589,0.9557175040245056,0.029954465374609267,0.05845109726027026,-0.3593501980891294,0.9130014777183533,-0.012597539915294428,0.09689653318014654,-0.35927256460653023,0.9349806308746338,0.025337402204568336,0.14113787575353287,-0.4016964184433677,0.8778805136680603,-0.008955545111167498,0.15983804100479576,-0.39730472741938905,0.8933577537536621,0.017201658494116544,0.14404931870692644,-0.450904566602699,0.8832381963729858,0.007011131251246765,0.15685996747133904,-0.4393651107606877,0.8988502621650696,0.01951036040270568,0.107240487893673,-0.37862224175455395,0.8694190979003906,0.007431217301010999,0.13146431460628605,-0.3745521897576491,0.8895888328552246,0.0443560725292415,-0.0025465417398779656,-0.002460033068698304,0.9998201727867126,-0.0443560725292415,0.0025465417398779656,0.0022933206258160545,0.9998948574066162,0.06991196580769792,0.30865532956360353,-0.07965682440078944,0.9393038153648376,-0.07242430657498723,0.314188801662509,-0.025508549713500372,0.9499995708465576,0.06936141190433354,0.5908911572261734,0.08432406489416014,0.955868661403656,-0.09898824286225189,0.5987244062786697,0.12122154060872717,0.9672351479530334,0.053053543369162334,0.6436323271703975,0.08947899286169964,0.8735737204551697,-0.09237716760909392,0.6373146853613418,0.12495251244512658,0.8677541017532349,0.11222040839440552,0.6740838648478092,-0.09695207569588937,0.954533576965332,-0.14496054979930345,0.7414208108149478,-0.06400025190176088,0.9639022350311279,P1,P1/tom_1_frame16.jpg
-0.00968335423240018,-0.47442438949430554,-0.7583604394378962,0.999460756778717,-0.002582193429751813,-0.5096967826586557,-0.7511840180700133,0.9988906383514404,0.0027969094167770506,-0.5127344915186283,-0.7511375558397864,0.9989302754402161,0.00790486803513224,-0.5162978559063759,-0.7511904100632251,0.9988843202590942,-0.01760750134383222,-0.5084047752565749,-0.7461008026511874,0.99897700548172,-0.022804123093833555,-0.5102903445229162,-0.7462651387347268,0.9989535212516785,-0.02779929396100167,-0.5129050134020501,-0.7464056938542744,0.9989177584648132,0.0162038058883212,-0.5310722265385647,-0.5882714932767751,0.9981991052627563,-0.03358720944864004,-0.5242011087604277,-0.5651540594189036,0.9981997013092041,0.0011315546262451982,-0.45613998981557635,-0.6867875044376497,0.9990233778953552,-0.0179257951133309,-0.4524738036875632,-0.6803790844907079,0.9988490343093872,0.07336760737387311,-0.4118182525412058,-0.39568400253600544,0.9994968175888062,-0.07819369971092532,-0.3881671903468222,-0.39090945853130565,0.9997237920761108,0.045771379476785036,-0.1384054166262556,-0.29662604657433245,0.9300249218940735,-0.05161620432334047,-0.1241178684448029,-0.3078659198848911,0.9590329527854919,0.019249143901481965,0.07129938518322973,-0.3958049349237042,0.9176468849182129,-0.02357714188579029,0.10127178500843448,-0.4025354632167387,0.9392070770263672,0.011025054226868702,0.15313861732367237,-0.44008096601005564,0.8820751309394836,-0.02324468950767215,0.16505246789696132,-0.44283845813536055,0.8989870548248291,0.001937289426468265,0.15708653227076894,-0.49013693977530826,0.8871757388114929,-0.010275541474464665,0.1634624424027738,-0.4900137048954311,0.9040226340293884,0.004930048140629572,0.1265420146875622,-0.41531470719355995,0.8725966811180115,-0.007760738897874901,0.1394982412721267,-0.4202188093402388,0.8944255709648132,0.044096952179759154,-0.003871967070764008,-0.0006126607898780135,0.9998123645782471,-0.044096952179759154,0.003871967070764008,0.0004524881402990178,0.9998909831047058,0.06959853077448451,0.30838638621387593,-0.10038833250580144,0.9443584084510803,-0.07908466108730437,0.3267172481228321,-0.03924401604863443,0.9543198943138123,0.06463318920897099,0.5991379504677729,0.06667779796770261,0.9592726230621338,-0.10201363424209546,0.6078017817829071,0.10636736343563637,0.9699669480323792,0.04869107702122553,0.6475029327385371,0.07147793571941538,0.8812914490699768,-0.09479404973725616,0.6564052610046884,0.10887757821064677,0.8740555047988892,0.1097515887770706,0.6895814927822601,-0.12206258488557997,0.9575496315956116,-0.16112506918614103,0.7512190022049032,-0.09150505993984301,0.9663740396499634,P1,P1/tom_1_frame17.jpg
-0.01530114816858196,-0.47289376004874945,-0.7610771453250136,0.9995083808898926,-0.006693575940417739,-0.5085601924532774,-0.7562320796639064,0.9989756345748901,-0.0011876340568998307,-0.5110322719839836,-0.7561891368854071,0.999006986618042,0.004125791408998401,-0.5139700144300097,-0.75624819184972,0.9989660978317261,-0.02177575742926094,-0.5083317175093782,-0.7490564865938126,0.9990589618682861,-0.026788998351737113,-0.5103682148150175,-0.7492181616600464,0.9990342259407043,-0.03158655726754814,-0.5130513432345796,-0.7493583307615245,0.9990038275718689,0.013829476329579824,-0.5271782726426045,-0.6014616728349208,0.998313844203949,-0.034835202663868095,-0.5243631349409892,-0.5696255495647903,0.9983412623405457,-0.0047857686682520615,-0.4526684028857392,-0.6922214080705451,0.9991077184677124,-0.022982304287963565,-0.4508687477964604,-0.683352030110661,0.9989542961120605,0.06925207628018223,-0.4072582471246377,-0.42426586939372596,0.9995379447937012,-0.08068502055974901,-0.39266005356931466,-0.3826392075318465,0.9997495412826538,0.03262790235840112,-0.13561972554464896,-0.33308272251116,0.9341692328453064,-0.059699624623011094,-0.12470963206738907,-0.2936471450424157,0.9615666270256042,0.008210265088281373,0.08507462307981747,-0.420150485212045,0.9207888245582581,-0.03431795309353937,0.10262805428722188,-0.38698313580843874,0.9420056939125061,0.0022875500549812133,0.1588656680661524,-0.46506610751028477,0.884290337562561,-0.03703171541145121,0.17049838961960687,-0.4246831611760988,0.9020415544509888,-0.00932788374545422,0.16383638111620183,-0.513107182676831,0.8891124129295349,-0.02536905146976785,0.17104578903120074,-0.47323553892593523,0.9067695140838623,-0.007792385522305905,0.13766894663651014,-0.4386179544970704,0.8736347556114197,-0.022217079188330182,0.14775863250649998,-0.4055308548429784,0.897061824798584,0.044026201980917806,-0.003718180768316224,-0.00522468094674428,0.9997975826263428,-0.044026201980917806,0.003718180768316224,0.005041231955583074,0.9998844265937805,0.06790266343053052,0.3218126980160444,-0.07829918962885474,0.9486872553825378,-0.08161835176973924,0.32768970423036226,-0.006102045217304587,0.9580013751983643,0.06800044296160603,0.6027349504202768,0.07534440145835188,0.9622440338134766,-0.0974796577116431,0.6143606185704995,0.13100262483872685,0.972375750541687,0.05223719315482598,0.6516147582122932,0.07841258864478293,0.8868506550788879,-0.08714206546336067,0.6599362527034989,0.13289817509400206,0.8802759051322937,0.10865259418580399,0.691169828629905,-0.11134778945697342,0.9600864052772522,-0.14503397890418615,0.7331812812984815,-0.0556937540347673,0.9685280919075012,P1,P1/tom_1_frame18.jpg
-0.012637818978606882,-0.4804498842824125,-0.8691732075759643,0.9995499849319458,-0.0036580102314765347,-0.5176596712229624,-0.8661665774812052,0.9990561604499817,0.002173154754416054,-0.5208761961929831,-0.8661248044296465,0.9990813732147217,0.007845685106132346,-0.5247358643599772,-0.8662362237485046,0.9990452527999878,-0.019634069673642222,-0.516095682289076,-0.8559977811908536,0.9991351366043091,-0.02487717599709917,-0.5177321121662465,-0.8561745812189295,0.9991089105606079,-0.030038648364164974,-0.5200608127024349,-0.8562946787421608,0.9990833401679993,0.019710187822169097,-0.5363287686967775,-0.7036986774715567,0.9984413981437683,-0.031648822995901583,-0.5312040683821402,-0.659896691148055,0.9984766244888306,-0.0005973252196476088,-0.45861390410935515,-0.7962483440819756,0.9991816878318787,-0.01978895355847082,-0.455054884243016,-0.7836457527295951,0.9990473389625549,0.07678247242604679,-0.4007721275363599,-0.46549399189076907,0.9995706081390381,-0.08257679181540607,-0.39920688835269086,-0.4382616027076806,0.9997727870941162,0.0280180240832221,-0.10825486311439671,-0.4283077390637733,0.9375579357147217,-0.0711489939940095,-0.11278871009061386,-0.32706302648022983,0.963171124458313,-0.008849856313848234,0.11256322386512266,-0.4666042872417934,0.9205616116523743,-0.0535178980161445,0.13170278297770718,-0.42368096911106945,0.9430771470069885,-0.011591874719332283,0.194171733995983,-0.5253458391656602,0.8810559511184692,-0.060531210943506636,0.20435597454835452,-0.46064162539641673,0.9019781351089478,-0.02677615832860876,0.19920229785640356,-0.5821293528418173,0.8856573700904846,-0.0486513375095548,0.2046505922324112,-0.5131428864790721,0.9065513610839844,-0.025291376395653136,0.16869855657312366,-0.4961864105750593,0.8685742616653442,-0.044586849010534266,0.18070977977834987,-0.4439212996130994,0.8966050148010254,0.047691072132438464,-0.003249472728996546,-0.012345320284071395,0.9997949600219727,-0.047691072132438464,0.003249472728996546,0.012126404764698498,0.9998828768730164,0.07559333779461583,0.3467383911687492,-0.0844394801311688,0.95208740234375,-0.08155960330113052,0.3453195782978502,-0.041959724882862884,0.9610744118690491,0.0752558438974276,0.6662760538915509,-0.004995713722294817,0.9648390412330627,-0.09771775794692185,0.67526932120987,0.1045212771221666,0.9744337797164917,0.05909658609006341,0.7233230393233578,-0.005682346766024728,0.891549825668335,-0.08331554234869347,0.7332436978039223,0.10165563107641815,0.8853515386581421,0.12141741928115744,0.7630206762430064,-0.18516644221651973,0.9622530341148376,-0.15133082203475115,0.7980082545112008,-0.11460712485525273,0.9702801704406738,P1,P1/tom_1_frame20.jpg
-0.013216598520202003,-0.482111165479409,-0.8080923763170593,0.9995846748352051,-0.0037443838971138767,-0.5160150466107373,-0.8042119635952979,0.9991176724433899,0.002225717410415778,-0.5186983619247049,-0.8041819942321619,0.9991353750228882,0.008067191086383737,-0.5220886187851524,-0.8042851734264135,0.9991039633750916,-0.019221044280376534,-0.5151540289953855,-0.7924701712894672,0.999194860458374,-0.024239636537878653,-0.5168876582132876,-0.7926191430872453,0.9991651177406311,-0.029156362127981856,-0.5193623546758391,-0.7927483540640748,0.9991455674171448,0.020788201342464955,-0.5327582224886683,-0.6510535697479849,0.9985359311103821,-0.031054130120626244,-0.5297894325842449,-0.5982934174240847,0.9985877871513367,-0.0013565329613140671,-0.4592017384476325,-0.7395523699069296,0.9992462992668152,-0.020440381726507306,-0.4562520531007313,-0.7246023973823802,0.9991301894187927,0.07474778445523042,-0.39757327968918954,-0.475310380510456,0.999602198600769,-0.0815113811633578,-0.4023981283996058,-0.38034213549469903,0.9997938871383667,0.02621076019795562,-0.11520194022204792,-0.40767550720155943,0.939551591873169,-0.07515291774375467,-0.11458359423812321,-0.2629465071633484,0.9648191332817078,-0.010293309546671165,0.09887527286536424,-0.46772995459101674,0.9197718501091003,-0.058279728789250744,0.1258354494371154,-0.3613372206360622,0.9446685314178467,-0.01683085996350531,0.18086357524427152,-0.5163678246614717,0.8784882426261902,-0.06559626389314475,0.19636553822852731,-0.39595759559263155,0.9032860994338989,-0.03192907510424801,0.1872997694208161,-0.5640221016921672,0.8827401995658875,-0.05470331187019944,0.19905286404121142,-0.44783383399941673,0.9076273441314697,-0.02818071716749688,0.1536363723761604,-0.48712527327016447,0.8639335036277771,-0.04972292872774172,0.17307474922789162,-0.38165900097779903,0.8975763320922852,0.048043186028957574,-0.0024356123296053146,-0.016869800538826984,0.999793529510498,-0.048043186028957574,0.0024356123296053146,0.01667825137257295,0.9998825192451477,0.07486758898961583,0.34608883054792644,-0.09711348812351839,0.9555612802505493,-0.08353340169805498,0.3371909193410401,-0.0498095008113991,0.9641965627670288,0.07398061250984458,0.6567210606978156,-0.011369389016348626,0.9673842191696167,-0.09509114857187784,0.6561918207035555,0.1022045610305513,0.9764184355735779,0.05695604545833268,0.711743790561244,-0.011159260531182703,0.8955685496330261,-0.08288421133309253,0.711007317160579,0.09760853861622036,0.8907532691955566,0.12184875849936687,0.759043758259877,-0.1896846489416578,0.9644322395324707,-0.14259871426770818,0.7842091272787599,-0.11702383687079211,0.9721159934997559,P1,P1/tom_1_frame21.jpg
-0.0036200639938142863,-0.4698730636533456,-0.7187187598701582,0.9996196627616882,0.0022100306264284083,-0.5073224156674089,-0.7138897811234282,0.9991812705993652,0.00795306860259834,-0.5116255012172911,-0.7138852328579419,0.9991949200630188,0.013429535581285058,-0.5166302988517241,-0.7139814570996353,0.9991680383682251,-0.013841580007680064,-0.5031326103547935,-0.7027090785585011,0.9992542266845703,-0.01877914859289432,-0.5040873197070167,-0.7028325213264638,0.9992222189903259,-0.023495913102080757,-0.5057236292823436,-0.7029689692910513,0.9992055892944336,0.021705815300000073,-0.5338895450390803,-0.5701829269531538,0.9986393451690674,-0.0313217013377123,-0.5160840805934847,-0.5159722216891822,0.9986945390701294,0.009292177455057999,-0.45152052814973187,-0.6546093233085482,0.999311089515686,-0.011465893024244625,-0.44740548495104676,-0.6391946119758113,0.9992054104804993,0.07900273189633722,-0.4186376346838641,-0.39930125250225584,0.999637246131897,-0.07245052906350403,-0.38133553276491816,-0.35022934103794107,0.99981290102005,0.06018087224786108,-0.1428046630710877,-0.319981065888308,0.9434989094734192,-0.0420431001551763,-0.10763164686624456,-0.2632871675688022,0.966701865196228,0.0383831677717091,0.09129896763841545,-0.39151408898993334,0.924336314201355,0.0020467905354609487,0.12237882917222603,-0.33384609788990155,0.9475907683372498,0.03943900496435322,0.1740103125722524,-0.43448912163657755,0.8837376236915588,0.009662292559001633,0.19872032829256914,-0.3687444414993641,0.9069620370864868,0.03138075772238534,0.1771898344137344,-0.47801691067309765,0.8877928853034973,0.020926214168997447,0.19860122059014795,-0.41280206793170826,0.9108729362487793,0.030606060190110078,0.1385852940328117,-0.40808661815551395,0.8688850998878479,0.02047785468536066,0.16713376155693097,-0.350450180647293,0.9003726243972778,0.04650828872965451,-0.0026244202522147627,-0.01649873644514877,0.9998006820678711,-0.04650828872965451,0.0026244202522147627,0.016338777634579714,0.999887228012085,0.07202164184148026,0.3176139779693075,-0.11483864891247035,0.9586091637611389,-0.08256743497118606,0.31358606248134335,-0.06024804355542804,0.967280924320221,0.06918586937745129,0.6293829373222456,-0.014967722102911212,0.9696195721626282,-0.09488449324119352,0.6279942950159747,0.07245813319486386,0.9783726930618286,0.05262314740932542,0.6886462680749038,-0.01324018404917766,0.900771975517273,-0.08177397584378,0.6815887813732076,0.0732005264938564,0.8971250057220459,0.11779595422829109,0.7265040401163028,-0.1960845196099767,0.9665638208389282,-0.14299519275497266,0.7530929158823303,-0.12040749365051549,0.9741234183311462,P1,P1/tom_1_frame9.jpg
0.04785268996476996,-0.49922886751127965,-0.9276202433613946,0.9996536374092102,-0.044505306006459494,-0.5246012336269801,-0.9060318938716513,0.999250054359436,0.014683254858103251,-0.5292744948258385,-0.9062397571208725,0.999252438545227,0.03809084054955069,-0.5341277887684172,-0.9065330427111413,0.9992386102676392,0.006552086640810225,-0.5120272381331714,-0.9396151246522161,0.9993219375610352,0.00890609466113851,-0.5078618503696297,-0.9400478290906172,0.9992911219596863,0.008741508513773099,-0.5038944719921176,-0.9404871915446886,0.9992772936820984,0.0382005646477943,-0.5244789924592765,-0.6661142274280553,0.9987297058105469,-0.04777652226550377,-0.48703391284957104,-1.071384312260538,0.9988116025924683,-0.04894420505372974,-0.4860156359329826,-0.8209731470597331,0.999350905418396,0.02499612165018181,-0.47165043448344107,-0.7835654854980936,0.9992581009864807,0.0008829194580148603,-0.4639588950408462,-0.2913568962895472,0.9996572136878967,0.013059897477414139,-0.33591959439108315,-1.1470004615086193,0.9998033046722412,0.19382542240216294,-0.46249260024981526,-0.10388575088263514,0.9325551986694336,0.2625333477512391,-0.3724831527260646,-1.3601531046987956,0.96978360414505,0.38247323891845564,-0.49101347539575957,-0.30449865406962545,0.9242395162582397,0.4294067898199653,-0.47783839424725233,-1.3671227155022792,0.9523894190788269,0.4221427615635489,-0.5111517756527071,-0.36301778474863583,0.8855881690979004,0.48720555649354674,-0.4994299395845173,-1.5357833021371794,0.9152328372001648,0.4346594315424378,-0.5125004898870037,-0.4702268508629339,0.889610230922699,0.48371023142704617,-0.5239721177263102,-1.513384672140382,0.9186323285102844,0.42374601173691423,-0.5060571286420865,-0.3596431362161562,0.8726517558097839,0.46434179752203486,-0.5133888023377113,-1.3675143399839955,0.907867431640625,0.032213676957220716,-0.020978009193263265,0.28221281085828015,0.9998095035552979,-0.032213676957220716,0.020978009193263265,-0.2828532453855892,0.9998522996902466,0.11260721876924118,0.2983874279364124,0.19667030927281015,0.9466224908828735,-0.0038858176855532233,0.3178273689297208,-0.5006319444435228,0.9695753455162048,0.10396724499443745,0.6263872461077289,0.5978292192343453,0.9641622304916382,-0.2039750346500101,0.5756170802564682,-0.1544882346092438,0.9795997142791748,0.07250452562464978,0.6815552976297318,0.630069395093933,0.895966112613678,-0.24463140837772887,0.5782901403877088,-0.12500030765477302,0.9012147188186646,0.1497650715829377,0.715685484397597,0.46724688949937915,0.9624367356300354,-0.22367370613225945,0.7348132976162902,-0.3119514037802114,0.974658191204071,P10,P10/grant_1_frame395.jpg
-0.01859517432548701,-0.4933866955135514,-0.16165241797134994,0.9990299940109253,-0.06036338899725657,-0.5214477580399689,-0.14974809306482492,0.9982521533966064,-0.034745721785877544,-0.5263624854108349,-0.1498892351833122,0.9978068470954895,-0.029411684029480373,-0.5306692807820259,-0.15002311763829979,0.9984508752822876,-0.05200751630911347,-0.5107507086915999,-0.24279870033525233,0.9987578988075256,-0.04282222706613079,-0.5117187718555988,-0.2428629029843277,0.9985503554344177,-0.03407264726997772,-0.5117338745484151,-0.24314050409016072,0.9986515045166016,-0.04713057807950034,-0.5171432961320457,-0.03101315891055441,0.9966081380844116,-0.08201857630628699,-0.5004587744938833,-0.4599317678252884,0.9981750249862671,-0.12421044419800274,-0.48609689144665297,-0.10157702533469212,0.9977810382843018,-0.01114131482718038,-0.4770174506902327,-0.22132563659334917,0.9980521202087402,-0.09891492455442245,-0.4351614718722258,0.20340713420629977,0.9994296431541443,0.03056182214678839,-0.3619130876209571,-1.0152753484742782,0.999539852142334,0.07182302710521353,-0.4983433604048129,0.3275900143694521,0.8569006323814392,0.2120386310383407,-0.4391233035903334,-0.814207883899844,0.9681466817855835,0.2460815266516545,-0.539899489192913,0.21090127835518727,0.8889199495315552,0.3240857034978853,-0.5456588006298589,-0.8311788381541236,0.9543794989585876,0.2877057147850642,-0.582635507754985,0.1839270911641519,0.8601182103157043,0.38668020747123855,-0.5793606865139597,-0.9373221837278176,0.920133650302887,0.2967945542129795,-0.5717158719382415,0.10503531512514486,0.8650898337364197,0.38157381202029594,-0.5998960059097388,-0.9366002361201431,0.9227244257926941,0.28560572748093066,-0.5509344369861381,0.16597086445427375,0.8502299189567566,0.3572142704207828,-0.584757500914102,-0.8370180058895661,0.9098365902900696,-0.01876707278621181,-0.009301767951098237,0.27338680635301504,0.9994538426399231,0.01876707278621181,0.009301767951098237,-0.27406905267592563,0.999056875705719,-0.011560819667983892,0.27190181625678383,0.2924804991782888,0.870194673538208,0.014658621792780149,0.29041175435457356,-0.4187001524774669,0.940727949142456,-0.07242622735992885,0.5470000234614266,0.5166052059843432,0.8955052495002747,-0.21072826177664666,0.527510808612268,-0.2634837502907126,0.9607173204421997,-0.10134457836355082,0.5855445586287893,0.5294765569600813,0.8351687788963318,-0.2932566998069387,0.5481986457599647,-0.25539849452320523,0.8877822756767273,-0.020519633337145883,0.6069533062893748,0.37057850069341064,0.8967893719673157,-0.2422081072640253,0.6066879396610916,-0.46554008474328323,0.9482862949371338,P10,P10/grant_1_frame401.jpg
-0.017322200577395332,-0.501615645251363,0.018359479943003947,0.9990821480751038,-0.08377712717228422,-0.5301061415511992,0.03820518386964374,0.9983447194099426,-0.04950207558349615,-0.5324111651484561,0.03812584061345181,0.9978848695755005,-0.04457890464863242,-0.533888798666967,0.03805564655182377,0.9985069632530212,-0.04142225975906385,-0.519895566900858,-0.0546914957994576,0.9988320469856262,-0.03486783411677216,-0.5160919133209082,-0.054692723533882805,0.9986386299133301,-0.03028060660882034,-0.5111658017047864,-0.054913245221418897,0.9987370371818542,-0.06649721359137868,-0.5079107616203258,0.16271628964915477,0.9965462684631348,-0.06466316950440025,-0.4725252499748984,-0.25720856826543104,0.9983007907867432,-0.09206926018354285,-0.48254779746560417,0.0766922320378651,0.9977706074714661,-0.012827898597195752,-0.4707428442508102,-0.044812346954445775,0.9980670809745789,-0.11598499746396103,-0.42101921774133766,0.3811556072694422,0.9993954300880432,-0.00950316436692091,-0.36907743535896903,-0.5474883908398825,0.9995280504226685,0.01944807787241593,-0.47809660587264663,0.6356223725503682,0.7806418538093567,0.148490229444445,-0.440525285848161,-0.5949332246289194,0.9673083424568176,0.16208041143733495,-0.5733329797710365,0.5866710865664921,0.852327823638916,0.210783033414036,-0.5773603897879062,-0.3510916406488974,0.9557663202285767,0.1969948847588587,-0.6243455656895078,0.5693331827511792,0.8364270925521851,0.2508160565332039,-0.6069505832509774,-0.42422176666534334,0.9238008260726929,0.20391536640414404,-0.6202633119671768,0.4981604035868589,0.8432316780090332,0.23864975240542896,-0.6232239604509008,-0.4152092843731293,0.9257798790931702,0.18828964484447874,-0.6012003163054936,0.5448100183501122,0.8291832208633423,0.22123786104966517,-0.6101123743327475,-0.344849544763016,0.9105643033981323,-0.0012165598364272967,-0.00561034933122904,0.27731677026663887,0.9994987845420837,0.0012165598364272967,0.00561034933122904,-0.27834439133224076,0.9991306066513062,-0.033828950241952156,0.2794988145736869,0.3515520042998345,0.8556773066520691,-0.04591867902976918,0.2875467534132827,-0.35168345275206636,0.9430419206619263,-0.026931405910479083,0.5482494391494483,0.6929988867792392,0.8997607827186584,-0.29270911936167066,0.507480892834034,-0.13954057480730783,0.9636853933334351,-0.05166065325410551,0.5923633044639435,0.7174133636010112,0.838392972946167,-0.32983045634005986,0.5059916142177414,-0.12426173600883411,0.8934510946273804,-0.00535703904766644,0.6159251013481508,0.5646393849544381,0.9007864594459534,-0.28801996784131717,0.6159865027728175,-0.31396892155031697,0.9517391920089722,P10,P10/grant_1_frame415.jpg
-0.0303480919861685,-0.5327718682234335,0.1438871706816292,0.99913489818573,-0.08023102604767601,-0.5576909838302394,0.16604695914611184,0.9984647631645203,-0.06245683497483537,-0.5572724163660813,0.16604219547997953,0.9980189204216003,-0.06465084349062647,-0.5560658326643932,0.16599631305761317,0.9986019134521484,-0.054630751552199874,-0.5535058838531436,0.0686920807505268,0.9989193677902222,-0.04822487579247432,-0.5504759502290063,0.06859522710054483,0.9987407922744751,-0.04436506615984133,-0.5468835108097673,0.06835021587247349,0.998835027217865,-0.09117300080332501,-0.5244916183840194,0.2787975679215538,0.9967460632324219,-0.06848282726394697,-0.5137387384896983,-0.16053923860944494,0.9984434843063354,-0.0957992313870215,-0.5076794156604102,0.19550658959173217,0.9978422522544861,-0.023913664475148394,-0.5015325018652863,0.06823902585584574,0.9981063604354858,-0.13809683619994503,-0.4155937266716356,0.5037748426888832,0.9993604421615601,-0.000552161834357352,-0.372299956095325,-0.4379921521252221,0.9995176792144775,-0.028241311490222198,-0.4583115624511762,0.8267962907797667,0.7099744081497192,0.13544878224937235,-0.4703973010065654,-0.48304049435868124,0.9678869247436523,0.1022370463939579,-0.5831187682434774,0.879165949298833,0.8105387687683105,0.15384058641695322,-0.6316689343804146,-0.0892258182455604,0.9585214257240295,0.12234147171122384,-0.6231214353096036,0.8874184337699331,0.8064905405044556,0.17445833834753602,-0.667750786641915,-0.13226216181635642,0.92917799949646,0.12616571263673565,-0.6154151240640088,0.8257328590260417,0.8150160908699036,0.16101118937978412,-0.6786131854890302,-0.1333552341593491,0.9308351874351501,0.11896643694061317,-0.6006042962714503,0.8445363649294503,0.8033611178398132,0.15166339439874663,-0.6650388541969207,-0.08117622058344744,0.9155781865119934,0.004346036278619447,-0.005158188424553037,0.30299678015514697,0.999541699886322,-0.004346036278619447,0.005158188424553037,-0.303833037963985,0.99919193983078,-0.025698269913054902,0.3078841806248906,0.20427294509513572,0.8468344211578369,-0.05356344837457048,0.30678445427206225,-0.3538237367393299,0.9448369741439819,-0.03002833656806892,0.5970342990126567,0.4396646979883973,0.9047094583511353,-0.30419102369314,0.5366076629296598,-0.10485386430517736,0.9662337303161621,-0.059976825018110705,0.6333615632550936,0.45199923602063924,0.846241295337677,-0.342091598315704,0.5323752287462334,-0.08542518393221533,0.8988252282142639,0.017175814115625167,0.6793712586823,0.29172050189625787,0.9046021103858948,-0.3153488303314563,0.6720179729039827,-0.26916522328354686,0.9544689059257507,P10,P10/grant_1_frame427.jpg
-0.03562849703594367,-0.55268341094616,0.08699245525572653,0.9991576671600342,-0.07678451927113344,-0.5756855753286132,0.10725195958592584,0.9985414743423462,-0.06464353029367428,-0.5748527778373108,0.10724866371103638,0.9980935454368591,-0.06808412540906084,-0.5733550785990756,0.10717490918947133,0.9986572861671448,-0.0548925129283735,-0.5734459910575652,0.010989785364623247,0.9989789128303528,-0.04922897696445783,-0.5710777334446787,0.01093278518444344,0.9988150000572205,-0.045583291932872166,-0.5682788645577714,0.010657361521804957,0.9989060163497925,-0.09515146065518573,-0.5422677006223809,0.22398061833481345,0.9969013333320618,-0.06561612656874992,-0.5376951141603411,-0.20933932796043433,0.9985498785972595,-0.10044060909319522,-0.5250180757393202,0.142161985722887,0.9977473020553589,-0.030182578295499283,-0.521371018669319,0.015984081628626554,0.9978901743888855,-0.1501262958884908,-0.4143582262580649,0.48243104726365865,0.9991346001625061,-0.009361716378356248,-0.36958282633656103,-0.4455249140205614,0.9994316697120667,-0.04372185337991214,-0.45289687642718385,0.9300387454259109,0.6436829566955566,0.10753392839377753,-0.4846335566705653,-0.4677616002748392,0.9673470258712769,0.037973251034233844,-0.5906471770191735,1.192751650307965,0.7572078108787537,0.0972979252755103,-0.6397781427176874,-0.09691567089890638,0.9605957865715027,0.051301709433408886,-0.633399565950828,1.246209011053698,0.7600007653236389,0.11080474866870375,-0.6803456201264606,-0.13127642680909538,0.9333580732345581,0.04468908080901398,-0.6327822381446074,1.1965810691795429,0.7695015072822571,0.11317634689686293,-0.6881808542867777,-0.1316059248172762,0.9346938729286194,0.04071374863463711,-0.6122816577167236,1.170612915665787,0.7615365982055664,0.10727001978724326,-0.6702399904845905,-0.08786525064953368,0.9188039302825928,0.004221225319976837,-0.004792052954679903,0.2862853301876908,0.9995808601379395,-0.004221225319976837,0.004792052954679903,-0.28702462027828285,0.9992470741271973,-0.015465736327499997,0.3088218068357611,0.20119681684888352,0.8407973051071167,-0.054174638567832514,0.31131569544443455,-0.28591792216155054,0.9451582431793213,-0.030166113834512967,0.5945913997138245,0.43005652309699655,0.9077863693237305,-0.3060132441991789,0.5323019294181283,-0.011372921499611058,0.9681835770606995,-0.05748840961054913,0.629782514764436,0.4435278226259967,0.85246741771698,-0.3409455212200092,0.5211337753311213,0.02285841353150468,0.9033008217811584,0.02633383157841574,0.6706735546238968,0.28788608144170086,0.9064257144927979,-0.32088256139283405,0.6751077441675009,-0.11383793785544526,0.9566591382026672,P10,P10/grant_1_frame443.jpg
-0.03372959618668787,-0.4912944695885285,-0.06437928132563565,0.999026358127594,-0.050513122577280835,-0.5098286397223866,-0.030578623288093888,0.998399555683136,-0.05456675607775789,-0.5117335639967366,-0.030662128454846713,0.9978271722793579,-0.05916646304517914,-0.513887641075587,-0.030814714568937866,0.9984976053237915,-0.0413836716666989,-0.5052236252151938,-0.12699360966015635,0.9988822340965271,-0.04014206923788145,-0.503492703807216,-0.1271481615995251,0.998720109462738,-0.03885257832521668,-0.5020564714824598,-0.12750129393318516,0.9988358616828918,-0.0837875369156113,-0.5012314506127525,0.16548608950576288,0.9964168071746826,-0.05546071465154261,-0.48924220077256764,-0.2665569210100527,0.9984518885612488,-0.04251622827839297,-0.47422765326263217,0.021142716614321,0.9968997240066528,-0.03351753584763598,-0.46770975317143215,-0.10512675689694091,0.9964472651481628,-0.13312184284705336,-0.39711965514944364,0.4907589508881754,0.9986329078674316,-0.05800966062680167,-0.37971285471341204,-0.47021385646691727,0.9991064071655273,-0.012409812054123764,-0.4483653991540462,1.017283723533781,0.5856002569198608,0.0844665401286506,-0.42877261608758327,-0.43646701077597205,0.9614737629890442,0.008637719413343578,-0.579140223788965,1.3330620747857038,0.7036840319633484,0.02173166128142228,-0.584878820228035,0.017926611381961586,0.9567078948020935,0.015184931599190724,-0.6097432870160564,1.3934521066870678,0.7089499831199646,0.014639702513573813,-0.622724323038087,0.0010915089359435552,0.9300499558448792,-0.0013657867968799732,-0.612092627276841,1.3378558688324962,0.7199699282646179,-0.007318433902416111,-0.6256621669275118,-0.018892057766823338,0.9310646653175354,-0.0032341614223490747,-0.5998303708596598,1.3084571647863938,0.7157221436500549,-0.0069999815161265865,-0.6080751815475332,0.022981869614570917,0.9126484990119934,0.021374849857693334,-0.005822009251615094,0.3325325353913925,0.9996013641357422,-0.021374849857693334,0.005822009251615094,-0.3328147698500368,0.9992542862892151,-0.006737378923341628,0.27549219437183553,0.1135955095754,0.830689549446106,-0.058195786396515584,0.2820612398462881,-0.4603515127207298,0.9460010528564453,-0.04549882437816371,0.5529550541356453,0.2727853189318986,0.9097757339477539,-0.3248573805346754,0.4872732844561999,-0.1445518709967693,0.9688099026679993,-0.07470923138828194,0.5873304210988487,0.27700028957883865,0.8551943898200989,-0.36843626271345375,0.4783491388340516,-0.1177777755241458,0.9029303193092346,0.05126426008085085,0.6217927593387622,0.09510900175181945,0.9081579446792603,-0.3539227348953568,0.6219042176739635,-0.27104441573037324,0.9578439593315125,P10,P10/grant_1_frame478.jpg
-0.01965131580774368,-0.5186059042781321,-0.0527357325031378,0.999122142791748,-0.039983188003120285,-0.5405110110371465,-0.01716030007836362,0.9985578060150146,-0.04175873497299199,-0.5415098111109575,-0.017187933193251397,0.9980416297912598,-0.04385452654778641,-0.5426651220729105,-0.017233115524597786,0.998646080493927,-0.04388771251720845,-0.5369289272583104,-0.08854119737919257,0.9989928007125854,-0.048244835090737834,-0.5352858801516459,-0.08845487115616107,0.9988465905189514,-0.0528078082804763,-0.5337465880023213,-0.08843969345544012,0.9989511370658875,-0.06471259157008723,-0.5248173660974624,0.16916184331309556,0.9967714548110962,-0.07569519533293503,-0.514683859524305,-0.1529672610452754,0.998606264591217,-0.019202231556829506,-0.49962636033670377,0.022230542772021303,0.997207522392273,-0.023621040991166922,-0.49329242764933723,-0.07090978464263849,0.9968006014823914,-0.0480024799081645,-0.3972317837284339,0.41472540148754217,0.9987524151802063,-0.058011368285852606,-0.3957127691824842,-0.368552127333631,0.9991903305053711,0.07680194741316015,-0.4384876048559933,0.38041191435293736,0.5655131936073303,0.10264698518746225,-0.4385910181930599,-0.3998419822307181,0.9649420976638794,0.1269078809508239,-0.5521325545178851,0.031710904934310204,0.6960824728012085,0.1390965994905781,-0.5774528025485289,-0.08119232306009387,0.9596239924430847,0.14183024491882268,-0.6001099497373983,-0.023306661884332315,0.6997643113136292,0.148578123771833,-0.6150967579298409,-0.11447906436244598,0.9343158006668091,0.12666620900879746,-0.6023035545169193,-0.04946597810949558,0.7109869718551636,0.13089527278267474,-0.6245644831921927,-0.11853265732300419,0.9351209998130798,0.12015844040513489,-0.580804744069568,0.0015390394608911873,0.7079020738601685,0.125807961276068,-0.6122083585177179,-0.07412724368281187,0.9177354574203491,0.010520586744438279,-0.003512417644497871,0.25830797089188334,0.999630868434906,-0.010520586744438279,0.003512417644497871,-0.2583058479658982,0.9993128180503845,0.04383920243837682,0.3029096453791797,0.2792255510461109,0.8247902393341064,0.034567921033989826,0.3074702760299001,-0.34074989820976775,0.9509022831916809,-0.0077267185422719474,0.5566602066114924,0.3565894638091164,0.9099422693252563,-0.18654858272950636,0.5101157132275683,-0.22599672018004052,0.9712554216384888,-0.05485557780540118,0.598237541219276,0.3431915803114427,0.8583638072013855,-0.23431427098526536,0.49004278919947614,-0.21579266902041308,0.910296618938446,0.08267820653987976,0.6627750768006619,0.26364015093021814,0.9097228646278381,-0.20889328157612227,0.6766639906385413,-0.33226995576740787,0.9610244631767273,P10,P10/jess_1_frame445.jpg
0.03913216205110777,-0.5205849419677034,-0.08238783067305165,0.9991610050201416,0.023613977970090946,-0.5428760920614633,-0.049798348678481055,0.9986433982849121,0.02213040654796609,-0.5437903277597028,-0.049898016187149515,0.9981504678726196,0.020470527197116478,-0.5446685399287418,-0.049975557798239194,0.9987197518348694,0.021643148530505765,-0.5401160965661843,-0.13171366891844138,0.9990467429161072,0.018552937350888005,-0.5388963118973757,-0.13163045794168687,0.9989160895347595,0.015113389564136178,-0.5374108476726791,-0.13169007519466444,0.9990116357803345,-0.004064534317461036,-0.5327782917426724,0.12474271816790315,0.9969893097877502,-0.012689444889786818,-0.5186787812733097,-0.23832175910382106,0.9987242221832275,0.037810527725442904,-0.5002796311173624,-0.008127520937277786,0.9973147511482239,0.03452809460821659,-0.49458673200906855,-0.11336075378072848,0.9968711733818054,-0.03972570635820414,-0.40787734974704887,0.4003902425856454,0.9988226294517517,-0.016176734703190043,-0.3901670832786927,-0.4282788197904635,0.999176025390625,0.08106422518037731,-0.47995158252402526,0.5611171992307001,0.5262999534606934,0.12207935205232395,-0.4615299116342939,-0.43418716082205544,0.9674016833305359,0.06802129639629277,-0.5936043583677715,0.35103048459480524,0.6652534604072571,0.08579705142241924,-0.6098806279628892,-0.12910292753678476,0.9607746005058289,0.07000186713828561,-0.6260864599845952,0.2864822036281896,0.6675971150398254,0.08364084789147246,-0.6521893166077084,-0.1564168643480897,0.9356964826583862,0.05344763285466412,-0.623505551341562,0.40395261758641854,0.678697943687439,0.06415187747260098,-0.6505705424184416,-0.1691466126709815,0.9360697865486145,0.050412204445022105,-0.610690880080354,0.3705003823151508,0.6777889728546143,0.061442541572268826,-0.6321465025114786,-0.1248603612729699,0.9187461733818054,0.0024609809132062027,-0.005113846194135549,0.27014222977326724,0.9996460676193237,-0.0024609809132062027,0.005113846194135549,-0.27027214595488225,0.9992771744728088,0.05116074155379281,0.2952938385714186,0.2053783380984108,0.8184586763381958,0.05425374974103257,0.2985682664599337,-0.3153028836230396,0.9524098038673401,-0.022051415194779232,0.5863750460942182,0.24626010075348428,0.9029696583747864,-0.14806673566249087,0.5302750784255875,-0.18277277782458995,0.9704272150993347,-0.05026965350483874,0.6405395809369627,0.2390227229708831,0.8542051315307617,-0.1924210556166827,0.5283888343544332,-0.17373972114866404,0.9125366806983948,0.07141937131140803,0.6676712300101442,0.12714460023902724,0.9035321474075317,-0.1547924780594779,0.6652358079596907,-0.2853891282270846,0.9605132341384888,P10,P10/jess_1_frame461.jpg
0.04330844195296679,-0.5139080197510304,-0.0778309392144759,0.9992318749427795,0.03302504983944299,-0.5353082164011588,-0.040843250245325494,0.9987540245056152,0.031908943521079286,-0.5360615451617009,-0.04094541246235206,0.9983007311820984,0.030639168313261963,-0.5367360564989987,-0.04103117926964797,0.9988227486610413,0.029253090220827067,-0.5332927695968338,-0.12433794940750033,0.9991233348846436,0.025245753441312975,-0.5325736292972383,-0.12426049378878008,0.9990085959434509,0.02065948249991453,-0.5317497136688649,-0.12427825697586166,0.9990939497947693,0.0076793351678013525,-0.5221484661653659,0.1460622196973976,0.9972563982009888,-0.009802603442602682,-0.5166646346404106,-0.22701916925123605,0.9988418817520142,0.03933417074294956,-0.49438476005034404,-0.0005236801472178818,0.9975260496139526,0.035146120113959844,-0.4913853019664908,-0.10843047184869502,0.9970835447311401,-0.034572155344023,-0.4008759745785217,0.41378927403241794,0.9989041090011597,-0.04522920750590729,-0.39513391385710184,-0.4029800342421413,0.9991984963417053,0.08652944172070344,-0.4833627442760074,0.6590513678186346,0.5076233744621277,0.10620632252822859,-0.46498351983208197,-0.4239843638736438,0.9687746167182922,0.053829791488592287,-0.5949827176135866,0.6902611561187919,0.6378646492958069,0.04457248324699853,-0.5971083750191319,-0.07885615702651125,0.9606102108955383,0.04539300630971544,-0.6290376619884963,0.6898173511917878,0.6319371461868286,0.03609708971529876,-0.6381151881416046,-0.09722366875696425,0.935772180557251,0.024761524422120502,-0.6261072438103176,0.7067167719441915,0.6427478194236755,0.01688522931578438,-0.6305946943313177,-0.12792424967600055,0.9357631802558899,0.02477251442354287,-0.6140487753366219,0.6869933986523882,0.6443438529968262,0.017157494655369806,-0.6137123439180797,-0.08104641652737414,0.9182425737380981,0.0031407512760530066,-0.0023380750199937274,0.27274782453917507,0.9996656179428101,-0.0031407512760530066,0.0023380750199937274,-0.2728300584193833,0.9992883801460266,0.04438880687540036,0.30021604296377996,0.1899837364905804,0.8020831346511841,0.05885031083401887,0.30043851881866057,-0.3258426716283003,0.9533719420433044,-0.03279378198342448,0.5814752174523519,0.2509492045005247,0.8926827311515808,-0.12829899677884957,0.5373425253927075,-0.19669504366353072,0.9689916372299194,-0.06142206673208254,0.6353996185184063,0.24695097030914526,0.8457844257354736,-0.17369725917620177,0.5352895931270094,-0.1881334622402414,0.9131174683570862,0.061770688690245976,0.6611638133311657,0.12494853955174258,0.8967231512069702,-0.13594555307284334,0.661957960390469,-0.30407477581101766,0.9596157073974609,P10,P10/jess_1_frame469.jpg
0.05066068754007927,-0.4960850733049647,0.025461548418879695,0.9992609620094299,0.03771152762885889,-0.5210699698285353,0.04398690150915873,0.9988042712211609,0.03431652123917823,-0.522576025559094,0.04394329266333869,0.998360276222229,0.030877900141485587,-0.5241170902999011,0.04393498593736383,0.9988610744476318,0.04026078386339118,-0.5200237327091383,-0.037173519101640184,0.9991604089736938,0.03883069041595331,-0.5203556617410005,-0.037231636872504525,0.9990663528442383,0.03723880047105166,-0.5206961612974745,-0.03736741989324746,0.9991492629051208,0.008439023922498018,-0.5131128415320341,0.1565709512954431,0.9974274635314941,0.015962607952099493,-0.5111616930164596,-0.20777706889773342,0.9989175796508789,0.04254422486672789,-0.47772352744398383,0.07781957208132909,0.9975491762161255,0.04551415199466602,-0.4752695904503487,-0.02853288267404164,0.9971033930778503,-0.06708673693795764,-0.3950069909145794,0.42451283330880435,0.9987419247627258,0.01587350263465567,-0.4033520790734774,-0.3964245861688074,0.999193012714386,0.011280264213033067,-0.46910762946635987,0.9474903252205182,0.46042028069496155,0.10942536300906779,-0.4621817779754322,-0.36009297162440485,0.9636180996894836,0.009258605252839206,-0.5530123267819583,1.3759060652284332,0.5797776579856873,0.026850527383166758,-0.5766881372240565,0.03481979334807368,0.9496574997901917,-0.01216353239657884,-0.5823688474231616,1.453605526859163,0.5753600597381592,0.011980256827857545,-0.6030928273238315,0.03163091628238108,0.9236536622047424,-0.02072130087895463,-0.5727427882553215,1.4277447250651196,0.5857953429222107,-0.0021534410349397263,-0.5944646656406751,0.0007508986072517124,0.9239422082901001,-0.009589889443588242,-0.5431591780228591,1.3677070628926074,0.5886586904525757,0.001503534988025777,-0.5837351016004045,0.03426879713461835,0.9031980633735657,-0.014530638603241755,-0.002431942049487171,0.2684350916697967,0.9996853470802307,0.014530638603241755,0.002431942049487171,-0.26881801004712763,0.9993270039558411,0.054423370608054446,0.29577771489293087,0.18402788726135055,0.7868077158927917,0.06424043171358894,0.29768972741513333,-0.37820325221457796,0.9551151990890503,-0.024222858469283903,0.5755350206212625,0.2778237906861039,0.8935397863388062,-0.12819675815713857,0.5466644287941087,-0.33698418755961396,0.971063494682312,-0.04690203766015681,0.6306307142981983,0.27942965609658355,0.8481507301330566,-0.16926108439373105,0.5358022092124937,-0.3361067346704698,0.9186200499534607,0.07671189332823944,0.6587756136610753,0.12600475562363664,0.8980810046195984,-0.14931218592440787,0.6908024096271602,-0.4868808340201501,0.9625042080879211,P10,P10/jess_1_frame477.jpg
0.026858329867500558,-0.4884352065615725,0.24405996332001925,0.9993167519569397,0.012637709407874138,-0.5092281379356519,0.22968351163409315,0.9989042282104492,0.007768456190821327,-0.510547440525362,0.22966549430494781,0.9984942078590393,0.002860180986293142,-0.5118350727580124,0.22959512869954216,0.9989550113677979,0.022764848698104124,-0.5088281158870108,0.16530412882920975,0.9992282390594482,0.024864100928627456,-0.509622325356979,0.16521963175644983,0.9991438388824463,0.027111132599757292,-0.5104208291126504,0.16504122052244533,0.9992201924324036,-0.014155085925636678,-0.5049825713706912,0.2107199693080145,0.9976588487625122,0.01786469529479689,-0.5039977796341417,-0.08390034792065026,0.9990092515945435,0.020408406095584003,-0.4722936167436263,0.2503021276825424,0.9977334141731262,0.030919977310272347,-0.47030984345689975,0.16426675543130725,0.9973232746124268,-0.08187634487859433,-0.39008525823236173,0.4037553232586484,0.9987112283706665,0.03607508058868783,-0.4086025682614732,-0.3063572827064461,0.9991945624351501,-0.037994719651980015,-0.44412781691060815,0.8717597887712792,0.4195909798145294,0.09656858993325805,-0.45804730058530946,-0.3931850790316915,0.9461104273796082,-0.01798232138144515,-0.5132533773039849,1.3188557039349784,0.5332990884780884,0.007792914948521203,-0.5457230432980842,-0.2104156818243399,0.9196608066558838,-0.027623366200899356,-0.5455116430812469,1.3999984727906505,0.5324284434318542,-0.014432160707519244,-0.5701843332262145,-0.2212378652587111,0.8965805172920227,-0.029561862779670066,-0.53971260699396,1.368357428898417,0.5432829260826111,-0.02177987025348049,-0.5669993618758657,-0.23693119232938487,0.8971399664878845,-0.007878147184322679,-0.516216049353674,1.311185829607253,0.5466698408126831,-0.012949511891529045,-0.5493008484362234,-0.21334697524833487,0.8732120990753174,-0.021446689695347444,-0.0012869087388634225,0.2580014552089486,0.9997104406356812,0.021446689695347444,0.0012869087388634225,-0.2584894400989741,0.9993797540664673,0.04686727403866559,0.2912825428235922,0.16602413350899983,0.7879331111907959,0.05812381046879291,0.2917779726980702,-0.42390373836112494,0.9581600427627563,-0.024311071613306597,0.5866698393165513,0.20651126591842314,0.8981435298919678,-0.14220555111800506,0.5294586579136896,-0.4335945875593306,0.9732864499092102,-0.04809403943917732,0.6417958649484801,0.20107147950410775,0.8531738519668579,-0.17991348716825217,0.5295793646835596,-0.43655288363853434,0.9239543080329895,0.07376733316071518,0.6705346251837233,0.06802161973245,0.9015004634857178,-0.15524356263663136,0.6780145240461083,-0.590432357086194,0.965265691280365,P10,P10/jess_1_frame483.jpg
0.04059000197474567,-0.49366721174155226,0.03380951690524952,0.9993646740913391,0.027315164054341114,-0.5127027246732627,0.04367725194304035,0.9989903569221497,0.023369728386064985,-0.5139059578537803,0.043656774582499384,0.9986110925674438,0.019561367096891533,-0.5152015193481293,0.04358132273121151,0.9990347623825073,0.03293174454691689,-0.511168302635096,-0.028269117819373645,0.9992870688438416,0.03296549747200374,-0.5111823194748196,-0.028329011681754307,0.9992126822471619,0.033278180819683235,-0.5112183577542092,-0.028442280286869955,0.9992817044258118,-0.0018531762244554982,-0.5086578350736369,0.12760377711393409,0.9978671669960022,0.01994577541038057,-0.5062838559029977,-0.1876172397031071,0.9990872144699097,0.034972858933418435,-0.47585351953868854,0.07776111391256994,0.9978926181793213,0.04023287727570183,-0.4740712244569154,-0.016695313055630802,0.9975112676620483,-0.0755498754078182,-0.39400115263356106,0.3540962178404217,0.9987155199050903,0.03022232224369588,-0.4047136981887794,-0.32977524295519056,0.9992184638977051,-0.07360214411405691,-0.482369943638267,0.82073622016978,0.39583656191825867,0.08522552641646247,-0.4581314055846542,-0.6322025065122056,0.9378036260604858,-0.045311661161893925,-0.5175015350777189,1.3686170754719111,0.4925837218761444,0.011138699673971027,-0.5301163157964252,-0.5982498766185996,0.9009041786193848,-0.0504376991432076,-0.5472577153622467,1.4633738185050837,0.49207568168640137,-0.011419599017193747,-0.5533381290201564,-0.6317339034022499,0.8799700736999512,-0.049588531802897795,-0.5388673944925344,1.4352848217640644,0.5032524466514587,-0.024682154623191697,-0.5475460801961917,-0.6264823701703008,0.8811489343643188,-0.04666627855537919,-0.5186328557761765,1.3638652261684352,0.5073739290237427,-0.016130757294314988,-0.5285585011060109,-0.5941819459596958,0.8527148365974426,-0.0195558353675023,-0.00442868848530073,0.2611657658892917,0.9997260570526123,0.0195558353675023,0.00442868848530073,-0.26186339665968034,0.9994196891784668,0.03364918172126277,0.28827011479902787,0.19738509010816047,0.7852716445922852,0.04236062416992626,0.29519949656123134,-0.4195339044084725,0.9611698985099792,-0.03888201020722621,0.5682488469900043,0.2263478422578344,0.9001767039299011,-0.15175319806950513,0.5358635716760559,-0.42425922016250517,0.9755384922027588,-0.05949510907401122,0.6195684819382935,0.23510822644787377,0.8544170260429382,-0.19240765875535415,0.5339261537760712,-0.42637796627670643,0.9300150871276855,0.0529810758066264,0.6418186914299157,0.1549413610799735,0.903439462184906,-0.16057799409158527,0.6716384631628883,-0.5637667632523787,0.9680901169776917,P10,P10/jess_1_frame501.jpg
0.03556830376221315,-0.49204498416571546,0.18023065539173871,0.9993979334831238,0.02220848743789394,-0.5105806932824513,0.1709836600982785,0.9990571141242981,0.017136197971181835,-0.5116242455768472,0.17098884603955403,0.9987064599990845,0.011831522895420072,-0.5127143789428782,0.17092764269251853,0.9990968108177185,0.03029633823142299,-0.5098914597419727,0.10712628922774077,0.9993295669555664,0.03096762310209725,-0.5100711543396663,0.10705367449990304,0.999264121055603,0.03186491799254704,-0.5101502486066033,0.10690726694620953,0.9993236064910889,-0.011219651124793102,-0.5048869571112204,0.17059096075893018,0.9980373978614807,0.020862036903074217,-0.5027713933703065,-0.12156353393946497,0.999139666557312,0.026711131862939587,-0.47393367908499,0.19299964401002778,0.9980028867721558,0.03487835412293928,-0.4730313484030121,0.1073801578006489,0.9976414442062378,-0.09241194893218406,-0.3924784575199248,0.3417199658126899,0.9987500309944153,0.0426097263161846,-0.4059698743228479,-0.3141682494638946,0.9992380738258362,-0.10911137283816601,-0.4531076088214079,0.7805150697125195,0.37852102518081665,0.0762431773334674,-0.44614093774167946,-0.45879913894635,0.9258108139038086,-0.05429405625923246,-0.5008529415977842,1.2507458250270662,0.45810577273368835,0.026813880490082022,-0.5132730977029263,-0.5466382195716285,0.8629888892173767,-0.05828415874654513,-0.5262813210687425,1.3359258229258113,0.4594040811061859,0.014871754980732548,-0.5267349003556704,-0.36981062735479897,0.8462786674499512,-0.04687536513995296,-0.5246728823246746,1.3039948390444092,0.47096574306488037,-0.0007409543534668798,-0.5194784171635028,-0.3276407935985679,0.8480868935585022,-0.043820718678890286,-0.507354529609938,1.2444437860292041,0.47502678632736206,-0.0002686063481142561,-0.5102024776187366,-0.4375601106775014,0.8158530592918396,-0.025579510966704536,-0.0035327001568164172,0.2535642540200909,0.9997437596321106,0.025579510966704536,0.0035327001568164172,-0.25424117528128287,0.9994614720344543,0.027325406029524924,0.2872905899811102,0.19628330348581394,0.7913865447044373,0.03260975313948513,0.2945579301550126,-0.4324026747540341,0.9643847346305847,-0.032087139618695915,0.5643430230862255,0.2505862532300846,0.9045549035072327,-0.15343382267297662,0.5339017094986996,-0.4686579251605732,0.9776313304901123,-0.05178142728631503,0.6165308248888827,0.2548918780865831,0.859342634677887,-0.19607131514244927,0.5309062913379952,-0.4726899309773904,0.9356689453125,0.0535084727808467,0.6369541473300214,0.16332148383862247,0.9049777984619141,-0.1658074554563865,0.6737179202810555,-0.6052499357671124,0.9705697298049927,P10,P10/jess_1_frame506.jpg
0.03488487678211338,-0.4990432810231734,0.1240781603977942,0.9994473457336426,0.021004768135414794,-0.5197219490974743,0.12670970446678617,0.9991417527198792,0.017008982107165012,-0.5210688653889146,0.1266981112996857,0.9988219738006592,0.013060640678345553,-0.5225835971434185,0.12659129104242212,0.9991776347160339,0.026519247402403814,-0.5184786256187881,0.06134801675117812,0.9993880987167358,0.026480751096775675,-0.5186530008336885,0.06127518369836894,0.9993289709091187,0.026744166495577436,-0.5188524615649379,0.061134265548120896,0.9993830919265747,-0.00852721133081461,-0.5144387272984354,0.170613622498956,0.9982211589813232,0.01654786534217127,-0.5121835824889219,-0.1267788556695413,0.9992141127586365,0.028246827374587762,-0.47985686910605296,0.15161475190610635,0.9981650114059448,0.033434414283615786,-0.4788528425780299,0.06441147911606453,0.9978304505348206,-0.08545690489630056,-0.39434909409160096,0.3613628634920929,0.9988051652908325,0.04101128884922044,-0.40441531874499725,-0.3165549114545697,0.9992683529853821,-0.11037575927332333,-0.44233611392513716,0.8537376965419465,0.36270469427108765,0.07040484939569733,-0.4212543298756177,-0.43809872396422844,0.9179046750068665,-0.0623300395645587,-0.49099478010792713,1.386794269558337,0.425288587808609,0.03904303705831528,-0.4818123975417082,-0.37427839733318274,0.8297938704490662,-0.06263894212352156,-0.5118415199766244,1.480751820538227,0.42721882462501526,0.01935287581497431,-0.5119730412532378,-0.3489867905924628,0.8140738606452942,-0.054017167833724504,-0.505958214875901,1.4460105359082205,0.4389377534389496,0.018157346478445156,-0.4955863500623238,-0.30695644487797347,0.815990149974823,-0.04983551828629188,-0.49784968582306505,1.3807686190078985,0.4430978000164032,0.01693609079723473,-0.4872599743308168,-0.340987738321613,0.7803015112876892,-0.017896261364487714,-0.005031364613064915,0.2536428366444456,0.999760627746582,0.017896261364487714,0.005031364613064915,-0.25431997081450763,0.9994990825653076,0.03099050475028834,0.2881524443552299,0.17777790848144986,0.7844464182853699,0.022536790603463534,0.3048422240444202,-0.42093375258958476,0.9665693044662476,-0.037614292814566734,0.5687353312392663,0.22318067737690958,0.9050964117050171,-0.1700374828740467,0.5380807137464381,-0.4478987368770098,0.9793410897254944,-0.062119568237419855,0.6191934550302632,0.22069372748250757,0.8600144982337952,-0.2090169031561121,0.5347828014233648,-0.45106759802540475,0.9401774406433105,0.04961861537298272,0.6431171845673682,0.12021594629682075,0.9060674905776978,-0.17547879119692414,0.6787306482089063,-0.5814379935598277,0.9726964831352234,P10,P10/jess_1_frame508.jpg
-0.08975883945956517,-0.07568365643267759,-0.3230087778313314,0.9915091395378113,-0.08810648358673259,-0.09731918578780145,-0.3871074156234592,0.9914367198944092,-0.0853955095885905,-0.09655512327230208,-0.38726754489476084,0.9916878938674927,-0.08242450758702381,-0.09506024070104921,-0.3870856538070276,0.9909397959709167,-0.0919046916420273,-0.10420637230618365,-0.3708231940376595,0.9911655187606812,-0.09402741118497554,-0.10761895069313762,-0.37087130136020413,0.9915187358856201,-0.09624754484321005,-0.11132180086776954,-0.37168270011026433,0.9895917177200317,-0.07549713881704155,-0.10911323352929199,-0.5122963342771553,0.9912561178207397,-0.09869197942828659,-0.13317786138625912,-0.46174916083714285,0.991398811340332,-0.08148669324584237,-0.07199579963550838,-0.35060177578748586,0.9923285245895386,-0.08671012892452035,-0.08183985154242102,-0.33247506088351586,0.9913558959960938,-0.09894532466918494,-0.203853901099279,-0.4141341779701793,0.998528778553009,-0.07841750604100563,-0.1434994737844695,-0.3314308364005706,0.9985140562057495,0.055370114587550964,0.10877241264045408,-0.28465918817766284,0.3643032908439636,-0.036570818189714756,0.05807800423375787,-0.31707412058315476,0.8697332143783569,0.01066945875534513,0.25632386810332985,-0.25222009501534526,0.46175315976142883,-0.06011633248070176,0.011164068858729058,-0.2867268820253229,0.8131140470504761,-0.0022735100820017212,0.31656657333693156,-0.2792756660659045,0.4671500027179718,-0.06500605841528127,0.0174641147156718,-0.30079859515628343,0.8005961775779724,-0.00970748365733807,0.2560676955398243,-0.30378836029878914,0.47561389207839966,-0.07937322675869968,-0.034769642336009515,-0.3146844118258171,0.7999585270881653,0.000342705770576081,0.22912022674077115,-0.25964312342513385,0.4777405261993408,-0.07805243871889946,-0.03900925542380621,-0.29159898003182844,0.7679297924041748,0.006421106670398741,-0.0020021727881481093,0.031931270145044606,0.9997782707214355,-0.006421106670398741,0.0020021727881481093,-0.03243740640735299,0.9995352625846863,-0.0761147802920623,0.39082714405729196,0.04917025662072508,0.7842876315116882,-0.012113620872552735,0.07245673889693321,-0.19540721055277968,0.9414953589439392,-0.09933755142360927,0.817445964734894,0.06727887237618652,0.9066669940948486,-0.147806771261955,0.5694726367903061,-0.16016579088535085,0.9672001004219055,-0.09856320773499262,0.8864192708268066,0.05837177269125122,0.8668415546417236,-0.15112039335765512,0.6264181698051954,-0.1665245036863941,0.9360097646713257,-0.11192025081963802,0.9937171918893571,-0.10883250395541352,0.9024832844734192,-0.21662877275615827,0.8165408787948025,-0.3062713707021662,0.9519615173339844,P10,P10/rob_1_frame707.jpg
-0.01209446550611053,-0.3608171797381596,0.7396511372388085,0.9699437618255615,-0.017745368090571777,-0.37966692801088386,0.7583805021893113,0.9639310836791992,-0.020309715252862882,-0.38029410687976056,0.7582952306694044,0.9630919694900513,-0.02275048711090388,-0.38123109040438463,0.7581846968917283,0.9598917365074158,-0.01207038884166623,-0.3792853493592363,0.7244042246815089,0.9709687829017639,-0.010964959865418613,-0.380063372178836,0.72446414274416,0.971519947052002,-0.009966872684818506,-0.3816634671700302,0.7238784596416551,0.9666776657104492,-0.02868146331850319,-0.37287046867610113,0.7530422314446799,0.9656450748443604,-0.014849145996792754,-0.3773391523166553,0.6005382676678284,0.9618036150932312,-0.014678238159032832,-0.3417507414854366,0.7328621106621781,0.9658187627792358,-0.009352461744056175,-0.3396032671760807,0.6874196865107235,0.955290675163269,-0.052395883402301155,-0.3490537227684149,0.7079070127636065,0.9975301027297974,-0.016878334572117352,-0.36755408580823723,0.3175645920575547,0.9975135326385498,0.058657731347036536,-0.2509534446895976,0.7854242963281693,0.3691798150539398,0.14305847855653317,-0.31106393825733675,0.11905868387944252,0.8613398671150208,0.1973907550566132,-0.27245381483887177,0.8242113467505053,0.47751912474632263,0.21842536942817123,-0.34886849661126956,0.12781395998575498,0.7993144392967224,0.22423131113973593,-0.2806791877286291,0.8299887430227857,0.48110145330429077,0.2458399350795229,-0.3754432973906397,0.1193563932032886,0.7877945303916931,0.23500634807445284,-0.3086188800234288,0.8194350472418807,0.49077099561691284,0.23729527278741896,-0.38367240945934483,0.1351718775594327,0.7872847318649292,0.2310143641499985,-0.3058206973776711,0.8127751135384356,0.491170734167099,0.2227139340828258,-0.36979768437639726,0.13549481494124052,0.7541075348854065,0.007617300313308949,0.006543289560171414,0.0588819566846099,0.9997771382331848,-0.007617300313308949,-0.006543289560171414,-0.05911887015074696,0.9995242357254028,0.01720054235803294,0.3773386963192227,-0.29435040115738176,0.8036571741104126,0.0020957186007492857,0.42957612061367545,-0.39564462205375994,0.9447832703590393,-0.0406336120258814,0.854069420244494,-0.5047869235641149,0.9112713932991028,-0.15099018909965928,0.8718255954742197,-0.5585489752746571,0.9669280648231506,-0.036505011270602995,0.9238910175370741,-0.535465883636373,0.8748462200164795,-0.16174653013963722,0.9328448007257581,-0.5717923719120908,0.936987042427063,-0.0297694731928233,0.9902851557268297,-0.7451535670591966,0.90435791015625,-0.18609122987485396,0.9825324697757649,-0.748072862623068,0.9486997723579407,P10,P10/rob_1_frame708.jpg
-0.04223388401425526,-0.4980749210252645,0.23232395892453728,0.9714304804801941,-0.050279528922934635,-0.5181113946072399,0.21314862547129465,0.9665312767028809,-0.05263714778174259,-0.5176893319315641,0.21307699907039887,0.9654422402381897,-0.05508358818749237,-0.5171807724606264,0.21302260789747465,0.9626784324645996,-0.04465178608903818,-0.5200240239289773,0.18883206359605986,0.9730028510093689,-0.043178534834799054,-0.5210919667524061,0.1887575913784525,0.9733630418777466,-0.04191619467262126,-0.522247127845756,0.1882854062549199,0.9689756631851196,-0.05482618206183333,-0.5023062897380601,0.19663318871813334,0.9668863415718079,-0.03995827277505155,-0.5062365630263851,0.06788695264459314,0.9643850922584534,-0.041087059961412466,-0.4780804533012291,0.22211471171750657,0.9675022959709167,-0.03587240145187635,-0.4794084476574009,0.19005548420856233,0.9576138257980347,-0.052486038922550035,-0.3932804862740481,0.26697402197590003,0.9974784255027771,0.0006791882278561847,-0.4050402827286741,0.025148855543198248,0.997536838054657,-0.03600707672160764,-0.3395241308861427,0.3860839368754841,0.3927188515663147,0.11059873846700762,-0.4254702806553583,-0.07957246727075798,0.8720748424530029,0.06041905362053151,-0.36631296596812185,0.41018600032632396,0.47558894753456116,0.16457273871046088,-0.4932956323906752,0.23798434848676592,0.7908570766448975,0.08066074666114503,-0.37607908744761853,0.4121386714916512,0.4746227264404297,0.18063565052455482,-0.5213230791349271,0.26871975015979194,0.7674359679222107,0.08941544083218947,-0.3924813328431247,0.38801043454344986,0.4856284558773041,0.173129748824864,-0.5261160757880426,0.27328243606889674,0.7669250965118408,0.08497404282969385,-0.38458439187810695,0.3990061091700528,0.4810606837272644,0.16550071544999032,-0.5005079740678922,0.248598984288458,0.7364857196807861,0.002811466501417313,0.0048059030331314406,0.15121850329980036,0.9997137188911438,-0.002811466501417313,-0.0048059030331314406,-0.1520005116870846,0.9995026588439941,0.014250928207325299,0.28506016918519084,0.1928063267976378,0.8142931461334229,-0.02970876327384078,0.3140943937345352,-0.3192410131755092,0.9486528038978577,0.0012453855076848342,0.6335603266350732,0.2806241421607143,0.9151536226272583,-0.16609937908948633,0.6234499014154005,-0.2947370482575278,0.9685943722724915,-0.01162435962830991,0.6904785847991759,0.2843534647154684,0.8799882531166077,-0.18794394833145536,0.6500881887851443,-0.2907111194539606,0.939440131187439,0.02006433052020847,0.7393214572658668,0.211389810538722,0.907442569732666,-0.1720309429187885,0.7362893397644881,-0.42358735204042763,0.9507992267608643,P10,P10/rob_1_frame711.jpg
-0.020930109307183045,-0.5019810769236134,0.0281188993614335,0.9742633104324341,-0.024002862188881122,-0.5195983332642273,0.06837289278108687,0.969855010509491,-0.023245820640141815,-0.5204447035407576,0.06840671632709336,0.9688599705696106,-0.022188867597488858,-0.5213445933768077,0.06838953025663792,0.9663788676261902,-0.02779575997088313,-0.5171280443936129,0.014891226361826342,0.9756881594657898,-0.029822356934417756,-0.5161169208721745,0.014790918453714826,0.9760108590126038,-0.03182642752311816,-0.5150577928691927,0.014661078662388524,0.9720646739006042,-0.02849166959895161,-0.510568053333267,0.17596619462565358,0.9701409935951233,-0.040743920225598126,-0.5021134387950531,-0.006024405258815211,0.9679344892501831,-0.018734409178082494,-0.4835695716772064,0.11059640259269869,0.9706851840019226,-0.024375246468037313,-0.48119925330456326,0.03341279892259713,0.9617952108383179,-0.003664730476910703,-0.398513398097959,0.3320546500346556,0.9976126551628113,-0.03419495932120547,-0.40059025218052036,-0.1596265915432021,0.9977559447288513,0.06532066123266989,-0.41981697916446264,0.4313969340180393,0.4088705778121948,0.06396100031853764,-0.4515920620883897,-0.2603471983771109,0.8840644359588623,0.1310948793710538,-0.3818310639901202,0.3882745781571423,0.49904322624206543,0.12215858879716043,-0.5123806497358765,-0.01879543550637128,0.8089689612388611,0.14676298287127007,-0.4837217412230693,0.38763343092306735,0.49303138256073,0.1424825055898389,-0.5432740969550846,-0.026083706935260076,0.7845494747161865,0.1457743080475112,-0.46020467195906156,0.34598352320478293,0.5059539079666138,0.13479433153607107,-0.5430385798223349,-0.019018126198967422,0.7839137315750122,0.142629004703416,-0.4266963786845271,0.36328630358499553,0.5030459761619568,0.12887968227614846,-0.528842769110422,-0.007277392379275292,0.7548997402191162,0.024166450276470387,0.001234212309451963,0.15565839584255478,0.9997230768203735,-0.024166450276470387,-0.001234212309451963,-0.15576310464695664,0.9995319247245789,0.025881251141437443,0.3037393464152251,0.12269293965330359,0.8256807923316956,-0.04666843448415503,0.31943852077728174,-0.28403156481284014,0.95262211561203,-0.002224518353457443,0.6039466349335977,0.20080377551787482,0.9196413159370422,-0.17643682108609113,0.5828951939109283,-0.26054119707072637,0.9709340333938599,-0.020466376694216325,0.6489782564160048,0.20160101499412003,0.8866648077964783,-0.19486036629146125,0.6092176512904981,-0.2558567985853711,0.9406579732894897,0.022342746040753023,0.7021383260644571,0.09960849330184493,0.9130077362060547,-0.17593704627338963,0.7237939399956116,-0.3607746904681336,0.9544987082481384,P10,P10/rob_1_frame714.jpg
-0.009849297839179304,-0.4953119891761706,-0.07085574300984421,0.9768205285072327,-0.014557895177830966,-0.5144720117134993,-0.04263143722391375,0.9728522896766663,-0.01338897477289491,-0.5150869133325423,-0.04266326106319342,0.971944272518158,-0.011973898775309393,-0.515326245849063,-0.042689358392150635,0.9697187542915344,-0.020566925839331313,-0.512778689171801,-0.08455169060203731,0.9781063795089722,-0.023669700964223158,-0.5120746376899313,-0.0846836627654586,0.9783958196640015,-0.026697797145990163,-0.5107768286271321,-0.08484293660575273,0.9748475551605225,-0.020599541642804513,-0.5028220216071652,0.12168369566282615,0.9730732440948486,-0.03906083619722118,-0.49519712156485807,-0.06093494814285015,0.9711306691169739,-0.007057684977307638,-0.4770580861445283,-0.0029525549817687306,0.9735630750656128,-0.014845739015839274,-0.4747233194678571,-0.05879631210163354,0.9655693173408508,0.0006218746528890093,-0.39104308939413734,0.29805232206941457,0.9977914690971375,-0.03499855661934879,-0.4082179716722559,-0.1982002956320943,0.9979669451713562,0.05538875728905635,-0.25069833675297853,0.4621671348769779,0.3999011814594269,0.056687391119299615,-0.44811287269208827,-0.22544630070243918,0.8952833414077759,0.0968118774040399,-0.16515713140982238,0.46295493774385815,0.480692595243454,0.11484609238010406,-0.5260083338702579,0.015266518026983502,0.8263950347900391,0.10937953376027865,-0.1438293950926921,0.46892171781856046,0.4718382954597473,0.12623912993815625,-0.5510631192886429,0.01034145086594845,0.8019621968269348,0.10398720421042675,-0.1512876921112809,0.4230232595939025,0.4869588017463684,0.11855214740096226,-0.5567524400972473,0.003976855227080302,0.8013300895690918,0.09973740250729808,-0.15638880377448935,0.4403791408365827,0.48542505502700806,0.11461650711519615,-0.5427630346250114,0.020774610248271975,0.7739404439926147,0.02211209015651683,0.0032840740048877028,0.1472809343781715,0.9997308254241943,-0.02211209015651683,-0.0032840740048877028,-0.14737248356447213,0.9995599389076233,0.03131229601715018,0.2670802426229762,0.09836443651115082,0.8362619876861572,-0.036227085216839316,0.2880410324063184,-0.28403487450407744,0.9564083814620972,0.0014943286510824638,0.5812182665816509,0.1407423936451696,0.9248777031898499,-0.1649576126671967,0.5537643076470924,-0.25086203434592763,0.9731705188751221,-0.018523601985879264,0.631869784608086,0.13826052782036283,0.8922614455223083,-0.18417229479241498,0.57330424806074,-0.24995128489572513,0.9407958388328552,0.03253557609454157,0.673205929247141,0.026670924254464722,0.919722855091095,-0.16561255299671024,0.6916888177128226,-0.3839789187455644,0.9584338068962097,P10,P10/rob_1_frame717.jpg
0.005145448395141011,-0.4907457619742788,0.16730155153903126,0.9791334867477417,-0.005093574933227995,-0.5100645233385109,0.17934167190800923,0.9755633473396301,-0.006557099209174444,-0.5103363884632829,0.17939326303975944,0.9747423529624939,-0.00787049912655115,-0.5104518050338382,0.17933073631970317,0.9727424383163452,-0.0051013296016997525,-0.5106014023761041,0.13106386342744025,0.9802929162979126,-0.006532480018977701,-0.5111222450604499,0.13090233293029313,0.9805524945259094,-0.007751769882085512,-0.5113644466961162,0.13073666159075817,0.9773603677749634,-0.021545141740082163,-0.5002734638684618,0.2420743800510472,0.9757530093193054,-0.01733450733600495,-0.4999838307654439,0.024350710681173414,0.9740143418312073,0.0043948266022922995,-0.472294695310406,0.19550725708195107,0.9761873483657837,0.0029321304948234173,-0.4722961257832309,0.13112303982956455,0.9689962863922119,-0.030038762357958524,-0.37657897293959625,0.37785992371026106,0.9979536533355713,-0.012601298622583407,-0.42228385959148074,-0.1280405497010357,0.998153567314148,0.01348262045880076,-0.35965068224183755,0.5850117001370654,0.37224194407463074,0.0728538680394406,-0.4449181558116277,-0.016910587420175028,0.901351809501648,0.05814815567133957,-0.5089601230296545,0.6971395760240015,0.46903130412101746,0.09560335496601267,-0.5336412752861283,0.43773202499971997,0.8256347179412842,0.07435225067948825,-0.5403767695141748,0.722247460910552,0.46310409903526306,0.10365044219839398,-0.5526382555528041,0.4758178369460381,0.7979944348335266,0.06501954481775042,-0.5431618248161868,0.7018774525961148,0.4788038432598114,0.09497846420566722,-0.5624529554684855,0.4695291019676168,0.7958447337150574,0.06161351373365055,-0.5279866162093491,0.685707086631416,0.47576797008514404,0.09049912677464145,-0.5495223092999827,0.45028175131256404,0.7674914002418518,0.018098605688624963,0.004628859485248189,0.15418373929459844,0.9997468590736389,-0.018098605688624963,-0.004628859485248189,-0.15450637679364848,0.9995905756950378,0.023212997765857238,0.2883127013125386,0.09996992973001345,0.8346156477928162,-0.0283960525386841,0.30272494088740753,-0.2722184892037543,0.959439218044281,0.005013092014817235,0.597430952270671,0.12872020310196025,0.926434338092804,-0.16531872798362904,0.5620017542242988,-0.252194354160766,0.9751519560813904,-0.013599091061963945,0.6448830485460901,0.12551359122285619,0.8934335112571716,-0.18283215735481,0.5759032397126395,-0.2533291331951404,0.9418061971664429,0.04583073061645286,0.6857996909248166,0.049809816643006884,0.9232472777366638,-0.1680449833237338,0.7078931178410693,-0.3593442599051381,0.9615326523780823,P10,P10/rob_1_frame720.jpg
0.0073174299038676486,-0.4953657155689297,0.13106005908624507,0.981213390827179,-0.00368103329228449,-0.5143152554623837,0.13741696994855784,0.9780012369155884,-0.006480902678750904,-0.5144858899976399,0.13746030970229065,0.9772566556930542,-0.009116780781771125,-0.5146823511073487,0.1374079194510076,0.9754611253738403,0.0008725799287601275,-0.5149333764538346,0.09370150860251235,0.9822590947151184,0.0011851859802269721,-0.5153453327093375,0.0936039311763471,0.9824914336204529,0.0017757636018138094,-0.5156400990171794,0.09343487348035474,0.9796202778816223,-0.023277730412628914,-0.504270509439009,0.18076308702086544,0.9781568646430969,-0.005038645246458074,-0.505368064209966,-0.006758265439628471,0.976604700088501,0.0037110398903479258,-0.47796733765148647,0.15299387458635375,0.9785305857658386,0.007142689988279329,-0.47917237874386487,0.09510195646828706,0.9720555543899536,-0.04491607049374725,-0.38350447693598333,0.31866936232254606,0.9980442523956299,0.021741571735650007,-0.4161597917463875,-0.13333094088651543,0.9983060359954834,-0.012323754610620578,-0.37184288285128503,0.6123499463533384,0.34929320216178894,0.08244954750126521,-0.5055436252016208,-0.06469589556813118,0.9069672226905823,0.05405046708930686,-0.49764524665912696,0.8698352207566682,0.4439472556114197,0.07766610762490388,-0.53116657278976,0.34200635949851416,0.8275161385536194,0.07356266801808957,-0.5206385861796621,0.9270527275206853,0.438615620136261,0.08062571362792689,-0.5524943968312168,0.37665278376996847,0.7964974641799927,0.06191533079963531,-0.5196842718606546,0.9010088664835917,0.4538186490535736,0.07238852924311978,-0.5639069809379559,0.3731641062070608,0.7931142449378967,0.060283031579607384,-0.5085981028119538,0.8622423571541585,0.45154857635498047,0.06968823399052557,-0.5504310326763224,0.35401467161307487,0.762485146522522,0.0047585090212539025,0.0005731110943558818,0.15080438195116652,0.9997614026069641,-0.0047585090212539025,-0.0005731110943558818,-0.151367304237971,0.9996094107627869,0.019325518088592026,0.2950159149662547,0.09641369079724985,0.8288198709487915,-0.02590144166121048,0.30776886842977264,-0.23827858841453126,0.9620702862739563,0.011293752006945556,0.5986186434350506,0.07938001993985123,0.9269502758979797,-0.16158605307455623,0.556969783896116,-0.24645096377255085,0.976791262626648,-0.001957967845278606,0.6529982127404313,0.07408760620641264,0.8933470845222473,-0.18051484213651353,0.5666238469984359,-0.24812608957377005,0.9426607489585876,0.04489651395471088,0.6777215595328975,0.025043426502219326,0.9251781702041626,-0.15961323121680343,0.6999246506611501,-0.33194306462036643,0.9641062617301941,P10,P10/rob_1_frame723.jpg
0.0014069065363840698,-0.4995330047794772,0.1816530668207108,0.9830849170684814,-0.00846885260984984,-0.5184279582819233,0.19629504190180785,0.9801957607269287,-0.010602647659055215,-0.5187151390109603,0.19631719508961107,0.9795204401016235,-0.012708916194054046,-0.5191580519368098,0.19630324329473925,0.9779095649719238,-0.0053986281718700554,-0.5181348951745078,0.14243912462316285,0.9840287566184998,-0.00538822088704676,-0.5178442453505298,0.142327302872643,0.984236478805542,-0.005184977172562824,-0.5174933388557269,0.14220714775275375,0.981654703617096,-0.0246587416244205,-0.5068192353823958,0.26509986432184124,0.980323076248169,-0.012149109851711092,-0.5056582198037389,0.01946822733326793,0.9789395332336426,-0.0007905388634797251,-0.4804632390580427,0.21193728526010625,0.9806506633758545,0.0011237228080400328,-0.48093548846067663,0.14005940090867655,0.9748260378837585,-0.039602546819169984,-0.39221338534207684,0.37621855750283556,0.9981622695922852,0.0017196529868348611,-0.40688916524507274,-0.12799197504518453,0.9984331727027893,-0.0003649714123358101,-0.4072396192492311,0.566392607626397,0.32340008020401,0.06691073428974721,-0.5068721767878013,-0.0804679478926726,0.9101150631904602,0.04953856263622863,-0.5633452716735177,0.6544898588725082,0.42554426193237305,0.071653137904444,-0.5985344132840896,0.2866674726697511,0.8332110643386841,0.06052443216361413,-0.6020830711635113,0.6670310141601171,0.4256771504878998,0.07144122145260731,-0.6363237923832299,0.30068370975084746,0.8019293546676636,0.051438570852446915,-0.6040919033797297,0.6446066336306402,0.44133681058883667,0.0627073978628542,-0.6340564371787922,0.29021034243967875,0.7976216077804565,0.05109075637704806,-0.5803086934448459,0.6405055600894022,0.44134581089019775,0.061295627052041855,-0.6126163746312984,0.2933971586337224,0.766234278678894,0.012396773064462576,0.0022024982120606128,0.15201930368277136,0.999775230884552,-0.012396773064462576,-0.0022024982120606128,-0.15233567948526652,0.9996249675750732,0.020518980133078495,0.29252758473767154,0.09013512770557294,0.8283458948135376,-0.03271103888846254,0.3087018628250073,-0.2250532544964338,0.9632415771484375,0.00980287044491713,0.6048232036763349,0.08316204890930755,0.9287630319595337,-0.16489735710898082,0.5727927484247407,-0.18019284180338418,0.9779298305511475,0.0010865431600843444,0.661801579781733,0.07858371557423673,0.892195999622345,-0.1840696873765,0.5831905309445026,-0.17942364541530298,0.9413747787475586,0.04044334985174193,0.6829544616001899,0.015373777359510865,0.9280848503112793,-0.16300881198908965,0.7186864411539364,-0.27982032767598064,0.9661351442337036,P10,P10/rob_1_frame726.jpg
0.001087654128736832,-0.48829189539620294,0.06240202841526277,0.9847652316093445,-0.006141968331283869,-0.5072532483354874,0.0885835448644863,0.9821649789810181,-0.0074107745623184975,-0.5081466255473105,0.08855745280718133,0.9815453886985779,-0.008554857978754316,-0.5092742473318551,0.08851656752662282,0.9801060557365417,-0.00538562308223044,-0.5062350741575705,0.030959523643507295,0.9856170415878296,-0.0062115965850937874,-0.5059702791689068,0.03088339786494754,0.9858023524284363,-0.006936427448769989,-0.5056304428672977,0.030813577280697453,0.9834825992584229,-0.02160433467575613,-0.5012820508972006,0.19600644492109964,0.9822502136230469,-0.016005674348375642,-0.4978813891847654,-0.04068101172764746,0.9810366034507751,-0.0003720922019362846,-0.47059934868795317,0.11899608537061901,0.982513427734375,-0.0011725575905178296,-0.47063353252715057,0.04127081271891912,0.9772729277610779,-0.031682635119393066,-0.39113897739781506,0.3391552201273829,0.9981828331947327,-0.017307107237212575,-0.4073596169302109,-0.1753990956335627,0.99854576587677,0.0011798244370283429,-0.40430294400310496,0.5778917421133573,0.29718971252441406,0.057198831914150525,-0.4996848276947878,-0.17877350771676606,0.9168676137924194,0.039804522518811794,-0.5455319555415764,0.7068163511766395,0.4029816687107086,0.06485527037942138,-0.6110159564471472,0.11569701120634096,0.8460180759429932,0.049368285738607375,-0.5744148526640567,0.7271721229794975,0.4059429466724396,0.056796337599262094,-0.6506417738629964,0.11724813998567116,0.8156967163085938,0.035021973545458954,-0.570156999669361,0.7071435817240976,0.4218602776527405,0.04709969490041713,-0.6454931389588027,0.09500417451399985,0.8114314079284668,0.03570802317724742,-0.5613073894979608,0.6955088414003008,0.4237281084060669,0.05003505598169448,-0.6294537998316947,0.1168802280742658,0.7809269428253174,0.013006765435878798,0.0007205300769658983,0.15314004033265782,0.9997743368148804,-0.013006765435878798,-0.0007205300769658983,-0.15336613750986566,0.9996212720870972,0.021238693653885303,0.28820824906011405,0.08150299471623675,0.8185191750526428,-0.03237884350599724,0.3080277572510941,-0.2074681527313018,0.9637693166732788,0.00846291012494782,0.5913678865126193,0.09058015728793421,0.9279353022575378,-0.16315212349125507,0.5615038168082297,-0.16557517189354123,0.9789549708366394,-0.00220993700564111,0.6469608936509363,0.08599847544561369,0.8893537521362305,-0.18101944527323222,0.570681399042038,-0.16533360486068793,0.9409232139587402,0.04246107397886945,0.6709463811343007,0.011308062436699974,0.9296108484268188,-0.1617752043805028,0.7045536183065547,-0.270119974360895,0.9681510329246521,P10,P10/rob_1_frame729.jpg
0.0035703341092490105,-0.49344558961947027,-0.021955357754445674,0.986271321773529,-0.0035243559200402947,-0.5136476697057305,0.006497364468703007,0.9839311242103577,-0.004026509868849208,-0.5148598561156694,0.006435622362447625,0.9833577275276184,-0.004312972018281941,-0.5163248474384962,0.006388561863944321,0.9820762276649475,-0.005244556244079446,-0.512281246004214,-0.04433985466580938,0.9870405793190002,-0.0071284599574744645,-0.5120101099178508,-0.0444145457458485,0.9872057437896729,-0.008917251926525965,-0.5116304893458383,-0.044512615645747725,0.9851232171058655,-0.017307670435035397,-0.508339367557168,0.155319413052791,0.9839705228805542,-0.01979011701350531,-0.502863906142283,-0.08111157354886593,0.9829199910163879,0.004300425682337732,-0.47601046493934895,0.03592497502814525,0.9841552972793579,0.0005517758343846594,-0.47563362409446186,-0.03123156542345925,0.9794348478317261,-0.018732618661704854,-0.39580632204139393,0.3203665563085518,0.9981333017349243,-0.017180779648150558,-0.4033871638065813,-0.2077514149328793,0.9986106157302856,0.004607998732371199,-0.422792438868744,0.5346668393113273,0.2738434374332428,0.0497084703193132,-0.5035090282186478,-0.26106746394853336,0.9229227304458618,0.016928049863022914,-0.5439701352333581,0.6622022975059687,0.37789276242256165,0.04296890921222912,-0.6378801359255988,-0.04094639008588164,0.8572075963020325,0.02692056785662362,-0.5869556852444593,0.678952257013568,0.38146865367889404,0.03324046529553795,-0.679784071573893,-0.05165534048667971,0.8272557854652405,0.013756005574182408,-0.5831319076363614,0.6592501521710725,0.3971107006072998,0.02730334379456219,-0.6781480143412162,-0.07257765632299462,0.8228968977928162,0.009653879614747299,-0.5577306860370292,0.6507377261800877,0.4009353816509247,0.029351401663873948,-0.6610459310218175,-0.04218193183825564,0.7930600643157959,0.01518448480557868,0.0012567371717048922,0.1566758071983282,0.9997734427452087,-0.01518448480557868,-0.0012567371717048922,-0.15682578098951758,0.9996205568313599,0.019563531688908113,0.2905705861240201,0.07428275596724464,0.8087565302848816,-0.027963791933996535,0.3039385192531737,-0.2462674266735565,0.9653974175453186,0.009020101830164415,0.6002294832901514,0.09224158217688144,0.9274946451187134,-0.1637226596263452,0.5608082947313676,-0.19602502336289307,0.9801173210144043,-0.002692090593154427,0.6582117362703489,0.08806044998668389,0.8861308097839355,-0.18305483537788692,0.5675649849677648,-0.19773356010216972,0.940835177898407,0.04794026335654142,0.6839481028076876,-0.0073791730317907195,0.9309864640235901,-0.16487752355529353,0.7120673716413041,-0.3304194770213091,0.9702913761138916,P10,P10/rob_1_frame732.jpg
0.01433730012858217,-0.5117732669130581,-0.49537517811089515,0.9876440763473511,0.007861583199881514,-0.5438156124083404,-0.4630535353169132,0.9855377674102783,0.00813753440113869,-0.5457664163138116,-0.463120224493767,0.9850212931632996,0.008373099661089987,-0.5483292359897639,-0.4631822873272003,0.9838681817054749,0.0015593977941983416,-0.53859604955605,-0.5088636751560659,0.988336443901062,-0.003110124831545709,-0.5360448684798976,-0.5088452861683819,0.9884850382804871,-0.007745080815883863,-0.5330206365148756,-0.5087998956291621,0.9866107702255249,-0.003622572380738178,-0.5355445832674961,-0.2736184185062696,0.9855712056159973,-0.024813669352522872,-0.5169804346565616,-0.4797224543364214,0.9846278429031372,0.01358428272152442,-0.49305554697776305,-0.419782414217122,0.9857380986213684,0.0060923996442887995,-0.4883657731883671,-0.4797894635747697,0.9814903140068054,-0.005149789446489615,-0.41540676623632705,-0.032507882213156016,0.9982863068580627,-0.012978842759930227,-0.3843878028214557,-0.5382159910795822,0.998742401599884,0.09724963762955248,-0.44643236365308436,0.00783385150806127,0.29008305072784424,0.10827697816802354,-0.40550353985953563,-0.6388107368706416,0.9303515553474426,0.17548954285482876,-0.5055081504477379,-0.13913948970508383,0.402100145816803,0.1981029931081672,-0.4957304463697891,-0.638363581866327,0.8709885478019714,0.20260701484475574,-0.5133781716324743,-0.16476147436196406,0.40653616189956665,0.218919909096383,-0.49982868832435184,-0.720711272698002,0.8431575894355774,0.20053289997440393,-0.5124494695614361,-0.21205448820163028,0.41977450251579285,0.21756727102763104,-0.5097860341902131,-0.6966968259937427,0.8389545679092407,0.19228671924413257,-0.5069218329724406,-0.1659970717614776,0.4234008491039276,0.2118559773337921,-0.510459094416645,-0.6321312280594436,0.8099640607833862,0.014550635662915532,-0.005467406835030667,0.14761828240060726,0.9997628927230835,-0.014550635662915532,0.005467406835030667,-0.14813199564752796,0.9995957612991333,0.05109246384086437,0.25026393860366736,0.19117161044904815,0.7986323833465576,-0.025614055860766483,0.2820863145627303,-0.18974790418026766,0.9677611589431763,0.02293659597678448,0.5684561575888388,0.40442309954360534,0.9228801727294922,-0.16865611356127616,0.5134097704309313,-0.09007981643115652,0.9815162420272827,0.006354500911784017,0.6171064358406775,0.42155927924858266,0.8794853687286377,-0.1990715573835203,0.5199013158553599,-0.08365107580089848,0.9437803030014038,0.07696611867016907,0.6341047272345247,0.32532510945157717,0.9279864430427551,-0.1639304928844963,0.6481050317058988,-0.20832075264455266,0.9721572399139404,P10,P10/rob_2_frame77.jpg
0.017303025698783208,-0.5027602427824845,-0.37298927927317244,0.98887699842453,0.0059206657414403,-0.5275068851938104,-0.34404584764267376,0.9869783520698547,0.006500125659681132,-0.5282878842615125,-0.34410148985180405,0.9865044951438904,0.00712365309191987,-0.5291127277165595,-0.3441738107782576,0.9854717254638672,0.003826622101590396,-0.5349792294629466,-0.3925637064102313,0.9895002841949463,-0.0005432018371033131,-0.5344627470425585,-0.3925266952766394,0.9896332025527954,-0.005289663566320904,-0.5329447048578255,-0.39254448962722843,0.9879469871520996,-0.008662334492069572,-0.5361026721615768,-0.17569112599918799,0.9869714379310608,-0.023392375190007902,-0.5166626509422115,-0.3933612447410985,0.9861624836921692,0.013922545340174152,-0.483348781774723,-0.3042864909546952,0.9871360063552856,0.008706513569394055,-0.4791442389043531,-0.36779606220267735,0.9833238124847412,-0.007805862833938099,-0.41889675143465016,0.048878797506219665,0.9982452988624573,-0.020596598225988794,-0.3805989022156616,-0.46819719904731355,0.9988285899162292,0.07016195295760924,-0.4427547919497904,0.1295390372987744,0.2816096246242523,0.08699886707795382,-0.4176428912072515,-0.5770228731534205,0.9370246529579163,0.1327355915681055,-0.536772498374345,0.02462224407266159,0.41120222210884094,0.16125251660110035,-0.522530156758538,-0.5429947197875229,0.8834003806114197,0.1564642186244164,-0.5508754416135941,0.008003624518888596,0.41766807436943054,0.17528428243799338,-0.5471448755361865,-0.6081445787353348,0.8576860427856445,0.1534959647575093,-0.5565507238182283,-0.020569001991253794,0.42872658371925354,0.16974795235661078,-0.5556499615194458,-0.5942464099820176,0.853689432144165,0.14736991093184076,-0.5506427762960179,0.005987201935093113,0.43272864818573,0.16579381337274288,-0.5489300003247448,-0.5381704984196811,0.8260157704353333,0.010885345337442464,-0.002674898099672948,0.1497070510603019,0.9997460246086121,-0.010885345337442464,0.002674898099672948,-0.1502774046220109,0.9995672106742859,0.04319441940411545,0.25020279360587544,0.23185804534517968,0.7659024596214294,-0.029931994267297285,0.28356580641872114,-0.15923084966936726,0.9675083756446838,0.0149594148973806,0.5594423894614404,0.42657046750825783,0.9055814743041992,-0.17230425864013238,0.5039170986974245,-0.07181777585066476,0.9816182255744934,-0.001304398414338044,0.5991989849570862,0.4432299680485134,0.8649221658706665,-0.19692578278070216,0.5036560405132344,-0.06675912507014523,0.942340075969696,0.06403422568204206,0.6209136708420295,0.36882671210442713,0.9198775887489319,-0.1687664739910498,0.6308083338394683,-0.1780169703408332,0.971666157245636,P10,P10/rob_2_frame79.jpg
0.015380743340475945,-0.520873767303603,-0.22867278906519342,0.989982008934021,0.005769926269752767,-0.5510344013126122,-0.20552511224510078,0.9882687926292419,0.004247675745726238,-0.5518796188221659,-0.20558996160938356,0.9878290295600891,0.0026087811364015672,-0.55208979292741,-0.20564494934920677,0.9869104623794556,0.003921818286506719,-0.5516884332889471,-0.2611746122804265,0.9905433654785156,0.001115578606485138,-0.5514602878566076,-0.26112332618187606,0.9906610250473022,-0.002482077629018605,-0.5515810009216255,-0.26113957384395126,0.9891449809074402,-0.01910747665486581,-0.5439631362094484,-0.0728253769164816,0.988233745098114,-0.021193054815642282,-0.5382084686136445,-0.32363387482991596,0.9875406622886658,0.011508091892248965,-0.49098485071809844,-0.17312234325491926,0.9883929491043091,0.00947269781468216,-0.49097190910204547,-0.2458591138994838,0.9849671721458435,-0.019676003543479818,-0.41129495666625954,0.10979003024432105,0.9983178973197937,-0.017769912599228006,-0.38782818989141177,-0.4211480758279303,0.9988894462585449,0.057524070515151585,-0.45776315717412136,0.20154009761732244,0.2687472403049469,0.08072245416932064,-0.4446131189377579,-0.5026862191470333,0.9426313638687134,0.11314815355563092,-0.5669026310289513,0.11143899840413235,0.4148561954498291,0.1250851837266652,-0.5727389607871853,-0.4159623024591873,0.8942343592643738,0.1293905033517539,-0.5885832287340641,0.09753643203825373,0.4243590831756592,0.13809608546205768,-0.5915157198126109,-0.47303734410818754,0.870369017124176,0.12276914307565334,-0.590572648992159,0.0692969145288155,0.434223473072052,0.1281173648083447,-0.5966692804252395,-0.45916353610418204,0.8664857745170593,0.11525385056057702,-0.5824147685062093,0.09259024104311096,0.43810006976127625,0.12153533800286796,-0.5914675702192611,-0.4100880803273136,0.8396638631820679,0.009691857583473922,0.0005069835703535042,0.1609301400188935,0.9997526407241821,-0.009691857583473922,-0.0005069835703535042,-0.1613849474013829,0.999562680721283,0.04064266484860642,0.2714954945690414,0.19430410947751975,0.7550274133682251,-0.032766137356192056,0.3051136310676534,-0.19046364252860346,0.9687214493751526,0.012930539385928344,0.5813390319928129,0.35915219660082554,0.9042553901672363,-0.1817156045708771,0.5262573665544129,-0.13304407980159993,0.98268061876297,-0.0024464740564712067,0.6200329946373251,0.3728840141666956,0.8664782047271729,-0.20566087205804046,0.5244273429254767,-0.13080325876179535,0.9447634220123291,0.062003452050472,0.6480448682726879,0.296735432283964,0.9199299812316895,-0.17756185444034733,0.6550020324028784,-0.2424958478499171,0.9730006456375122,P10,P10/rob_2_frame80.jpg
0.018535835442305866,-0.512474367223207,-0.08175149209521229,0.9909623861312866,0.011353913305821063,-0.5451567840139747,-0.059714272905585335,0.9894187450408936,0.010270646237693562,-0.5463457735151451,-0.0598191918924651,0.9890063405036926,0.009051292012567538,-0.5477007716166279,-0.05986669910998611,0.9881951808929443,0.0094609941456486,-0.5429731281629345,-0.12827274264894914,0.991468608379364,0.006934737768662972,-0.5425226996208983,-0.12816873792839284,0.9915727376937866,0.004188392553078755,-0.5414174901610072,-0.12810198263425848,0.990210771560669,-0.010511458446291113,-0.5316699704905868,0.05943029624450332,0.9893491864204407,-0.014603382049722299,-0.5233124126822626,-0.22832622579545628,0.988777220249176,0.014174397208727766,-0.49023115413413526,-0.03031724098008577,0.989499032497406,0.012418451766837204,-0.48742607423352724,-0.11851623269301455,0.9864007234573364,-0.02528156942736869,-0.41523444171958024,0.2213639769219685,0.9984456896781921,-0.02177411135000445,-0.3833804610380492,-0.32928143873479926,0.9989545345306396,0.04982236149239484,-0.487230476650382,0.22230301155130644,0.25749853253364563,0.06863120239990092,-0.47717066576789174,-0.38968194470501927,0.9475595355033875,0.06568560253587749,-0.5986559090838189,0.031184086664298657,0.4066190719604492,0.08208233183163287,-0.6091302704814087,-0.22680762943215008,0.9026320576667786,0.07313282813641317,-0.6275380255233065,-0.0016534828964182814,0.4210914671421051,0.08395098137667285,-0.6366305703405912,-0.2558768518599906,0.8795263767242432,0.062255607750648416,-0.6210031823035272,-0.014250544511457904,0.4307883381843567,0.07323223382031192,-0.6374141519898969,-0.2517340063928454,0.8756356835365295,0.0585749377625442,-0.609561305495371,0.014113866890792132,0.4350774586200714,0.07076615279043558,-0.627975377286413,-0.2224559849302493,0.848983883857727,0.0063142556904587895,0.0011535824599154187,0.16983261617814197,0.9997689723968506,-0.0063142556904587895,-0.0011535824599154187,-0.17016669740425489,0.9995695352554321,0.03158291456913829,0.2812078747839477,0.15009765118998714,0.7489882707595825,-0.03022802728781585,0.30081373428521063,-0.19198261565977864,0.9702210426330566,0.008998984896848236,0.5822529461540398,0.2617029724488295,0.9057343006134033,-0.18002070139632095,0.5061547367549678,-0.17487353437282904,0.9837204217910767,-0.006061585724696058,0.6326027561999643,0.27597899174466445,0.871404230594635,-0.20442180464913484,0.5055125339253209,-0.17606882677062338,0.9474242329597473,0.06555904591267529,0.6491694836218075,0.21976658742460206,0.9201022982597351,-0.17731979244650986,0.646413607872427,-0.26640180266081315,0.974256157875061,P10,P10/rob_2_frame83.jpg
0.019880192198694083,-0.5106457911990476,-0.07537339618254929,0.9918258786201477,0.011344751056823834,-0.5377972101525202,-0.055707402856168646,0.9904196262359619,0.009905616014525602,-0.539695138034298,-0.05579246411762925,0.9900064468383789,0.008212906950841746,-0.5415913488355465,-0.055843907296388946,0.9893110394477844,0.008698342233372024,-0.5358118773328338,-0.11615436339580484,0.9922783374786377,0.005328765558629102,-0.5361326390536385,-0.11609101835644112,0.9923707246780396,0.0016477880214506228,-0.5361477050505404,-0.11608447544877921,0.9911502599716187,-0.013134613644647136,-0.531846529104132,0.05977280564425893,0.9902814030647278,-0.01923357290519129,-0.5217845479820546,-0.20181390279404166,0.9898817539215088,0.015639114070809743,-0.48977478814527575,-0.025294093448685762,0.9904115200042725,0.012493976438149508,-0.4866827692296336,-0.10303184547569245,0.9875982403755188,-0.022712931954417898,-0.41429198346868057,0.22641365699649157,0.9985302686691284,-0.031201956532303624,-0.38388918944851147,-0.3072073917500893,0.9989945888519287,0.033290369573440275,-0.49542248756479135,0.32947011626767403,0.24081473052501678,0.0448982770687969,-0.45938838947467636,-0.365304036001894,0.9514662027359009,0.03539783666948227,-0.5960550384152975,0.26092259984876187,0.3838185667991638,0.04503209857069023,-0.6222214901264613,-0.22365189913425962,0.907635509967804,0.04071447188501757,-0.6302271842302075,0.24762912856031088,0.4001193940639496,0.04856008977168105,-0.6499022130005022,-0.22534460819794347,0.8838549256324768,0.030392823875160502,-0.6159854413720488,0.24219933219892786,0.4095357060432434,0.04248240015382193,-0.646269313718143,-0.24420097728364237,0.8797034621238708,0.02736810343832647,-0.6056250205760472,0.24886592504862884,0.41529375314712524,0.038379907041557255,-0.6361073541975072,-0.22073984133602287,0.8523052334785461,0.00705902883517872,-0.003947623526464281,0.1674605218987529,0.9997801184654236,-0.00705902883517872,0.003947623526464281,-0.16771441441088186,0.9995682239532471,0.029692144239833254,0.29676812372397793,0.14084002701441228,0.7561227679252625,-0.02874575591973828,0.30885781078202834,-0.1966495892383601,0.9718520045280457,0.00760373109081573,0.5914551458464922,0.2109710517143168,0.9105886816978455,-0.17970366610539418,0.5093352710273604,-0.17367765507249633,0.9848281145095825,-0.00985022632003333,0.6372078089528324,0.21321848856834075,0.877924919128418,-0.20385490225669292,0.5071608931803717,-0.17394299940396157,0.950130820274353,0.05828253206652071,0.6589639947142852,0.1180097519922125,0.9228453636169434,-0.17809692184756232,0.6584412267776671,-0.26803250411833174,0.9758529663085938,P10,P10/rob_2_frame86.jpg
0.008720598357595394,-0.5127212227846162,-0.06472055803416231,0.9926278591156006,0.00018860169218686739,-0.5388464796378334,-0.042894039504695114,0.9913563132286072,-0.0010599307635550273,-0.5402984171379551,-0.04294814830926269,0.9909696578979492,-0.0023246904873996097,-0.5419150990221923,-0.042983040965634156,0.9903562068939209,-0.0006560759719662823,-0.5380511017037604,-0.09961837945909349,0.9930375814437866,-0.00257637434101878,-0.5386450895687973,-0.09960610825924929,0.9931217432022095,-0.004618753349572293,-0.5391686338958124,-0.0996471398738351,0.9920248985290527,-0.018933675519231363,-0.5328898363926027,0.07671248229571062,0.9912189841270447,-0.01918374739257543,-0.5251157391198711,-0.19179845056992792,0.9908868670463562,0.006116712886548216,-0.4913560899510976,-0.01425838531980213,0.9912790060043335,0.0040041590033519535,-0.4903833135877497,-0.08805784126891576,0.9887297749519348,-0.038150952101528905,-0.40477152477119527,0.2561157515885202,0.9985511898994446,-0.02923616385345963,-0.39238528326801925,-0.290013466867856,0.9990307688713074,-0.00379685833997391,-0.4886354971081331,0.4993137380444875,0.22123034298419952,0.03079312186850426,-0.4484343210273785,-0.3596149869930893,0.9545802474021912,-0.012493921785552822,-0.5796370494398408,0.6471343711129705,0.3550735414028168,0.0298894457262824,-0.5748535248398152,-0.195301391173075,0.9098830819129944,-0.0015771615011592399,-0.6051012869149148,0.6702810108138553,0.37125104665756226,0.010569647198488408,-0.6178428357370611,-0.2135377777579733,0.8846181631088257,-0.00730130345804442,-0.6008270406164696,0.6554433234409808,0.3805610239505768,-0.0007486036397571044,-0.615271512267571,-0.2220265867851781,0.8805235028266907,-0.008106218942078402,-0.5833320843591042,0.6380112612806823,0.387177973985672,0.0002511465268608029,-0.6001683586097253,-0.1930390843223218,0.8510042428970337,0.003940324584457937,-0.004502422106385806,0.17372777555731,0.999793529510498,-0.003940324584457937,0.004502422106385806,-0.17389938429076351,0.9995779395103455,0.020489558880759266,0.2856586484219937,0.11655716222204204,0.7636054754257202,-0.025281009050470756,0.2963030915052468,-0.22071914988355018,0.9736076593399048,-0.0004881076273007132,0.5762235737419619,0.17577233073923493,0.9149722456932068,-0.17684949625856458,0.49952630451009755,-0.194897952809724,0.9859117269515991,-0.01948712208034952,0.6229207079353202,0.17428777750488025,0.8833810687065125,-0.20316668622987052,0.4950696089108488,-0.1951250673973168,0.9529814124107361,0.05393299125223363,0.6454477024184561,0.07140454021268768,0.9254814386367798,-0.1793262502185821,0.6497524420104386,-0.2952988009275207,0.977545440196991,P10,P10/rob_2_frame89.jpg
0.005311094884827898,-0.5175808081344958,-0.0469876949815041,0.9933400750160217,-0.005161448913993405,-0.5422166905778611,-0.02698681803786957,0.9921848177909851,-0.006285772573351055,-0.5439541722903396,-0.02704540051780747,0.9918153285980225,-0.007297567597027586,-0.5457948765631149,-0.027051181716577985,0.9912853240966797,-0.006929175371470765,-0.540097419100264,-0.082519042906052,0.993709146976471,-0.009649972307958367,-0.5402537504700814,-0.08254299669060794,0.9937878251075745,-0.012480516754150179,-0.5402718545305273,-0.08262588226719862,0.9928054809570312,-0.022251468042104122,-0.5332211920887382,0.08201591983479166,0.9920615553855896,-0.02773050014938388,-0.5246170033728857,-0.1862446126223741,0.991788387298584,0.00322717579705264,-0.49797194460237465,-0.0013032528267904412,0.9920746684074402,0.0003609045786959101,-0.4954901105671338,-0.07452329903703735,0.9897580742835999,-0.04306028046687815,-0.3955698164687185,0.24601407177889986,0.9985837340354919,-0.02633758390048698,-0.4014144596755782,-0.2913890780480409,0.999082624912262,-0.018070045135820237,-0.4998878195013143,0.4767670356586584,0.20269030332565308,0.023419220053255054,-0.4743564947181718,-0.39150458579675845,0.9571530222892761,-0.04266643024199423,-0.5560835986315008,0.6445717267610812,0.32310211658477783,0.015128897448854399,-0.5620454502533296,-0.2486085146746096,0.9073458909988403,-0.0566546381747807,-0.5617600639415452,0.6679759180374226,0.3381654620170593,-0.0014188021137589068,-0.5871965630255135,-0.2744013455243694,0.8803929090499878,-0.05378997145217988,-0.5537095599694611,0.6539168448754168,0.34706196188926697,-0.026859900752227387,-0.5778554561505677,-0.280313083395422,0.8765231966972351,-0.04715976712322692,-0.5474522939373735,0.6352967251112789,0.35384663939476013,-0.014094532518211408,-0.5688660547453173,-0.2473913709357726,0.8440874218940735,0.0038318567642630667,-0.0051982988331874605,0.17501402480367334,0.9998037219047546,-0.0038318567642630667,0.0051982988331874605,-0.17513671524580857,0.9995827078819275,0.03499982862110746,0.29603636629705304,0.1024236150059873,0.7540751695632935,-0.019108367822661138,0.2947544811544651,-0.2076983654870339,0.9748453497886658,-0.0032131632007843637,0.5737774697373481,0.14896217485571792,0.9135013818740845,-0.17408404569275024,0.49778010039315973,-0.18724204740903524,0.9864370226860046,-0.020846892457380944,0.6264972425203363,0.14598166353954042,0.8835140466690063,-0.2016928715806443,0.49322729020257466,-0.18141721972476105,0.9548377990722656,0.049364558224614025,0.644696182148548,0.04456899116885934,0.9235105514526367,-0.17902990386034126,0.6509750019069567,-0.27575896286663626,0.9783916473388672,P10,P10/rob_2_frame90.jpg
-0.004528656273832407,-0.4994875866305212,-0.03479214906536028,0.9939940571784973,-0.012109190945982395,-0.5206768766726874,-0.019171744154426584,0.9929515719413757,-0.012959050631437577,-0.5224521321423666,-0.019243932660399386,0.9926077723503113,-0.013567739582681983,-0.5240747963112735,-0.019258529474562053,0.9921410083770752,-0.013277957544963907,-0.5192774159135268,-0.06554165012622082,0.994326114654541,-0.01518018909190791,-0.5200660400237666,-0.06556882374011566,0.9943968057632446,-0.016834649663001137,-0.5206132576768796,-0.06564533546984125,0.9935157895088196,-0.024382602189912398,-0.5160341828905195,0.0794988628963917,0.9928423166275024,-0.025625228635817714,-0.5100746885183014,-0.13756319224825153,0.9926039576530457,-0.005448394708079332,-0.48437633339574215,0.006861181996801195,0.9928440451622009,-0.00804082295223472,-0.48337592534145074,-0.05500250475607086,0.9907492399215698,-0.03846081284229117,-0.38671894855882777,0.22739891096595774,0.9986624121665955,-0.0254168495783263,-0.4107267513127545,-0.25362698786299714,0.9991541504859924,-0.026743917210927483,-0.5166847257550207,0.421141985003544,0.1894385814666748,0.0024294651350915894,-0.520835806300749,-0.42827980584854747,0.9581132531166077,-0.06106077357783194,-0.5706277411271199,0.5830109206754676,0.2985836863517761,-0.04868678722319718,-0.5524795909948887,-0.43634291771203476,0.902734637260437,-0.07363255765018605,-0.5830283117883602,0.6017344966363923,0.31240448355674744,-0.06325404435137782,-0.572368292945319,-0.4767263390377617,0.8741203546524048,-0.07041572559373864,-0.5793629252147436,0.588581472236757,0.32130229473114014,-0.0656403983843288,-0.5639177835655729,-0.4755385050740424,0.869973361492157,-0.06696914226877505,-0.5745113809292528,0.5741763400917176,0.3281153440475464,-0.061162291580199556,-0.5597407996905511,-0.43716011667794596,0.8356216549873352,0.007063358595072879,-0.004557152555198754,0.16380900074683968,0.9998167157173157,-0.007063358595072879,0.004557152555198754,-0.16400445433111943,0.9996092915534973,0.0231028886719347,0.28674032159656976,0.08517098484291896,0.7532256841659546,-0.01788995496521885,0.28842663095271953,-0.24588236385007495,0.9763368368148804,-0.0036030509581277043,0.5668213660584711,0.12374295413568695,0.9122491478919983,-0.1662268237890385,0.4859996261590909,-0.2156288336256654,0.9869718551635742,-0.021351310259567196,0.6203246010441528,0.11980340871537712,0.8814458250999451,-0.19188636320481017,0.48276634588141365,-0.21439295147429302,0.9566614627838135,0.047420378954239804,0.6362921570574165,0.021151381213818262,0.9207843542098999,-0.17651948156365657,0.6417787388778415,-0.31645453088554265,0.979375958442688,P10,P10/rob_2_frame93.jpg
-0.007089774615383641,-0.4710373412832152,-0.01712577036598269,0.994556188583374,-0.011966236913003863,-0.4905176969316031,-0.011546278511040634,0.9936119914054871,-0.01319722548785951,-0.49207239181311596,-0.011599692557304758,0.9932766556739807,-0.014290877884342953,-0.49387035470819013,-0.01163761323745059,0.9928817749023438,-0.011702563786114116,-0.49087224220046966,-0.051135593063477036,0.9948513507843018,-0.013014556035039595,-0.4923818094006162,-0.05118014893908572,0.9949108362197876,-0.014082509296348598,-0.4940367823075798,-0.051279341176075265,0.9941251873970032,-0.026463838640690008,-0.49296692731026787,0.06453419054977966,0.9935159683227539,-0.02141765925437779,-0.4899710249281724,-0.12601017116423346,0.9933197498321533,-0.008376478915297473,-0.45633892651327607,0.015077982965485941,0.9935164451599121,-0.00961517723070545,-0.45747523947414903,-0.0380233514032475,0.9916199445724487,-0.04021462350020694,-0.38240662647804186,0.1719350782523629,0.9987472891807556,-0.023776428677228532,-0.41502998243907113,-0.23600615753673157,0.9992238283157349,-0.05876179215214055,-0.5189012352706885,0.2689619575103774,0.19888103008270264,-0.025602609222724195,-0.5289384180000934,-0.4902373707651203,0.9546208381652832,-0.07318075452619291,-0.5631541437748013,0.4007559631874026,0.29728198051452637,-0.07486600101439195,-0.5522894488927795,-0.6314488245268188,0.8946002125740051,-0.08271718960672388,-0.5770085475473417,0.4011324812168433,0.3098750114440918,-0.08818514319951899,-0.569253602216238,-0.6844809944918181,0.86634761095047,-0.07903080286076158,-0.5756741970508145,0.3979892970910632,0.320007860660553,-0.08628237923120351,-0.5637268233030286,-0.6773098050162019,0.8621818423271179,-0.07515331734564218,-0.5654653697975794,0.39449747849750655,0.3261603116989136,-0.0820743000412001,-0.5591006448828723,-0.634013032836254,0.826563835144043,0.007207065468319783,-0.005187062045338497,0.15677208736630774,0.9998278021812439,-0.007207065468319783,0.005187062045338497,-0.15706056015864084,0.9996346831321716,0.019216785318038797,0.2800632643299503,0.07717038464242978,0.7513837814331055,-0.014657244755389761,0.28326815207928435,-0.27215271073536546,0.9777966141700745,-0.003377894327328313,0.5540057656354045,0.11228516253729648,0.911052405834198,-0.15948744513927143,0.47690609858819094,-0.2424010018378632,0.9874611496925354,-0.02175709343176178,0.6043407085673056,0.10766628267152967,0.8777676820755005,-0.18580556968352235,0.4747144763405147,-0.24130051347142334,0.958052396774292,0.04448088553224527,0.625004149602584,0.010339032724694271,0.9167421460151672,-0.1689782385557326,0.6282313442012494,-0.34114116534055205,0.9801496863365173,P10,P10/rob_2_frame95.jpg
-0.0328805972352857,-0.4975276228729574,-0.016986268870345912,0.9950220584869385,-0.04437784303075789,-0.5143201754517194,0.003214466864748767,0.9941593408584595,-0.04522285420348625,-0.5149998176784242,0.0032141516584861737,0.9938223361968994,-0.04641773536895128,-0.5157086710620178,0.0032111521302296475,0.9934917092323303,-0.04640783737364185,-0.5111995306622692,-0.04172518028782834,0.9953152537345886,-0.048451109515111626,-0.5096933454735962,-0.04172874492409641,0.9953615069389343,-0.050897302490031486,-0.5080532959337263,-0.04183377155648997,0.994659423828125,-0.05421463975944182,-0.5036802529694824,0.1160477182256546,0.9940112829208374,-0.060353750642861255,-0.4934143419319563,-0.09283521423497534,0.9939420819282532,-0.02932528560303929,-0.478658664009891,0.029939046184516583,0.9940300583839417,-0.03293944202447291,-0.4748024291787856,-0.03179654419489178,0.9923195838928223,-0.01894379736418656,-0.398245056678074,0.24913480519969283,0.9987941980361938,-0.045007753866395765,-0.39919472104511067,-0.23919017162272146,0.9992589950561523,0.040291660869597935,-0.4855333045813356,0.30110241896300227,0.2369588315486908,0.04763440419482307,-0.48644760172122997,-0.3393618222285937,0.9587900638580322,0.0953056844575368,-0.5661977415991649,0.23449760145319104,0.3503527343273163,0.11464757436477858,-0.5903815618216203,-0.21383577765925765,0.903652548789978,0.10257443423246089,-0.5962024280143893,0.22872553117022495,0.3551720678806305,0.13158907970222164,-0.6173078509883493,-0.24275491350964531,0.8760215044021606,0.10042270661799682,-0.5942321837651415,0.1925712172515649,0.3671753704547882,0.1255240227227332,-0.6249193490276777,-0.22703943181071407,0.8721089363098145,0.09916276423946122,-0.5875390869125432,0.21158218820586977,0.3735511898994446,0.1196728590077365,-0.610792797344061,-0.20542762679318682,0.8384267091751099,0.023907521304610165,-0.0016128300527690758,0.14989074462070837,0.9998284578323364,-0.023907521304610165,0.0016128300527690758,-0.14994524394854022,0.9996485114097595,0.00421908085427815,0.2563139600109775,0.17177045940151975,0.765727698802948,-0.0613367302136224,0.2607430714974316,-0.20036677877378936,0.9790899157524109,-0.012829431469040722,0.5417195163698837,0.2894285784463385,0.9165084362030029,-0.16007285464306883,0.5147209235544917,-0.1060676495237073,0.9882100224494934,-0.03185404234371105,0.5912026126032641,0.2945671166758706,0.8861294984817505,-0.17842591067744573,0.5279606993534647,-0.09927032949641393,0.9599425196647644,0.0312183979132293,0.626581669056994,0.19881553960036957,0.9217499494552612,-0.16217165212407939,0.6606480340596244,-0.2311705321609536,0.9813019633293152,P10,P10/tom_1_frame58.jpg
-0.01712003343902028,-0.5297014342876126,-0.012356347257763023,0.9954245090484619,-0.03100334272828474,-0.5416522033223874,0.011487255723335288,0.9946418404579163,-0.032665478322058614,-0.5410053433305705,0.011474017609324625,0.9942900538444519,-0.03460280558597545,-0.5403343028039551,0.011491189279559244,0.994055449962616,-0.03184745205726476,-0.539292023559076,-0.041919070568492,0.9957299828529358,-0.03382651222387946,-0.536763132399417,-0.04194333932541933,0.9957658052444458,-0.03612280382291365,-0.5339364033327098,-0.04210339344590405,0.9951486587524414,-0.04426912780145229,-0.5155914171416336,0.12333439806641525,0.9944098591804504,-0.04630820970165304,-0.5078608878921803,-0.1225465207552248,0.9945018887519836,-0.013360451253184392,-0.5070326738893749,0.03362125385171328,0.9944181442260742,-0.01486166968390856,-0.5044745696978273,-0.037423788707072206,0.9929020404815674,-0.008933203996098423,-0.4028693740287274,0.25853290802259143,0.9986554384231567,-0.03199621758099949,-0.3960829289589818,-0.2879052920902942,0.9992501735687256,0.04484013210542423,-0.48137823116268375,0.36801963853980363,0.24328301846981049,0.040533787522330604,-0.4825658391040166,-0.37195324079269804,0.9625457525253296,0.08323833039006528,-0.5847643170824993,0.3403218792507262,0.3786175847053528,0.09323912954628236,-0.6079165654328749,-0.19029760218134478,0.9121097922325134,0.09603547951470212,-0.629543844421138,0.3442712234000059,0.38172054290771484,0.10831010814879541,-0.6495275221341783,-0.2202009453780043,0.8857928514480591,0.0903969961287264,-0.6257328325699185,0.2989701882074332,0.39674681425094604,0.10127320429094688,-0.655945060618458,-0.20960967167754926,0.8821706175804138,0.08323219319849207,-0.6144402773313712,0.3151779588050529,0.4045565128326416,0.09355777253276368,-0.6375592007315042,-0.18208442884359488,0.8503267765045166,0.016915603587716484,-0.001354846411702984,0.1642827835654744,0.9998167753219604,-0.016915603587716484,0.001354846411702984,-0.16412444402288545,0.9996316432952881,0.012749800691649481,0.27147928296033097,0.14954916638374097,0.7776415944099426,-0.05618252133954614,0.27809517547625695,-0.19210514318646704,0.980667233467102,-0.011882676894269908,0.5571524171035311,0.2249071893640086,0.9213950037956238,-0.15975167968399068,0.5232341231796742,-0.11055720248588082,0.9890069365501404,-0.03275293330197693,0.6121820363200909,0.22596192710778137,0.8926949501037598,-0.18025873709439483,0.528683335577532,-0.10626152894463511,0.9615316987037659,0.038154950696636665,0.644438624253584,0.16827630015110231,0.9268147349357605,-0.16038626529266115,0.6766316308823787,-0.22631685623943934,0.9826072454452515,P10,P10/tom_1_frame59.jpg
0.010029015789433379,-0.5098806585968999,0.046612324485617654,0.995820939540863,0.0010119473700809416,-0.5260407313252823,0.06486183119776925,0.9951213002204895,-0.0005608390505314354,-0.5267434431962674,0.06483834244887457,0.9947676658630371,-0.0022506923076531455,-0.5277573800186948,0.06481235911324865,0.9945985078811646,0.0008996054828943433,-0.5243148192443818,0.013434601698188922,0.9961123466491699,-0.000786455380692014,-0.5235753646753738,0.01338798750859173,0.9961383938789368,-0.0026141403831887594,-0.5230288869839681,0.013276242068544145,0.9955964088439941,-0.01867797335431329,-0.5180628409050023,0.15135085119874508,0.9948393702507019,-0.015896470292482406,-0.5132473715005058,-0.0836865771760691,0.9949992299079895,0.009146382821869385,-0.4899894923335887,0.08336129394613209,0.9947110414505005,0.0089302785607401,-0.4880297574315987,0.01497799415466548,0.9932782649993896,-0.02688129359359634,-0.3928061751301104,0.2670092487023953,0.998441755771637,-0.013510433054887245,-0.40617349195682745,-0.20879431379171615,0.9991689920425415,-0.001801449099678403,-0.4871451971820741,0.5256981103289982,0.22454595565795898,0.05621576844147934,-0.5375007228852602,-0.20013948112537572,0.9625710248947144,0.01467979584187824,-0.6166363501059237,0.671400999571851,0.35565829277038574,0.04716177081294658,-0.6742489627761293,0.07179128411713782,0.9163110256195068,0.018699670818966375,-0.6482375572210027,0.6992855366815127,0.36090347170829773,0.04430000578301503,-0.7153995411539984,0.07363926775060659,0.8911269307136536,0.007765454211914363,-0.6430603805117737,0.6746791818460415,0.3760165572166443,0.031735868170777046,-0.7043523609559015,0.0628220324957834,0.8874849677085876,0.012079146432413604,-0.6340624605712556,0.6594195228155691,0.38579314947128296,0.0315762767903631,-0.6843169904826681,0.07628854217308495,0.8557566404342651,0.014832672820623035,-0.0010958773909453068,0.1492959645212492,0.9998071789741516,-0.014832672820623035,0.0010958773909453068,-0.14938365585045602,0.9996141195297241,0.006856771852689504,0.28318132031524196,0.081799449513425,0.7745564579963684,-0.037277052489014084,0.29575950843467647,-0.17891925189648436,0.9794117212295532,-0.010458613155487278,0.5814371562519679,0.12267240603339052,0.9192399382591248,-0.15504765776589124,0.549552700859068,-0.12177974031981394,0.9885782599449158,-0.02844637088636636,0.6375168337188754,0.12094033908429332,0.8876937031745911,-0.18558861112110303,0.5495166420352893,-0.11999051547224847,0.9576180577278137,0.0395342726871789,0.6764116218174536,0.048118285512765896,0.9267259240150452,-0.16261814564785695,0.7083971662577057,-0.22248704596044008,0.9824850559234619,P10,P10/tom_1_frame61.jpg
0.0010368859750958443,-0.5064276253967246,0.02072727335545523,0.9962005019187927,-0.0053523146498745955,-0.5261864628331876,0.03846739590394838,0.9955734610557556,-0.006926226634508217,-0.5276876599970475,0.03845359859327014,0.995229959487915,-0.008543120604731762,-0.5297399720557363,0.03872643856529315,0.995101809501648,-0.004717039658803847,-0.5235725236429628,-0.034918944529016595,0.9964727759361267,-0.00595816781868191,-0.5228422653060225,-0.03496104401544507,0.9964964985847473,-0.00719040100903847,-0.5225552625831399,-0.03509683614412366,0.9960154891014099,-0.025069787367933416,-0.5243980763386928,0.1330149232558317,0.9952815175056458,-0.019869589137393347,-0.5140168382735052,-0.09751174095597087,0.9954639077186584,-0.0011053710201530161,-0.4889133060037157,0.0770401163333673,0.9950106739997864,-0.000796348582510846,-0.48491604354643686,-0.024890334856732435,0.993628203868866,-0.023838860431842253,-0.4022348759432815,0.2707573673058824,0.9983155131340027,-0.028809282316840823,-0.3960308524110769,-0.21941554102517907,0.9991074204444885,-0.0011094763907014025,-0.44886373683443737,0.6670009836557587,0.20642128586769104,0.03722529194103277,-0.46033507518538974,-0.36684732824720023,0.9608397483825684,0.014491989137095736,-0.5701191527179827,1.008235216064497,0.34729182720184326,0.020645628576206495,-0.6270059661527065,-0.31150985677640375,0.9206264019012451,0.017737533365931386,-0.6039377024335717,1.0772591843100205,0.3561071455478668,0.01878396743768143,-0.6733518674889442,-0.3449833998594681,0.8955632448196411,0.01755527979461666,-0.6001690966753211,1.0497345408606122,0.3721507489681244,0.012128601955490613,-0.6725947998382713,-0.34564672821595277,0.8918988108634949,0.029891607279597214,-0.5921550401493667,1.0028883441407281,0.38144776225090027,0.011732744710491665,-0.6499988403399529,-0.3090250501507009,0.8596020340919495,0.013076693741831586,-0.0034542338983786216,0.14801827983653779,0.9998145699501038,-0.013076693741831586,0.0034542338983786216,-0.14826629708985678,0.9996273517608643,0.010884550274161426,0.28023744543440726,0.07032253271646399,0.779706597328186,-0.0353575349492692,0.30249925265112054,-0.24504936587478113,0.977095365524292,-0.007837681098834046,0.5809740012582525,0.1262405331290297,0.9208697080612183,-0.15740205281428174,0.5499080402927725,-0.148626838817752,0.9884626269340515,-0.025365187439665034,0.6430468307343492,0.12456974061971257,0.8871626853942871,-0.1856781656817969,0.5462383366431877,-0.1454728101407241,0.9554680585861206,0.04135181136800169,0.6730313375732496,0.021425600384631094,0.927786648273468,-0.1627010909509034,0.7031293019254874,-0.31409732876710833,0.9828491806983948,P10,P10/tom_1_frame62.jpg
0.012363269926917353,-0.5169078639172987,-0.11177313275209028,0.9965410232543945,0.007536831686530271,-0.539815687056112,-0.07981940492811085,0.995960533618927,0.0068266760694482,-0.5408250465423466,-0.07985590595510819,0.9956123232841492,0.006033309181047862,-0.5422555054925252,-0.07986695312776934,0.9955223798751831,0.0043947298006098605,-0.5389249635952824,-0.12950653555552202,0.9967907071113586,0.0012279658897089427,-0.5387084789869747,-0.12954442036197586,0.9968168139457703,-0.002129636583572304,-0.5385037411287201,-0.1296961287163915,0.9963890910148621,-0.012446235192998908,-0.531881095652471,0.06850723850103288,0.995650589466095,-0.023009208046993867,-0.5231711572440189,-0.11329568222509974,0.9958902597427368,0.009633472817728406,-0.49364136514335727,-0.0524688809675285,0.9953047633171082,0.005540929699766225,-0.4911565277486256,-0.11868643341551614,0.9940218329429626,-0.004413180193363357,-0.4139421875870264,0.22570662199168745,0.9980997443199158,-0.05733561025309103,-0.38367118170814773,-0.268233716390913,0.9990832209587097,0.017972988840999533,-0.47735907804232436,0.5042774015526561,0.19496403634548187,0.015087900926135323,-0.43707719656194455,-0.5025396513111681,0.9634223580360413,0.00281433065865455,-0.5996035082594157,0.7440274631120307,0.3415845036506653,-0.001037865343038753,-0.6227133631988798,-0.5842968779271877,0.9270687103271484,-0.0005479459141242494,-0.6418579212290718,0.7518081782401076,0.34744715690612793,-0.0023286548200733503,-0.6572489313574925,-0.629361900726293,0.903340756893158,-0.007481849516124852,-0.6371229969367421,0.7232314104264733,0.36263716220855713,-0.010322533485762312,-0.6584092150564507,-0.6271881984546945,0.8998250365257263,-0.006360188639330637,-0.6180841596570277,0.710064410640559,0.37236595153808594,-0.009814348168021847,-0.6452618956894736,-0.5842413422449997,0.868635892868042,0.017410620869872967,-0.001219201953151032,0.14856998873423505,0.9998048543930054,-0.017410620869872967,0.001219201953151032,-0.14873879445260227,0.9996266961097717,0.004620132098748406,0.2785314340984218,0.09545057766887287,0.7809001207351685,-0.03828471871677766,0.2946023411998088,-0.21890909754278975,0.9761255979537964,-0.011125371575776113,0.568788953810019,0.13455237971640277,0.919265866279602,-0.15920570226166067,0.5399409037215991,-0.1603707369367529,0.9879926443099976,-0.029577732371166066,0.632795949326883,0.1365082904768736,0.8850573301315308,-0.1872717632038782,0.5351223991500961,-0.16073576258205352,0.9529944062232971,0.041584448458122106,0.6613404289531987,0.055972441422817196,0.9269123077392578,-0.16404062768271438,0.6953737774210611,-0.30467148929175647,0.9824522137641907,P10,P10/tom_1_frame64.jpg
-0.0022824470662158695,-0.3405318841632128,-2.2667547795068077,0.9968559741973877,0.019570268163621715,-0.374984222938825,-2.266728547889983,0.9962781667709351,0.032951504970043184,-0.38125024483241243,-2.266717284596883,0.9959514737129211,0.046007143685140965,-0.38871439952950754,-2.267102459580656,0.995872974395752,-0.017035730813681853,-0.37066504643744225,-2.250050574833449,0.9970415830612183,-0.029056776777058767,-0.374099239323741,-2.250609441652922,0.997053325176239,-0.04136281369610954,-0.3786313068848354,-2.251032852552745,0.996681272983551,0.0650711564641647,-0.42353494424863075,-1.884652599932486,0.9959725141525269,-0.06656502481215873,-0.4081493599747048,-1.8035442925086855,0.996242880821228,0.016378161978359482,-0.3354324282122082,-2.086432124598579,0.9957385659217834,-0.024286772149227847,-0.3300415345522423,-2.0639511843759686,0.9945905208587646,0.15282451041448866,-0.3448250513496081,-1.4363043245822045,0.9982867240905762,-0.1734903561339185,-0.30645153046234913,-1.148591875713068,0.9991737008094788,0.07960362038638157,-0.03694300856295222,-1.3413420184442344,0.27366843819618225,-0.16224662559566347,0.004025663975271396,-0.9126245514579868,0.9644110798835754,-0.04446496173779713,0.21203742065565181,-1.6438285733329494,0.4031885266304016,-0.16167568037635327,0.2547848783969308,-1.2508384943615964,0.9300254583358765,-0.07528399928132384,0.29918581720552817,-1.7972878295941104,0.40567177534103394,-0.17793461446920072,0.3415353546576838,-1.3630066663195477,0.9042816758155823,-0.1054198291776033,0.3075110210198699,-1.8928026298988785,0.4195331633090973,-0.1630932250934726,0.3403368513511136,-1.5063085070216995,0.901569128036499,-0.09904124845362881,0.28019575683777914,-1.6837187114562397,0.4242379665374756,-0.1510425388850958,0.31373295304902,-1.3115316384380535,0.8725394010543823,0.09812388287088249,-0.02790384534717588,-0.06943429315391288,0.9998175501823425,-0.09812388287088249,0.02790384534717588,0.07017218705318493,0.9996592402458191,0.14133372843415964,0.32067662504391725,-0.6678877902166284,0.7982393503189087,-0.21690879492138232,0.3770580026802417,-0.5469897509994744,0.9741995930671692,0.10505377215185477,0.7510214155812708,-0.2511288653271142,0.9238825440406799,-0.2518115172197677,0.7754846953894728,-0.06195853707967325,0.9857798218727112,0.06861286933920054,0.8087617984508397,-0.24629911708045538,0.8806123733520508,-0.22067088301799226,0.8257484746590469,-0.04029209226450679,0.9480454921722412,0.16670977958713312,0.8702841283811686,-0.7833011984990041,0.9286186695098877,-0.35809950917341754,0.933683426826115,-0.49502288030251357,0.9796723127365112,P2,P2/grant_1_frame122.jpg
-0.03364609063425104,-0.49600029076723867,-2.169143744670411,0.9936787486076355,-0.009452647384997822,-0.5536118338204483,-2.1632804726983528,0.991169273853302,-0.007957362738527306,-0.5558193279363848,-2.1632970505373916,0.9896948933601379,-0.007402278391817308,-0.5580965947155277,-2.1636981978073146,0.9907210469245911,-0.017733551245860853,-0.5495793200178232,-2.1557756303133626,0.9901652932167053,-0.020429362917214495,-0.5496320594068524,-2.156179874542227,0.9856886863708496,-0.023969369161149078,-0.5503551993196406,-2.156886527703004,0.986042320728302,0.016044069056366753,-0.5490460965577574,-1.8728057631526933,0.9892309308052063,-0.0779650304763629,-0.5507261967834,-1.8446174250432488,0.974437415599823,-0.021422211518976716,-0.46975666069886035,-2.036612848085529,0.9946736097335815,-0.05176147870016576,-0.470274581538275,-2.028700117990567,0.9929710626602173,0.10503937423722487,-0.39700909516827176,-1.5036949849977186,0.9983962178230286,-0.22455967304872093,-0.39401233195744817,-1.3734572954218238,0.9991627931594849,0.07535046843370392,-0.04026893733017116,-1.5412400558520092,0.33636474609375,-0.20839928585800094,-0.015109151804211943,-1.2565755145412678,0.95253986120224,-0.12100456192761676,0.29532227007200657,-1.7788766380302707,0.44919705390930176,-0.2058799097592724,0.2981326692241874,-1.4603407478658144,0.9198877811431885,-0.13635545870330365,0.3849956270869489,-1.9349331277774229,0.4419187903404236,-0.2322362144808966,0.3894833027669141,-1.5822884248780775,0.8877590298652649,-0.16822362164417884,0.38484314740260483,-2.0124082922188977,0.4542497396469116,-0.21266807941044008,0.3917739593391266,-1.6886667784222662,0.8863959908485413,-0.1600834472410885,0.35133168339527165,-1.8127307714357535,0.4496336281299591,-0.1910840062432678,0.35746876297254976,-1.510340512363532,0.8551390171051025,0.08906216305917862,-0.0299726418947585,-0.008793552326933058,0.9997197985649109,-0.08906216305917862,0.0299726418947585,0.009049987928091766,0.9993804097175598,0.18072631815119572,0.2445815126040745,-1.2996852740908666,0.7858450412750244,-0.1160299349976496,0.3633329458148848,-0.6528016446832816,0.9157384037971497,0.18572080205319813,0.674502628050487,-1.0885611197996805,0.8903037309646606,-0.08757489407114434,0.7910288051749624,-0.14256760537727234,0.9107614159584045,0.17025331388207493,0.7904875660564604,-1.0953203237760445,0.8576298952102661,-0.06163658771956479,0.8732541581101897,-0.12416418874394042,0.8714032769203186,0.2658719211939916,0.8039946792177555,-1.6723397930579111,0.9040474891662598,-0.1518013592488656,0.8442587889354594,-0.6247786750725983,0.904041051864624,P2,P2/grant_1_frame128.jpg
-0.03660299648337441,-0.4475198109433791,-2.441506719651873,0.9942291975021362,-0.01433572953334978,-0.49254651577817576,-2.4232198390449766,0.991845965385437,-0.0021067830754784135,-0.4970305740179582,-2.4232658428926053,0.9904794096946716,0.009553612013605262,-0.5019718613387546,-2.423725003432871,0.9913204312324524,-0.04850482397890746,-0.49594044085763755,-2.414386573538614,0.9909242987632751,-0.060858437352109045,-0.49998614564091026,-2.4148973567170584,0.9868379235267639,-0.0718020854716463,-0.5050808083850038,-2.4154209577614454,0.9871289134025574,0.02901288838622015,-0.5175677802401678,-2.031415077260311,0.9899099469184875,-0.10094201120045998,-0.5284591911663096,-1.996786822274488,0.9767521023750305,-0.01679377481181145,-0.42962844051504767,-2.2656401557187564,0.995128333568573,-0.05709700825323014,-0.4273169227589002,-2.256647983792149,0.9936185479164124,0.14541719662532387,-0.3902568727817165,-1.6011321354397798,0.9985379576683044,-0.22740351555622118,-0.4055309403369321,-1.4925095009381477,0.9992360472679138,0.043444576326933264,-0.04272150821801797,-1.648409868238708,0.39910614490509033,-0.23811363269352012,-0.0823657628802334,-1.4383613919940914,0.9550755023956299,-0.1518879362925765,0.2436816785414591,-1.8809426372183469,0.49832677841186523,-0.24183450114811553,0.24912734010772886,-1.6784933996055282,0.9216185212135315,-0.1744494873976623,0.330691459604948,-2.0482805794452386,0.4866359531879425,-0.2783575176597534,0.32887852171651905,-1.820336255298571,0.8852584958076477,-0.2135369550338043,0.33184682341181115,-2.0943558910664466,0.49819350242614746,-0.2576664092526327,0.3350725359491795,-1.9145461652775966,0.8851696252822876,-0.19514595121452613,0.29659698972138376,-1.9049029159959967,0.48692643642425537,-0.23443244694718476,0.3033572726891709,-1.7237371302253224,0.8546245694160461,0.09384582991009997,-0.013090289490480389,-0.029473149090065074,0.9996640682220459,-0.09384582991009997,0.013090289490480389,0.0297424724265595,0.999238908290863,0.1732983376837117,0.22379203793014793,-0.8053774205092155,0.7815408110618591,-0.1542628410296172,0.3061954642657874,-0.6426946462530768,0.8758227825164795,0.18175444187439926,0.5977789125316446,-0.7672228476915938,0.8582369685173035,-0.10508516688233593,0.612569500718745,0.21193072718209718,0.8481090068817139,0.1687513314310477,0.7166052706722484,-0.3966560167662566,0.815034806728363,-0.07327403300856637,0.6766456613904089,0.2753802610170221,0.8054021596908569,0.2382989649880709,0.7642297882004403,-0.7806071579563284,0.8728026747703552,-0.17802751566124203,0.6972815476216546,-0.17309006931054824,0.8442772626876831,P2,P2/grant_1_frame135.jpg
-0.02318028306335233,-0.4796710499162308,-2.1087925607470273,0.9944427013397217,-0.0037646480572545824,-0.527663010688555,-2.0712918696883365,0.9914411902427673,0.005838653675587803,-0.5293458310873494,-2.071337636944398,0.9898796677589417,0.01599449100888487,-0.5304708734545404,-2.0716907937348092,0.9901774525642395,-0.04146155582466118,-0.5229718669422248,-2.0609807565372007,0.9906899929046631,-0.05561445566281373,-0.5255121992932309,-2.0614142972718947,0.9867152571678162,-0.06954567555524169,-0.5282504126168095,-2.0619917968302013,0.9869468808174133,0.024362243254445453,-0.5239780808700407,-1.6827539946665575,0.9882379174232483,-0.09391549121023554,-0.5340819099578131,-1.6449422526930324,0.9778502583503723,-0.01020684702050772,-0.44430802256839536,-1.9447735327367537,0.9952822923660278,-0.04555248281103968,-0.44397450409149436,-1.9344432805512648,0.9940442442893982,0.12943454329464515,-0.38650822203522905,-1.3363388042865503,0.9986106157302856,-0.21684251318524847,-0.40870234555023977,-1.1996221912733223,0.9992842078208923,0.0198564152885689,-0.07361105609141844,-1.3690330181136352,0.4523926079273224,-0.23375992171591692,-0.10931292756049656,-1.1321502716968352,0.9562059044837952,-0.17514122015201652,0.18698129250838633,-1.5662443741233316,0.5396827459335327,-0.26074105057540903,0.19856922889045223,-1.3090862339920155,0.9207189083099365,-0.19974661235593918,0.26963895407255045,-1.7040482507142012,0.5246828198432922,-0.3012934190551052,0.2689519459524671,-1.4241883033783602,0.8807629942893982,-0.24137134925175874,0.26953343974402993,-1.7477519860199244,0.5350541472434998,-0.28777052629994093,0.27465221608836266,-1.5083133463850573,0.8813150525093079,-0.22657978815856256,0.23378455282099744,-1.5856164054163813,0.5171059370040894,-0.26459640101285875,0.24512051965514517,-1.3479049388120923,0.8506150841712952,0.09240051182139848,-0.010643217003758379,-0.022362469004949675,0.999427080154419,-0.09240051182139848,0.010643217003758379,0.0222787539325408,0.99884033203125,0.15796535144438842,0.21513747486396587,-0.8652130835693996,0.7761953473091125,-0.21283771185345893,0.2616969205215571,-0.789724072141978,0.8630479574203491,0.16544521892235087,0.549756862306194,-0.26686658173331124,0.8339987993240356,-0.19023110054154252,0.5624999642312587,-0.01822709837235802,0.8192408680915833,0.1549730050298778,0.5826763342462957,-0.20707355478876074,0.7771713137626648,-0.16046432683855327,0.6129904011185908,0.0313084333217805,0.7624914050102234,0.2235957630633359,0.707620277589354,-0.5857151968356037,0.8432025909423828,-0.25674856479615976,0.6705839161467079,-0.3974589117865296,0.8032000660896301,P2,P2/grant_1_frame140.jpg
-0.04354366308035057,-0.4655438260637116,-2.0256098036546977,0.9949337244033813,-0.018827747593673734,-0.5037200333174473,-2.0080525077368025,0.9920413494110107,-0.007941156811756856,-0.5057499924208506,-2.0080688668470166,0.9906003475189209,0.0023774710757252823,-0.5070061497284805,-2.00835951899937,0.9908026456832886,-0.04759341640314055,-0.5037703018454363,-1.9922040241179069,0.9914199113845825,-0.05569768783810335,-0.5074853287140816,-1.9926123665680164,0.9878024458885193,-0.0657809351300731,-0.5102369151695163,-1.9932160653828224,0.9880191087722778,0.016486330090945286,-0.5109396421903292,-1.6577871224568443,0.9889763593673706,-0.08517886918656024,-0.5276028253805343,-1.5907816364553808,0.9798606634140015,-0.03020463520308503,-0.4407613623519877,-1.8707466838756404,0.995677649974823,-0.06263093286907642,-0.44205627327993136,-1.8524481455560875,0.9945958852767944,0.11272586369820889,-0.37654597818680363,-1.3313281337835352,0.9987261295318604,-0.20397102448753412,-0.4182334381499118,-1.0825244912744354,0.9993480443954468,-0.005130725207444019,-0.08232658684883477,-1.3272144528698586,0.5029078125953674,-0.23620387170458215,-0.12754054684734054,-0.9252655559805288,0.9577230215072632,-0.1853522923214544,0.12424235963653746,-1.5252003460004488,0.5801340341567993,-0.29724646203288824,0.14198627647192744,-1.1369204386531464,0.9226627349853516,-0.22177982187168715,0.19750719062392738,-1.667551605339102,0.5639446377754211,-0.34205589141279075,0.21279104670095617,-1.2456952595819464,0.8819780945777893,-0.25704005743628006,0.19306545396124228,-1.72264448257821,0.5734672546386719,-0.32914243864056936,0.2177596102430708,-1.3405585631891326,0.8827998638153076,-0.2401974005126546,0.1649458905920888,-1.5483119569019228,0.551099956035614,-0.30869744211720274,0.19836755276015583,-1.1783536176895235,0.8525078296661377,0.08980246197735714,-0.0025580565933349853,-0.049326558907926504,0.9992438554763794,-0.08980246197735714,0.0025580565933349853,0.04923548690752467,0.9987631440162659,0.123793357650361,0.3228686404601816,-0.2948538031910052,0.7673290371894836,-0.2103163739218209,0.3084894590606417,-0.35747836315428205,0.8647900819778442,0.13988659261722183,0.5919269261568034,0.5932934677518025,0.8204542994499207,-0.20984958338861517,0.6107670622028726,0.4800709144670105,0.8149521350860596,0.12761297164595972,0.5956672858223343,0.6580024443904707,0.7460950016975403,-0.19362245784009646,0.627492902373462,0.541499492441905,0.7426127195358276,0.175442880428802,0.744220553848007,0.26853953910585404,0.827743649482727,-0.21132698574992165,0.7647861789559158,0.1137429774784883,0.7856076955795288,P2,P2/grant_1_frame147.jpg
-0.06482934763526996,-0.44662405801302885,-1.6380122705958926,0.995384156703949,-0.04023422940995151,-0.48105679677515495,-1.6351493444454908,0.9926152229309082,-0.02799744585628051,-0.48335456908949315,-1.6351664145782816,0.9912745356559753,-0.01599125625160359,-0.485524977611327,-1.635364781293817,0.9913856387138367,-0.069908153609509,-0.48261245978204126,-1.6075594480095925,0.9921280741691589,-0.07857492490881095,-0.4860423056443128,-1.6078649445240225,0.9888367652893066,-0.0859614362487967,-0.4931370060073647,-1.6084075098654016,0.9890422821044922,0.005468843792878986,-0.49421911998562124,-1.3525444667134008,0.9897372126579285,-0.09685821437838342,-0.5145004243514714,-1.2508017662775919,0.981740415096283,-0.045851921817640647,-0.4230074557186843,-1.5078706082924245,0.9960587024688721,-0.0792480179035135,-0.42732171104710415,-1.4746868587722175,0.9951092004776001,0.09521256528355204,-0.37187137128620396,-1.100917833198041,0.9988352656364441,-0.19170546410457887,-0.4222880084840755,-0.7272754356347828,0.9994105696678162,-0.05430678802022819,-0.10820080257081478,-1.0961927910102611,0.5499680042266846,-0.22713680563497154,-0.16991411519016286,-0.5363920235069545,0.9590587019920349,-0.22840234996257147,0.0707197942768203,-1.3146443572281268,0.6179753541946411,-0.3338514765587594,0.07559949775393811,-0.8348760611660492,0.9255664944648743,-0.27162922381650384,0.13051337916062133,-1.4473896562511561,0.6011003851890564,-0.37665284792161563,0.12970446088517754,-0.9356419379685317,0.8847518563270569,-0.2996758934608753,0.12185352420822605,-1.5029860486568403,0.6099328994750977,-0.36648331631144737,0.1329324818584603,-1.053681244014057,0.8860049843788147,-0.2743767794142501,0.09330843611762425,-1.337397814144153,0.583920955657959,-0.34719163817851695,0.11750534934870022,-0.8887519754896247,0.8562848567962646,0.08668000054550255,0.0051428189722048465,-0.08659124689171376,0.9991778135299683,-0.08668000054550255,-0.0051428189722048465,0.08677229514817308,0.9987870454788208,0.14542171207422402,0.3480579474176542,-0.5830341747477593,0.7716729640960693,-0.19091449889982892,0.2940352446677088,-0.5142762684913531,0.8720608949661255,0.11931000084422598,0.5878914000974305,-0.015590171362247884,0.8225035071372986,-0.19967508235132214,0.6168735424500057,0.12772068336258538,0.8242754936218262,0.08577292900651118,0.6705745614906333,0.021554834222973572,0.7368205785751343,-0.1809346517824835,0.6348500109982937,0.15505493248649255,0.7451067566871643,0.10536193647826901,0.7657418762066578,-0.41073347840585045,0.8268543481826782,-0.24614910749976843,0.7592768577247454,-0.2130309896970161,0.7894705533981323,P2,P2/grant_1_frame155.jpg
-0.05836980829487206,-0.428913069209147,-1.8832879879497522,0.9958205223083496,-0.03300897659045937,-0.4577179891783161,-1.8904541872243619,0.9932562708854675,-0.02004801859727823,-0.45897687201852233,-1.8904371442522476,0.9920229911804199,-0.007196876624415278,-0.4614916737037845,-1.8906480325071906,0.9920940399169922,-0.06461346407895459,-0.46356358041371487,-1.8597046641369672,0.9928485155105591,-0.07344320563166375,-0.4700239042432835,-1.8600850929145067,0.9898701906204224,-0.08125170265534104,-0.4783030095969478,-1.8605828958999977,0.9900674819946289,0.01686824460004883,-0.4791385598298141,-1.5854467856798111,0.9905516505241394,-0.08824954700541444,-0.5131700406472443,-1.453892380330138,0.9834953546524048,-0.03935251901110662,-0.4087764271568752,-1.7382531844568097,0.9964234828948975,-0.0733636223618785,-0.41560191518895934,-1.7012600055853326,0.9955852627754211,0.10405267994820713,-0.363372541547061,-1.2461876043782854,0.9989265203475952,-0.1827578661701779,-0.4327464782368938,-0.8368894399750806,0.9994687438011169,-0.06514461200988626,-0.11100902836617652,-1.2690529003659126,0.5933137536048889,-0.23097191558198052,-0.20170439006973018,-0.6691321309608761,0.9605366587638855,-0.2885078779411977,0.05965306999518942,-1.5600011837141003,0.653894305229187,-0.3647146385511116,0.03630404999903499,-0.9481220276754676,0.9302151799201965,-0.3440764144195322,0.11239691909529906,-1.7143421909801606,0.6368484497070312,-0.4109877157387478,0.08739354520601116,-1.0655947884656356,0.8912366032600403,-0.3679695498254008,0.10295792833944811,-1.771240523882672,0.644902229309082,-0.40683315783646734,0.09082896378495293,-1.2120707605005268,0.8926259279251099,-0.3420508201338251,0.08046387274439437,-1.5855302221432919,0.6169188022613525,-0.385147161419261,0.07645655130120445,-1.0201813439714618,0.8642948269844055,0.08838559438281268,0.004672441954914642,-0.04497550031699148,0.9991037249565125,-0.08838559438281268,-0.004672441954914642,0.04529363888395072,0.9988434910774231,0.16305678320524092,0.34005175360471307,-0.6394373455477117,0.7809872031211853,-0.1874005940737109,0.30739163924344265,-0.8454827288146755,0.8827264308929443,0.13725105582876992,0.6822735962587098,-0.27720281141363423,0.8335379958152771,-0.20761237340304256,0.6751457807212962,-0.4486128924761451,0.8399463295936584,0.11029411273592694,0.7110083436426957,-0.2729562029369676,0.7470199465751648,-0.18050774925183644,0.7148413821710488,-0.4380328747372513,0.7625905275344849,0.1742228939351649,0.8017291216046631,-0.7741388468480823,0.8372521996498108,-0.2574023049363748,0.7614537627035143,-0.9326320408203029,0.8060798645019531,P2,P2/grant_1_frame162.jpg
-0.060214622968879625,-0.42473346153036334,-1.9085475688497096,0.9961889386177063,-0.038714592247586714,-0.4519956634394746,-1.9185091891799533,0.9937425255775452,-0.02702275256344623,-0.452678987979766,-1.918506111801582,0.9925829172134399,-0.014517898821931411,-0.4543402594039593,-1.9187268037933638,0.9926016330718994,-0.0665742451862429,-0.46073065540503716,-1.886222507641211,0.9934367537498474,-0.07401432029564312,-0.4695894752145941,-1.8866328247574056,0.9907168745994568,-0.0802628638079794,-0.4777302400708104,-1.8871760553108818,0.9909146428108215,0.008440076538297564,-0.47096557624303204,-1.6202077664554504,0.991120457649231,-0.08657134292764555,-0.5092595934465192,-1.4810818349509711,0.9849932789802551,-0.0410362544161126,-0.40429036373783983,-1.7650558632289188,0.9967165589332581,-0.07203629871193029,-0.4161174615284973,-1.7258065398538343,0.9959933161735535,0.0972941015084305,-0.36281675523841184,-1.2886498483797133,0.9990077614784241,-0.18005938682880226,-0.4328904192584866,-0.8892611622203007,0.9995208978652954,-0.06475522148505551,-0.12211374424156567,-1.3254740510562601,0.6321089863777161,-0.23240918320210657,-0.2123030583412579,-0.6879610504334579,0.960553765296936,-0.3047554911495047,0.03687483287784877,-1.6179458933524271,0.6861797571182251,-0.3707196094381488,0.016962436312574884,-0.9744351555545625,0.9329866170883179,-0.36183111490858133,0.08890069854210009,-1.7698162744859134,0.6690688133239746,-0.4235570237415023,0.07063616482382952,-1.0815950390382398,0.8951793909072876,-0.38571010565284014,0.07569640065930053,-1.82557793095129,0.6763144135475159,-0.41880804274703043,0.06831464919713084,-1.2216712942921915,0.8966871500015259,-0.36371754785028637,0.05580070986232885,-1.6420984776880916,0.6463595628738403,-0.39573796288898394,0.054661786781234165,-1.0410928563114028,0.8692257404327393,0.0883673595619606,0.00398747638936272,-0.047966446396591506,0.9990622997283936,-0.0883673595619606,-0.00398747638936272,0.04827814544250436,0.9989118576049805,0.1598063537861732,0.3354992337895279,-0.636257723330901,0.7905398607254028,-0.1924781472468298,0.3014961078286467,-0.8141341498306339,0.8920224905014038,0.13227466145681832,0.7054015794573132,-0.33574487452739266,0.8442845344543457,-0.2060983308352581,0.6731080104526918,-0.4681510572741341,0.8537583351135254,0.10156901969187032,0.7349539370420997,-0.33879213855336066,0.7572615146636963,-0.17525831021475635,0.7207163727356255,-0.4637239187676774,0.7766135334968567,0.16955255763041477,0.7636351034641085,-0.8414957803695088,0.8472735285758972,-0.2847260809352017,0.7806348346717089,-0.957084163587134,0.8205664157867432,P2,P2/grant_1_frame165.jpg
-0.06519003590495209,-0.4285932628184034,-1.7059279647045984,0.9965174198150635,-0.044773563442975686,-0.454155555508095,-1.7134027750189342,0.99419105052948,-0.03378141282624513,-0.4551397680185209,-1.7134526895675772,0.993097186088562,-0.02172939573932177,-0.45697174571907895,-1.7136739631792264,0.9930855631828308,-0.06969926787910256,-0.4614633440635093,-1.6808439842210645,0.9939602017402649,-0.07603500259619633,-0.46823366242918874,-1.6811844270400156,0.9914597868919373,-0.08145663270167071,-0.4774936644426477,-1.6816579753220149,0.9916694760322571,0.0012442374454517515,-0.470356879433511,-1.4285260830364455,0.9916642308235168,-0.08655275169077968,-0.5040227493230821,-1.3002293392539563,0.9863315224647522,-0.04781579118976686,-0.411808038218546,-1.5702250964396671,0.9969728589057922,-0.0752319614104753,-0.4203090120172385,-1.5310098948358424,0.996353805065155,0.08635067598245498,-0.3661627477579557,-1.1450260940323462,0.9990878701210022,-0.16914412268560797,-0.42954149703593264,-0.7393702727957827,0.9995677471160889,-0.0808907922770233,-0.1366139865360335,-1.1876204821379766,0.6664974689483643,-0.23017162652977735,-0.21920884159479842,-0.42201933189339697,0.9577416777610779,-0.3090720228521443,0.009342197481025213,-1.468443501281866,0.7150217294692993,-0.37718348191963574,-0.010959656387770538,-0.6037645317010033,0.9355031847953796,-0.36527871986154437,0.05689398194841008,-1.604874610012899,0.6980347037315369,-0.4347624023966496,0.032264778463625216,-0.6748940433777665,0.8995701670646667,-0.38704110755324567,0.043329738906296836,-1.6637486068275011,0.7045243382453918,-0.43527875489272766,0.02818543731724783,-0.8053031964560396,0.9011561870574951,-0.3613936330554707,0.02419611300645773,-1.4929465674314755,0.6730622053146362,-0.4082694380158032,0.01746148852029234,-0.6592931161029817,0.87476646900177,0.08783076322541307,0.00575759341364967,-0.04551610012551143,0.9991053342819214,-0.08783076322541307,-0.00575759341364967,0.045757878164460974,0.9990039467811584,0.160661493550092,0.32635589521501407,-0.6765278560540102,0.8015973567962646,-0.18931998142591977,0.29164437952437927,-0.884282161975345,0.9015228152275085,0.12211452118864412,0.683747476460824,-0.3507788278940811,0.8557983040809631,-0.20259220302746667,0.6476301054200851,-0.505608993861089,0.8671808838844299,0.08367079088507362,0.72539910530654,-0.34738172334917294,0.7716978788375854,-0.17615263725920005,0.699250281118618,-0.494991877840966,0.7929868102073669,0.1813359289500705,0.7506860147385462,-0.8149155155471723,0.8584100604057312,-0.2884055510268781,0.7691797105275753,-0.955034541506804,0.8358128070831299,P2,P2/grant_1_frame169.jpg
-0.06606440206134687,-0.4380611719758228,-1.7282874137018018,0.9968239068984985,-0.04233997439879363,-0.46582879820942386,-1.7370489945999192,0.994629442691803,-0.031583176368875684,-0.46632802973372983,-1.7371263252853275,0.9936261773109436,-0.02027267354178143,-0.46754410104625255,-1.7373096118269853,0.9935746788978577,-0.06782321230957923,-0.47452693376619826,-1.6983769584479556,0.9944536089897156,-0.0742973429884977,-0.48074229859725937,-1.6987651784266342,0.9921787977218628,-0.08059772884937216,-0.48859535075217053,-1.6992300170217947,0.9923867583274841,0.0016960769758156517,-0.4780045359889987,-1.4565361344886623,0.9922413229942322,-0.08596914958885232,-0.5111480689963164,-1.293099795878506,0.9875721335411072,-0.04961034055122361,-0.4215433090898932,-1.5949132010268172,0.9971951246261597,-0.0787204303317852,-0.4294803853781207,-1.5475378312149162,0.996665894985199,0.07733915902833535,-0.3622553821736184,-1.1975911300894335,0.9991617202758789,-0.16349465705522914,-0.4330918565590863,-0.7045152992385068,0.9996098279953003,-0.11545293314199381,-0.1349691046563574,-1.2322446764620958,0.6976571083068848,-0.23653099718194762,-0.22459280559622308,-0.3298801359344507,0.954069197177887,-0.34407633368926727,-0.0018952426545324902,-1.48098758452508,0.7409312725067139,-0.39479216124874217,-0.025145289998311476,-0.47548705190312296,0.9385207891464233,-0.4016780813878035,0.03924753025828824,-1.6097555657289044,0.7236833572387695,-0.45107152574404263,0.011895965898388447,-0.5243286072379482,0.9042772650718689,-0.423531120704859,0.025256087923260853,-1.6677147008216058,0.729557991027832,-0.453363675618156,0.009359006727375389,-0.659505493607032,0.9060772657394409,-0.3959309730827495,0.009134989843126846,-1.5037112705184568,0.6965048909187317,-0.42692042638078465,1.4526206098761197e-05,-0.5306937913711259,0.880976676940918,0.08706772952851746,0.007454222349229006,-0.07126351102149742,0.999144434928894,-0.08706772952851746,-0.007454222349229006,0.07129713402611634,0.9990885853767395,0.15466756581588192,0.3379506183360411,-0.587959371329504,0.815682053565979,-0.19670021126603707,0.2982171722423708,-0.7450029687390304,0.9104152321815491,0.12432232127556977,0.6833499048836853,-0.2435024546007939,0.8686116933822632,-0.2074257494700856,0.6497002332834756,-0.34396784998832874,0.8798753023147583,0.0869267398810883,0.7406378438063527,-0.2383293450573189,0.7882120013237,-0.1820328018991688,0.700667848415329,-0.32838664256819866,0.8099421858787537,0.2042809682634891,0.7760243939318614,-0.6865386207430413,0.8704653978347778,-0.30121156449170955,0.7767136766526261,-0.7518616878451029,0.850859522819519,P2,P2/grant_1_frame172.jpg
-0.015929948338946887,0.22913741503323082,-1.3718702318351788,0.996976375579834,-0.007664530181691752,0.2148037005785159,-1.3956921229256176,0.9949561953544617,-0.0017377471107065847,0.21197085567349233,-1.3954794456581903,0.9940827488899231,0.004847031720614123,0.20848313862061782,-1.3955493874159968,0.9940125942230225,-0.021880294312804752,0.21694649874292746,-1.3807353156848512,0.9947685599327087,-0.02519390392197438,0.21511076526667247,-1.3808819896623872,0.9927252531051636,-0.02852727377533984,0.2133130583771861,-1.3810154901437928,0.9928354024887085,0.009754498552342655,0.15957891089759899,-1.2613463648199077,0.9928551912307739,-0.04033269554227634,0.18202722735025997,-1.195978254736939,0.9885699152946472,-0.0037158086688669854,0.2191426699380536,-1.2970633796792854,0.9972494840621948,-0.01889894200552592,0.2246457960896648,-1.27808064337363,0.9966145157814026,0.06542481044002543,0.040224251865366545,-0.8813015266693265,0.9991029500961304,-0.06583957185428028,0.13467312627501613,-0.7896213272995284,0.999327540397644,0.02565212429253622,0.23636844212576033,-0.5645082795249442,0.7043541073799133,-0.05664759516763625,0.38870091158226466,-0.4727779665461546,0.9360678791999817,-0.02630169988008728,0.33259458413450815,-0.43469692027291507,0.7557864189147949,-0.04365927493371883,0.42572359646019053,-0.40033538347029046,0.9230765700340271,-0.03959912194073817,0.3684116904026304,-0.427244150646291,0.7364035844802856,-0.024190952695952096,0.5412914185918418,-0.39961953297437125,0.8868463039398193,-0.03974661077370502,0.3678452300690165,-0.45499473138688185,0.7414165735244751,-0.03143148643517377,0.5265360164517106,-0.4504147006290788,0.8887701630592346,-0.033977366419332695,0.34917892928897143,-0.43599213298010187,0.7120951414108276,-0.030527675953226804,0.5047124224959626,-0.41787436571419406,0.8673090934753418,0.055368747473683796,0.007039739780159523,-0.020037874353574976,0.9992260336875916,-0.055368747473683796,-0.007039739780159523,0.019903864587525216,0.9991755485534668,0.06530577364251582,0.511251908946257,-0.04964835200476982,0.8139753341674805,-0.04256926998584411,0.4945581015455956,0.020571978136125976,0.8991133570671082,0.09134930016029187,0.8518738376430012,0.14828362258262542,0.866715669631958,-0.10410946087359758,0.9025088183009459,0.1662323412989609,0.8782079815864563,0.08360077196461302,0.8910920146698609,0.16069142622674834,0.7820590734481812,-0.10002397945764425,0.9523808226572261,0.17200642385745332,0.802294135093689,0.11375551574903045,0.978188380623179,-0.05374404033380111,0.8659455180168152,-0.08704136321174213,0.9962046983879577,-0.06581885245733783,0.8513230085372925,P2,P2/rob_1_frame573.jpg
-0.060960198967147494,-0.014171333422618781,-1.3054760396117735,0.9972161054611206,-0.05759802577483813,-0.029648221990130168,-1.3231913293670237,0.9953891038894653,-0.05573861440993552,-0.032779439563530605,-1.3230914738567483,0.9946142435073853,-0.05372115148896029,-0.03698084425780302,-1.3231763033388053,0.9945419430732727,-0.06156561274958864,-0.03163801793851321,-1.30069569556573,0.9951620697975159,-0.06250159915282955,-0.035787507307777876,-1.3009183828939792,0.9933108687400818,-0.06387842855326496,-0.04117151607477675,-1.301154267686166,0.9933735728263855,-0.04012140340959306,-0.08862307716540371,-1.1900608783596143,0.9934996962547302,-0.08557331020528114,-0.10765223010760355,-1.0931193045195564,0.989529013633728,-0.0533702261526904,-0.008063531211713909,-1.2345432485726535,0.9974303841590881,-0.05784742604214185,-0.007277884593449518,-1.2062974161314888,0.9967825412750244,0.0046511520044850985,-0.06657090995353324,-0.9153785633022663,0.9991416335105896,-0.0564543780715662,-0.07714859779676748,-0.6976494268510921,0.9991948008537292,-0.03331190953173803,0.1464834621630988,-0.8100218571404689,0.7293551564216614,-0.09055900997030628,0.12506699929849022,-0.35370356143435305,0.8939571976661682,-0.09551903033260933,0.3333647987047255,-0.8195388981982079,0.7756744027137756,-0.09499701498191879,0.2948170736155054,-0.29891490604384546,0.8947799205780029,-0.1147913823241181,0.3894629247527699,-0.873000234553745,0.7551125288009644,-0.1116871161981566,0.35453209981041484,-0.2791818154807422,0.8557151556015015,-0.12238477375875181,0.38336203928501306,-0.8944054080214912,0.7599506974220276,-0.11827718236234946,0.35331825113932996,-0.34509945096936157,0.8590405583381653,-0.11399420780060697,0.36702787208111787,-0.8246789128879498,0.7318140864372253,-0.10969795627213201,0.33901410829798917,-0.3210135227635808,0.8405545353889465,0.03498902098815245,0.002270242057058172,-0.06320082623314076,0.9992923140525818,-0.03498902098815245,-0.002270242057058172,0.06330972518632509,0.9992449283599854,0.009952954881655462,0.45833396981420804,-0.14395840371084082,0.8187645077705383,-0.045673958101578836,0.44809241978740993,0.003511764222448873,0.8904293179512024,0.036581779979278625,0.879556154267569,0.08114524304301926,0.8681561350822449,-0.06827366106127232,0.8831321899779042,0.239944304268094,0.875551164150238,0.024319030400149433,0.9357938872232912,0.0919476355979209,0.7823477387428284,-0.05293105271418681,0.9382370081076531,0.25401490764969464,0.7986915707588196,0.04310657434893645,0.9990704796198813,-0.15535182004232384,0.8661126494407654,-0.09151606461417054,0.974568990305654,0.009168485277423536,0.8511126637458801,P2,P2/rob_1_frame575.jpg
-0.06274875836228497,-0.12185938495185439,-1.0484111604567363,0.9973647594451904,-0.05443207511638918,-0.14295859026624383,-1.0721509844293742,0.995659351348877,-0.049090508539580295,-0.14587857847332159,-1.0718443973694272,0.9949904084205627,-0.042776739400044415,-0.15106221414167037,-1.0717405547633156,0.994877815246582,-0.0641149213964451,-0.14452715103435257,-1.044794958716864,0.9953601956367493,-0.06562341294415712,-0.14855854983872754,-1.0448952474441353,0.9936613440513611,-0.06744698618904393,-0.15520282971040306,-1.0450087982070786,0.9936439394950867,-0.022294002044474032,-0.19173791770737636,-0.988860633010726,0.9938952326774597,-0.06868486286506964,-0.19891493268519667,-0.8636554878307423,0.9901164174079895,-0.04890076608150171,-0.13062368357167334,-1.0007018105864223,0.9972622990608215,-0.06124096025434665,-0.13190741395273492,-0.9655703313713889,0.9965993165969849,0.03117713890551077,-0.17841884661398258,-0.7667877590029972,0.9991687536239624,-0.08651970044476767,-0.18431057097125048,-0.5314573133418046,0.9992080926895142,-0.007659649060315308,0.03429077016939419,-0.6893284126214324,0.7522348165512085,-0.1210013399118727,0.030174338312769274,-0.15837751617936144,0.8925355672836304,-0.10503748952158821,0.22416082116633868,-0.6204033162147616,0.7953242659568787,-0.13584112442898996,0.19954492271960286,-0.00937314957612376,0.8979390263557434,-0.12776263774536004,0.28858276302258934,-0.6544872679716499,0.7748072147369385,-0.15085582912902298,0.2701951672632809,0.023671140930052268,0.8586531281471252,-0.13802788675535202,0.28927828311561016,-0.6757794229030712,0.7795397639274597,-0.15109393901131712,0.28124686365662005,-0.032219359924137624,0.8629308938980103,-0.12392297503841301,0.26834472322716324,-0.6235659650026485,0.7531764507293701,-0.14312440905212975,0.2587494237185369,-0.024669247260575712,0.8466394543647766,0.05454241872037915,0.014853133232760983,-0.0436333135892561,0.9993537664413452,-0.05454241872037915,-0.014853133232760983,0.043652843670382566,0.999315083026886,0.04856453447122906,0.4631453043750561,-0.030092666818172322,0.8280273675918579,-0.07670007316934947,0.4119110267750831,-0.03749668580691111,0.8956347107887268,0.05346568011176692,0.8722021330415912,0.1780573586269522,0.8745033740997314,-0.10499198253643917,0.8623360453013351,0.16382606751125645,0.8819763660430908,0.03558204170799477,0.932992357443033,0.18908707081246579,0.7895806431770325,-0.09902285296443204,0.9176002481461639,0.172640976399559,0.8000056147575378,0.06853039915547803,0.997649028662681,-0.05624760337640143,0.8737492561340332,-0.12849473678644352,0.9750766972290383,-0.0734044518873575,0.8604404330253601,P2,P2/rob_1_frame577.jpg
-0.06060262352238061,-0.07018389755385951,-1.0988112579640392,0.9975311756134033,-0.05026526319193602,-0.07922858312682918,-1.121894956685296,0.9959508776664734,-0.044156350496429665,-0.08035038461437537,-1.1216277792747993,0.9953846335411072,-0.038146233306412515,-0.08676375928505892,-1.1215841374341136,0.995262622833252,-0.06332370947095911,-0.08557597958167297,-1.1053790113506914,0.9955462217330933,-0.06587598396885387,-0.08915821870157656,-1.105516809603565,0.9939720630645752,-0.0690811678943295,-0.09365564783885107,-1.1056560683117374,0.993877649307251,-0.020562781057713145,-0.13078901244116115,-1.0125258407438185,0.9943524599075317,-0.06764261942527137,-0.14435002716115108,-0.9370628268314267,0.9906159043312073,-0.04558484759666845,-0.07285395347612444,-1.0414267047374153,0.9972740411758423,-0.060984833264921046,-0.07725817120169827,-1.0206775008563007,0.9965731501579285,0.02452405128215447,-0.14874780170158433,-0.7905794181156551,0.9992243647575378,-0.08118928731968159,-0.15664087531709062,-0.5699741659517916,0.9991482496261597,-0.030292334256561068,0.04736076123968842,-0.7058496864703486,0.7730441093444824,-0.12261690595449924,0.001106423752343956,-0.1431871288910498,0.8757178783416748,-0.12994701700698746,0.23746324472029878,-0.6803631092373236,0.8133441805839539,-0.1279010050428735,0.17773646483136385,0.13190366199320128,0.8915839791297913,-0.1516005004453015,0.29360452094219225,-0.7204723662832392,0.7935501337051392,-0.14317487610064072,0.23761599116269863,0.18930763068438206,0.8516167998313904,-0.1608664020414318,0.2859281960748158,-0.7365433452520339,0.7980594635009766,-0.14460801229418074,0.2446945602672978,0.14285682974345879,0.8575478196144104,-0.1538026093080884,0.2707901473598124,-0.6804876345288077,0.7731216549873352,-0.13703641066262282,0.22898813671375823,0.1263349137239572,0.8431387543678284,0.05309201737682037,0.009804551873884515,-0.03848342934676443,0.9994122385978699,-0.05309201737682037,-0.009804551873884515,0.03835014669281015,0.9993767142295837,0.04280285207122747,0.467428941483589,-0.03503442455692657,0.8360631465911865,-0.066855691746766,0.4139066911576469,0.01588356013635706,0.8967733979225159,0.06279528238029464,0.8782859442504867,0.15467219231330578,0.8822335600852966,-0.09024943653698869,0.8669744602359185,0.246848474105233,0.8871415257453918,0.051586545691435205,0.9407728128353846,0.16374986699419533,0.7978785037994385,-0.08521876939747806,0.9258582996901925,0.2587410045557806,0.8019989132881165,0.06629882873234769,0.9977998122412727,-0.07474293427972006,0.8822333812713623,-0.11625593585629258,0.988181081826843,0.03505754216827895,0.8684158325195312,P2,P2/rob_1_frame579.jpg
-0.05743584427234512,-0.01240893830082344,-0.9783373658725303,0.9975801706314087,-0.048247200270046926,-0.02131594483726314,-1.0054260764942475,0.996084451675415,-0.04209492061105966,-0.024057497668336588,-1.0051080415028164,0.995617687702179,-0.03628812187345982,-0.03447850615017688,-1.005008222766791,0.9954808950424194,-0.06181207669161129,-0.02121004577213974,-0.9915484853692128,0.9954431056976318,-0.064535135188345,-0.024576690214093106,-0.9916620692947239,0.9939258694648743,-0.06770568901688805,-0.02799636863762342,-0.9917663638285575,0.9937198162078857,-0.017442057385211127,-0.09147779123818753,-0.9302760801095561,0.9946222305297852,-0.07184841990898819,-0.11955886223810662,-0.8690595800979949,0.9905861020088196,-0.04032250467899431,-0.019008459944574292,-0.931774290089105,0.997160017490387,-0.05669370632632881,-0.02240094578519413,-0.9150804087545005,0.9963045120239258,0.029838581680792828,-0.15434163819022897,-0.7338947087397333,0.9992741346359253,-0.07904879629624223,-0.13631565808907226,-0.5070330276222336,0.9990383386611938,-0.02974931907167366,0.033868108667950446,-0.5639928327956149,0.7906450033187866,-0.11048882687772694,-0.0016817176896869333,-0.10027119273686227,0.8320973515510559,-0.15021085683378668,0.2279868375721821,-0.42468949522052324,0.8264302611351013,-0.11540595523966886,0.15533332297630878,0.19174292475820562,0.8536452651023865,-0.17598663861541342,0.27216870447260544,-0.4481929228998051,0.8045594692230225,-0.1083334346615032,0.1244109648583061,0.2556927438218534,0.812110185623169,-0.18399358754731945,0.26765878926219866,-0.45686537229638813,0.8091718554496765,-0.11743425168794147,0.19926724756795836,0.20869967476502926,0.8203092813491821,-0.1757878456335151,0.25778416590902536,-0.419165896255564,0.7848606705665588,-0.11627012201272131,0.214123349432694,0.18625718006433217,0.8089926838874817,0.05282881269440091,0.0020076908885516298,-0.03519763437856931,0.999464750289917,-0.05282881269440091,-0.0020076908885516298,0.03502739308092065,0.9994305968284607,0.04389436022800498,0.4775014181118742,-0.06671301723294248,0.8449162840843201,-0.07423874928563721,0.4231380401368593,0.018834642758936142,0.8993877172470093,0.059015463102594895,0.8793491859121063,0.12285462228788457,0.8893892765045166,-0.08961784390181564,0.8536814144209842,0.27190247895203007,0.89210045337677,0.04021525442962691,0.9283981873574436,0.13114519323750748,0.8045634031295776,-0.08391905545472045,0.9035825064301932,0.2855820371363038,0.805749237537384,0.06483999613339722,0.9978956733553969,-0.11503904538066177,0.889674723148346,-0.12367993195779516,0.9820746570424156,0.06342949701231232,0.8763149976730347,P2,P2/rob_1_frame581.jpg
-0.060950850390979146,-0.09527566271515303,-0.8470094291272537,0.9969121217727661,-0.05189737007536171,-0.10839133889299872,-0.8696663287332778,0.9946932792663574,-0.04624131500205785,-0.11112844978532609,-0.8694477967511003,0.9946637153625488,-0.041006421125913385,-0.11789123260203677,-0.8693909137761312,0.994143545627594,-0.06447086674524596,-0.11138647655196753,-0.8521004116980617,0.9927366375923157,-0.06713021135842981,-0.11651136172536848,-0.8521546733377788,0.990912914276123,-0.07051688912621007,-0.1242823974578514,-0.8523567782857102,0.9893327355384827,-0.010420506649550776,-0.20905969986646838,-0.8081396583652695,0.9928765892982483,-0.0775639994399242,-0.21512293568225416,-0.7297961175103126,0.9858753681182861,-0.044453826493699,-0.10390964201260404,-0.8110662044184769,0.9949598908424377,-0.06086915210895756,-0.10903225536211991,-0.7893083354260572,0.9935821890830994,0.0286834367282814,-0.21395259687006474,-0.6856061720986513,0.9992499351501465,-0.0839433682871047,-0.1972976812127707,-0.4481370087266594,0.998812735080719,-0.07581775327286394,0.00285611951276951,-0.6000246003457907,0.8082653880119324,-0.13881193449280002,-0.05391099243812896,-0.17391780642200672,0.8242524266242981,-0.16550848647788485,0.1910917573814328,-0.5377504562306663,0.8414284586906433,-0.120700080702428,0.1156726218225608,0.026478131955767047,0.8461687564849854,-0.1961785458158376,0.23271401753588963,-0.5773408320534335,0.8205116391181946,-0.12462220988435614,0.12444116299628265,0.07415182918681795,0.8030414581298828,-0.20428222899180307,0.22558450991742005,-0.5986300499917111,0.8248701691627502,-0.13462146795890578,0.15948666775908116,0.036056758561322816,0.8120702505111694,-0.19503153688739128,0.21757038902923226,-0.5429549863068082,0.8017932772636414,-0.13137197340264842,0.1621508181535604,0.020198936343019825,0.8023969531059265,0.051335181041643134,0.013767689632867128,-0.0331851513261059,0.9995074272155762,-0.051335181041643134,-0.013767689632867128,0.032871366574207764,0.9994773864746094,0.04670913596670337,0.46068140857524614,-0.045478457293681315,0.8550268411636353,-0.07082673095299995,0.4052627114779916,0.01993499791927356,0.9040433764457703,0.05825742841951893,0.8671945843462975,0.11464420646980837,0.8965007066726685,-0.09606512151522256,0.8419853779832142,0.24077160890034024,0.8978928923606873,0.03639496815054325,0.9189519751192009,0.12166461193064244,0.8134217858314514,-0.08680464309253653,0.8922288602702287,0.25101648608800503,0.8107715249061584,0.08117235479218442,0.9967000796716593,-0.10147495675274934,0.8968977332115173,-0.12737644683366345,0.9852015052107905,0.0538892899666882,0.883645236492157,P2,P2/rob_1_frame582.jpg
-0.05911453626283796,-0.18822886225378158,-0.7301821872830686,0.9961127638816833,-0.055810484817430915,-0.22267986696000155,-0.7428430949163622,0.9931129217147827,-0.04936532797080335,-0.22570819172839185,-0.7426666005494006,0.9935262203216553,-0.042863414636874854,-0.23223802559236353,-0.7426596890739309,0.9927331805229187,-0.06981112017919079,-0.22404623362041068,-0.7240117043721611,0.9900427460670471,-0.07313759959135385,-0.22871225767559705,-0.7241282382565709,0.9879747629165649,-0.07709837852046551,-0.2342906880355066,-0.724354852263528,0.9851067662239075,-0.024755989705285614,-0.29383510891828835,-0.6534111197631587,0.990834653377533,-0.07763756514982431,-0.29959516003756087,-0.5701563559108894,0.9793859720230103,-0.03878427096892434,-0.18007030028971618,-0.6864218370613961,0.9915931224822998,-0.05835500630294152,-0.19881120085376094,-0.663378153960891,0.9886210560798645,0.03053206080081241,-0.2752698788367121,-0.5645381502385085,0.9991432428359985,-0.08969914258576446,-0.2729900989016439,-0.3847363447508143,0.9984455108642578,-0.060880669987832786,-0.051520884432859695,-0.5642609588779485,0.8246933817863464,-0.138079196245568,-0.1138715474417865,-0.4040655903856382,0.8144375085830688,-0.17905289448348632,0.12406885735533409,-0.5014345941169907,0.8514014482498169,-0.09504148426704642,0.029078453926858497,-0.5811435421964951,0.8320590257644653,-0.213032088003337,0.16788724566240776,-0.546986343854779,0.8292559385299683,-0.07569621865596825,0.03925251198915699,-0.5983169567410983,0.7891702651977539,-0.22013150068018994,0.16147833973347564,-0.5488262152419042,0.8336293697357178,-0.07636365663808285,0.04261780551521616,-0.6176879916282656,0.7990546226501465,-0.21094857566306424,0.15115927800039541,-0.4982428198194458,0.8112922310829163,-0.09483972410896377,0.032088561693679615,-0.5917658849657496,0.7896677851676941,0.05273190309496287,0.016604476530772107,-0.03305884016262139,0.9995300769805908,-0.05273190309496287,-0.016604476530772107,0.0324715878830796,0.999504804611206,0.047177548470795506,0.44872218962169724,-0.08556608025487805,0.8623778223991394,-0.07209172399875209,0.39640735516567477,0.03622220188799519,0.9043397307395935,0.05806261885062029,0.8683283928007403,0.03296986349807901,0.8999050855636597,-0.10879037714481025,0.83443616486627,0.2774547518553138,0.9000619649887085,0.02990050756550741,0.9233627784256917,0.03535437688861972,0.8138834238052368,-0.10029310711136835,0.8904489590981123,0.2915706852747439,0.8064829707145691,0.08218494983800749,0.9966170949868983,-0.17327952389824242,0.9002541899681091,-0.1360582075840477,0.9779478723737514,0.10439472451743562,0.8868271708488464,P2,P2/rob_1_frame584.jpg
-0.055619586961725975,-0.33253877608881566,-0.6035083393840456,0.994788646697998,-0.057413904276754635,-0.37991139308392236,-0.6121770899143514,0.9911998510360718,-0.051128793904551606,-0.383028549440442,-0.6120872440545903,0.9918233156204224,-0.04515786905418429,-0.38949025167501355,-0.6120607952733919,0.9909435510635376,-0.06647968651121339,-0.3913326667736205,-0.588489031497437,0.9869555234909058,-0.07072699078873468,-0.3920120354672398,-0.5885576283363866,0.9845791459083557,-0.074939596665213,-0.3909336851593224,-0.588723020714845,0.981073796749115,-0.02953958876916838,-0.42408445751945645,-0.5195150099291165,0.9872824549674988,-0.0741361336900539,-0.4314367187156667,-0.4176494790534115,0.9695484638214111,-0.04739776583620847,-0.3109169724556226,-0.558906244718901,0.9856734275817871,-0.05483872294517121,-0.3108221768239548,-0.5304097578819508,0.980085015296936,0.027380788250100523,-0.39237171889246036,-0.46429120472914276,0.9990200400352478,-0.09826552176980141,-0.3786762500012633,-0.2078263605335841,0.9981067180633545,-0.04253668984225573,-0.14645185126775287,-0.48749688537478547,0.8388739228248596,-0.1586808377367724,-0.14485392490271953,-0.2696364497272054,0.7977339625358582,-0.20630204327652701,0.04054473163483106,-0.5131048053214531,0.8638980984687805,-0.15809426476697983,-0.047606006240162285,-0.5671062168512546,0.8285706639289856,-0.24164071481481678,0.08672480358429402,-0.5839174421634825,0.8420706391334534,-0.16730124049501977,-0.004197406576886024,-0.609947742646189,0.786095142364502,-0.25081959183768937,0.08373714126048516,-0.5880054037837648,0.8462116718292236,-0.17176933459819774,-0.009293771728343359,-0.6569404771468801,0.796390175819397,-0.24191160233189282,0.06928480724682648,-0.5113682353453359,0.8247705698013306,-0.12720938799080422,-0.03466900239769978,-0.5937688381956187,0.7867327928543091,0.05466253106437091,0.0028572683325695934,-0.03814569531120791,0.999476969242096,-0.05466253106437091,-0.0028572683325695934,0.03780841710351957,0.9995014667510986,0.05263892431536094,0.4341563933887691,-0.08727400327630618,0.8675262331962585,-0.07779756496552699,0.3954663762857677,-0.016718063980248984,0.9048111438751221,0.06332983166149188,0.8542084367282297,0.10852207413169497,0.8993887901306152,-0.11533503517970647,0.8350531194354567,0.2600218427834547,0.9022154211997986,0.030782431497015636,0.9225390879440707,0.12073024905974314,0.8114435076713562,-0.10308399972673887,0.9011766723578674,0.2647871731895151,0.8002354502677917,0.0945919910518897,0.9955161250471231,-0.08271680077938352,0.9001550078392029,-0.1497589488714803,0.9876184889826467,0.019777155824972883,0.8886612057685852,P2,P2/rob_1_frame586.jpg
-0.05511395348254477,-0.44345163480042027,-0.7097607494701037,0.994590163230896,-0.047625756187740766,-0.48455302801040073,-0.7160968432108151,0.991123616695404,-0.043913962317645626,-0.48303144795678465,-0.716065139452621,0.9918163418769836,-0.04024614301262866,-0.48291304719158556,-0.716154440875781,0.9909870624542236,-0.05392784226365942,-0.495379786306322,-0.6919343222481399,0.986788809299469,-0.055521845120354164,-0.49881451036546903,-0.6920866305082797,0.984535813331604,-0.05757202148357741,-0.5020842546781839,-0.6922202570910001,0.9810448288917542,-0.02933003320862143,-0.474788070146891,-0.5971450436552397,0.9871239066123962,-0.05688746071422833,-0.4937348971647532,-0.49342627385038906,0.9681321978569031,-0.045149757783179666,-0.4080984885540185,-0.6533315157443722,0.9849139451980591,-0.05553877382536148,-0.42850398895836905,-0.6246403157676097,0.9786810278892517,0.01966464417811327,-0.39561341835634506,-0.528610383471348,0.9989100694656372,-0.08264203122148217,-0.40190388472941846,-0.22500405110789157,0.9979011416435242,-0.06472555130246756,-0.12202110399420951,-0.5612016966401805,0.8528995513916016,-0.15470692741851189,-0.17892459188477614,-0.25560506444260217,0.7868220210075378,-0.2178693281787359,0.02212711965263894,-0.5186295595765319,0.8754137754440308,-0.1595130769229557,-0.07930066546450569,-0.5836913810725471,0.826397716999054,-0.2700169518306201,0.051908217705331036,-0.6762943023882747,0.853676438331604,-0.2428338590623643,-0.025576168000638288,-0.6382793426616398,0.7832252979278564,-0.27396574757081765,0.040126239699647855,-0.6637382618503783,0.8575710654258728,-0.21610653912122857,-0.04216349415194835,-0.6866322818908043,0.7937740087509155,-0.26243239113808214,0.04101614866583123,-0.5308062067995454,0.8365365862846375,-0.18515225176057387,-0.05029668512451629,-0.6123641998814467,0.7832603454589844,0.048136622433523665,0.0019683375940458643,-0.0621910098799614,0.9994025230407715,-0.048136622433523665,-0.0019683375940458643,0.06213455164706348,0.9994814395904541,0.0434127123776657,0.42211034763761796,-0.16019803837171323,0.8766841888427734,-0.06803576423543649,0.4032379468198766,-0.035875075000227546,0.9091432094573975,0.05790889269623778,0.8457933619534304,0.04106702869008954,0.9047679901123047,-0.1058658104150684,0.8333081915859047,0.1310182223775687,0.9084601402282715,0.02876908203678139,0.9212254677292819,0.05145339962211397,0.8166453838348389,-0.0860299759596918,0.9052485766567564,0.13572967380806994,0.8050615191459656,0.0914150070395041,0.9801199316004723,-0.17347920846906498,0.905120313167572,-0.14588176310753842,0.9685412983945811,-0.11206529751995899,0.8952727317810059,P2,P2/rob_1_frame588.jpg
-0.03702009798156232,-0.5105258979981774,-0.3869883569891639,0.9938441514968872,-0.0336522521968067,-0.5339543093194828,-0.37460271312928106,0.9901952743530273,-0.03156820352314531,-0.5333072815440382,-0.37463812806121033,0.9908366799354553,-0.02962684042118043,-0.5337651809930773,-0.3746779960885961,0.9901410341262817,-0.038551683042981795,-0.5367732353166531,-0.3671383459294099,0.9858624935150146,-0.040144818743172314,-0.5372499729914979,-0.3672014586487861,0.9833773374557495,-0.042136261683046364,-0.5387336231615109,-0.367285927574645,0.9800334572792053,-0.02485144343798335,-0.5129461437214897,-0.2243364341997674,0.9855575561523438,-0.04485474822876747,-0.5193034853796462,-0.19530989902369184,0.9647987484931946,-0.03008576571419908,-0.4834286023133997,-0.32399605770735956,0.982664167881012,-0.03908801292718221,-0.4868690965036138,-0.3162368536219207,0.9761035442352295,0.01884214266451402,-0.39731067888669874,-0.1891921269067065,0.998502790927887,-0.07564685415213607,-0.40067003814398744,-0.00791352803194273,0.9974635243415833,-0.07237916804319879,-0.15323357926953954,-0.23719569157328466,0.8620184659957886,-0.138439230431114,-0.1989058318914388,-0.05340610786945783,0.7867883443832397,-0.2242744872121861,-0.04687351592191412,-0.34724119267586995,0.880840003490448,-0.16720790573415634,-0.1288479622568007,-0.41819676905112935,0.8281093239784241,-0.2633228652583415,-0.02583588062414568,-0.43327042722761444,0.8562541604042053,-0.24152246833253008,-0.07557066192202101,-0.4965538097386068,0.785210371017456,-0.2660644799228735,-0.03770638760385946,-0.44562951571720927,0.859994649887085,-0.23894862578792092,-0.07959514111221136,-0.5838617121815479,0.795394241809845,-0.25822432742159646,-0.03533967228456923,-0.35516683994698545,0.837455153465271,-0.1810442095542562,-0.1016101259468291,-0.44708691360720093,0.7843438982963562,0.04099132654336136,-3.347981714970419e-05,-0.05203992266375861,0.9991403818130493,-0.04099132654336136,3.347981714970419e-05,0.052011158231719305,0.999381422996521,0.035204913689078084,0.3749447621525424,-0.11412754412880809,0.8847954869270325,-0.06268988513956977,0.363780408864911,-0.012821879640678343,0.9147437214851379,0.05468932794331358,0.764013437473624,0.09377344732630082,0.908730685710907,-0.09833367353479412,0.7555737257955908,0.16781780495193327,0.9151291251182556,0.01949635134781534,0.8359963499650983,0.10379934694302692,0.8182023167610168,-0.08079715048057497,0.8243795062239561,0.17428037721921594,0.8109236359596252,0.07732009894127254,0.8860049383469611,-0.10260789910472515,0.9074108004570007,-0.14079093112488583,0.8773673320394246,-0.03761743643924915,0.9014731645584106,P2,P2/rob_1_frame590.jpg
-0.013838549773224369,-0.4174047965868242,-0.9365617160392099,0.9944562911987305,-0.003481741111497486,-0.4451700612233349,-0.9441820999381936,0.9911672472953796,0.0031028745673672246,-0.4483318997044378,-0.9441265053909571,0.9917426109313965,0.010026922723186584,-0.452309000086991,-0.9442249657675442,0.9911178350448608,-0.019445050836511678,-0.44731435102168476,-0.9366652304655458,0.9872681498527527,-0.025073016012312294,-0.451927824902852,-0.9368916643734261,0.9850286245346069,-0.030775606416502205,-0.45713692790626353,-0.9370445961750834,0.9820205569267273,0.021873116168903806,-0.47457252600006855,-0.7785409230546025,0.9869921803474426,-0.04284467721657274,-0.4846949765030745,-0.7453027464969295,0.9683071374893188,-0.005490881875824632,-0.40285955338823437,-0.8550402055698768,0.9843937158584595,-0.024570481238526867,-0.4031458871449889,-0.8457049389141613,0.9784888029098511,0.06437754976473506,-0.39090304438750684,-0.5858132840927343,0.9986516833305359,-0.09014471767155478,-0.40868188109449705,-0.4375684272249624,0.9977167844772339,0.01634847823241144,-0.13951267561757194,-0.5167218970021294,0.875069797039032,-0.0777540595578401,-0.16243272883258275,-0.2919484004535673,0.8041810393333435,-0.03697511598364558,0.03262613737266415,-0.6596074020788967,0.8914896249771118,-0.0861166400217825,0.03269265116318504,-0.47575804384237336,0.8403199315071106,-0.04957130545381039,0.093951852232927,-0.7281395055284752,0.8678643703460693,-0.09214818042937405,0.11001449587399115,-0.5219143091622349,0.7975696921348572,-0.06194287049069638,0.0883303762074211,-0.7801451782779446,0.8714150786399841,-0.08498771505752875,0.10267701396958696,-0.6041839437857383,0.8076555728912354,-0.05887737093319972,0.0671083589166463,-0.6798530518330196,0.8493360877037048,-0.0791876626075662,0.07629699573397153,-0.5095994929925898,0.7969658970832825,0.04659141276366331,0.014470118804793293,-0.03849441559450539,0.9992202520370483,-0.04659141276366331,-0.014470118804793293,0.03868875862631875,0.9994391798973083,0.06358287843633535,0.2715647626621677,-0.18579379468493093,0.8940293192863464,-0.0921282138130826,0.2650496557662676,-0.09577102156248428,0.9211364388465881,0.060500656837694594,0.6007509960928029,-0.06060304424213444,0.9164944291114807,-0.10511456344471752,0.6038110048308195,0.052048983148011076,0.922214925289154,0.04436301359418568,0.6585720706285091,-0.06572802617522902,0.8279545903205872,-0.08714242493375575,0.6581038534764746,0.051146476492718564,0.8225007653236389,0.10423016713435812,0.7025008727140316,-0.3055972673720229,0.9147845506668091,-0.1558144818844021,0.6853127358708888,-0.16863172363539985,0.9095204472541809,P2,P2/rob_2_frame19.jpg
-0.005700110742675187,-0.41130337861154964,-0.989512212706344,0.9950004816055298,0.008462499865879191,-0.4345784667220188,-0.9989930214219772,0.9920258522033691,0.01618396823886753,-0.4365644285901747,-0.9989462280977658,0.9925376772880554,0.022966277498589423,-0.4391417972893655,-0.9990552014549618,0.9919792413711548,-0.0122709319065024,-0.43737207250129345,-0.9915941040551228,0.988517701625824,-0.01868408679524645,-0.44171713975530214,-0.9918141403225582,0.986494243144989,-0.02479735916238655,-0.44702112189680454,-0.9919984642288904,0.9837911128997803,0.034202247450780876,-0.46114713366720705,-0.8319776427846985,0.9882598519325256,-0.030838446969850018,-0.4773680806629616,-0.8005646953675274,0.9714444875717163,0.005244208260507011,-0.39983641806839293,-0.9061245460481144,0.985943078994751,-0.016577564048472722,-0.4014757674105227,-0.8975431949379256,0.9806296229362488,0.07276209947383004,-0.37761509788962416,-0.6188706498397957,0.998784601688385,-0.08397850361116177,-0.42230626841973257,-0.4884074743296126,0.9979444146156311,0.01107532764701636,-0.12958597481063902,-0.5426113350892113,0.8859730362892151,-0.08537749103352617,-0.16907783081077615,-0.3385075296900813,0.8198044896125793,-0.061285071084192164,0.05515368925734372,-0.6808743372115054,0.9000154137611389,-0.10423811340103441,0.05216892103450435,-0.5130134177692777,0.8521197438240051,-0.07451947690300997,0.11419635332716035,-0.7470873342092004,0.8763008713722229,-0.11795463609474507,0.122207826334639,-0.5590290166699793,0.8103259205818176,-0.0900890532273667,0.10159204273057248,-0.7932263117191387,0.8797900080680847,-0.11710722735601498,0.11875132568233396,-0.6377673644871422,0.8200851082801819,-0.08486567717750321,0.08253696529046167,-0.6981082108749327,0.8568596839904785,-0.10961788933019727,0.09860436179743037,-0.5453081249108145,0.8091608881950378,0.0488113892127033,0.0094913831204279,-0.03503840505446927,0.9992907643318176,-0.0488113892127033,-0.0094913831204279,0.035228665191038,0.9994897842407227,0.07211636426367017,0.2988804226202343,-0.1875778786387418,0.9025176763534546,-0.0836215699594976,0.28883321839029635,-0.13017761117590967,0.9273618459701538,0.06816153687043962,0.653216696531827,-0.06420486133086209,0.9238484501838684,-0.0997727385475647,0.6470526416937565,0.038901786799648945,0.9289732575416565,0.050134772806774815,0.7115789261470077,-0.06914005714766132,0.8383768796920776,-0.08286128925069298,0.7046105833466455,0.04091565290740355,0.8326771855354309,0.11668627739747969,0.7505289547110457,-0.31755678440119955,0.9215657114982605,-0.15723918310507407,0.731143347971363,-0.18965415035623,0.9170573353767395,P2,P2/rob_2_frame20.jpg
-0.010812351756448763,-0.4096854907768861,-0.9963711414286484,0.9954740405082703,0.000525853969277509,-0.43483807374622274,-1.0036199910565657,0.9927529692649841,0.006813429748858193,-0.4363387856761281,-1.0035908596269436,0.9931991100311279,0.013563561967483005,-0.43852161636355597,-1.0036954161276093,0.9927096366882324,-0.015286052737685806,-0.43950347220021263,-0.9925862720995859,0.9895957708358765,-0.0208131715457383,-0.4446591019513877,-0.992801084728452,0.9877475500106812,-0.026415525437249777,-0.4505275017903833,-0.9929866392693062,0.9853248596191406,0.02564803892509537,-0.4587635269073231,-0.8400427706720508,0.9893239736557007,-0.035757721600299046,-0.4800926730679453,-0.793762365052459,0.9741694927215576,-0.0026888626187233236,-0.39493954107731477,-0.9163948544694612,0.9873099327087402,-0.02113817697360994,-0.3979783924912705,-0.9034958374079352,0.9825282096862793,0.061049565469068603,-0.368225893455399,-0.6548068389970142,0.9989015460014343,-0.08094588859664406,-0.4315266534777153,-0.4811778821505658,0.9981477856636047,-0.010083432723946309,-0.13827290066436368,-0.6111390793101669,0.8959357142448425,-0.10252854152417394,-0.18452474481708675,-0.3352480701913926,0.8288406133651733,-0.11649072910851939,0.04766623839007404,-0.7301536351556805,0.908113956451416,-0.1391843661009659,0.06055030976162003,-0.4984510783636523,0.8587977290153503,-0.13659040228069652,0.10686181001587369,-0.7970383843010561,0.8847565054893494,-0.15710165189007902,0.11512994303459267,-0.5407682479769407,0.8165972828865051,-0.14998332373270795,0.0852464158946163,-0.8344197081338296,0.8880510330200195,-0.1574125349075034,0.11995904745722014,-0.6202595599621136,0.8262934684753418,-0.14173089635430702,0.06707030368622974,-0.742972794102525,0.8643409609794617,-0.14811067944156134,0.10585525579323304,-0.5319359151614741,0.8145618438720703,0.04867225431455864,0.0076711920282439,-0.032699196576161674,0.9993509650230408,-0.04867225431455864,-0.0076711920282439,0.032811469343409984,0.9995309710502625,0.07108432970678745,0.30567064471463085,-0.1892421523723314,0.9103659391403198,-0.08071467370631683,0.302488099357604,-0.1353280614401343,0.9330607056617737,0.06735677329904684,0.6650667385223565,-0.05762322250231664,0.930611252784729,-0.10135581149429727,0.6545722043301662,0.04907636186484862,0.9351426959037781,0.051530300877272436,0.7240381247984552,-0.06196970700536265,0.8475633859634399,-0.08663481349748924,0.7121067778339437,0.052460575084739405,0.8413597941398621,0.112158632206924,0.7610680982583075,-0.3167551853504623,0.9279153347015381,-0.16221903080757627,0.7405024488705654,-0.1791212920942401,0.9238856434822083,P2,P2/rob_2_frame23.jpg
-0.016697079226747884,-0.42251390559171964,-1.040957042545467,0.995864748954773,-0.00464195467338597,-0.44582960601334126,-1.0479412685113867,0.9933432340621948,0.001557236248871548,-0.44561577255573864,-1.047951165252482,0.9937024116516113,0.007970069078904055,-0.44576135042475445,-1.0481035112154082,0.9932875633239746,-0.020136931031729876,-0.45359784542384224,-1.0313237463130571,0.9905154705047607,-0.02541170248573686,-0.4593839910677386,-1.0315705901909584,0.9887995719909668,-0.030916206033041634,-0.46559378108045957,-1.0317802734022954,0.9866525530815125,0.020947314502584673,-0.4560639217549819,-0.879887900467959,0.9901072382926941,-0.03827363491317073,-0.4910699720081727,-0.8100478117068092,0.9765385389328003,-0.007628344186372153,-0.40432599405635306,-0.9595297854599102,0.9884579181671143,-0.025983414871336756,-0.4121900083806802,-0.9397500310068095,0.9841827154159546,0.05155365676442726,-0.35273536817518886,-0.70592911508795,0.9989916086196899,-0.07770665708317895,-0.44683703040690786,-0.4715752756235901,0.9983299970626831,-0.04750582580647652,-0.1579247878066512,-0.6959660977522076,0.9038805961608887,-0.1152307575207458,-0.21817097574994485,-0.3009785089685937,0.831151008605957,-0.15485034922288746,-0.00966375265500667,-0.8201633027053628,0.9134281873703003,-0.17116937293979204,-0.017756477473550816,-0.44073029420146387,0.8605601191520691,-0.17863783687001697,0.028309851378117833,-0.897135621599265,0.8892780542373657,-0.1842414355281606,0.01026687921234156,-0.47700845878506565,0.8178375363349915,-0.1894215813673073,0.0058711937673740396,-0.9304796578478584,0.8925355672836304,-0.1725998032027577,0.004924682219000927,-0.5586105050883553,0.8277551531791687,-0.1811302193774876,-0.0030566882997346187,-0.8330863395278177,0.8652353882789612,-0.17486187896744756,0.0030480047075477096,-0.47452265282167777,0.8151146173477173,0.047210072872581194,0.006037842117431637,-0.035761159626903655,0.9993875622749329,-0.047210072872581194,-0.006037842117431637,0.03583997040911839,0.9995583295822144,0.061622537304918776,0.3190224708084795,-0.21282557029699103,0.9158061146736145,-0.08188065552761008,0.3078290650797832,-0.1491656451752187,0.9373927712440491,0.05808154719093631,0.6767842980110953,-0.07162508573634283,0.9362703561782837,-0.10657889875528426,0.6600249650903603,0.054436070636590866,0.9404313564300537,0.04096912408789545,0.7340001038309852,-0.07571366892012663,0.8558074235916138,-0.09114764463960605,0.7164088061588133,0.059184327483081105,0.849128782749176,0.10638773202728716,0.7716344092693947,-0.3396423947306349,0.933023989200592,-0.1674743129144345,0.7506004503947686,-0.18558134253507486,0.9294859766960144,P2,P2/rob_2_frame27.jpg
-0.03211855464706764,-0.48503655154956477,-1.1746455125848267,0.9962596297264099,-0.025333687273857878,-0.5260829526777657,-1.162089493695711,0.9939558506011963,-0.018654056184615412,-0.5304487236026202,-1.1619555279849312,0.994279682636261,-0.011744353548599259,-0.5352446488220755,-1.1620351832724218,0.993898868560791,-0.042077275930833526,-0.5230220487054991,-1.1494966381716685,0.9914195537567139,-0.04720000821912368,-0.5250323214747773,-1.1497088423762876,0.9898746013641357,-0.052209947990641103,-0.527165855291694,-1.1498132128419127,0.9879426956176758,0.005042447314732451,-0.5474784258663431,-0.9515230238263471,0.9909617304801941,-0.05386342489213783,-0.5371895129511316,-0.8986086932588748,0.9788191914558411,-0.017648368824667603,-0.462419880944568,-1.084829689425966,0.9895457029342651,-0.03667952825272905,-0.4578382851202084,-1.0698139593371654,0.9857184290885925,0.06589397075824277,-0.3837270686075764,-0.7217182278128398,0.9990524649620056,-0.09667231732220552,-0.4156806455050588,-0.6082972056343632,0.9984933733940125,0.01031709136671512,-0.07170313957045128,-0.6538004460348757,0.9073116183280945,-0.09620800255846347,-0.1095057129238875,-0.5148449060825095,0.8470069169998169,-0.04757931536380463,0.1595676443180681,-0.7469059853406427,0.9140094518661499,-0.08884004588710129,0.1638424256062238,-0.6437427066170553,0.8729488253593445,-0.05962749243978892,0.2455633982399918,-0.8084942414826826,0.8872585296630859,-0.09921561934730011,0.2476857551292172,-0.6943337317291329,0.8324335217475891,-0.07044124869194433,0.23771121298301492,-0.8553828699416157,0.8902423977851868,-0.09059380029478675,0.24919322357390064,-0.7533584571811719,0.8414334654808044,-0.06637654641793128,0.2074231557330629,-0.765734621987367,0.8615957498550415,-0.08453921133791852,0.22094298785866323,-0.6681987689348657,0.8295295834541321,0.05068595028669577,0.0006306305962199147,-0.040276368859450115,0.9994312524795532,-0.05068595028669577,-0.0006306305962199147,0.04010699068652864,0.9995945692062378,0.07316204347720817,0.38895487975831705,-0.3760737067262924,0.9228807091712952,-0.10068286659444632,0.35563488409518595,-0.24475580618122178,0.942875862121582,0.07079379417877273,0.7413994593944434,-0.148564342720865,0.9417763352394104,-0.11327131431601892,0.737881560758965,-0.01534589958284532,0.9456307291984558,0.049725206769788595,0.809509138001362,-0.1508751921987446,0.8656517863273621,-0.0925511794344269,0.8016802511288685,-0.011597862988390847,0.8583632111549377,0.11435524016980629,0.8561202323262124,-0.46875735636708954,0.9383236169815063,-0.16622248151841776,0.884136539667515,-0.30314421418474724,0.9351987838745117,P2,P2/tom_1_frame22.jpg
-0.020483674538818965,-0.4851672494415743,-0.7940431977121878,0.9965129494667053,-0.009962200487330417,-0.5207363393568785,-0.7975003082307863,0.9941864013671875,-0.004295984703348386,-0.5232553485692963,-0.7974326139263699,0.9944821000099182,0.0014035719720182174,-0.5264393675350356,-0.797497849249643,0.9941504001617432,-0.023705735389305056,-0.5241638697787823,-0.7812858588946383,0.9919403195381165,-0.027445411770462266,-0.5290486358200087,-0.7814156063114365,0.9905001521110535,-0.03127462399442664,-0.5344677963220609,-0.7815855653022254,0.9887954592704773,0.01614878007502611,-0.53661766907108,-0.6611667274092017,0.991268515586853,-0.026734983188964098,-0.5474334253070453,-0.5910688774096593,0.9802648425102234,-0.008728081245277608,-0.4625926453782014,-0.7296783537638587,0.9903712272644043,-0.02542485250039245,-0.4658245421532608,-0.7099542874294046,0.9869692921638489,0.06904016265452355,-0.37958228761866797,-0.5383580129752723,0.999118983745575,-0.07828679962914473,-0.4203642729118836,-0.32862554461517335,0.9986401200294495,0.01473725257577947,-0.11330934482385621,-0.4877476970210881,0.9131916165351868,-0.09011970618275139,-0.14292531371413147,-0.17826555565641256,0.8566700220108032,-0.03979470436416839,0.10605130036444156,-0.5770759367290736,0.9168410301208496,-0.09032466949334549,0.09895887551732771,-0.2814187478552581,0.8791005611419678,-0.05210002458919377,0.18010062457685422,-0.6262233035489256,0.8883660435676575,-0.09953398781296788,0.1760677508558422,-0.30336537152840926,0.8373638987541199,-0.06893941675062179,0.17931085769199623,-0.6663664600056989,0.8912068605422974,-0.09467272673855265,0.17355409354355977,-0.36434029300173243,0.8460323810577393,-0.06477477056951719,0.15401170252181284,-0.5908851047306828,0.8612245917320251,-0.08799492950598924,0.14831814865335496,-0.3054709826168484,0.8338894844055176,0.046850027525207866,-9.192250097568683e-05,-0.03903585103085312,0.9994153380393982,-0.046850027525207866,9.192250097568683e-05,0.038900760754291386,0.9996100068092346,0.0729951445316718,0.33826041131854157,-0.14504922251519597,0.9289824366569519,-0.08712748774619192,0.31890678326103267,-0.06257624705938473,0.9475545287132263,0.07476459843322268,0.6464754722453975,0.01007283768808308,0.9464195966720581,-0.09715022256343316,0.6494485250936339,0.09713017101866879,0.9502173066139221,0.058136534004171486,0.6999502119396627,0.011602870901731744,0.8695117235183716,-0.07732266205203467,0.7058145926746073,0.09886315606017482,0.8641031384468079,0.11749344588518305,0.7484936819199026,-0.19688570218420454,0.942564070224762,-0.14809228400304256,0.7829508060975976,-0.08307876625332603,0.940101146697998,P2,P2/tom_1_frame23.jpg
-0.023915478560287345,-0.4773586370681694,-0.8958742877746474,0.9968439340591431,-0.012692336457177437,-0.5077794150859434,-0.8967826881169338,0.9946990609169006,-0.006137241336911036,-0.5082060127505607,-0.8967347449713706,0.9949530959129333,0.0005326357500901504,-0.5094045913896409,-0.8968233693950083,0.9946598410606384,-0.02869904851675224,-0.5122904427095157,-0.8807498926149506,0.9926947951316833,-0.03298043810616636,-0.515629938445369,-0.8809229918236611,0.9913835525512695,-0.037117183151315604,-0.5195827655812634,-0.8810954982268622,0.989859402179718,0.017163349708873236,-0.518596707717261,-0.7400278683043007,0.9919965863227844,-0.03373033707540848,-0.5329263729910761,-0.6709051898075221,0.9821459054946899,-0.010957861637706075,-0.4526236789919879,-0.8234006279352732,0.9912969470024109,-0.029557208592127033,-0.4594933315356173,-0.8038087763569364,0.9882488250732422,0.06863287294473405,-0.37367776860226964,-0.5780812948917174,0.9991949200630188,-0.08048053565187287,-0.42623449714215417,-0.3950928676250929,0.9987750053405762,0.003589215056638372,-0.11432617339883674,-0.5177463282141955,0.9200485944747925,-0.09182335036716914,-0.1468104332937338,-0.24534532386010338,0.8659250736236572,-0.06420016974907562,0.11119838333048598,-0.6032409981152997,0.9221090078353882,-0.10523061026854102,0.10690988007496048,-0.37468275919222477,0.88556307554245,-0.07300518407913434,0.18043184235681167,-0.6560244377121405,0.8934661149978638,-0.12090016419471152,0.17279472898072776,-0.40963679504016925,0.8432344198226929,-0.08916195003324623,0.17849203452906265,-0.6980819137764375,0.8960729837417603,-0.11626486971625587,0.17708234302798934,-0.4746447363963307,0.8514686822891235,-0.0852903372521235,0.1547526933057208,-0.6169988283747234,0.8656493425369263,-0.10663118738490913,0.15585116191442092,-0.4007939152582051,0.8390219211578369,0.04733196308313631,0.0007275946619553683,-0.032246642142828734,0.9994367957115173,-0.04733196308313631,-0.0007275946619553683,0.0320863924566613,0.9996398091316223,0.07384037294102445,0.35766379467520615,-0.10765088696156336,0.9347637295722961,-0.08976587064582757,0.34794119151746705,-0.1325520250946516,0.9524367451667786,0.07512320406311136,0.6768119039020111,0.08433207640895474,0.9510537981987,-0.0994265997285353,0.6838237556671795,0.02204165276449727,0.9548504948616028,0.05905817476156091,0.7303452054177495,0.08813573885857598,0.8764278888702393,-0.08289332817534051,0.7398008978949342,0.02687597706140142,0.873529314994812,0.11792657765946282,0.7764390941947498,-0.14120049245732938,0.9469847083091736,-0.1479918205730448,0.8071201879317874,-0.14947191699093146,0.9453101754188538,P2,P2/tom_1_frame24.jpg
-0.022223296204122944,-0.48686174340456256,-0.8809793107075198,0.9971525073051453,-0.009526319330496389,-0.516496245290427,-0.8791815812220055,0.9952027797698975,-0.003267278183231092,-0.5171798363191411,-0.8791312945706803,0.9954255819320679,0.00299461766476446,-0.5183757363327539,-0.8792077127133056,0.9951626062393188,-0.024879265845079115,-0.5188201180797636,-0.8646683559068454,0.9934055805206299,-0.02924322489218304,-0.5211617046531186,-0.8648250716571909,0.9922196865081787,-0.033410502378717885,-0.5243580179040938,-0.8649734428977096,0.9908512234687805,0.017704963725221397,-0.519492217108102,-0.7202562925112692,0.9927325248718262,-0.034458250744175974,-0.5340031733021688,-0.6599724792286621,0.9838928580284119,-0.010566455160673796,-0.4605485760221674,-0.8089622382388382,0.9921500086784363,-0.028871674612522203,-0.4661089474650666,-0.7919807215563724,0.9894133806228638,0.05654067844687904,-0.36750128926097275,-0.5743445596653993,0.9992630481719971,-0.08123420575085505,-0.43211751348774186,-0.38049090955817777,0.9988963603973389,-0.006653319236586241,-0.12004821742721729,-0.5172464460028471,0.9261468648910522,-0.09996682514024081,-0.17215455747437344,-0.22825467874124683,0.8744372725486755,-0.08519492002044685,0.10221629271695418,-0.6058003972158935,0.9270986914634705,-0.12324917871656092,0.07635446083975779,-0.3567491321579232,0.8920233249664307,-0.09835428521492004,0.16484637721001222,-0.6619305111397983,0.8985366821289062,-0.14015559481058454,0.14257575885147622,-0.38972597621673355,0.8498255610466003,-0.11507024153201743,0.15677474749394446,-0.7012144870735605,0.901000440120697,-0.13660712860542337,0.14729538433058803,-0.45572570553331143,0.8577331900596619,-0.10786263457030675,0.13616161229786708,-0.6189589206396386,0.8703846335411072,-0.1268764785803499,0.1265635228631139,-0.38333631421169545,0.8451591730117798,0.04583752703969882,0.0006685855505165682,-0.03265884686688727,0.9994645118713379,-0.04583752703969882,-0.0006685855505165682,0.032463901458445,0.9996659755706787,0.06624153710792138,0.3672685213552751,-0.07681893528806115,0.9401317238807678,-0.08987414050460736,0.3601904738882452,-0.08253867588903584,0.956766664981842,0.06776089667350846,0.6745897913242945,0.12344000448076026,0.9554057717323303,-0.09881725911540365,0.6607762604778653,0.14136398413989226,0.9590129852294922,0.053342754851902215,0.7321866724426405,0.1281203503757856,0.8835752606391907,-0.08417147320992323,0.7224175937538905,0.15066083859983076,0.8817790150642395,0.11762512548814073,0.7650120709678381,-0.09433361308031106,0.9513452649116516,-0.1471807205179228,0.789412881650781,-0.05278754758375408,0.950006902217865,P2,P2/tom_1_frame25.jpg
-0.022917632337577085,-0.4941569064364583,-0.8129419328432822,0.9974288940429688,-0.010978622069383197,-0.5233223833661653,-0.8106004899540276,0.9956542253494263,-0.0055644477887208926,-0.5241873429208123,-0.8105962329141392,0.9958500266075134,-0.00038072126734767757,-0.5255346960454735,-0.8106764071653697,0.995614230632782,-0.02440149454132463,-0.5244421267581297,-0.7935062043810476,0.994042158126831,-0.028074681408983334,-0.5261558691158479,-0.7936351926896644,0.9929670691490173,-0.031514369638766304,-0.5286390714333845,-0.7937737593380301,0.9917386770248413,0.011453778671587334,-0.5249972447595699,-0.663822153545101,0.9933971762657166,-0.03155679813632015,-0.5353263844433213,-0.5922666697972101,0.9854565262794495,-0.012468018424985591,-0.4683625793943319,-0.7472080575687007,0.9929150342941284,-0.028914027773635408,-0.47256917336000026,-0.7268665729195557,0.9904588460922241,0.050820755039060105,-0.36365791626455285,-0.5538432308456567,0.9993262887001038,-0.07829966371566952,-0.43587001293988864,-0.3153705611383794,0.9990054368972778,-0.024368289630195536,-0.13388759392302826,-0.5196281241510593,0.9321715831756592,-0.10324520795472467,-0.19842403482768314,-0.16855930362098304,0.8814318776130676,-0.10964353890690759,0.06818529169428522,-0.5982676415511483,0.9327577352523804,-0.1365195797846625,0.04388937174219155,-0.29804497639813265,0.8986334800720215,-0.12745130436517427,0.12396400823930663,-0.6588226149495635,0.9054422378540039,-0.1557344388273569,0.10537167032961793,-0.3284115061816715,0.8574512004852295,-0.142446514519876,0.11412939468925141,-0.6931318731763582,0.9077256321907043,-0.15309237797132022,0.10812640084136615,-0.39496372642412264,0.8649390339851379,-0.13380720681980335,0.09442511796072695,-0.6097027601978918,0.8778380155563354,-0.14306243724105477,0.09007385558951964,-0.32560008608874347,0.8521562814712524,0.04402105617607103,-0.0010784501050474652,-0.03191642488413776,0.9994944334030151,-0.04402105617607103,0.0010784501050474652,0.03179047636806617,0.9996886849403381,0.06381948443679274,0.33248857970873696,-0.09418215627793274,0.9450722336769104,-0.09018666714656079,0.3410895030991497,-0.0441057712698491,0.9606867432594299,0.06480371205897816,0.6352379044614828,0.09479670432998087,0.9594417214393616,-0.09895042231270275,0.6224724608496315,0.19861641755530393,0.9627707004547119,0.0505864049932067,0.689571355964411,0.0986305235027598,0.8912395238876343,-0.08277714731956626,0.6728579335601083,0.20946081870454086,0.8894386291503906,0.11017432083031944,0.7230142356232625,-0.11563753975802872,0.955491840839386,-0.14192566568953696,0.7491652316573674,0.013792512132329762,0.9542427659034729,P2,P2/tom_1_frame26.jpg
-0.021338791562156963,-0.49436568076088466,-0.8444205574216692,0.9976685047149658,-0.008386985749706621,-0.5209863452064364,-0.8401493530143511,0.9960315227508545,-0.0032137276383474257,-0.5208115988968994,-0.840129541456703,0.9961978793144226,0.0018353594426820806,-0.5210547090321236,-0.8401777449297131,0.9959871768951416,-0.02036237475792963,-0.523883855271478,-0.822763525275038,0.9945943355560303,-0.023552942406350398,-0.5259933676069666,-0.8229284355647568,0.9936128854751587,-0.026555579293137354,-0.5287625211013303,-0.8230989265749399,0.9925161600112915,0.013725851740842603,-0.5154276685880146,-0.684692943280057,0.9939211010932922,-0.02549552144095199,-0.5320846542346959,-0.6115657633996656,0.9868181943893433,-0.011648986620069858,-0.46880179549424555,-0.7760000176628193,0.9935786128044128,-0.027195408894364264,-0.4746763408909443,-0.755278453784009,0.9913867115974426,0.05020702141568186,-0.36274836487474565,-0.5646425774231634,0.99937504529953,-0.07349585622606136,-0.43691258213540746,-0.3261232823709344,0.9991030693054199,-0.028161152570703705,-0.14761075386962028,-0.5351557595856786,0.9375768899917603,-0.10654837076567354,-0.20290843873379036,-0.17019647022075793,0.8878893852233887,-0.11878319351647865,0.03944243947118492,-0.6306276210124062,0.9377458095550537,-0.15203040544128754,0.02417623912320195,-0.30499048915291427,0.9046410918235779,-0.14100080903374426,0.09687600557503724,-0.6911195614486823,0.911521852016449,-0.1756520604683541,0.07486606261804774,-0.3368626115553306,0.8644001483917236,-0.1586195620934342,0.08647437973773432,-0.7269618781483759,0.9136061668395996,-0.17389343593205553,0.0763407680007273,-0.405198603399147,0.8715439438819885,-0.14950498991320027,0.06769441826744439,-0.6426506554215928,0.883874237537384,-0.16357091680733343,0.06296322297586004,-0.33363726904251695,0.8583533763885498,0.04417237910066481,-0.0016848195081587843,-0.0327255671592262,0.999514102935791,-0.04417237910066481,0.0016848195081587843,0.03259104345644153,0.9997096657752991,0.0610173652679857,0.33017732699318714,-0.10275470163258126,0.9495610594749451,-0.08619352998037066,0.33460800048777134,-0.08859132140734101,0.964267373085022,0.06288439529930243,0.6237521036414374,0.07852441671963328,0.9630582332611084,-0.09627726402822841,0.6224614225160667,0.1826339777629242,0.9661864042282104,0.04848474132140676,0.6775379713318407,0.0809855406039972,0.8970033526420593,-0.08005536530074166,0.6713871802721613,0.19338050956466957,0.8958110213279724,0.10612751468366287,0.718018145773354,-0.1487178990507228,0.9591799378395081,-0.14352113215440793,0.747074864460559,-0.08206517457718608,0.9581494927406311,P2,P2/tom_1_frame27.jpg
-0.019710946677105316,-0.5039890443925854,-0.8100926175955948,0.9978650808334351,-0.005284146678747905,-0.5315427525125422,-0.8105345118739112,0.9963206052780151,5.27197527735545e-05,-0.5310718261663152,-0.8105445800019753,0.9964624643325806,0.005338004267912256,-0.5307113733896672,-0.810632986441551,0.9962823390960693,-0.016448804224583415,-0.5357321971436724,-0.7878312968482465,0.9950515031814575,-0.018865223919728114,-0.5387035361986193,-0.7879916283396768,0.994144082069397,-0.02102518218836549,-0.5421173212101328,-0.7881808539794553,0.9931742548942566,0.01846408487213653,-0.519380453811213,-0.6810076995314606,0.994310736656189,-0.017542506355372915,-0.538392527585135,-0.5840413512675947,0.9879565238952637,-0.008668692743006969,-0.4740943585781828,-0.7518640816558367,0.9941380620002747,-0.024104926019453708,-0.4811820448961238,-0.7242851342559385,0.9921939373016357,0.05233499167401225,-0.3577691378004365,-0.595587839122269,0.999396800994873,-0.06500876507294974,-0.4421304655672814,-0.2997573424531798,0.9991891384124756,-0.04084174077047107,-0.15116997761058099,-0.5864217049971403,0.9424754977226257,-0.10804718519557933,-0.21548414528678564,-0.13547246434291135,0.8871053457260132,-0.137815536690713,0.018270963004716857,-0.6711416925863204,0.9415549635887146,-0.16428795544050717,-0.0055780877463702415,-0.23160659734655434,0.9051912426948547,-0.16040338200232915,0.0657366700440436,-0.7336991787946983,0.9158278107643127,-0.19184083604308885,0.03693961706796228,-0.2558996111693957,0.8643165230751038,-0.17289144671033246,0.0523570932839062,-0.7647090821916437,0.9177777171134949,-0.1909535994973929,0.037073812802294964,-0.3203204941071008,0.8714719414710999,-0.16300413119278281,0.038280746893913996,-0.6816083392262384,0.8873002529144287,-0.17878702528962545,0.024591126957229963,-0.2590256097737643,0.8568542003631592,0.04450557394883464,0.0003110775732655387,-0.041430394393268594,0.9995157122612,-0.04450557394883464,-0.0003110775732655387,0.04124279361833608,0.9997254014015198,0.05925289901049026,0.32439556894101057,-0.10243886720509908,0.9528285264968872,-0.08215982122999815,0.3254785133459235,-0.08306383224248569,0.9673671126365662,0.062003084046935164,0.6188037701216046,0.0889329302657747,0.9661228656768799,-0.09236338630440785,0.614405239433693,0.15358622490627255,0.9691929817199707,0.04830387870065594,0.6714159456363928,0.09329980841408776,0.901501476764679,-0.07650070574064698,0.6649013151007255,0.1628358693265075,0.9013343453407288,0.10490075725601233,0.7074270192496842,-0.12446015619382533,0.9622584581375122,-0.14145819921622962,0.7365610097170038,-0.051306529806281385,0.9615172147750854,P2,P2/tom_1_frame28.jpg
-0.02577723469830522,-0.49964183409632346,-0.7855600868880007,0.9980512261390686,-0.012119570528244698,-0.5236073138878454,-0.7880458836393419,0.9966064095497131,-0.006703148058925409,-0.5227145500890171,-0.7880364280042094,0.9967220425605774,-0.0012339948944144088,-0.5220997267476981,-0.788085086564563,0.9965608716011047,-0.02424355828750022,-0.5278862993718775,-0.7623752836584073,0.9954912662506104,-0.027199445045321458,-0.5302359901926977,-0.7625347871094388,0.9946579933166504,-0.029847436997841353,-0.533098010791539,-0.7627230715812752,0.9937958121299744,0.014056250249552843,-0.5132338609743325,-0.6611800411813914,0.9946946501731873,-0.02240433372536838,-0.5330667450782904,-0.550691738378799,0.9890345931053162,-0.01426972674199782,-0.46949740733223877,-0.7274182146887953,0.9946451783180237,-0.03040255870127975,-0.478013138528762,-0.6959917556430535,0.9929279685020447,0.045153832642691925,-0.3525842765340202,-0.5849781129367285,0.9994123578071594,-0.06236509014172581,-0.44723055992208227,-0.25677753824595045,0.9992677569389343,-0.059522256890087846,-0.16104423642343565,-0.584285090802671,0.946564257144928,-0.11522022701332028,-0.22380625618302472,-0.08908013231680365,0.8844417333602905,-0.15605828691996806,-0.010496583227939602,-0.6513084271222489,0.9442198872566223,-0.18167795070580905,-0.04017996150526957,-0.19270322127035666,0.9061727523803711,-0.17742691801176733,0.027454195040023822,-0.7107495864117473,0.9184954166412354,-0.20719505190911747,-0.006043462215152663,-0.21410037456083125,0.8649441003799438,-0.1870661443081998,0.012815629508622197,-0.7391904114095794,0.9203575849533081,-0.20646144646514797,-0.009217656811836967,-0.27790962316615836,0.872220516204834,-0.1775534302686867,0.0004535944094239888,-0.6602731284394816,0.8883882761001587,-0.1962819376007041,-0.01788647267057905,-0.2199135368451188,0.8566431403160095,0.04484034727939251,0.003033395358214289,-0.05315713484604445,0.9994909167289734,-0.04484034727939251,-0.003033395358214289,0.052901927598913226,0.99973464012146,0.056833336531483286,0.3245111860178392,-0.12020194908867203,0.9550682306289673,-0.08267952144509809,0.3184206526847274,-0.065066425335144,0.9699238538742065,0.05932506893699528,0.618254287468253,0.06653925266329402,0.968691349029541,-0.09441624227932652,0.6162416865889463,0.15524560268801965,0.9718366265296936,0.04413434952924066,0.6715774437692911,0.06927787549817467,0.9049569368362427,-0.07989777021603167,0.6694128625355182,0.1639582630155059,0.9069513082504272,0.10159914303756815,0.7042472843253453,-0.16234899328806643,0.9648522138595581,-0.14339594913126838,0.7308877425900939,-0.031106412541458576,0.9644858241081238,P2,P2/tom_1_frame29.jpg
-0.027855046129328813,-0.4983041810581333,-0.7313465795217599,0.9981608986854553,-0.015345859777530068,-0.522537348074515,-0.7397755460866109,0.9966951012611389,-0.010500947259866096,-0.5213677653769186,-0.7397621231788343,0.996777355670929,-0.00566470800568851,-0.5204483306119374,-0.7398094819508869,0.9966505765914917,-0.025405881725792723,-0.5273661531028472,-0.7098783938364978,0.9957583546638489,-0.027725566695853507,-0.5299796965000776,-0.7100350632626486,0.9949589371681213,-0.02981258793112081,-0.5331320836002558,-0.7102192668585976,0.9942246675491333,0.010471141521059713,-0.5120335441445324,-0.6371819903814548,0.994687020778656,-0.02001290155829867,-0.5321666667717118,-0.507769155179348,0.9896875619888306,-0.017354683970570925,-0.46927896713009987,-0.6820979308896095,0.9949536919593811,-0.03096812820212026,-0.47668531462865144,-0.6451834889601912,0.9934967160224915,0.045626356506656404,-0.35290042931555266,-0.5763881610998475,0.9993811249732971,-0.05735914810557478,-0.4470135295583354,-0.22350351230536028,0.9993366003036499,-0.06777057489588498,-0.17259092216574562,-0.5901538348726677,0.9501782059669495,-0.11709762707653536,-0.24536669286523144,-0.0646591147577832,0.8763843774795532,-0.16759983762416628,-0.04631770509257306,-0.6451889269587263,0.945923924446106,-0.1912618082880876,-0.07991118196722465,-0.1804874467221269,0.9007089138031006,-0.18972547044878119,-0.010901466177290906,-0.7039450555867172,0.919339120388031,-0.2147378544704476,-0.05774190748347985,-0.20339582436753184,0.8572432994842529,-0.19781542254799372,-0.03294311978402177,-0.7288555631801308,0.9211248755455017,-0.21231512286991763,-0.05556836011962219,-0.26536078514378686,0.8652438521385193,-0.18776249064845407,-0.043365353735977705,-0.6528753657995485,0.8864835500717163,-0.20201933959275922,-0.05908764003235929,-0.20807998896014362,0.8480349779129028,0.044192445778998724,0.004619545337866974,-0.05666605282076156,0.9994389414787292,-0.044192445778998724,-0.004619545337866974,0.056378983287332755,0.999742329120636,0.05549178070987138,0.32583647430223395,-0.09980881000277819,0.9569255113601685,-0.08011985655658159,0.31187045502642063,-0.0798081955677519,0.9724105000495911,0.05992987586876924,0.616238674807968,0.07689723151013422,0.9710246920585632,-0.09444567859623083,0.6119810661320964,0.13153570248468002,0.9743214845657349,0.04546824153659113,0.6697176044524655,0.08018272050800175,0.9070437550544739,-0.07827320862365121,0.6614369782274016,0.13764873561010518,0.9121736884117126,0.09966422979805427,0.7015230123404321,-0.13519137979105417,0.9672333598136902,-0.14098978339996832,0.729592308728502,-0.06703757227372072,0.9673961997032166,P2,P2/tom_1_frame30.jpg
-0.03068508824888416,-0.4969296379942014,-0.6474025367600489,0.9980862736701965,-0.01954188404080681,-0.519720085036377,-0.6614868744642862,0.9962931275367737,-0.015148710621739503,-0.5188291627082211,-0.6614769980317493,0.9963170289993286,-0.010591860875871077,-0.5180938112208533,-0.6614932771171033,0.9962016344070435,-0.02819752140281518,-0.522922433144806,-0.6272260749004146,0.9956365823745728,-0.029819299738701448,-0.5247911222941146,-0.6273806921546129,0.9948011636734009,-0.03125955605589234,-0.5271234588660347,-0.6275786294853178,0.9942668676376343,0.0068694675093786545,-0.5086962834920044,-0.5882879331137243,0.9935845136642456,-0.020661803377163047,-0.5253735593604802,-0.437369913750438,0.989493191242218,-0.019635403639932044,-0.46912625436293626,-0.6092942877597693,0.9947108626365662,-0.03113695206577914,-0.47539683543727584,-0.5661103016821312,0.9937039613723755,0.045057545329887504,-0.3543576809178877,-0.5409059183012823,0.9991928935050964,-0.05140420899142512,-0.44561714359871374,-0.1877726766213223,0.9993958473205566,-0.07362229973975563,-0.19236191425457896,-0.576971584826276,0.9527626037597656,-0.11463769368560271,-0.25470733738036994,-0.055832967367206186,0.8700655698776245,-0.174217988154374,-0.09306180944881792,-0.6211860574408156,0.9461502432823181,-0.19793722853498497,-0.12199689602215576,-0.19455621916762997,0.8981465697288513,-0.1999897555561356,-0.06443650229049944,-0.6798837394074275,0.9177761673927307,-0.22520673990263498,-0.1059577058088913,-0.2240305759858143,0.8535439372062683,-0.20806445434499093,-0.07943178764127784,-0.7007058475016635,0.9194023013114929,-0.2256005711642097,-0.10627238938351519,-0.28545028790125476,0.8622249364852905,-0.19648552917871684,-0.08700476365725882,-0.6278959013663996,0.8809254169464111,-0.21342906004572182,-0.10786733106823224,-0.22349304263082773,0.8434308767318726,0.04315473140333065,0.0055609764248955315,-0.05581639454312596,0.9993325471878052,-0.04315473140333065,-0.0055609764248955315,0.05552210239602438,0.9997486472129822,0.05280461901182923,0.3099721076238123,-0.08158582054924304,0.9585808515548706,-0.0784296021920942,0.3060602229792671,-0.09558566367029402,0.974729597568512,0.0578176237142466,0.5984583427735812,0.09296660404482864,0.9729714393615723,-0.09392048011624128,0.6033901563892126,0.05417816683856617,0.9766009449958801,0.04332092792326187,0.6519218560622771,0.09689090234337275,0.9087715148925781,-0.07905399706840958,0.6495757605981333,0.05716593667888205,0.9170886278152466,0.09886509903750662,0.690520316683026,-0.1077967230897594,0.9692212343215942,-0.13886022344562837,0.715307029137556,-0.1382649640452968,0.9701406955718994,P2,P2/tom_1_frame31.jpg
-0.06029723744741214,-0.43828655056634513,-1.931958168579107,0.9982385635375977,-0.0388705375918327,-0.46830491479261954,-1.9372399096300408,0.9965493083000183,-0.02710987258308984,-0.46882168017280423,-1.9372784763993338,0.9965437054634094,-0.015576502222271563,-0.4697105488878977,-1.9375113434321753,0.9964439272880554,-0.06688159679351642,-0.4784044225293046,-1.9021437096482772,0.9959812760353088,-0.07338310357440947,-0.4855050340096143,-1.9026884835947544,0.9952008128166199,-0.07922164319190445,-0.4925460356354845,-1.9030470225716418,0.9947422742843628,0.00769113763978865,-0.48224504219154246,-1.6200657724723715,0.9939948916435242,-0.07850177904567104,-0.512341859731778,-1.4621593413827896,0.990418553352356,-0.0394038734850596,-0.42257550457667303,-1.7825101778681947,0.9951812624931335,-0.06976530598799183,-0.42891900491683144,-1.7375125830977112,0.9942895770072937,0.08072178786820669,-0.35475914021335325,-1.322088061428162,0.9992656707763672,-0.143776109394944,-0.44275208386866727,-0.8522735435690524,0.999455451965332,-0.12726535284884824,-0.14317773790406899,-1.3836907766840572,0.9556417465209961,-0.23507736331122742,-0.21327973325440588,-0.558720086186268,0.8791530728340149,-0.3577037057167891,-0.010780951755333742,-1.6797458682902413,0.9493544697761536,-0.40792687776391295,-0.035189757391683694,-0.8559486047425762,0.904319167137146,-0.4119227909952813,0.02395333649025076,-1.8313879122413133,0.9220553636550903,-0.4590044577246707,0.0019789298540272425,-0.9436114579124204,0.8613288402557373,-0.4300376611888912,0.004426233324487461,-1.883392634403041,0.9234186410903931,-0.4616236985981578,-0.0061747890547150155,-1.0945705914277604,0.8696264624595642,-0.40536563368607376,-0.00816398382832595,-1.7011175775051937,0.8843442797660828,-0.44005343651011497,-0.014716375282012447,-0.9247828092034731,0.8516276478767395,0.08489227805335191,0.004279884899565698,-0.07063756294706257,0.9993756413459778,-0.08489227805335191,-0.004279884899565698,0.07062532294696969,0.9997627139091492,0.13566682292382828,0.3426650119598488,-0.6808153656450819,0.9603073596954346,-0.1835946856311847,0.32148950935065307,-0.7760319531740018,0.9757190346717834,0.11272751384673783,0.6946601026127307,-0.329415603667627,0.9743317365646362,-0.2191345501015264,0.6882457010065908,-0.31787497454224595,0.9776843190193176,0.08492380602064467,0.7460295728939362,-0.3300540816657326,0.9070960283279419,-0.1963849953950259,0.7406794968069166,-0.3040343252122171,0.9136008024215698,0.17667268375163117,0.8087810792929546,-0.8817889267357261,0.970276415348053,-0.29990069708650546,0.8176100832685954,-0.8290767316521197,0.9710310697555542,P3,P3/grant_1_frame175.jpg
-0.05460825634434112,-0.44431825056036106,-1.46914249932035,0.9983789324760437,-0.03513330734766689,-0.47720951332188705,-1.4722469345966769,0.9967752695083618,-0.024032871766800624,-0.47717191882327437,-1.4722452225132487,0.9967429637908936,-0.012698451450736224,-0.47742680524365944,-1.4723987393273177,0.9966378808021545,-0.06247627841261653,-0.48749685194793974,-1.4453083005680392,0.996282160282135,-0.06965647096358082,-0.49384696938342676,-1.4456361645445546,0.9955408573150635,-0.07639494599004913,-0.5001291028394492,-1.4458734307729904,0.9951461553573608,0.007732125446155761,-0.4854315086389591,-1.2359520281593153,0.9944459795951843,-0.08306622174195749,-0.5170716664352701,-1.3046839027348158,0.9912490248680115,-0.035130453875286426,-0.42347648829344403,-1.360878761059505,0.9956321716308594,-0.06583196193204346,-0.43041235227183106,-1.347159836548705,0.9948374629020691,0.07885949008505683,-0.36043814715868544,-1.0350379677986257,0.9993252754211426,-0.1499130924629229,-0.436400221388618,-0.49050690862528284,0.9995071887969971,-0.14875743614883452,-0.1739355490555348,-1.066170920879309,0.9589735269546509,-0.22973798359110056,-0.2503713710374341,-0.21599278930019786,0.8824182748794556,-0.38749890980520707,-0.06875841186863896,-1.317330920345894,0.9532032012939453,-0.42122531259568563,-0.09587203509100871,-0.5840495828753084,0.9092305898666382,-0.4379683471353026,-0.03561697091615572,-1.4567415937020867,0.927700400352478,-0.47737843888681053,-0.05944296593537263,-0.7858301714611357,0.8685241937637329,-0.4624520675382167,-0.060801218788474005,-1.493456509453436,0.9289827942848206,-0.48097673889538656,-0.07354218697767917,-0.8379314383088097,0.8764396905899048,-0.4402257291354885,-0.06977952695998839,-1.3326669076547037,0.8911340832710266,-0.459536888817524,-0.08033166782294829,-0.7084047652576911,0.8584611415863037,0.08365988667071325,0.009154438754198585,-0.08666818667912214,0.9992707371711731,-0.08365988667071325,-0.009154438754198585,0.08664982636777407,0.9996745586395264,0.1540618986305001,0.3352860721874569,-0.6087158541737627,0.9569604396820068,-0.18259177153210418,0.2933648534043301,-0.5499261550714929,0.9758470058441162,0.12598743992081823,0.6082937542718825,-0.15833994926271,0.9721767902374268,-0.1914617904267799,0.5965343092447478,-0.05784101316532774,0.9776605367660522,0.10846597811581041,0.6183131518414096,-0.1439807858036443,0.9041625261306763,-0.1696285891812703,0.6200423561039714,-0.03600379476573252,0.9138829708099365,0.15118245965137278,0.7317913255303163,-0.5575329417433367,0.9665511846542358,-0.24317662577732943,0.7261778319898464,-0.4338819963444528,0.9688010811805725,P3,P3/grant_1_frame181.jpg
-0.06160613341032816,-0.4309067393043648,-1.4398823786867123,0.9984099268913269,-0.03933350555434055,-0.46015154034054273,-1.4606948296778588,0.9967005848884583,-0.02816012419946841,-0.4600328546359908,-1.4607040615653077,0.9965627789497375,-0.01684085104748646,-0.4603105106448719,-1.4608036540480902,0.9963980913162231,-0.0650773230911307,-0.46958694894461006,-1.4185023064945383,0.9963544011116028,-0.07073898788481879,-0.47585994652762553,-1.4188722813779089,0.9955664873123169,-0.07562321585363985,-0.4823433891813521,-1.4193079984900825,0.9952996969223022,0.007679881279401319,-0.46950057484612945,-1.2317820675105302,0.9941853880882263,-0.07365962136866619,-0.5031003789092636,-1.0840324929287029,0.9917863607406616,-0.040307609557286586,-0.4110502782339729,-1.3250514067759531,0.9958345293998718,-0.07071660755160923,-0.41893046349559976,-1.276288717147719,0.9952247738838196,0.08250894499680823,-0.3640925624790898,-1.005584459392769,0.9993079304695129,-0.13809910496332448,-0.4339736842165697,-0.4937277051767243,0.9995546936988831,-0.15243126053510198,-0.18631214759563997,-1.0147172439287184,0.9595914483070374,-0.23696387722384327,-0.24400172269429538,-0.1220742443615856,0.8834831118583679,-0.39487985804319525,-0.11246334247281173,-1.2470012536013604,0.953315019607544,-0.4277215982573969,-0.1345137755831532,-0.27896557309728154,0.9133304357528687,-0.44902487793124557,-0.08433119368985527,-1.3629892887390538,0.9274239540100098,-0.48049484359678385,-0.10936653380348033,-0.3321613871030814,0.8743593096733093,-0.4660931691149741,-0.10278042137115491,-1.41272860015772,0.9287007451057434,-0.48487306621944504,-0.11808556192921797,-0.4564156682502665,0.881932258605957,-0.443837396447435,-0.11023859747469904,-1.2658046500557012,0.8876355290412903,-0.46522593120310374,-0.12250455872144532,-0.338217015699799,0.864081621170044,0.08789882861908274,0.005492693277955924,-0.07322322672687395,0.9992676973342896,-0.08789882861908274,-0.005492693277955924,0.07312306162228469,0.9996938705444336,0.159917901624947,0.32251416962674795,-0.4266935366698535,0.9573785662651062,-0.18477601747496888,0.2922807173710378,-0.6555773792503626,0.9779075384140015,0.13575959081897152,0.6553164385528475,-0.12586374182838814,0.9736890196800232,-0.20051442729626073,0.6253813441142372,-0.25643328092215706,0.9796279668807983,0.10731474681795276,0.7080926213109681,-0.1377579360166436,0.9095199108123779,-0.17445798447994956,0.6790844922984812,-0.2409367885151523,0.9200234413146973,0.1903660652023864,0.7503734069333837,-0.46018157894402245,0.968264102935791,-0.2827088586729334,0.7564674317892639,-0.6604392268859741,0.9712346792221069,P3,P3/grant_1_frame187.jpg
-0.07062644245527254,-0.4430687682142695,-0.9915192909110183,0.9979467391967773,-0.04466347483328174,-0.464097529861162,-1.0143100843451927,0.9958829283714294,-0.03328662618690757,-0.4628564508546969,-1.0143211223684419,0.9957069754600525,-0.021973211243762808,-0.46234974969883474,-1.014542511581585,0.9956268072128296,-0.06870666474079687,-0.4751296149332662,-0.9544608743746005,0.9952720403671265,-0.07368285712078601,-0.48077255980623046,-0.9547018945025095,0.9939523339271545,-0.07837373755805614,-0.4868430534278334,-0.9550873171244442,0.9941070079803467,0.002493615201619155,-0.465836018522906,-0.8792250791601071,0.9926815032958984,-0.07834243987188128,-0.4989844598364791,-0.6114409584735158,0.9899807572364807,-0.050321789105706845,-0.42458245454273774,-0.9194618176441257,0.9942396283149719,-0.07892382233694192,-0.434852007818863,-0.8427476259233101,0.9937565922737122,0.07865890977896188,-0.37741453606730757,-0.7924082318691299,0.9987099766731262,-0.12371598096025511,-0.42131561882642365,-0.20345555163880924,0.9994968771934509,-0.14435310236452203,-0.275047978315424,-0.9084228163422641,0.9590939879417419,-0.2511076236624834,-0.31621086283877314,0.022890642134989994,0.8654375672340393,-0.32501864650435663,-0.3391234238332216,-1.040787647405496,0.9524133205413818,-0.44073094283445824,-0.38121713507664623,-0.3248835355109143,0.9033135771751404,-0.37720111099752146,-0.3553407949788894,-1.136647011008368,0.9248127341270447,-0.4794561008815005,-0.4118904743288598,-0.39070588792970606,0.8619800806045532,-0.3580966680240363,-0.3927026872937527,-1.1656628303896337,0.9257683157920837,-0.4718236571092336,-0.4314027652753111,-0.4846913724337652,0.8700999617576599,-0.36649548594214737,-0.37350721555891514,-1.050004746123085,0.8815844058990479,-0.45584493082064903,-0.4188234008429373,-0.37866965711600736,0.8520481586456299,0.0869092034095557,0.007531005735825207,-0.07197790606053596,0.9991593360900879,-0.0869092034095557,-0.007531005735825207,0.07152410707622718,0.9996853470802307,0.15544750336534943,0.34007409105078285,-0.4243488047404792,0.9591725468635559,-0.1792772682030784,0.28696093955935587,-0.600707109611859,0.9796445965766907,0.13588742755875613,0.6723406668972582,-0.03833618125148237,0.9750737547874451,-0.198467290787198,0.6224921155731328,-0.17932126310903515,0.9812136292457581,0.10482824651916814,0.7185617605049922,-0.02437645481318273,0.9098003506660461,-0.15992656553368614,0.6735093001435373,-0.15981043924162328,0.9236162304878235,0.21598183924736306,0.7774236262820369,-0.4408540726824118,0.9691261649131775,-0.28205998737581833,0.7609515422707586,-0.5525265223642243,0.9730799198150635,P3,P3/grant_1_frame217.jpg
-0.06545485430386838,-0.4440821514168215,-0.9163595596964873,0.9978823661804199,-0.04101103656252246,-0.46583494423379623,-0.9183412581934624,0.9957921504974365,-0.02981385687540304,-0.464515292992537,-0.9183390365583761,0.995538592338562,-0.018681521162364857,-0.46387178250457245,-0.9184487992168584,0.9954787492752075,-0.06551469959900545,-0.47743479528030663,-0.8727039442681165,0.9951914548873901,-0.0705764174387427,-0.48320174340774963,-0.8729610985293551,0.9937312006950378,-0.07544582499132255,-0.4890903954822637,-0.8732912890440557,0.9940526485443115,0.004370164493031498,-0.4672858107973397,-0.7189898457605266,0.9924352169036865,-0.07592764210066276,-0.50085464752516,-0.5155873858868766,0.9900934100151062,-0.04504635899239144,-0.4253314124362993,-0.8251362377310697,0.9939911365509033,-0.07467186286813454,-0.43609620639474855,-0.7668299803000304,0.9937126636505127,0.07832575832412525,-0.3760422164117596,-0.6383280381431622,0.9983474612236023,-0.12274311688270945,-0.42272376825376057,-0.16233737509504376,0.9994920492172241,-0.14239278496002378,-0.28602885245521537,-0.7597495598539119,0.9590014815330505,-0.30271104089210765,-0.38557844616748777,-0.1091052974880539,0.8729619979858398,-0.3147400840668516,-0.353728391309399,-0.8824662948199716,0.9532691836357117,-0.4378621980100637,-0.4255342754901166,-0.568783813193341,0.9084556698799133,-0.36117399302282716,-0.3688334271133112,-0.9804166584005939,0.9250718355178833,-0.4600307837186578,-0.45916462373938854,-0.6613906236957007,0.867199718952179,-0.3448181766653309,-0.40081976539872494,-1.008696267970621,0.9256795644760132,-0.4451283332641771,-0.4745091101499455,-0.7319746780050526,0.8746806979179382,-0.3336406445635059,-0.3940101761548451,-0.8934845634565478,0.8808026909828186,-0.4375386029745255,-0.46225616781416085,-0.6155612077614867,0.8575707674026489,0.08653581078552823,0.007792593343468861,-0.06730864823553348,0.9991324543952942,-0.08653581078552823,-0.007792593343468861,0.0668719363932285,0.9996894001960754,0.15264472834402112,0.33447264690332335,-0.46855259406615474,0.9610676765441895,-0.17648197028071208,0.29153094002471414,-0.5397567275559204,0.9811874628067017,0.1334389707273871,0.6644019806290771,-0.19205117160894294,0.9763558506965637,-0.1966361578009047,0.6196883809169547,-0.15465072597475257,0.9825986623764038,0.09678199180352051,0.7097051467522248,-0.19033311871322428,0.9105304479598999,-0.15864800290376876,0.6676150203726311,-0.138893831194778,0.9269027709960938,0.21421706705629975,0.7694910131507366,-0.610197902958785,0.9702239632606506,-0.2827667978875699,0.7534023484123673,-0.5191322476583977,0.9746792316436768,P3,P3/grant_1_frame223.jpg
-0.06750366474813692,-0.4416094315545569,-0.9206345846761727,0.9975923895835876,-0.043792970134582526,-0.4633990242025854,-0.9275596568924179,0.9953523278236389,-0.03234638990791131,-0.46174405130151264,-0.9275497390390843,0.9950079917907715,-0.021155194404581797,-0.46098010109889503,-0.9276476778407542,0.995019793510437,-0.069188873327081,-0.47621254633976434,-0.883213628686521,0.9945353269577026,-0.07430552141150784,-0.4821152531748651,-0.8834478690975472,0.9926308393478394,-0.07954407644316092,-0.48782662808940397,-0.8838152429147814,0.9933182597160339,0.0031293582226950903,-0.4641087705817753,-0.7227612888489507,0.991541862487793,-0.07690386123696333,-0.49870706418827887,-0.5389871513342741,0.9893794059753418,-0.046387315269111946,-0.42232836706012905,-0.825432146290647,0.99308180809021,-0.07629184703749883,-0.4336223225438323,-0.7750248633442738,0.9929417371749878,0.07564622233507028,-0.3678981548552907,-0.6604031992574639,0.9977297782897949,-0.11528471390655376,-0.4311192354347688,-0.17764666044100375,0.9994610548019409,-0.14150558964926443,-0.29172043200511044,-0.8825217895425168,0.9587978720664978,-0.29337030823155336,-0.39407846382290745,-0.007913970761246624,0.8735122084617615,-0.3050623553282326,-0.3858419621252303,-1.0162821556040276,0.9526758790016174,-0.4207285622182248,-0.47133613070275276,-0.20882146948688596,0.9091012477874756,-0.34625870748689674,-0.40923087749729264,-1.1176650007179965,0.922808051109314,-0.4341133940318114,-0.5069802757180869,-0.2649868755627302,0.8656371235847473,-0.3292724551815256,-0.4395247538830071,-1.1434015546229135,0.9229098558425903,-0.4214152358136177,-0.5150720731806667,-0.34797787093871235,0.8727419972419739,-0.31483102761799703,-0.4349019322458187,-1.0287374641635096,0.8757760524749756,-0.41341524736835567,-0.5047908407207004,-0.2556899211721479,0.8563985824584961,0.08649786910968496,0.007979257376835424,-0.06673163046194265,0.9990915656089783,-0.08649786910968496,-0.007979257376835424,0.06632423225221866,0.9996902942657471,0.14871380280338942,0.33224402311264145,-0.48944327261978104,0.9611932039260864,-0.1745476067701615,0.2902490771386734,-0.5612549015987535,0.9824687242507935,0.13059292052705515,0.65828119188795,-0.1743477861313818,0.9768685102462769,-0.19598539112077107,0.6138487957092724,-0.18224689141226552,0.9836094379425049,0.09324132063675769,0.701369030200102,-0.16739061863976504,0.9093858599662781,-0.15852517696167376,0.6605756597070992,-0.16747194159340198,0.9289107918739319,0.21081099775301593,0.76257458258544,-0.5865768341351384,0.9700659513473511,-0.2814400260329219,0.7465503620534337,-0.554812394933774,0.9756524562835693,P3,P3/grant_1_frame229.jpg
-0.09681058447763065,-0.2534065047565841,-0.9017449508434777,0.9972724914550781,-0.09041771607411951,-0.28729520466955777,-0.9212845321689402,0.9952797889709473,-0.08937784261970035,-0.29100966748406343,-0.9213102672511377,0.995140552520752,-0.08949418867571844,-0.29733609436357433,-0.9212859999492937,0.9949671626091003,-0.09510101177393654,-0.29102972714889414,-0.8879221782907196,0.9941959381103516,-0.0956765773765425,-0.29604924240167857,-0.8876969229324743,0.9925262331962585,-0.09810164407653969,-0.30303274561942456,-0.8879271687439214,0.9924209713935852,-0.07462655221533944,-0.32996015472400136,-0.8415073429892401,0.9920250177383423,-0.12287709147888762,-0.29635483427127024,-0.696023498506263,0.9890187978744507,-0.08113312467023243,-0.2529652899823321,-0.8567229412454143,0.9930360317230225,-0.08436967820164941,-0.25304083174452385,-0.815223849125729,0.9921484589576721,0.00041264198337118797,-0.25311725417492764,-0.6357440099859398,0.9979146718978882,-0.046487832911058596,-0.26595025350933155,-0.44058563466649314,0.999159574508667,0.029908471002467064,0.18472827920170262,-0.7019405125191803,0.9398208856582642,-0.0023464915250749558,-0.04561342722848688,-0.43510288793415475,0.8111644387245178,0.062330760490304254,0.5673322354912242,-0.8073807158809695,0.9480758905410767,0.02498690562527065,0.052744491297768044,-0.4287842402905172,0.8494150042533875,0.07768755921648184,0.654711939789739,-0.8620736855979642,0.9199100136756897,0.04441346786351631,0.07620842802828195,-0.41703656667547817,0.8088138699531555,0.07440589590220165,0.6536414386519441,-0.9059618837989867,0.9202509522438049,0.01766923774705212,0.0637639990794524,-0.35963930950924516,0.8150882124900818,0.07007154051841537,0.6183513020574807,-0.8201966400372614,0.877482533454895,0.01149027386705282,0.057613412286286796,-0.4294425887050587,0.801609992980957,0.01162110202255846,-0.0010504414729641221,-0.0030716378972571877,0.9991785883903503,-0.01162110202255846,0.0010504414729641221,0.0020734190172363395,0.9997143149375916,0.055283164197123535,0.37769618804764776,-0.24123415335927545,0.9409807920455933,-0.01673445736594115,0.25453415147614056,-0.30901759554767794,0.9722723960876465,0.023303068003773995,0.8263171862591927,-0.12425932470075282,0.9610031843185425,-0.023980008302792698,0.8000292401286094,-0.2255308850806621,0.9705007672309875,0.01318761506780137,0.8878009396335234,-0.12091137887201069,0.8957716822624207,-0.01860538805649299,0.8705367114120044,-0.22691309383952143,0.917255699634552,-0.0031866489993991245,0.991068876998194,-0.4651428720562924,0.9566781520843506,-0.013618555379579105,0.9999072631746273,-0.44246038158596396,0.9598045945167542,P3,P3/rob_1_frame594.jpg
-0.057202128018403575,-0.4368882260131072,-0.3913526899977898,0.9952788949012756,-0.058101916522015455,-0.4503821379132575,-0.4494008878031717,0.9945598244667053,-0.05962998429204367,-0.44502546299210854,-0.44942447809485125,0.9949379563331604,-0.06138706343298332,-0.44177371357273193,-0.44966714002780195,0.9943682551383972,-0.05177335692493067,-0.47163778589488853,-0.42666960964743683,0.9925616383552551,-0.0490146180957106,-0.47965017986960834,-0.4267910068787764,0.9919536709785461,-0.04614199205310132,-0.4884541297363017,-0.4270267772658432,0.9908218383789062,-0.059044556304520865,-0.4353061744669883,-0.6054035308565039,0.9919773936271667,-0.03574441637733024,-0.48170147500789945,-0.5214095021531532,0.9884805679321289,-0.05404482811889745,-0.41839184697961035,-0.4272031301579494,0.9907392859458923,-0.04911949328755932,-0.43800863233815646,-0.4004117595919163,0.9883697032928467,-0.0669021555563098,-0.3551491906408084,-0.5603564994205729,0.9972954392433167,-0.008845475848301542,-0.44125667092513404,-0.35789962427370686,0.9982147216796875,-0.15406466083294,-0.14705445666541475,-0.4699417587822281,0.9271687865257263,0.022997618733517505,-0.6888889104617308,-0.26743017094576454,0.8235387206077576,-0.2455712255515463,0.040441181603518735,-0.4588459723199495,0.9291625022888184,0.08032626846609746,-0.9201836802426938,-0.13276331218325185,0.8561028838157654,-0.26998488025790235,0.13487356096245373,-0.47297461326663826,0.9047146439552307,0.11804272720405388,-0.9638761694998274,-0.12455001418421445,0.8157277703285217,-0.26454974773745965,0.07503868571009233,-0.5098000746396424,0.9066022634506226,0.10323844970128497,-0.9826763066711303,-0.10706336810829474,0.8206987977027893,-0.2613814920470612,0.06292140427682893,-0.46214353284882365,0.8612173795700073,0.08168045723228552,-0.9623280455642139,-0.11836632062456434,0.8050940632820129,-0.03043288991703614,0.0009024390981826095,-0.09866553350641402,0.999168872833252,0.03043288991703614,-0.0009024390981826095,0.09820121560248567,0.9996902346611023,-0.058263779497134946,0.28717266075182774,0.061469143511523716,0.9464086890220642,0.022375612540918563,0.3140541073566896,0.2065973468375217,0.972761869430542,-0.09352428565900149,0.6607221905495201,0.33481029496804193,0.9625599980354309,0.040948505404357245,0.6795334602180201,0.3300376343839781,0.9694027304649353,-0.0833082757113257,0.7290879160746369,0.3651647051974963,0.9039286375045776,0.036212423025369526,0.7394482067201129,0.3414524199028446,0.9234417676925659,-0.10563909320399885,0.7698042293945978,0.25871192363685824,0.950622022151947,0.024717589550466875,0.7762062988144443,0.2225788196540179,0.9522539377212524,P3,P3/rob_1_frame596.jpg
-0.031574994027457004,-0.46589602762405424,-0.37280884917809615,0.9927601218223572,-0.023209968526613264,-0.48860562656177325,-0.3562237196254533,0.9897866249084473,-0.017761622569175715,-0.4883087323099858,-0.3561639444244958,0.9891234040260315,-0.011809911349704187,-0.4887213056322462,-0.3562388362529892,0.987774670124054,-0.035402081681668834,-0.493583605748993,-0.3440922803732972,0.9890650510787964,-0.03866487669091234,-0.4944842433566352,-0.34419710588954844,0.988534688949585,-0.04192951519131876,-0.4966269331352915,-0.34442254181513343,0.9879443645477295,-0.002148727212214814,-0.4853018138741549,-0.18958150878103577,0.9837457537651062,-0.04620152943770016,-0.48955861931844225,-0.14549483240543187,0.9832457900047302,-0.019850758929549298,-0.44716182520460357,-0.3089960569191955,0.9796794056892395,-0.035591223874983924,-0.4459421714512189,-0.295907569229812,0.9813135862350464,0.03176607188649316,-0.395654313414522,-0.06293041673559105,0.9959521889686584,-0.06934075399093656,-0.40346278893328164,-0.022479797682669354,0.9982506036758423,0.0061149062746685915,-0.25998046126494495,0.06328586487544062,0.9086805582046509,-0.14474636347146855,-0.3604616062416812,-0.2010986852558888,0.8330888748168945,-0.04951096477336542,-0.2626430155515433,0.16771856772534485,0.8929377794265747,-0.20442367504824116,-0.33891478935497094,-0.554624547738974,0.864629864692688,-0.07047228886673387,-0.2371032889805169,0.14850758088206548,0.8622521758079529,-0.1826349921209564,-0.3460200651696366,-0.6127612998381775,0.8251858949661255,-0.07009676971684806,-0.2672980150870203,0.1357561640300012,0.864643931388855,-0.1979756960077129,-0.3481641375666651,-0.6438708123469984,0.8304741978645325,-0.06508136765902113,-0.2775335388963159,0.16176986370083282,0.8239114880561829,-0.209404235123089,-0.33856452603401704,-0.5793433676951542,0.8163455128669739,0.040754566098634794,0.00019292135019906937,-0.017900424491695988,0.9991326928138733,-0.040754566098634794,-0.00019292135019906937,0.017702450823528552,0.9996821880340576,0.029697859150818663,0.3524405761918375,0.030907316093708444,0.9485222697257996,-0.06060435719532356,0.34008734190914314,-0.046053093833626185,0.9734839797019958,0.04008971101072945,0.7177635608046841,0.26151625070913,0.9606744647026062,-0.08477842551286237,0.7177941627579885,0.1176989952619509,0.9701079726219177,0.025830491214697136,0.7812856575508325,0.2764785549910586,0.901444137096405,-0.07880238021004037,0.77571776119148,0.1275817555154029,0.9199104905128479,0.07252234321445365,0.8366191509004282,0.09113473119440482,0.9489414691925049,-0.11206052775651797,0.8284299944565265,-0.07766526877347524,0.9532784819602966,P3,P3/rob_1_frame598.jpg
-0.013727125815636405,-0.48061679376123906,-0.4973403352862266,0.9893195629119873,-0.01097035476418592,-0.5050218266229454,-0.5051160146457399,0.9858561158180237,-0.00983594645514821,-0.5061505484485753,-0.505138625186909,0.9862884879112244,-0.008592592344948144,-0.5080091259065157,-0.505207269165189,0.9841092824935913,-0.013386749165940256,-0.5054149160712155,-0.4877338790543222,0.9846296906471252,-0.014124999130900427,-0.5057152165521328,-0.487808660824217,0.9851558208465576,-0.014878503313256155,-0.5068693921606358,-0.48804681616503465,0.9840527772903442,-0.00806636697562209,-0.5027105870334149,-0.4143111335631768,0.979600727558136,-0.01878872788007845,-0.4996121756692887,-0.36020850880040567,0.9793025851249695,-0.010955371331714543,-0.4604513501958012,-0.4509047374321409,0.9742292761802673,-0.017083414689224738,-0.4586531577759532,-0.43067714872660334,0.9754418730735779,0.011934619879196251,-0.3981682903080965,-0.3091440006253096,0.9937703013420105,-0.04668706678700893,-0.4010765203938058,-0.2603170785403667,0.9980639815330505,-0.07931439360984517,-0.2717201250479843,-0.27487093329493956,0.8876033425331116,-0.1361506147476389,-0.314626357331109,-0.36699248350592484,0.8431045413017273,-0.18335185697484782,-0.27058842458818844,-0.2402168264454255,0.8516164422035217,-0.24980464364838206,-0.28936762986509984,-0.6662282155359195,0.8740910291671753,-0.2093778083927046,-0.25899034523892905,-0.22964833907413526,0.8208561539649963,-0.24398547562772155,-0.3061606277231399,-0.7164606693352368,0.8367968797683716,-0.2036843748385057,-0.28171822654189654,-0.28396617015539966,0.8234676718711853,-0.25951679626235863,-0.3067680885697204,-0.7517067120290116,0.842117965221405,-0.20310299960628803,-0.28270758439321436,-0.23982951374220454,0.784688413143158,-0.26333558578644894,-0.2975499379190923,-0.6884213868752699,0.8288559317588806,0.010703270567301564,0.00075377496727991,-0.019713149532104138,0.9985934495925903,-0.010703270567301564,-0.00075377496727991,0.01926653775116374,0.9994025826454163,-0.004376471075442145,0.34650315860575553,-0.049254282750179776,0.9478684663772583,0.0004235527522405673,0.34032637396189264,0.024648381067580372,0.970220685005188,-0.044051156073384785,0.7117644012643363,0.05713687138257143,0.9604071378707886,0.017513421148824964,0.7154429241977006,0.15401748920145697,0.9683246612548828,-0.04041298009372351,0.7847264964686282,0.0595779015710737,0.9042456150054932,0.005752239013566967,0.782138695209867,0.16537760501588664,0.9193891882896423,-0.022801850718089715,0.8182395607784622,-0.09211289073476404,0.9467982649803162,0.03287884088658016,0.7962973168021866,0.010249163544280111,0.9497796893119812,P3,P3/rob_1_frame600.jpg
-0.005780308332156001,-0.47803230341991776,-0.5147418164016211,0.9848067164421082,0.0009196700146103545,-0.5022979877886834,-0.5079429553866806,0.9772456288337708,0.005180542546413342,-0.5030806559102531,-0.5079846155028477,0.9758817553520203,0.009439229342845547,-0.5045409019967653,-0.5080994977539359,0.9736298322677612,-0.010890557629044985,-0.5050880352747795,-0.5025613689008627,0.9767271876335144,-0.014737451881621807,-0.5070788904799028,-0.502678568031444,0.9762786626815796,-0.018644410142187727,-0.510025436618547,-0.5028647489703272,0.9765823483467102,0.010901049158824741,-0.5013102976893342,-0.3272768454174662,0.9601987600326538,-0.028264093797245062,-0.5069904119120936,-0.33390736109414915,0.9662100672721863,0.0003108989991400723,-0.4603665781473515,-0.44767313855507046,0.9567569494247437,-0.014436956982846659,-0.4614997507929799,-0.4442064311128875,0.963740885257721,0.046264324010955836,-0.3897146057339404,-0.21408930424888534,0.9891907572746277,-0.0730895044989075,-0.409835523833799,-0.13664977107240064,0.9975099563598633,-0.0081124879727807,-0.23387849329152027,-0.17841372059830002,0.8594207763671875,-0.14001663412284626,-0.3166258880997664,-0.10185139952684823,0.8477193117141724,-0.11725587227157167,-0.25825748618190725,-0.25618711392399485,0.8229389786720276,-0.2563841361103172,-0.2944968037706479,-0.31370874010185923,0.8740074634552002,-0.14867284562646277,-0.24557899701956235,-0.30394890709482736,0.7881162762641907,-0.26646973111701044,-0.29770257812426687,-0.35812533085977055,0.8344086408615112,-0.1431899721635628,-0.27006815097263676,-0.32275613266478465,0.7915156483650208,-0.27347719871573845,-0.30686439393385273,-0.42328715131149697,0.8411452174186707,-0.13457502734374668,-0.27307178851916575,-0.264772507601598,0.7527414560317993,-0.2710104652056884,-0.3019499865261858,-0.3474453906910541,0.8293378353118896,0.03761921604302291,0.0009570898041581472,-0.020305850437411253,0.9978945255279541,-0.03761921604302291,-0.0009570898041581472,0.020117965991023414,0.9990939497947693,0.027118418745295816,0.32961912315550396,-0.07235032704687792,0.9496824741363525,-0.05018264809544982,0.32169609472466265,-0.035372498655395795,0.9703150987625122,0.048749767415779785,0.6890594579863982,0.06089621580284571,0.9621093273162842,-0.0804783392051296,0.6849602424426183,0.15087625266771781,0.9696808457374573,0.03043933763824759,0.7571104927379932,0.06741242298397512,0.9066341519355774,-0.07083041584908176,0.7480820067860251,0.15944082721591427,0.9144027233123779,0.08548349834539137,0.7981638487661744,-0.09267548572412082,0.948445737361908,-0.09971027501498361,0.7786195276571283,-0.044422172579614456,0.9505295753479004,P3,P3/rob_1_frame602.jpg
-0.015979283569910328,-0.4890514857403289,-0.38147743045247795,0.9853324294090271,-0.007031609107986604,-0.5139247338152305,-0.3673548983356207,0.9777190685272217,-0.002085634105037944,-0.5143587208158448,-0.3674154209302982,0.9761683344841003,0.0029904403025914953,-0.5153668153921145,-0.3674305186145914,0.9742765426635742,-0.02012356494401527,-0.5172018323331355,-0.35515166208156684,0.9771105647087097,-0.024270395563211932,-0.5192139778555295,-0.35527881666864164,0.9760617017745972,-0.028430236122876668,-0.5219269899681396,-0.35538733539504597,0.9766271114349365,0.006812813555114673,-0.508783258085248,-0.21270863685668334,0.959820032119751,-0.03706048561837993,-0.5155182757125638,-0.16522012355874385,0.9637895822525024,-0.00829621048348504,-0.46972513126999604,-0.318973874552445,0.9565471410751343,-0.02499693041435155,-0.4714223131660581,-0.3056299610011013,0.9634661674499512,0.050101368647571067,-0.39549471830429866,-0.1930798012704677,0.9888418912887573,-0.07782265091994066,-0.4040248440011996,0.004268645320708275,0.9973755478858948,-0.052260842955265674,-0.24376989170047006,-0.25817782938634576,0.8625372052192688,-0.13600257726316595,-0.31862961658380917,-0.06377421722668687,0.8453676104545593,-0.16746210770003203,-0.3148941813794139,-0.3076667858531332,0.8320833444595337,-0.25149559871342925,-0.3219446021580773,-0.3810335101865064,0.8741301894187927,-0.19869581018377316,-0.31860843147804696,-0.3870248954395673,0.7967286109924316,-0.27286047020710485,-0.329459864593465,-0.4623134648808356,0.8359735608100891,-0.19327611511878076,-0.3488290288003381,-0.3422978189228551,0.7998198866844177,-0.2754841708365016,-0.3422134740723205,-0.5191033494090492,0.8433623313903809,-0.1854304177765045,-0.35029405358304744,-0.32404735576248117,0.7600513696670532,-0.26727023943597683,-0.33418792309357337,-0.4254771370205205,0.832420289516449,0.04273123737240495,-0.0003222597415944155,-0.02077544097715628,0.9977948069572449,-0.04273123737240495,0.0003222597415944155,0.020694326635487908,0.999035120010376,0.0396669568671568,0.3303090269240166,-0.08784353558922685,0.9530253410339355,-0.05384401206222569,0.3233300729129244,-0.05390365011280888,0.9720272421836853,0.05870076348696422,0.6956568122986744,0.035028481806365266,0.9646492004394531,-0.09194300738796961,0.6827885746956948,0.12360734549407935,0.9716780781745911,0.044928950356475324,0.7533434157641506,0.037478641477330786,0.9090588092803955,-0.08035229319595334,0.7422496285550131,0.130205835663358,0.9111968278884888,0.09514705684824644,0.8054070877973225,-0.16069978458110892,0.9515788555145264,-0.12728574133954745,0.7825651485355042,-0.07258681466312573,0.9530216455459595,P3,P3/rob_1_frame604.jpg
-0.02819342394575054,-0.47568997692178405,-0.2334026905625417,0.9865953922271729,-0.016563411004184854,-0.4998200930542576,-0.2193722506627373,0.9795932173728943,-0.010257347028980643,-0.4999839068686072,-0.21942152278658464,0.9781510233879089,-0.0041172298605003585,-0.5005868611529867,-0.21943210242876138,0.9764944314956665,-0.03291015264298389,-0.5034013019310855,-0.20156626495087862,0.9790418148040771,-0.0379467448766738,-0.5054951325654361,-0.20166075651306203,0.977971613407135,-0.043051080948172865,-0.507938773949179,-0.20170859953201856,0.9785682559013367,0.00342358074036384,-0.4943662875121461,-0.08430863525837896,0.9633229970932007,-0.0495793174090887,-0.5069198861518026,-0.006293977907163087,0.9661633968353271,-0.017213291120799844,-0.4549155697123227,-0.17798619422693887,0.9600603580474854,-0.03718620511567787,-0.4587061531206161,-0.15618914515352225,0.9662125110626221,0.04092465819034231,-0.39372044509088144,-0.10828894067144053,0.9896489381790161,-0.08256066933752818,-0.4051953468269849,0.14871859532146892,0.9974690079689026,-0.06765557458470045,-0.25117392982862236,-0.21295921711995977,0.8682645559310913,-0.1318990865878585,-0.32031624275808773,0.010977524575212942,0.8250535726547241,-0.17961864794575708,-0.33967050364471113,-0.24179228281892845,0.8372988700866699,-0.18936505798138747,-0.3713962056222221,-0.36418259605158215,0.8623393774032593,-0.20811713246088623,-0.348424560308102,-0.2960669136818121,0.7991558313369751,-0.2560167183751794,-0.353165007880538,-0.44102987467504123,0.823828399181366,-0.19912682556211314,-0.3742698582686327,-0.2925623005611469,0.8014757037162781,-0.2568783619747192,-0.3647413547339652,-0.46870310444053687,0.8310002088546753,-0.19625231971875282,-0.3705700550157913,-0.2421526092207263,0.7581274509429932,-0.23906565733688134,-0.3535486905488349,-0.392973087222759,0.8189609050750732,0.04316003419865433,-0.000991329535899903,-0.03642239921010872,0.9979298114776611,-0.04316003419865433,0.000991329535899903,0.03635747092223371,0.9990860819816589,0.0407128093877225,0.3246990301691939,-0.15317932227393358,0.9569429755210876,-0.058807324978058635,0.306408535239503,-0.06646211202644588,0.9741986393928528,0.05914024242784618,0.6682795647951616,-0.05088616450948243,0.9676134586334229,-0.09121456067901981,0.6567960457698658,0.10614642448614554,0.9740309119224548,0.04533449194475511,0.7222246483362093,-0.054438412682347614,0.910619854927063,-0.07676208690802779,0.7127222526282038,0.09394564411512928,0.9134399890899658,0.08837162312279977,0.7749511959936418,-0.28737486310674343,0.9554282426834106,-0.13454979887130272,0.7610131999833414,-0.1260561699118574,0.9567224979400635,P3,P3/rob_1_frame606.jpg
-0.03746265899619141,-0.4478475299011319,-0.262152949286687,0.987638533115387,-0.025124778662824275,-0.47082618302230533,-0.25850711048092617,0.9810964465141296,-0.018427015987172907,-0.4711458287507344,-0.2585282591045157,0.9797089695930481,-0.011827105790334183,-0.4721639564214572,-0.2585799652438883,0.9782629013061523,-0.04196626801231314,-0.47557527858929444,-0.24184708444769695,0.9805683493614197,-0.04690046214936392,-0.47851008313522153,-0.2419730353000148,0.9794174432754517,-0.051941746586653716,-0.48156044598436176,-0.24207505762877685,0.9801557660102844,-0.001326611031595,-0.47600757441789504,-0.13711836268964567,0.9659901857376099,-0.057078659582783145,-0.49192126146171894,-0.0643109970219479,0.9684499502182007,-0.02607499123898655,-0.429776811554251,-0.20703559466548968,0.9629897475242615,-0.04555045719036048,-0.43487386506163334,-0.186743223033259,0.9687004089355469,0.03845204677803218,-0.3921874318872896,-0.10629865957207835,0.9903203248977661,-0.08846210502966377,-0.4062479093105237,0.11623488809727982,0.9976436495780945,-0.029441321795062043,-0.2505284340523561,-0.2229095932913336,0.8685172200202942,-0.14539197581271388,-0.33345858091683783,0.13641627756931873,0.8249918818473816,-0.1290907279459004,-0.33834290792526295,-0.3104477023399016,0.8421620726585388,-0.21781187688472858,-0.38036276385538736,-0.07095017330581016,0.863516628742218,-0.1389833227335544,-0.364886248157028,-0.3668738766329098,0.8036476969718933,-0.26233355724911084,-0.3884248158990996,-0.10657475709834352,0.8243606090545654,-0.148321306094092,-0.37686359684861603,-0.32155385176590706,0.8050791025161743,-0.26236708711947326,-0.410394493635593,-0.142719700742832,0.8317815065383911,-0.14220278903602734,-0.3742140528069199,-0.3015174661528779,0.7585708498954773,-0.2517903803339665,-0.3987303755186657,-0.09410649945655841,0.8201836347579956,0.04420301829286436,-0.00019664584684463745,-0.04116426419906401,0.9980219602584839,-0.04420301829286436,0.00019664584684463745,0.04113677259218606,0.9991181492805481,0.037089125976108535,0.3277167616880484,-0.19152937680518306,0.9602627158164978,-0.059989685292075684,0.30922657782010354,-0.11739302649899601,0.9760004281997681,0.0567277934393483,0.6697306772056898,-0.12974402582181935,0.9701427817344666,-0.0926701037601417,0.658437953724256,-0.0261882080110743,0.9760339856147766,0.0458049249565035,0.7260596619191081,-0.1359996133320669,0.9090973138809204,-0.07734566997378312,0.7185659069638847,-0.03178176769031655,0.9139392971992493,0.09018076749188617,0.7751099276316168,-0.3585803230735451,0.9587170481681824,-0.14124650344763107,0.7645433995567558,-0.24220885635253794,0.9598339200019836,P3,P3/rob_1_frame608.jpg
-0.03905255391258303,-0.45919284528636534,-0.21885729531931608,0.9886473417282104,-0.0259802570727643,-0.4821793255973357,-0.2095426489331342,0.9826024174690247,-0.01930141005913381,-0.48203075321162114,-0.2096146676695234,0.9812867641448975,-0.012322999653841777,-0.48248381260875634,-0.20971184437529597,0.9800573587417603,-0.04077132910499404,-0.48846972492575796,-0.19167841756790605,0.9821255207061768,-0.04466522130012401,-0.4917838392994253,-0.1917834115997874,0.9809475541114807,-0.0486035988316743,-0.4954145337856762,-0.19191533437657954,0.9817883372306824,0.0006446918609186649,-0.48377095046894913,-0.0904332308508844,0.968593180179596,-0.052891380607535704,-0.5040121240573742,-0.012538016612128255,0.9708381295204163,-0.029168862332220533,-0.43948532297639625,-0.1674354964383553,0.9657660722732544,-0.04653550577424619,-0.4463706165027347,-0.14572500026123747,0.9711170196533203,0.03968346827610549,-0.38923995609292983,-0.07847109149522315,0.9907019734382629,-0.08361001704341701,-0.4095531700125675,0.16685586978065725,0.9977705478668213,-0.03793523774443364,-0.25022932632998857,-0.15020410137594153,0.869500994682312,-0.15022797445332634,-0.3402940793087011,0.2620720571090789,0.8192371726036072,-0.1364388158524352,-0.35662399846389803,-0.2127887828024078,0.845127284526825,-0.22981258682646785,-0.39722330320485116,0.11698616644688402,0.8602437973022461,-0.1596756233574756,-0.3792807690095938,-0.25824156731575965,0.8055175542831421,-0.25996759836886835,-0.4261489646347582,0.08660518127262122,0.8200488090515137,-0.15476064152773458,-0.4044821871778263,-0.2621003031382234,0.8061001896858215,-0.25839463142476315,-0.4481270530673384,0.043463868876304865,0.8277732133865356,-0.14741252774403674,-0.40035351606154984,-0.2151282148171764,0.7562807202339172,-0.25114023917507705,-0.43448102495663854,0.09193361219448333,0.816572904586792,0.04313077952115178,-0.00015332324688559391,-0.04455189706507557,0.9981140494346619,-0.04313077952115178,0.00015332324688559391,0.044573953477933005,0.9991564750671387,0.03845645040455064,0.33355442127208046,-0.21383731945769371,0.9631000757217407,-0.059506911598649494,0.3072999531304495,-0.15766639778892216,0.9776896238327026,0.0599075387643145,0.6795145503720269,-0.16055603351436323,0.9723782539367676,-0.09120655767671655,0.6664600476667764,-0.0716744231245493,0.9778600931167603,0.04980548032866931,0.7387550250382715,-0.16843582265016627,0.9085652232170105,-0.07524055448722605,0.7282371366812138,-0.07677305813078869,0.9146721363067627,0.09275991652107916,0.7826398526065714,-0.3983606161795662,0.9615973830223083,-0.1417574481231319,0.7753074598543852,-0.2967764069296335,0.9627007842063904,P3,P3/rob_1_frame610.jpg
-0.04573635459122394,-0.46467541442811455,-0.2956815034865169,0.9895498156547546,-0.031517685058287476,-0.4881796561279348,-0.2871357582342928,0.984013557434082,-0.024393075279913683,-0.48793241607607746,-0.2871917164117102,0.9827484488487244,-0.016881469847797325,-0.48834729400507304,-0.2872651440393633,0.9816923141479492,-0.04632635730460152,-0.49407297086211277,-0.2677987334092209,0.9835708737373352,-0.04988410120431803,-0.4971309852174034,-0.26790398039266033,0.982366144657135,-0.053465510615437514,-0.5005928622818365,-0.2680431335997099,0.9832388758659363,-0.0018594637732360392,-0.4889907377460188,-0.16045372708455327,0.9712071418762207,-0.05489456327855716,-0.5072828011580415,-0.07565208891149171,0.9730960726737976,-0.0346090892987576,-0.4434804963591997,-0.24158362889229046,0.9685818552970886,-0.0517130579819455,-0.45083453251357475,-0.21810726946772316,0.9734644889831543,0.03921086950516852,-0.39031966844602495,-0.15399383849328668,0.9909736514091492,-0.08263725504244876,-0.4085008051518714,0.08412273919321388,0.9978669881820679,-0.03919692836754204,-0.27478085529484747,-0.37560772359904526,0.874747633934021,-0.15057999165995092,-0.39271306918471477,0.01661777957625227,0.808570921421051,-0.14360847622625317,-0.40439316082355475,-0.5564075406437416,0.8512588143348694,-0.234469668594048,-0.4470626802779651,-0.38030803838929766,0.8506771922111511,-0.1710424836650448,-0.4261220588861259,-0.6248106360003356,0.8114745616912842,-0.2583699418701465,-0.4756794469484752,-0.4452470192149259,0.8094902038574219,-0.16541809519680978,-0.4524285553052744,-0.617976767786598,0.8115736842155457,-0.25470213182830487,-0.4892264462395925,-0.4750694361209114,0.8174211978912354,-0.15675978816671263,-0.4458572021552998,-0.5580254010596545,0.7596091628074646,-0.2479271692238595,-0.4752946027048601,-0.40762810714773456,0.8069024682044983,0.043546649363409934,-0.00031617123234382546,-0.043371521889765216,0.9982289671897888,-0.043546649363409934,0.00031617123234382546,0.04333057248725008,0.9992043972015381,0.036658952868281254,0.33634595173025905,-0.18610188124762278,0.9656007289886475,-0.059131206158121355,0.3075387422352588,-0.13935525673165622,0.9790188074111938,0.0591287965787785,0.6797695264417063,-0.11126263811051965,0.9743295311927795,-0.09274208418590121,0.6617427749266124,-0.028223112402422756,0.9793887734413147,0.04815316267210145,0.7387864927220551,-0.1181051549929699,0.9072599411010742,-0.07691252480586512,0.7232853245838873,-0.030641270493155306,0.9138094186782837,0.09491690165563262,0.7805216117298707,-0.354580550977775,0.9639706611633301,-0.1415137772696715,0.7704137706122397,-0.2505849352390219,0.9650105237960815,P3,P3/rob_1_frame612.jpg
-0.010761281485362012,-0.4408254892428805,-0.8224541376850389,0.9905641674995422,0.002994335537325953,-0.470862987792282,-0.8310721218754394,0.9855543375015259,0.010491105300630292,-0.4721945847652088,-0.8311628501853059,0.9843779802322388,0.018116032986506256,-0.47274511477533626,-0.8313410928132504,0.983449399471283,-0.016499194242338505,-0.47563027502909216,-0.8035071204257661,0.9851546883583069,-0.022201485256991012,-0.48096704143595026,-0.8035311584060186,0.9839833974838257,-0.026963683673469203,-0.48677586288676344,-0.803654428382745,0.9848104119300842,0.03899800721885894,-0.4776500679937594,-0.7144439261383871,0.9740119576454163,-0.024621085408531404,-0.5067766677037333,-0.5893797384959657,0.9755889773368835,0.002466571302367978,-0.4175214374069837,-0.7653153899177987,0.9716905951499939,-0.016846841020808665,-0.4272061990385603,-0.7294119546051736,0.9760766625404358,0.06443742180748917,-0.35056950225294614,-0.6489763864835609,0.9918698668479919,-0.062188431053395214,-0.4494273365161755,-0.3054136206833964,0.9980655908584595,-0.06917270304273758,-0.20475785932615867,-0.7340315990941936,0.8867385983467102,-0.1154519082214947,-0.2764669040763424,-0.26984649948027845,0.8020762205123901,-0.18709312435330588,-0.16365023476795648,-0.8469297564860537,0.8656832575798035,-0.21721780242997396,-0.13846526119592614,-0.4531110398130815,0.8429468274116516,-0.21571472560349128,-0.13861812668037288,-0.934583012750658,0.8296259045600891,-0.2495680359039439,-0.13103571742753398,-0.5046916240099406,0.8043987154960632,-0.22637975473060004,-0.16334503946436116,-0.9492131033725024,0.829707145690918,-0.25271935485269575,-0.14596859285913227,-0.5683948495682146,0.8118165135383606,-0.2132763771665172,-0.1656190725711415,-0.8542067695608104,0.7820534706115723,-0.23845847153757022,-0.14062847854416102,-0.4867114826137474,0.8006827235221863,0.04346746454992273,0.01588307871227433,-0.0750981572424428,0.9983161687850952,-0.04346746454992273,-0.01588307871227433,0.07516661359358658,0.9991239309310913,0.07713590336436686,0.33904285549383545,-0.24061621505604008,0.9277316331863403,-0.07052284742661129,0.313181470566623,-0.11089303663449879,0.9490955471992493,0.07893198910891301,0.663615315582824,-0.14388736578058858,0.9629097580909729,-0.09702662896257619,0.6571409969572777,0.03385783206884796,0.9672975540161133,0.06784545835035785,0.721769550838947,-0.14647598507322168,0.8895184397697449,-0.0821689475471994,0.7207192451056875,0.03783709078642596,0.8971604704856873,0.10873801329137087,0.7256950400597851,-0.360626886057517,0.9540300965309143,-0.14990208358036086,0.7510479447027714,-0.17006804070455278,0.9455574154853821,P3,P3/rob_2_frame29.jpg
-0.027793220994633005,-0.4353654725067494,-0.8113968829644144,0.9914801716804504,-0.013515775866552407,-0.4640783573114028,-0.8302778294700913,0.9869713187217712,-0.005434666979630404,-0.46198615868565934,-0.8303012163839135,0.9858942627906799,0.00260352160522014,-0.45950907258329055,-0.8304425344682882,0.9850723743438721,-0.031978814167849416,-0.4763881125538048,-0.799715252390408,0.98661208152771,-0.036458471206341804,-0.48286794868496175,-0.7997781047213052,0.9855196475982666,-0.04033631385448856,-0.48887546217304434,-0.7998454085386401,0.9862892627716064,0.021563797585623656,-0.46174850246196025,-0.7383054024193132,0.9765865802764893,-0.0373450478485114,-0.500658679653966,-0.6016778559481779,0.977959930896759,-0.014150013023787936,-0.41408530769131624,-0.7605672196544148,0.9744901657104492,-0.03361244325040831,-0.42391219654299006,-0.7212215940726624,0.9784250259399414,0.049826750059583626,-0.3565077224624534,-0.6719098876379362,0.9926443696022034,-0.06046062031831618,-0.44342159991754315,-0.3302616255452755,0.998248815536499,-0.09875516357999047,-0.22099490792344653,-0.7775744225702786,0.8960584402084351,-0.1295656286581702,-0.2981417590534358,-0.3702636460563081,0.791766345500946,-0.2316507034138874,-0.19741691238488424,-0.8638656234448518,0.8767365217208862,-0.24905010221694604,-0.18458095158148224,-0.6261809633846396,0.8352473378181458,-0.2575214802282763,-0.19692565431442546,-0.9443869006149453,0.8431642055511475,-0.2865100249915899,-0.18925295269814316,-0.6784830056639977,0.800485372543335,-0.26406383648985005,-0.22658338372551567,-0.9432360252705463,0.8432676792144775,-0.28691032657050713,-0.20189736670452965,-0.7371197124645651,0.8074889779090881,-0.23923537190285593,-0.22384213180110957,-0.8652285091358609,0.7970708608627319,-0.27297930010341814,-0.1955707414349467,-0.6597241760549265,0.7955605983734131,0.04341435062595385,0.018273750467548422,-0.06604493946187395,0.998338520526886,-0.04341435062595385,-0.018273750467548422,0.06595167417699345,0.9990858435630798,0.06572719385484939,0.3535135995323445,-0.28261470859817256,0.9015516042709351,-0.07792067892910119,0.32730816395397117,-0.1584025903422639,0.9388599395751953,0.06831277663412634,0.7049467603359528,-0.22758186209951786,0.9566765427589417,-0.11039201352923503,0.6904923187918995,-0.05505002956850489,0.9659436941146851,0.05504083592020901,0.7629318226741102,-0.23444352946288016,0.887965738773346,-0.09594660783824939,0.7500056362202236,-0.05597240081244073,0.8938186764717102,0.11162972607921832,0.7832604988734979,-0.4517111646059345,0.9507966041564941,-0.166479148082604,0.7737021608902032,-0.26854500504052836,0.9431250691413879,P3,P3/rob_2_frame31.jpg
-0.0254226633735474,-0.48675514962883804,-0.6362999960337837,0.9922618865966797,-0.015637014602608183,-0.5142921186583078,-0.6488033303167462,0.9880989789962769,-0.01057594521289748,-0.5145616854351905,-0.6488668404635342,0.9870989918708801,-0.00545036182792488,-0.5151303990573229,-0.6489585922140569,0.986365795135498,-0.027407874115714385,-0.5175598462108473,-0.618927662035801,0.9878157377243042,-0.03026000840002104,-0.5204807106540066,-0.6190073676046359,0.9867703914642334,-0.03273315642377984,-0.5239710248748459,-0.6191556025626288,0.987496018409729,0.010552321312142864,-0.505947728603095,-0.5589870665749472,0.9786838889122009,-0.026506150493142987,-0.5205222699808298,-0.4264181344056048,0.9798866510391235,-0.013771797214699065,-0.4587268971561965,-0.5904741124263447,0.9768984317779541,-0.02976430802356369,-0.4616379908075423,-0.5525121100712342,0.9804753065109253,0.038840235923390413,-0.369513745577572,-0.5207979936950198,0.9933143258094788,-0.04704274872761233,-0.4304442025570137,-0.16632355460783305,0.9984167218208313,-0.0786505910120469,-0.22594628144939718,-0.5749612404183536,0.9047478437423706,-0.10959642868949941,-0.25416767436843485,-0.10203314149730389,0.7781582474708557,-0.18127087511638487,-0.14810305230336643,-0.6396219314039187,0.8860241174697876,-0.19057507815919744,-0.15348287704518543,-0.30949525147513646,0.8313514590263367,-0.21076869483171942,-0.13590602565143473,-0.7070107479256367,0.8536393642425537,-0.21855695283234056,-0.1457488268621599,-0.3490129512720084,0.7972806692123413,-0.21741711635173822,-0.1533704460160983,-0.72130615250437,0.8539023995399475,-0.220434149478706,-0.15075254304238983,-0.4069807167885411,0.8049164414405823,-0.20367911536899688,-0.1529211234391394,-0.6449143544052688,0.807729184627533,-0.20799546303746858,-0.14789478720662882,-0.3397258805764853,0.7901570796966553,0.03990578761691734,0.0038895112973301987,-0.06611854248002623,0.9984097480773926,-0.03990578761691734,-0.0038895112973301987,0.06591657653246295,0.9991554617881775,0.05334497637056699,0.3148891300955914,-0.07079644708991609,0.9094679355621338,-0.07902556187869879,0.3145786063009698,-0.045643735301833084,0.9445295333862305,0.05569197410276076,0.595995747495923,0.14166202587807442,0.9603729248046875,-0.09475004514500748,0.5867168414346551,0.15559571039001263,0.9690952897071838,0.044701573316567704,0.6487776987190436,0.15035175653914845,0.8948917388916016,-0.07928462170822037,0.6360234692408147,0.16460377813299748,0.9016920328140259,0.101019881943868,0.6873590755826072,-0.03840133663975312,0.9548300504684448,-0.13627497342724265,0.7021164512290718,-0.02060557308138754,0.948284387588501,P3,P3/tom_1_frame32.jpg
-0.026676138773329555,-0.48741264003751966,-0.4644585983539325,0.992157518863678,-0.016180031007112662,-0.5134175353625963,-0.4843504582312485,0.9875211119651794,-0.0112479732994956,-0.5136162088490321,-0.4843921604518925,0.9863916039466858,-0.00617606906641474,-0.5139795713275583,-0.48439686395890713,0.9857012033462524,-0.02726970810926305,-0.516778356741009,-0.4474010320556989,0.9875116944313049,-0.029891880146642482,-0.5195698550309159,-0.4474976526892323,0.9860756993293762,-0.03198374832976436,-0.5229759890684558,-0.44764793305067935,0.9869742393493652,0.01030150844430789,-0.5047294291941804,-0.44053765474594603,0.9777294397354126,-0.0226466906864819,-0.5199279840298062,-0.2776862764734889,0.9779936671257019,-0.015141019682918358,-0.46012852329761317,-0.4377418173052017,0.9773357510566711,-0.029649947644987445,-0.46596345561231034,-0.39109210350099877,0.9810304045677185,0.03851877447729023,-0.3647954582478584,-0.42646784222397016,0.9935033321380615,-0.040513061451502505,-0.43520205601044515,-0.06140003187407235,0.9985446929931641,-0.08050949896703655,-0.23248918450117018,-0.45880041190846194,0.9103146195411682,-0.10541993458240813,-0.268896647424792,0.016346751905952646,0.7533205151557922,-0.1838257403522085,-0.18080804312284346,-0.4762339275349793,0.890447199344635,-0.18635596213978037,-0.20137151080458957,-0.20097254079056506,0.8148611187934875,-0.2117132971681215,-0.17311933282517453,-0.5292716994541447,0.856629490852356,-0.2162207805594442,-0.19139437872784845,-0.23805775588869604,0.7811701893806458,-0.2175259043861435,-0.18914305503227213,-0.5468761643743423,0.8568551540374756,-0.21787714374095593,-0.19970381945829604,-0.2926738690825209,0.7907020449638367,-0.20568247372325077,-0.18815492107972925,-0.48063955681313253,0.8074723482131958,-0.20488784602408533,-0.19661686143197585,-0.2311119512746758,0.7740219831466675,0.03944589533179796,0.007015976301418406,-0.05745760280740685,0.998153805732727,-0.03944589533179796,-0.007015976301418406,0.05731137176802,0.9991896152496338,0.052494218749373545,0.30821690612203667,-0.005599134349644746,0.91622394323349,-0.07699717166548989,0.3049180915403241,-0.04056133450456925,0.9496442079544067,0.05489824080648188,0.5850628116344783,0.18206353170122266,0.9629216194152832,-0.09254444848597657,0.5819135818251472,0.10074453267833351,0.9718311429023743,0.043302373604346245,0.6337520588254428,0.1886093394792645,0.8960689902305603,-0.07784174928421937,0.627399144519935,0.10178550655739133,0.9067360162734985,0.09806663070748822,0.675139078252872,0.0038546088769346263,0.9575671553611755,-0.13590800080480211,0.6924788549719846,-0.08225305092558574,0.9527769684791565,P3,P3/tom_1_frame33.jpg
-0.026564128028409212,-0.4918401347747108,-0.3714324958043784,0.9918015003204346,-0.015821788797199775,-0.5146883151748373,-0.39366924094600314,0.9862905740737915,-0.01104274630331486,-0.5141409344142507,-0.3937395238751383,0.9849745631217957,-0.006108320841099553,-0.5137806688399994,-0.3937424086222296,0.9843962788581848,-0.0253971822675178,-0.5185751185058496,-0.35415413919455746,0.9864299297332764,-0.0270683031450593,-0.5209394309969595,-0.3542065235792393,0.984197199344635,-0.0282464600821467,-0.5237803168200499,-0.3543247982099853,0.9854296445846558,0.01116895398856212,-0.5035682707619606,-0.3692823430035854,0.9761263728141785,-0.014536699530430151,-0.5192939450310708,-0.19353253570867907,0.9739779829978943,-0.015156067843433194,-0.4625760145936509,-0.3523928044079769,0.9771342277526855,-0.02859636679184261,-0.46992274424858704,-0.3019741126191578,0.9807724952697754,0.038162647083849276,-0.3650897892621054,-0.37561764099082834,0.9936215281486511,-0.032538504817061935,-0.43489044113347314,0.012325847184394022,0.9986480474472046,-0.08189351167837372,-0.25091156494827604,-0.40514201125323324,0.9149031639099121,-0.10290325586965954,-0.29467278494969373,0.1296011312632139,0.7271952033042908,-0.1853017294138901,-0.23184987735530282,-0.40289800582832,0.8954456448554993,-0.18431796509330042,-0.26384880334141153,-0.0376707567282502,0.8007642030715942,-0.2107246121554946,-0.2305931110599757,-0.45234555406507415,0.8612533211708069,-0.21366482506593543,-0.2661466355245523,-0.06520796649817637,0.7672277688980103,-0.21588313001676193,-0.24957651710687864,-0.4662693759634568,0.8612030744552612,-0.2153536478006285,-0.27058986723202866,-0.12370670786269573,0.7784765362739563,-0.2052184167072838,-0.24564198432399112,-0.4057102080865815,0.8098737597465515,-0.20292805864160704,-0.26379353420963836,-0.06909333155329501,0.7608128786087036,0.03896303327683553,0.007261039553835819,-0.05698914993348588,0.9978951215744019,-0.03896303327683553,-0.007261039553835819,0.05686988367092722,0.9992131590843201,0.050673664094235495,0.3029999352410909,0.015331140030192581,0.9226114749908447,-0.07526882110791967,0.30023687202703353,-0.03142583860495714,0.9543898701667786,0.05406861804616982,0.5752824278289785,0.21424257762402382,0.9653176069259644,-0.09008317754589379,0.5746674521990465,0.09811908311532236,0.9743834137916565,0.04218313221757274,0.6222467661007547,0.22227595903974745,0.896906316280365,-0.0755407740837148,0.6183607495189493,0.09877773971683679,0.912504255771637,0.09517836209601886,0.6638449502831191,0.04446828216740698,0.9601963758468628,-0.1346748768974554,0.6840919411184743,-0.07985395450825683,0.9570190906524658,P3,P3/tom_1_frame34.jpg
-0.027206280985922784,-0.5010778094204095,-0.31164060780456965,0.9919120669364929,-0.016164237003804125,-0.52323278451676,-0.33762371420182136,0.9863563179969788,-0.011618349258100642,-0.5219267682659474,-0.3376622917933178,0.9850712418556213,-0.006962996788787416,-0.5207868876729865,-0.33763854428096446,0.9844843745231628,-0.02505265624656891,-0.5278697205479217,-0.2942176880269566,0.9865456223487854,-0.02613773985864375,-0.5300124892816283,-0.29429364775694666,0.984191358089447,-0.02664422421735281,-0.532390148375619,-0.2944127084141196,0.9854373931884766,0.010691000823317053,-0.5043797152332846,-0.3450591734030483,0.9765232801437378,-0.012194557605460773,-0.5209034604955319,-0.15281004015778724,0.974132239818573,-0.016099811779814212,-0.46759562633645624,-0.30639890179214263,0.9780808091163635,-0.028390877983097387,-0.4763113833941648,-0.25112068645332125,0.9815084934234619,0.03917780583250574,-0.3682556788507223,-0.36818905657797046,0.9938571453094482,-0.0318518113548885,-0.4317107765740748,0.013831717367074423,0.9987452030181885,-0.07926677301994604,-0.2687936659205381,-0.4244421315310524,0.920250654220581,-0.10681589054135376,-0.34496172782854806,0.07849612585715397,0.708925187587738,-0.182423898872312,-0.2783613609452306,-0.41310881704027325,0.9023862481117249,-0.17817874833066974,-0.31280022952684744,-0.10450324632046913,0.7881513833999634,-0.20428563257802446,-0.28494953475332246,-0.46413172048692836,0.8692050576210022,-0.20402495920432806,-0.3263932409788255,-0.1340752157155842,0.7531236410140991,-0.20552554350873503,-0.2992300286105449,-0.4735565104134728,0.8688766956329346,-0.20036700225385565,-0.32310820074615226,-0.18248300917687044,0.7657245397567749,-0.19757507023007614,-0.2926828879190364,-0.4145910172160693,0.8174862265586853,-0.1899468523095293,-0.3120947830170201,-0.1320872904552836,0.7479162812232971,0.03853387668801278,0.007415944238694431,-0.05667504159223004,0.9977992177009583,-0.03853387668801278,-0.007415944238694431,0.0565459811322362,0.999250590801239,0.04918239046541873,0.29786062104104216,0.0006973334705902508,0.9290550947189331,-0.07307968984907125,0.2949806778286225,-0.02113832107195586,0.9585614204406738,0.05330644484882918,0.5647357464397542,0.18846867467154008,0.9679568409919739,-0.08912622319640834,0.567055571456041,0.10200322291877731,0.9766532182693481,0.04149821242052357,0.610731220747353,0.1956641224502951,0.898591935634613,-0.07519454313968495,0.6091501210677289,0.10262783903536657,0.9175009727478027,0.09357356684323057,0.6520021355496374,0.020042431937890987,0.9630101919174194,-0.13655430253495632,0.6720019996677656,-0.06593108282682543,0.9608691930770874,P3,P3/tom_1_frame35.jpg
-0.026905208079936623,-0.49714624824815046,-0.2919868860978713,0.9920745491981506,-0.015862244244198454,-0.5178796313273794,-0.3117046443006864,0.9865580797195435,-0.0114103583800254,-0.516489377336058,-0.3117238831367164,0.9852458238601685,-0.006837725611517465,-0.5153450347230772,-0.31168009157650167,0.9846051931381226,-0.023970213204314136,-0.5225438806494945,-0.2726373227237041,0.9869823455810547,-0.024757821060691507,-0.5245497133710278,-0.2727444007711591,0.9845576882362366,-0.02509720565235599,-0.526801777584646,-0.2728786884868762,0.9858235120773315,0.011123536465168418,-0.4997987747558379,-0.3060224332718243,0.9769960045814514,-0.011237304889878431,-0.5161431423102664,-0.13250431403074728,0.9748880863189697,-0.01596416846037085,-0.4649796826789305,-0.28307578376478165,0.9787579774856567,-0.02754172224902326,-0.4730888040485255,-0.23343468906702314,0.9822987914085388,0.04045882401190619,-0.37350903691634435,-0.33080106172589274,0.9929991960525513,-0.03249957989737372,-0.42645136862453326,0.010861491354117158,0.9988265633583069,-0.07621866636044501,-0.29193413135281726,-0.40780880846593875,0.924237072467804,-0.11319372450494374,-0.37088551271388687,0.023951536568047466,0.7073427438735962,-0.1800220782571418,-0.3179436931876888,-0.3814785246706931,0.9051218628883362,-0.1768372666154988,-0.3484382406478898,-0.19947635083705648,0.7854619026184082,-0.20086903769283415,-0.32414544882348484,-0.42448990366795436,0.8711240291595459,-0.19991817182688415,-0.3612158368410242,-0.24082012929496951,0.7481153011322021,-0.20007003378716112,-0.33525755722798317,-0.4332569228047526,0.8702378869056702,-0.1950252972686185,-0.35866728327747244,-0.24448304681935207,0.7609756588935852,-0.19190764549052122,-0.32940030800375975,-0.38242013924943397,0.8166825175285339,-0.1871916017645848,-0.3473355768444117,-0.21747304950523194,0.7431738376617432,0.038147154619106824,0.006782890127125722,-0.052507821315995754,0.9977251887321472,-0.038147154619106824,-0.006782890127125722,0.05235582330737749,0.9992987513542175,0.047903069134673126,0.29358572620495244,-0.01340536525487004,0.9346842169761658,-0.07181511767165522,0.29219694473685476,-0.04618467854837628,0.9623415470123291,0.05288800840578798,0.5586892039688712,0.15621237008419966,0.9701135158538818,-0.08838740621199684,0.5616033914511168,0.053374413237347484,0.9786844849586487,0.0410818934037339,0.6032503176248442,0.15933211860732183,0.8987532258033752,-0.07455228225332501,0.6033688877557181,0.05158565364721868,0.9216415286064148,0.09276355316427796,0.6452255524546845,-0.00876043979899823,0.9652692079544067,-0.13579221830372923,0.6652233141496038,-0.11441017273881905,0.9642531871795654,P3,P3/tom_1_frame36.jpg
-0.025329861520200198,-0.49444682799130907,-0.3141851069896215,0.9925140142440796,-0.014573586825967213,-0.5156748029872117,-0.3352924007733586,0.9872890114784241,-0.010364435194685417,-0.5145818206225823,-0.33530008077656215,0.9860427379608154,-0.005988044323518647,-0.5138332593144843,-0.3352531403420441,0.9853695631027222,-0.021677494187559838,-0.5200736921250245,-0.2933293731448425,0.98780757188797,-0.022240269526044715,-0.5221539851089596,-0.29343635144672775,0.9854857325553894,-0.02248768672468552,-0.524525544604432,-0.29356898287134686,0.9866966605186462,0.012580673795493415,-0.4984385813576337,-0.33103305824977136,0.9782464504241943,-0.00827789623304126,-0.5146064221266202,-0.14520484861908078,0.9764471650123596,-0.015158669227698941,-0.4631106303557278,-0.30571967208914064,0.9800628423690796,-0.025282251873784772,-0.47071071053839686,-0.2524222344214995,0.9835057854652405,0.04014194271950947,-0.3743918706928762,-0.3519661338695505,0.9921922087669373,-0.02779472827451097,-0.4255128400667551,0.007386059844432099,0.998911440372467,-0.077202578925498,-0.3053921725334436,-0.43792576474663214,0.9289441704750061,-0.11047490218197321,-0.409925938959183,0.010064485857949314,0.7064845561981201,-0.17917198909484566,-0.3608262444533346,-0.43530098821607466,0.9098160862922668,-0.16778467944859243,-0.4054501223204017,-0.24491869602183958,0.7888311743736267,-0.1995835255759134,-0.3694255536005298,-0.48507782956039786,0.8755812048912048,-0.17936204527370883,-0.4253272453005413,-0.2873834573036272,0.7505545616149902,-0.1946207776136865,-0.38595897526889905,-0.4939291447878161,0.8743985891342163,-0.17569591129632184,-0.4249155843819372,-0.312516697994923,0.7634782791137695,-0.1880732084094704,-0.37828024675466826,-0.43722812727720345,0.8196580410003662,-0.17207955393720856,-0.4140732044235714,-0.2673690502828198,0.7453256249427795,0.037895748919484266,0.006246232646984359,-0.05258166774251599,0.9976533651351929,-0.037895748919484266,-0.006246232646984359,0.0523899624343342,0.9993492364883423,0.04718428258654078,0.2912022671953223,0.0011847074651312982,0.9397621154785156,-0.07087438375469807,0.2904063511786746,-0.05107826329797361,0.9658563733100891,0.05262688734644068,0.554725165500353,0.1854302356887501,0.9721580147743225,-0.08811538546925747,0.5585956321770812,0.05914595927735895,0.9805710911750793,0.040791588135724234,0.5982828294786869,0.1910642669185412,0.8999127149581909,-0.0742590663283762,0.6004264745222431,0.058136963005854005,0.9259957075119019,0.09231765377816596,0.6404522293094697,0.015112897922299307,0.9674144983291626,-0.1352877497105778,0.6612097802087292,-0.11753691209870328,0.9673892259597778,P3,P3/tom_1_frame37.jpg
-0.024590268839811486,-0.49733826736708825,-0.2154717902583928,0.993190348148346,-0.013793691016399061,-0.5183259397770503,-0.22232114719931642,0.9884432554244995,-0.009638273207765415,-0.5171700696511928,-0.22233056483087063,0.9872915744781494,-0.005310326951679478,-0.5163557328165972,-0.22224969812726994,0.9866666793823242,-0.021132524552438674,-0.5228578065857692,-0.18807644462412354,0.9889435768127441,-0.021957688460045616,-0.524941857976643,-0.188154572526711,0.986823558807373,-0.02251326465622321,-0.5272805057470842,-0.18827222885561787,0.9879316091537476,0.01333305992201289,-0.5013964337151825,-0.1860804673079379,0.9801461696624756,-0.008804588585895142,-0.5175502344514832,-0.03381471482021333,0.9785947799682617,-0.014468365015700977,-0.4669479547347784,-0.19902083762034856,0.9817711710929871,-0.025046863806388712,-0.47399926221357114,-0.15532232248808725,0.9849823117256165,0.04191794211330791,-0.3880489595392333,-0.21284536016862152,0.9913952350616455,-0.03116973375808207,-0.4118788347129433,0.061127155666502175,0.998972475528717,-0.07148699883477823,-0.33988366816736243,-0.3232854128806718,0.9327142834663391,-0.11674076854942043,-0.3879007759896762,-0.07433248495646605,0.7221928834915161,-0.13031631646757402,-0.45909883932575046,-0.3223630615780463,0.9143849611282349,-0.16612208757115832,-0.43731207767513774,-0.4461684952673414,0.8011316657066345,-0.1687143066728347,-0.4446678885741832,-0.3667309973369058,0.879970371723175,-0.1740021466267215,-0.4622060170834319,-0.5096193394051834,0.7618961930274963,-0.1603991146001546,-0.4527798648149589,-0.3770290813431528,0.8784562945365906,-0.1692548915371505,-0.46090439789780685,-0.5225642583695693,0.7736390233039856,-0.15665948202136326,-0.4433007944263242,-0.32552309339036867,0.8244197368621826,-0.16478568080775144,-0.4477637908002079,-0.4651933923172604,0.755823016166687,0.038186958379821466,0.005615150699536142,-0.03976919655873461,0.9977685809135437,-0.038186958379821466,-0.005615150699536142,0.039498792011915355,0.9994015693664551,0.047239672727685686,0.29197457481307854,-0.008490125980232835,0.9450992941856384,-0.07067285419674492,0.29172702564079644,-0.031039682752952415,0.969024121761322,0.05270491010860379,0.5566956130221276,0.14460899780892444,0.9743525981903076,-0.08919579789137665,0.5626197517283709,0.0773953934392906,0.9822821021080017,0.04077911341597709,0.6003567779557759,0.1469727752798905,0.9035916328430176,-0.0765128748742081,0.6045188585785704,0.071157061402777,0.9290938973426819,0.09260549303816676,0.642847081431705,-0.02879935753847601,0.9698445796966553,-0.136114182032366,0.6639883188949693,-0.09444587922895552,0.9701505899429321,P3,P3/tom_1_frame38.jpg
-0.026221789534407496,-0.49681047359205627,-0.13600006288839822,0.9938392043113708,-0.01683671586432254,-0.5184038188238445,-0.14825476883583671,0.9895474910736084,-0.01289705094200071,-0.5176779046960406,-0.14825481668989277,0.988499641418457,-0.008797489667013263,-0.5171483198089197,-0.14819249475754395,0.9879313707351685,-0.023247436631031442,-0.5219766664550751,-0.11010809945974362,0.9900105595588684,-0.023809562276276487,-0.5238420813659019,-0.11016638570003094,0.9880876541137695,-0.0242026673954995,-0.5258601826182805,-0.11024363012219607,0.9890947937965393,0.01179194127393667,-0.5017207463821951,-0.13810709292829787,0.9820228219032288,-0.009755336453212879,-0.5156964277479038,0.03244942267653022,0.9806398749351501,-0.016133835488837928,-0.4671694798490913,-0.12877063100349906,0.9834489226341248,-0.025780383721262748,-0.47215408593965125,-0.07987989657047945,0.9863795042037964,0.041485127840716694,-0.39084915140928433,-0.18251114272411517,0.9911872744560242,-0.03192580160114658,-0.40909373360304296,0.12353743106735675,0.9990396499633789,-0.06751696867524967,-0.3393792428678745,-0.26830818535137174,0.9354733228683472,-0.12093440968769407,-0.42033752261610563,0.003974244961106143,0.7337908148765564,-0.1352565544193143,-0.45114034903492384,-0.20515480472977288,0.9151049256324768,-0.154893562033752,-0.48946806625646333,-0.3328802792217815,0.8049551248550415,-0.154189660771738,-0.4830396075863063,-0.24014648809219608,0.8779186010360718,-0.15639534992389192,-0.5247637504857163,-0.3690628586234415,0.7601891756057739,-0.14668301831572958,-0.49503751271754726,-0.2501524681397261,0.8758726716041565,-0.14928691701975344,-0.5290343102543764,-0.46441040639260023,0.7704152464866638,-0.14355731898437155,-0.48201744494875515,-0.20657232162718211,0.8202707767486572,-0.14877373012251102,-0.5156538057353017,-0.3845453047011209,0.7518880367279053,0.037979339693385364,0.004974142003633739,-0.04171396194898213,0.997879683971405,-0.037979339693385364,-0.004974142003633739,0.04145976120316417,0.9994518160820007,0.04645754709833209,0.2912235786387193,-0.01712791577115486,0.9497158527374268,-0.06980554105250839,0.2910306310846647,-0.031728250088114716,0.9719136357307434,0.05232949499915573,0.555123129318331,0.12250616818347722,0.9762557744979858,-0.0892834179791775,0.5630998262157152,0.07697957389183614,0.9838584065437317,0.04058617344618123,0.5986581973100616,0.12522192574355331,0.9061874747276306,-0.07715905052910842,0.604525615026911,0.07496934463168026,0.9326675534248352,0.09205110516576029,0.6403605187599059,-0.04664170146958472,0.9719321727752686,-0.13568558198329023,0.6620288353461962,-0.09016118100255213,0.9727096557617188,P3,P3/tom_1_frame39.jpg
-0.026246155150618428,-0.4984846877112885,-0.17491335571441305,0.9943945407867432,-0.016984084534595746,-0.5196491719377242,-0.18900303919865138,0.9904959201812744,-0.013188842399729622,-0.5183271205351798,-0.1890055085658474,0.9895329475402832,-0.009313752081725154,-0.5172399617128812,-0.18896144230994943,0.9890132546424866,-0.023305345928377144,-0.5248837205884423,-0.15032736409537834,0.9909303784370422,-0.023924376455915757,-0.5272434160181548,-0.1503801288963668,0.9891660213470459,-0.024395181226088213,-0.5296583615474532,-0.15047487293968756,0.9900938272476196,0.0110059217984495,-0.5008895008693824,-0.1781467610522806,0.9836525321006775,-0.010181822273832521,-0.5168328825477673,-0.004694171451223085,0.9824166297912598,-0.016559926907326133,-0.46786345114537636,-0.16675459836157133,0.9848700165748596,-0.025846914234926705,-0.4731506371458729,-0.11719414383506503,0.987581729888916,0.0405466907305942,-0.39005091873502157,-0.21569240593245192,0.990754246711731,-0.030790682949762806,-0.40988959174821443,0.09273209851786915,0.9991051554679871,-0.06720648878364757,-0.355124635193775,-0.2952781670291655,0.9367848634719849,-0.11919364621358543,-0.45111304840453026,-0.0299148382338383,0.748649001121521,-0.1256169960266706,-0.47381631481631437,-0.21263786243658242,0.9122332334518433,-0.1297382583570162,-0.534339517043843,-0.3324377781252935,0.8098540902137756,-0.13939453556593095,-0.5043916052209794,-0.24364084723959775,0.8713018298149109,-0.12800919151496296,-0.5610233396500035,-0.38473543856587905,0.7595522999763489,-0.13091896636754072,-0.5104742142238166,-0.2561690781544881,0.8684648275375366,-0.12094909545613289,-0.5649298466913018,-0.3982143280570326,0.7678874135017395,-0.12780571565801105,-0.49786756895190165,-0.21492253689773977,0.8109550476074219,-0.12019241762166784,-0.5554625796269906,-0.35088070107369174,0.7485486268997192,0.03783096034541966,0.004997616851110565,-0.04320257480691814,0.9979549646377563,-0.03783096034541966,-0.004997616851110565,0.04295962492048279,0.9994972944259644,0.04546668979474346,0.2906041806633447,-0.01121703974944553,0.953584611415863,-0.06929139940434767,0.2902145623140168,-0.03257441242098016,0.9745159149169922,0.052162530295058934,0.5549661571635847,0.12928884149304148,0.977756917476654,-0.08942614157864245,0.5642024189095586,0.07335416959495016,0.985252320766449,0.040469837650893604,0.5983923530843538,0.12856992107957363,0.9074363708496094,-0.07742406112191794,0.605242473274516,0.07148737578896416,0.9356741905212402,0.09180195958643476,0.6400803694015463,-0.03587389921986825,0.9735909700393677,-0.1355082295414362,0.6624461450089405,-0.09440233866075272,0.9749845862388611,P3,P3/tom_1_frame40.jpg
-0.02540919092968769,-0.4973348931942635,-0.15856914888651716,0.9948900938034058,-0.016359028273854534,-0.5188965620762269,-0.16895866771590112,0.9913490414619446,-0.012898003780214011,-0.517744440084742,-0.1689941330862771,0.9904617071151733,-0.009260657526161788,-0.5168032915785704,-0.1689743662874036,0.9899963736534119,-0.02199136941534457,-0.5238688612459694,-0.13234285050089334,0.9917410612106323,-0.022558751526028778,-0.526204055664625,-0.13237695979547895,0.9900979399681091,-0.023035324420257734,-0.5286246349965745,-0.13248657060392163,0.9909657835960388,0.010817751610144985,-0.5022104483217389,-0.14941019704463196,0.9851040840148926,-0.009258551620228532,-0.5170671041582092,0.015168136474369182,0.9839739799499512,-0.01666061952962931,-0.4671582822160065,-0.14776617052557064,0.986105740070343,-0.025750922028856954,-0.47228609934815347,-0.10077764184406288,0.9886299967765808,0.04012519777594905,-0.3898255236116376,-0.1890006223441966,0.990867555141449,-0.03027408889683421,-0.41011382137262553,0.11321901502108256,0.9991524815559387,-0.07074972856467644,-0.38142334182993415,-0.28025239812208647,0.939195454120636,-0.11432034798576053,-0.47366616970308056,0.01342692119995064,0.7610522508621216,-0.11225241217463448,-0.5018594001841983,-0.22362567243746592,0.9146396517753601,-0.11901843267686064,-0.5511211346669096,-0.24069999080615023,0.8154008388519287,-0.1221542542421414,-0.5350503921522516,-0.259510453124643,0.8730299472808838,-0.11765004052756345,-0.5742869933473636,-0.29247526760469805,0.7606784105300903,-0.11456718568727065,-0.541080749515127,-0.2745551248809877,0.8698123097419739,-0.11208240813202255,-0.5764363575212422,-0.2925354454621241,0.767596423625946,-0.11205349978693877,-0.5288650911649536,-0.22853747467312585,0.8127328157424927,-0.10998281991656635,-0.5684967092608794,-0.2548214461644218,0.7482967972755432,0.03785554170254961,0.00472061150305283,-0.044031581489891135,0.9980378746986389,-0.03785554170254961,-0.00472061150305283,0.043822051826448584,0.9995363354682922,0.0438555867830524,0.28927113172724905,-0.00917376098720753,0.9569157361984253,-0.06881229510608096,0.28986806033633017,-0.04115608260331812,0.9768510460853577,0.052246792327770374,0.5559292369891895,0.133298844048511,0.9790841937065125,-0.0901097685164177,0.5666674427888556,0.05752254137481215,0.9865108132362366,0.04054025269079441,0.5990908639519028,0.13606942654195087,0.909015417098999,-0.07849946239905839,0.607677982563745,0.05519977499192931,0.938405454158783,0.09156035481244318,0.6409782263790023,-0.03280457218890456,0.975027322769165,-0.13521093484365967,0.6642623986837064,-0.11465082365586986,0.977027416229248,P3,P3/tom_1_frame41.jpg
-0.04268343585318524,-0.46363356357436253,-0.5574557793051256,0.9950631260871887,-0.024945057089879444,-0.4848770365623421,-0.5483483034312173,0.9916372895240784,-0.015324902235379042,-0.4831231485570348,-0.5484705863291782,0.9906847476959229,-0.005247404763846176,-0.48163030951977337,-0.548600718356722,0.9903044700622559,-0.046670532043664496,-0.4926290985761035,-0.5054909439483569,0.9919816851615906,-0.0515300589872872,-0.49564192155710063,-0.5055951738482769,0.9901320934295654,-0.05592596401021109,-0.4985235332552364,-0.5058629599858815,0.991118311882019,0.012895858267112793,-0.47520612400320533,-0.2623716608470457,0.9853784441947937,-0.05097120096098208,-0.49922452593640587,-0.0706489606492286,0.9845519065856934,-0.025335028011325034,-0.443948469855662,-0.4720755967831707,0.9864810705184937,-0.05195875228134195,-0.4542188596866955,-0.41426436996125793,0.9889324307441711,0.07100283375076932,-0.39689293800595443,-0.32193028379000654,0.9913076162338257,-0.09414965525319789,-0.40277213229181386,0.058769249880305165,0.9991443157196045,-0.10001648715996418,-0.3189731896290482,-0.672028281048407,0.9409505724906921,-0.24046547603696683,-0.420713214826599,0.10465642652732757,0.7783065438270569,-0.21521364879922095,-0.4593868574229277,-0.837092074888087,0.9180971384048462,-0.3351077949903204,-0.6109972758621602,-0.06382655444897627,0.8254435658454895,-0.2574744744337782,-0.49533698287280353,-0.9282705729564904,0.8763346076011658,-0.33200993977217474,-0.6157654585602614,-0.11425184027128843,0.7669406533241272,-0.25108914210864575,-0.5155239630189198,-0.9313438996446894,0.8724861741065979,-0.31999148337360794,-0.609449427508405,-0.15805681045157893,0.772834062576294,-0.25787085547771654,-0.5162218814576692,-0.8421772643072191,0.8153870105743408,-0.31660399527385186,-0.6168493252415452,-0.09531552081009345,0.7550743818283081,0.07697706791399547,0.004742378684597369,-0.05519410626219205,0.9981337785720825,-0.07697706791399547,-0.004742378684597369,0.05498224517286594,0.9995419383049011,0.12767276442661646,0.30438970309219077,-0.40219119858855673,0.9588298201560974,-0.13907120499754444,0.2771383100931917,-0.3551816168516159,0.9783682823181152,0.11137221538407835,0.6095936879691981,-0.12639542487728989,0.9790593981742859,-0.16945629757311798,0.5780454197988465,-0.05095705208729118,0.9869341850280762,0.08462041948303317,0.6573252915136493,-0.11965339866967283,0.9055850505828857,-0.14546366694871474,0.6192019383104976,-0.04227910347745588,0.9368487596511841,0.19406096407675072,0.7121604881494848,-0.49008833533010676,0.9737419486045837,-0.2538842825625428,0.704420592286577,-0.39613572593414714,0.977108359336853,P4,P4/grant_1_frame237.jpg
-0.05334930949666451,-0.4700758521124469,-0.717398620370801,0.9953570365905762,-0.03497473293634783,-0.4942584339200689,-0.7285882714799603,0.9921863079071045,-0.025706798281889615,-0.49274788067450503,-0.7287123069366314,0.9912709593772888,-0.01619972380016864,-0.49121220041810554,-0.7288807978740116,0.9909319281578064,-0.05534973947867804,-0.5008033870687244,-0.669430756786302,0.9923635721206665,-0.059806884631512465,-0.5033005587264875,-0.6695082706154845,0.9904271960258484,-0.06414992516219699,-0.5055099361328234,-0.6697349469121736,0.9914286732673645,0.007129872636965981,-0.4847077037563922,-0.5964199278852248,0.9865009784698486,-0.05892857230050113,-0.5070128912902301,-0.31402998328461046,0.9856775403022766,-0.035379297805769504,-0.44667487363657243,-0.6564219634125638,0.9875895977020264,-0.060631877045631326,-0.45856748120006285,-0.5776733116047909,0.9897902607917786,0.07375937388435153,-0.3877670294537633,-0.6205006020016861,0.9920029640197754,-0.10233831613955056,-0.4117223351156311,-0.009723857434455462,0.9991948008537292,-0.1113204560394651,-0.34647381971576074,-0.9877617245171482,0.9443321824073792,-0.2461218037802472,-0.4794755536115256,0.08900674565016141,0.7934229969978333,-0.22947759182288366,-0.4717792901573693,-1.217668408371224,0.9231977462768555,-0.35058265251149506,-0.6054797815640102,-0.07104685641223896,0.8375176191329956,-0.270251198970769,-0.5008886322858562,-1.3327150601528237,0.8835952281951904,-0.3554239010156437,-0.6153153067337888,-0.11927866191659273,0.7795897722244263,-0.26564709079699966,-0.5254387216206597,-1.3309861618475851,0.8795268535614014,-0.3406744123050543,-0.6173299997935711,-0.17957911402255222,0.784845769405365,-0.26276854843366315,-0.5176439496200446,-1.2239027063540846,0.8233622312545776,-0.336894829996131,-0.6101334106105933,-0.11006292246203003,0.768864631652832,0.08049501238579375,0.008063171132272683,-0.08875898299258869,0.9982611536979675,-0.08049501238579375,-0.008063171132272683,0.08874666942428135,0.9995651841163635,0.13165547264412594,0.31806516794513706,-0.5346568688027196,0.9602493047714233,-0.15569782307032076,0.2548850654213181,-0.51025547538615,0.9800175428390503,0.1157356117577467,0.6020638410882936,-0.15164342657723884,0.9791595935821533,-0.17695207504220792,0.5417099607593604,-0.14797446643339343,0.9874985218048096,0.09066711953095614,0.634591389788965,-0.13818971182198087,0.8970428109169006,-0.15269551184989757,0.5907889447620025,-0.1335556528511446,0.9382341504096985,0.15979359248641642,0.6728534955514224,-0.5244984248862609,0.9729825258255005,-0.25324647772531617,0.6629751811483375,-0.48957927796327344,0.9780067801475525,P4,P4/grant_1_frame243.jpg
-0.037360535153105376,-0.4347417033861886,-0.589951762094219,0.9956064820289612,-0.01756710014153932,-0.4578617953487568,-0.6216873199334912,0.9925487637519836,-0.00828792544567116,-0.45733272129296804,-0.6221948240965346,0.9915606379508972,0.001134576358409959,-0.45731147333892025,-0.6227435364128827,0.9912498593330383,-0.04170348818498505,-0.464413119071332,-0.601333454036981,0.9927150011062622,-0.0483101853635634,-0.46783455477493496,-0.6017662684221596,0.9906702041625977,-0.05494469804562243,-0.4709741653425774,-0.6018614978889373,0.9917001724243164,0.0157606377210439,-0.4601859351951427,-0.29201694247661236,0.9869605302810669,-0.058012773834637495,-0.47673628854162775,-0.15580987879263716,0.9865517616271973,-0.02110894091807953,-0.4180366263015923,-0.4859710035033445,0.9882786273956299,-0.04977693807025308,-0.4251177967328307,-0.46837998331656655,0.9904454946517944,0.08243105140178329,-0.39466471388968855,-0.2785638325651534,0.9925951361656189,-0.11258756431661057,-0.4047666995091207,0.09169403258115749,0.9992312788963318,-0.09082798529049332,-0.3362466192346555,-0.5655721815585358,0.9463405609130859,-0.24509379779818982,-0.47471116535765917,0.09540902808625192,0.8086044788360596,-0.2243239871042602,-0.4535122103797047,-0.8390240139307603,0.9266940355300903,-0.3329718588017214,-0.5729940275196731,-0.1490416810663611,0.8484387993812561,-0.2691879474844982,-0.47980674667700574,-0.8851765661423846,0.8873959183692932,-0.33082163023982936,-0.6030408881140661,-0.21713356677595963,0.7910316586494446,-0.2581039200616231,-0.5046212663932722,-0.8955983012763655,0.8831947445869446,-0.31777660982156614,-0.6075372127415267,-0.26831153376776834,0.7955342531204224,-0.2559717200668018,-0.4969714878341683,-0.8361559908484917,0.8274070024490356,-0.3153099155198417,-0.5946429240215234,-0.18528001840398278,0.7806582450866699,0.07866874700506286,0.006495950266571928,-0.0655045328082125,0.9983897805213928,-0.07866874700506286,-0.006495950266571928,0.06569800589282489,0.9995942711830139,0.1283589547901574,0.31047510454562655,-0.335926966301716,0.963222861289978,-0.15365200418667485,0.25589323141230425,-0.4212485443007366,0.98180091381073,0.11109776079916607,0.5926752347012233,-0.030032556455631146,0.9806530475616455,-0.18077772181367993,0.5626339758401702,-0.05698384568410925,0.9885076284408569,0.08346408829494086,0.6358114144786821,-0.021159688517420262,0.9026853442192078,-0.15495592030007138,0.6034221923076137,-0.04320167820550446,0.9415357708930969,0.19224137934887472,0.6954094788484999,-0.3868908279626239,0.9744468927383423,-0.25836282316230785,0.6769643231028725,-0.3831486447345093,0.9795162081718445,P4,P4/grant_1_frame249.jpg
-0.040393786397207525,-0.4374706510028833,-0.5520237904947382,0.9954797029495239,-0.019094735708924542,-0.45851330390561523,-0.5986999323448211,0.9921085834503174,-0.010094692088549757,-0.4575390565001921,-0.5994458926605808,0.9908803701400757,-0.0009261126521907137,-0.45723356126634407,-0.6004393939672968,0.9906325936317444,-0.04310088491899576,-0.46521276304016684,-0.5711235963976699,0.9922749996185303,-0.04996823807282187,-0.4682489749147225,-0.5715727899148343,0.9896974563598633,-0.05731514172818429,-0.4709742362833971,-0.5713823046513761,0.9910547733306885,0.014562367344565,-0.4591924531838884,-0.3013238440431279,0.9860692620277405,-0.06116296972190862,-0.47654509590382715,-0.14355561190777463,0.9862102270126343,-0.023778953174814453,-0.41840415434918843,-0.4505691121423101,0.9878700375556946,-0.05209361205687923,-0.42537599200736426,-0.4254600031966725,0.9902694821357727,0.08132000734483598,-0.3881160989439386,-0.29017175978540505,0.9928732514381409,-0.11453035570865819,-0.4111942742913608,0.09676102647490459,0.9992609024047852,-0.08936813808528751,-0.32104571140699917,-0.5015442650730821,0.9471347332000732,-0.23785332634109516,-0.47954196564007423,0.09896977787401927,0.8232005834579468,-0.21442395983408963,-0.4435401866668007,-0.634384021946761,0.926884651184082,-0.31951393519980337,-0.5812591709366316,-0.12586788712566763,0.8595373630523682,-0.25566369847443826,-0.465709000256157,-0.7202454469895643,0.885810375213623,-0.3257059256759439,-0.6202028818477964,-0.1968940849527493,0.803176999092102,-0.25080683769362155,-0.49643835507904116,-0.7290667502262695,0.88118577003479,-0.31877696003798034,-0.6234324028913332,-0.23747014161553004,0.8069614171981812,-0.24294187573413695,-0.48832899693247805,-0.6410486315199724,0.8246206641197205,-0.3127834772841701,-0.6087333007577528,-0.15840775046679847,0.7930243015289307,0.0807423903060476,0.006656522934668348,-0.06520399055896048,0.9984254837036133,-0.0807423903060476,-0.006656522934668348,0.06541332057830918,0.9996079206466675,0.12110639733592203,0.31789917467803497,-0.2633136264463162,0.9647582173347473,-0.1561415662846187,0.2711736786609711,-0.33896887931208347,0.9831607937812805,0.11037812353549238,0.6034446712404419,-0.0026163803061611353,0.9811654686927795,-0.1883848553661672,0.5804969731641149,-0.033329303378362415,0.9891535639762878,0.08166709100547682,0.6415477568211566,0.0015154207952231711,0.902532696723938,-0.15740513564680378,0.615192374934662,-0.02523373784421511,0.9430058002471924,0.18438665440334498,0.6963841512968869,-0.3695414111089365,0.974299430847168,-0.27189897312267636,0.6865116492292578,-0.37178561375380687,0.9802517890930176,P4,P4/grant_1_frame255.jpg
-0.035734593235923005,-0.4352758229597607,-0.5603918560264095,0.9952160120010376,-0.015040520246553193,-0.4574531449696429,-0.5651559121586257,0.9915006756782532,-0.006532117426488648,-0.45702841696839197,-0.5655004295717635,0.9899318218231201,0.0019927156269474687,-0.4571582416864106,-0.565930332449667,0.9898507595062256,-0.03935959433097384,-0.463931055563197,-0.5298289374880215,0.9914873242378235,-0.04699447797210251,-0.46724743995188656,-0.5300234805071751,0.9880089163780212,-0.05515085980788321,-0.4700434258072127,-0.530101912231439,0.9898687601089478,0.01374110871911955,-0.4628556515088569,-0.31203138106341266,0.9846213459968567,-0.06330012618826678,-0.4755156638093186,-0.15586540887942085,0.9850612878799438,-0.021043765279160048,-0.41795104747285183,-0.45854067764113726,0.9869456887245178,-0.049438960330810064,-0.42419628267491954,-0.42492257661309285,0.9894995093345642,0.0826216925174869,-0.39737606133244685,-0.3075410435631326,0.9931024312973022,-0.11596316404547805,-0.4019288531253263,0.0847335677651021,0.9992177486419678,-0.0962686184815316,-0.3443719991038382,-0.5250953160991175,0.9479306936264038,-0.2357679624598707,-0.4792851086489313,0.11915332995831608,0.8336601853370667,-0.22297405022602645,-0.45599014265403326,-0.6613200628177357,0.9285427331924438,-0.3168283946913093,-0.5975413899110323,-0.07473928805747507,0.8682665228843689,-0.26044863105038224,-0.4959889636235027,-0.7603195283947306,0.8873729109764099,-0.3035278620331889,-0.6439012662906475,-0.14378520916488863,0.8126059770584106,-0.2570735764976454,-0.5500003802784715,-0.7679278907930154,0.8825317621231079,-0.29461543071848323,-0.6473500951786609,-0.18981968283200096,0.8157997131347656,-0.24990669576377392,-0.525876075614058,-0.6705403992932629,0.8261992931365967,-0.2942541596421831,-0.630385652821659,-0.10923558991067689,0.8026612997055054,0.08158412974866791,0.006193939237250143,-0.06530753361346038,0.9984716176986694,-0.08158412974866791,-0.006193939237250143,0.06552959242206445,0.9996126890182495,0.11862874300916211,0.31856540672566686,-0.354273058260018,0.9660857319831848,-0.15869043872995897,0.26282681030198013,-0.460053132371757,0.9844106435775757,0.10716056948772093,0.5967883806721408,-0.026480017674169423,0.9815842509269714,-0.18905460966191326,0.555020269375194,-0.08040236580763013,0.9896346926689148,0.0784570811595004,0.6308513593774017,-0.016392281917778702,0.9026297926902771,-0.15916089970362607,0.5910776455423143,-0.06462852915357137,0.9437365531921387,0.17984611071672854,0.7010814216348152,-0.3991806055071191,0.9739363789558411,-0.2691721146813148,0.6803908416871858,-0.42145275713165775,0.9807135462760925,P4,P4/grant_1_frame261.jpg
-0.0394915808828944,-0.42211518722617475,-0.7549789350909015,0.9954206943511963,-0.01731452742002503,-0.4459499111853527,-0.7439272800420594,0.9917900562286377,-0.007674882852186875,-0.4458029428617677,-0.7439935065088601,0.9901703596115112,0.001846824172033688,-0.44619109994213546,-0.7441820769769519,0.9901048541069031,-0.04341475383107909,-0.453869482040122,-0.7087529908657465,0.9917815923690796,-0.05065521179732513,-0.4581296841994908,-0.7088848605917145,0.9882618188858032,-0.05788361680581684,-0.4616907500082606,-0.7090983793863409,0.9901500940322876,0.01585871156567735,-0.45739769381888407,-0.5063897918486567,0.9849178791046143,-0.06537329883401521,-0.4714614866918891,-0.3443089060639084,0.9857635498046875,-0.022193253674904757,-0.40438036150510376,-0.6519638603850402,0.9868568181991577,-0.052494519070974396,-0.41326604820481516,-0.6068509355275641,0.9896594285964966,0.08444172600983897,-0.3945017962101678,-0.44437855541876864,0.9933153986930847,-0.11673989434223808,-0.40484595559900066,-0.09262340009512875,0.9992628693580627,-0.10047747349263898,-0.35751962817155425,-0.6861109265166134,0.9493269324302673,-0.2363637504310151,-0.48643249143887557,-0.18726163676131014,0.8462085723876953,-0.2256128361183978,-0.4678647804166414,-0.7952408036556544,0.9293306469917297,-0.29823974749083176,-0.6055459112468418,-0.45956184774426684,0.8770936131477356,-0.26242334671028444,-0.5199568214198088,-0.8841454288778489,0.8865163326263428,-0.283317602583344,-0.6582130921776892,-0.5370884160455303,0.8215899467468262,-0.2588375917783727,-0.5483482762194511,-0.8882657260060801,0.8812776803970337,-0.27322765692177037,-0.6565300521493332,-0.5573749695647185,0.8239513039588928,-0.2522673689844545,-0.5353268049888027,-0.8020119738796594,0.8246600031852722,-0.27424846468254394,-0.6386148856678844,-0.4854855890454074,0.8111985325813293,0.08235138025048941,0.006020646800829823,-0.057521201862373285,0.9985311627388,-0.08235138025048941,-0.006020646800829823,0.05748920239355039,0.9996352791786194,0.118009472559027,0.3157436877899745,-0.28620195313497176,0.9661926627159119,-0.16043154219742595,0.2742235811568576,-0.4743969975131246,0.985417366027832,0.10637370266503707,0.6067924203616922,0.006339815278244926,0.9811183214187622,-0.19340947142682974,0.5817065864274458,-0.16877875004929327,0.9900320172309875,0.07933788160851556,0.643084264965054,0.015169341917909182,0.9009252190589905,-0.16265667372090992,0.6213549853628426,-0.1607110930563085,0.9441075921058655,0.18236747170436068,0.7009006184905,-0.34079203443357114,0.9726645350456238,-0.278817378082459,0.6942035804367688,-0.527613560034516,0.981171190738678,P4,P4/grant_1_frame267.jpg
-0.04660696283939522,-0.43578759975251075,-0.6990387400176834,0.995566189289093,-0.026430003025156697,-0.4585231719021778,-0.7000448514896886,0.9919921159744263,-0.017400928128579237,-0.4575605573623605,-0.700279316934966,0.990389347076416,-0.008243452378125618,-0.45712571866189894,-0.7001204812907001,0.9903556108474731,-0.04989274460872868,-0.465912882692374,-0.6877966117469485,0.9918912053108215,-0.05674945470284998,-0.46939949489185456,-0.6878051674498263,0.9882451891899109,-0.06410892663478342,-0.4724139106653307,-0.6883788567176026,0.9902024865150452,0.008504825835507301,-0.46289807505464386,-0.46694551031222953,0.9852132201194763,-0.07125182825570295,-0.4789882825644842,-0.2170183424775865,0.986229419708252,-0.030586507166757176,-0.4157647732114908,-0.6551266276526718,0.9869451522827148,-0.05885050021108805,-0.42471018508985087,-0.5365306419298386,0.9897767901420593,0.08529310820308,-0.3936998114217426,-0.41190451844587317,0.9936090111732483,-0.12078817232546815,-0.4055123634248043,0.014690243889184685,0.9992879033088684,-0.10267058978713149,-0.34626098608192996,-0.6712487067884997,0.9508516788482666,-0.24736280815682332,-0.4873270885777366,-0.014820735706228381,0.8562580943107605,-0.22992857156665872,-0.4768431523276773,-0.7055031939936053,0.930665910243988,-0.28642044083324847,-0.6095896175033204,-0.18271013721433593,0.8825799822807312,-0.2663352425651422,-0.5340651953207857,-0.7911389874867606,0.8872102499008179,-0.27303971339660565,-0.6548113075496637,-0.25183180771326813,0.824339747428894,-0.25875580416532734,-0.5603414569369777,-0.8053237550617908,0.881608784198761,-0.2625257995311195,-0.6535953201143161,-0.26123661511867036,0.8255159854888916,-0.2508664664513505,-0.5437061662498991,-0.7167027396820781,0.8248406648635864,-0.2628229632570282,-0.6363269400696339,-0.20511615152643475,0.813062846660614,0.08458971186724773,0.00628798444022832,-0.058234383473983534,0.998578667640686,-0.08458971186724773,-0.00628798444022832,0.05819320507196475,0.9996461272239685,0.11536555477936959,0.3209470124520102,-0.30079973635500806,0.9675041437149048,-0.16720593004091666,0.28505512046179315,-0.38803459724709727,0.9864855408668518,0.1060215516440379,0.6196196769812473,0.01204352842780726,0.9816405773162842,-0.2005104076730402,0.5807322440124525,-0.053918945722053635,0.9905967116355896,0.077779241755092,0.6562792310449437,0.02146966080017488,0.9016700983047485,-0.17056877844685941,0.619233298826857,-0.03244733784636697,0.945681095123291,0.1835855946130048,0.717812499249252,-0.3549304602148034,0.9728788137435913,-0.28580560581880793,0.7032393288878528,-0.4462148136518114,0.9819600582122803,P4,P4/grant_1_frame273.jpg
-0.05728947978465528,-0.4285969052961054,-0.6769824155938942,0.9957125186920166,-0.039012046909719406,-0.4525416305153981,-0.6572167588684111,0.9922320246696472,-0.030069912717214573,-0.4522056383182068,-0.6577070839552563,0.9907063841819763,-0.021160466863832748,-0.4520511116241707,-0.6572940868168899,0.9906632900238037,-0.06128378810081316,-0.4579580753877892,-0.6647193787117498,0.9919270873069763,-0.06791176876749869,-0.4612292349526763,-0.6649896712233915,0.9882789254188538,-0.07488006992924358,-0.46426841067212715,-0.665198721550273,0.99021977186203,-0.0037039893516938108,-0.45938001813964024,-0.44481684624865225,0.9855462312698364,-0.08006821323945933,-0.476507803419649,-0.2145773210036046,0.9867433309555054,-0.04258114841143525,-0.4123803236195158,-0.6236452531759304,0.9873307943344116,-0.06983004454204167,-0.4197245406811754,-0.496793663407559,0.9900842308998108,0.08041240982216172,-0.3878909434849146,-0.3578457731271548,0.9940552711486816,-0.12194029601806021,-0.4110304760978254,0.013415693491983993,0.9993300437927246,-0.09153587693725085,-0.3216083589552484,-0.5181276820956091,0.9514185190200806,-0.2746571801321228,-0.49723653872150725,0.02293512955360961,0.8658115267753601,-0.19385509429891362,-0.4610223810754591,-0.5198764759379599,0.9297967553138733,-0.2927692332676221,-0.5993830117772116,-0.06898232802414254,0.8797206282615662,-0.22496379850446427,-0.5161285898937086,-0.5764901921427806,0.8837981820106506,-0.2832536965097895,-0.6411871015184074,-0.10972781785410982,0.8117279410362244,-0.23619133857276917,-0.5420797718814235,-0.5793816243215708,0.8776895403862,-0.27223643419611976,-0.6321112423022176,-0.11992846925321582,0.8109452128410339,-0.2297246031520343,-0.5235744896545373,-0.5219119387622443,0.8196637034416199,-0.27167588732147474,-0.6199643911471735,-0.08706334015776711,0.7987175583839417,0.08503141426345702,0.0061517386982767345,-0.05345632384984829,0.9986377954483032,-0.08503141426345702,-0.0061517386982767345,0.05342649816295331,0.9996530413627625,0.11152486091243397,0.31959014472097563,-0.22067970418589322,0.9698091745376587,-0.1755866410270175,0.2908297036125031,-0.24134215838905543,0.9875106811523438,0.09862679167143738,0.6188421991730512,0.08890654095977386,0.9828030467033386,-0.21399324304689327,0.5799306721362081,0.06242049925323165,0.9912429451942444,0.06994193427200424,0.6528674009241503,0.0992268584896763,0.9058402180671692,-0.18715198213341375,0.6177499176752411,0.07111006595987915,0.9467995166778564,0.1789638761904026,0.7111839147312912,-0.2710404673538582,0.974243700504303,-0.29584387518900684,0.6980050875420166,-0.3076699477908586,0.9830248951911926,P4,P4/grant_1_frame284.jpg
-0.08475720160138112,-0.42294063904948487,-0.6535540637306743,0.9961016178131104,-0.06484973205302183,-0.44848184333458546,-0.6659786369444154,0.9929547309875488,-0.05496372240738203,-0.4495623247235352,-0.6658888679505077,0.9915768504142761,-0.046519461233422515,-0.45083349882735385,-0.666003801477471,0.9915331602096558,-0.08582539951113485,-0.45298337327538446,-0.6227415869408901,0.9926493167877197,-0.08974469253804582,-0.4571906308929594,-0.6229429696025188,0.9893434047698975,-0.094471508127017,-0.46117499316101646,-0.6230884458345097,0.9911113381385803,-0.016584688830077583,-0.4701396754697752,-0.5676955320243028,0.9868918657302856,-0.09372400862005482,-0.4776484003092972,-0.3146468637691897,0.9879977107048035,-0.05917117921651149,-0.4095193776940658,-0.6016802007171448,0.9884862303733826,-0.08110907467736886,-0.40991211704241204,-0.5209581220316332,0.990994930267334,0.07751353432375223,-0.37550569343144746,-0.4377788495280453,0.9945604205131531,-0.12197176135090952,-0.4232580175930343,-0.062422612009855355,0.9993869066238403,-0.08972835883057444,-0.279804775029878,-0.436866087428009,0.9526819586753845,-0.30109337242015594,-0.5016600126471703,0.17943817624728148,0.8724587559700012,-0.2077415864183308,-0.43570011966357397,-0.1940269325023869,0.9248772859573364,-0.3118380968573699,-0.5771296424299013,0.3652602426256602,0.8642546534538269,-0.24040534951590672,-0.4824730189515421,-0.21151696354709462,0.8730990886688232,-0.30416470699943726,-0.6087303865981413,0.3725900934492153,0.7829407453536987,-0.22365426934061267,-0.5038651295529902,-0.22098244662253147,0.8661211133003235,-0.2935596822391329,-0.5991163398216183,0.35141078582518886,0.7801800966262817,-0.24774834698206072,-0.4999301003932715,-0.19059439723755978,0.8059249520301819,-0.2902960614125463,-0.5904819835074533,0.35144830023462514,0.7683552503585815,0.08749183605632377,0.007854122995075175,-0.05501486068918327,0.998741090297699,-0.08749183605632377,-0.007854122995075175,0.0550013779108361,0.9996772408485413,0.1130070790421508,0.3254880301173881,-0.22723400716423667,0.9721266627311707,-0.19039917291482522,0.30205779153000006,-0.25449503133113993,0.9884551167488098,0.09318911289895984,0.6243126771286445,0.14948056321235056,0.9839779138565063,-0.23460562181705796,0.6021971028011474,0.02277965614626428,0.9918715357780457,0.061824410722836655,0.6650614262329946,0.1698388364472012,0.9106582403182983,-0.2107823782925844,0.6479779617503766,0.02521800976314138,0.9476975202560425,0.17128003714210654,0.7356417665154437,-0.17135730686596756,0.9757165312767029,-0.31985847840329185,0.7287255701534604,-0.3656120149109583,0.9841338992118835,P4,P4/grant_1_frame290.jpg
-0.10245942042434447,-0.4303628454476956,-1.3087892632765918,0.9964533448219299,-0.07912324358781524,-0.45704698459448506,-1.3411447887718693,0.9936084151268005,-0.06819996247212763,-0.45644613281955343,-1.3408788311093325,0.9923622012138367,-0.05849670270535287,-0.456794240916759,-1.3410157251953596,0.9923163652420044,-0.10191506018235963,-0.46899711118590237,-1.2761571529987186,0.9933269023895264,-0.10589016240664555,-0.4757599447136383,-1.2765222505049665,0.990336537361145,-0.11058063760755475,-0.48187193705300574,-1.276759123417867,0.991935133934021,-0.023118460705840706,-0.46766047117739146,-1.213707301461834,0.9881293177604675,-0.1053848148817205,-0.49906472959683446,-0.9257007419211032,0.989131510257721,-0.07329454789634436,-0.4147511865890052,-1.2373236986746636,0.9895473122596741,-0.09993310229130051,-0.4232242872936527,-1.1548306092990976,0.9918206334114075,0.0789276206804079,-0.3633085843993293,-1.0671342162644977,0.9949237108230591,-0.1225694273397141,-0.43550014909794016,-0.6209849937145052,0.9994407892227173,-0.11443157032377939,-0.29028376958975316,-1.3873361254317174,0.955482006072998,-0.3233013926308302,-0.4713620648906775,-0.9837393598196894,0.8809462785720825,-0.2534626163811371,-0.4024935027532402,-1.5101993367088602,0.9276569485664368,-0.34526436377601283,-0.5138216743586503,-1.635629696632959,0.8662714958190918,-0.30896603690820884,-0.43517979736036316,-1.6072871674348106,0.8745813369750977,-0.34670972201934097,-0.5440642906742431,-1.7477350463079688,0.7817505598068237,-0.3060936382206022,-0.4781152501120438,-1.5975307720677394,0.8674538135528564,-0.3273805986825391,-0.538536020870238,-1.7486579277868026,0.7769603133201599,-0.29727991035194884,-0.4657919857590707,-1.5059086369849186,0.8052313327789307,-0.3239588757692357,-0.5300131404979445,-1.6596299286426672,0.7629047632217407,0.09356032601889898,0.009399338116131539,-0.04248721725766635,0.9988153576850891,-0.09356032601889898,-0.009399338116131539,0.041888594031760304,0.9997008442878723,0.12305114350555993,0.33984054737574854,-0.23969060289455385,0.9740946888923645,-0.20383564367053955,0.32197887550555593,-0.2800477904723743,0.9893395304679871,0.090988842625603,0.6650376923776832,0.13596511318084223,0.9849338531494141,-0.26001570411822894,0.6472298552604225,0.0173598561585027,0.9923658967018127,0.055511181121325553,0.7107919188098291,0.1494860696954325,0.9137832522392273,-0.2367371374588633,0.6958806710613626,0.013752722335973955,0.9466168880462646,0.1718673788200547,0.7814763900873989,-0.2378910539260915,0.9769721031188965,-0.3472826076888534,0.7721117998572508,-0.426000517536249,0.9850102663040161,P4,P4/grant_1_frame296.jpg
-0.08696538879118924,-0.029148878083493143,0.18455257518252496,0.9911720156669617,-0.07813194148930788,-0.04176193215917864,0.18428259566341074,0.9810559749603271,-0.07608292987898496,-0.04444791865491153,0.18419956600129672,0.9840909242630005,-0.07637557482745352,-0.048581936778243816,0.1842908844304495,0.9796878099441528,-0.08133910861742984,-0.04028678011180365,0.1978830602056903,0.9739984273910522,-0.08083418603773347,-0.04108541257791787,0.19818983333095294,0.9754672646522522,-0.08188584776060216,-0.04299576926724149,0.1976510279755029,0.9678001999855042,-0.0823464689216075,0.008231437879140184,0.12816032136271005,0.9793558120727539,-0.1110339093916675,-0.012657958959214455,0.18304891829604028,0.9668030738830566,-0.0702879635340559,-0.02255038055788306,0.15951139350605048,0.9809099435806274,-0.07363364359145057,-0.01852917486131364,0.1755417447162213,0.9755223989486694,-0.012524593230030034,-0.07299812412123798,0.07971176806261648,0.9953343272209167,-0.07172981852154935,-0.14955871416841715,-0.04821405396365698,0.999140202999115,-0.00844091117376815,0.014982931490133512,0.10663470396999288,0.9454256296157837,-0.1208321904756177,-0.1358958442623084,0.03507989912592862,0.8778154850006104,-0.031807424678065646,0.10161918345912474,0.08895440002255184,0.9316379427909851,-0.159909875537714,-0.12432209862927968,-0.00583811297153131,0.8635762929916382,-0.04288001051215222,0.1528752149260009,0.07877486227826813,0.883522093296051,-0.1664236749984228,-0.12264716422261539,-0.021364441252710854,0.7843643426895142,-0.04312466225703884,0.10840156027064786,0.08957220602487434,0.8771715760231018,-0.16162776244166685,-0.11370999196447187,-0.04459436093466511,0.7797117829322815,-0.03646503729313875,0.08758422423352942,0.09419815448492148,0.820870041847229,-0.1564070816348654,-0.10970632224613432,-0.018618940255957003,0.7678115963935852,0.013193942229098827,0.012020416106898187,0.008713791539483857,0.9989284873008728,-0.013193942229098827,-0.012020416106898187,-0.009209233398155506,0.9997204542160034,0.03328996029522248,0.4127285940596108,-0.10674469431119007,0.9695155620574951,0.0030026280459924167,0.48010608217822065,-0.13791374193554584,0.9864791631698608,0.04608199494225422,0.8340825110478775,-0.12909827433604187,0.9810807108879089,-0.006032234520033851,0.8397228484025677,-0.14956893757273046,0.9879633784294128,0.035317602150696036,0.8912311991675654,-0.1390528883109498,0.9181448221206665,-0.01347167804627714,0.9999092528277841,-0.1562438266472372,0.947069525718689,0.05925698127585545,0.9727530511370958,-0.2618645321998351,0.9690648317337036,-0.009797642121180608,0.9846937033915911,-0.2851149497186927,0.9725531935691833,P4,P4/rob_1_frame616.jpg
-0.055770651727186885,0.14257224447843736,-0.2997810683811602,0.9802404046058655,-0.047924077832002,0.13626205552033027,-0.31570095252024305,0.959201455116272,-0.044417017692629464,0.13605450160382643,-0.315561592150243,0.9650751352310181,-0.04086174570697106,0.13465859601196087,-0.31571473190071336,0.9561235308647156,-0.05794440494513665,0.12736428434007968,-0.30144453693162415,0.9559263586997986,-0.060481857077773385,0.12432412460067975,-0.30142612179670325,0.9608876705169678,-0.06296150614801965,0.12011358073075412,-0.3018331090667424,0.952162504196167,-0.028251854187031276,0.1149678293491879,-0.3217845649832388,0.9598408341407776,-0.05719200601245001,0.09269286936062836,-0.25846850354655193,0.956316351890564,-0.045101446873854735,0.13990780464457553,-0.2961781280514619,0.9531251192092896,-0.055750382290485796,0.1358567307277493,-0.2778257836253675,0.9504652619361877,-0.009769708636321083,0.030244908893570108,-0.217187509798288,0.9944546818733215,-0.1223861234745814,0.0232093682321914,-0.2017187165379653,0.9988240599632263,0.038899446833407694,0.05840407996231046,0.057670643663130655,0.9020385146141052,-0.15707569782319078,-0.04999028154669869,-0.01591460297571525,0.8404868841171265,0.016194544597598656,0.04866963503053401,0.0770753882726439,0.8995203375816345,-0.1295840114538909,0.037385505342014694,0.10706201370919684,0.827946662902832,0.012375194461859883,0.06827440045556894,0.0851117163857785,0.8550460338592529,-0.12736300551126573,0.04981655265232378,0.1245158450179309,0.7560271620750427,0.007791871992668237,0.040836744603658374,0.08653847372278056,0.8497710227966309,-0.10824413109409053,0.05659472901489534,0.11508485817102436,0.7539105415344238,0.005522078730790935,0.03289681620505524,0.08130233312210844,0.8007231950759888,-0.10824643298595565,0.05338979218281815,0.0640493978273656,0.7486823201179504,0.04613832127620423,0.018852078755865163,0.0009484646204214323,0.9990296959877014,-0.04613832127620423,-0.018852078755865163,-0.0013642059982116707,0.9997442364692688,0.006541880768474216,0.47578458359672227,-0.0687237569227502,0.960637629032135,-0.041926562518905336,0.54035034852112,-0.012882824560471753,0.9755545854568481,0.011624585889512774,0.859833629082938,-0.10598041226907949,0.9730413556098938,-0.05860523973474457,0.8696808667161048,0.059719599174199216,0.9811060428619385,0.0048949410804305605,0.9003001207742379,-0.09310534760188738,0.9123941659927368,-0.05556968377907487,0.9288316867936001,0.06163094071586678,0.9394600987434387,0.028558581278056838,0.9861975176125861,-0.20756406720756226,0.9595130085945129,-0.10374406038068695,0.9946040267039583,-0.08332695092231153,0.9646648168563843,P4,P4/rob_1_frame618.jpg
-0.04021213708283756,0.11615281558672284,0.5090332660037373,0.9687771797180176,-0.031025448141950577,0.11678829140671855,0.5322236007499193,0.9398419857025146,-0.032690003886556906,0.10926609391705262,0.5321307611015913,0.9504824280738831,-0.02968345231123726,0.10738043322050728,0.5321457736070515,0.9377511143684387,-0.04031912127592466,0.11297845827585191,0.5420274418960004,0.9341828227043152,-0.04604907635784064,0.10835621392873016,0.5421995552883646,0.9421563744544983,-0.049462797942066886,0.10330140368552065,0.5417408862778579,0.9277099370956421,-0.02634842583057989,0.08267872172012165,0.5228038482874333,0.942156970500946,-0.05096501288886977,0.07671911066602592,0.5661013927826225,0.9252084493637085,-0.031252082325022704,0.1191841844087562,0.49338454534957243,0.9274614453315735,-0.041285129389586686,0.11400599515921608,0.5060830032872204,0.9137187600135803,0.005958743093394612,0.037110334857242355,0.40096515073439615,0.9945376515388489,-0.06025617858081837,0.005274500740672603,0.46181893633128696,0.9980645775794983,-0.04567006685168173,0.03373821109328495,0.3499019618462211,0.8532568216323853,-0.11333499724385943,-0.028963205662764786,0.4649710159841623,0.7824344038963318,-0.037733498493959114,0.10219182844255364,0.3175942464284718,0.8748003840446472,-0.10344178829225484,0.02887190905568325,0.5729969226460746,0.764713704586029,-0.04429180955167687,0.12814423916657106,0.31099334100301357,0.8399416208267212,-0.10740926880380029,0.0350524321815622,0.6274405612915993,0.7027487754821777,-0.04571835118401851,0.09541035504456827,0.35034426819017706,0.8347105383872986,-0.10073342943781137,0.04259147453816852,0.6331071230956404,0.7010030746459961,-0.04221314011255493,0.08180709629603405,0.3311115449209018,0.7898991703987122,-0.09993368401845416,0.026630834525372602,0.5779460345639024,0.6992684602737427,0.02237998091825541,-0.0015335258254287395,0.003193702838893816,0.9991211891174316,-0.02237998091825541,0.0015335258254287395,-0.0034551235105868433,0.9997639060020447,0.018661122927543974,0.40983496972598643,-0.22780639614568923,0.9579269886016846,-0.011793110632986947,0.4789672037567661,-0.24790558529488427,0.9740496277809143,0.020369526760903544,0.8443634856924294,-0.3977553999149348,0.9702164530754089,-0.03001224868350133,0.8662899732176921,-0.37462222198825673,0.9781674146652222,0.025035104849696406,0.889187548034053,-0.41410083583856383,0.9149448275566101,-0.03872740993682775,0.9337107173326192,-0.3872669306558201,0.9393283128738403,0.05200945893255961,0.9832622722930496,-0.5236378620811387,0.9544813632965088,-0.0345975243340936,0.9994013264499662,-0.5048512384655502,0.9583801627159119,P4,P4/rob_1_frame622.jpg
-0.02821583389250645,0.11331890651505583,-0.09834247863426511,0.9679188132286072,-0.018405270514068157,0.11833615731943513,-0.10403857612208156,0.9390783309936523,-0.01422285530227734,0.11692835402206643,-0.10385900888628471,0.950033962726593,-0.010308757297160593,0.1149980920419259,-0.10385858584927991,0.9367480278015137,-0.027664959893939765,0.1157987015462761,-0.09783423559122098,0.9327383637428284,-0.030204331306365868,0.11287058307191955,-0.09767734473524806,0.9404688477516174,-0.032693768388563714,0.10906688974322819,-0.09776785070878677,0.9251919984817505,-0.003064128862318421,0.09116428297283882,-0.10592456288966197,0.942367672920227,-0.033000589944505866,0.09030722596475234,-0.07756312444919775,0.9250989556312561,-0.02093257339911173,0.11568938239876872,-0.09791035830659611,0.9248749613761902,-0.030532735731383657,0.11192591749468579,-0.09035582732932393,0.9106542468070984,0.04207337678655381,0.028828998094573986,-0.0266169894783142,0.9948382377624512,-0.059594579778869824,0.026749827088739988,-0.003313422623682399,0.9978390336036682,-0.018885138150468838,0.036623606562991545,0.11862975298260423,0.8193950653076172,-0.11539581068109046,-0.03032236661253841,0.16881792935923584,0.756660521030426,-0.024243564308313054,0.09267929821452112,0.24849527303102464,0.8637906908988953,-0.0913680750635338,0.04510235366832153,0.37715441126917837,0.7489081025123596,-0.024940729292241545,0.11196627362857871,0.25692338340506177,0.8328022360801697,-0.07856873130061512,0.0799962337551135,0.4172839888914377,0.6925250887870789,-0.024913910342502583,0.0929515744090138,0.2657827999600794,0.8286773562431335,-0.06914653185625386,0.0911870152254747,0.4011326595390024,0.6926854848861694,-0.02639067665348575,0.0845000293812762,0.25537773389876695,0.7892941236495972,-0.07281542803518583,0.06895410589187682,0.37509085272337095,0.696739137172699,0.03736671496200856,-0.006406312764251846,0.0027609926670756116,0.9992070198059082,-0.03736671496200856,0.006406312764251846,-0.002983762058124381,0.9997855424880981,0.023276421897012366,0.4184532312454141,-0.12642139221015783,0.9519609808921814,-0.016956600245668668,0.481560901876161,-0.06950734251220622,0.9662564992904663,0.031179966385083892,0.8448323880310034,-0.1365325114077689,0.9656490683555603,-0.045114326413740705,0.88313789394316,-0.010009108413453316,0.9728615880012512,0.035669586280670275,0.8822499312882315,-0.14090337763245758,0.9129703640937805,-0.04297698382883006,0.9329696736159837,-0.006795134655841165,0.932483971118927,0.058620924194061105,0.9755923918896906,-0.25560374740495995,0.9493886232376099,-0.08024210605504176,0.9967754031956504,-0.1310855108793136,0.9531048536300659,P4,P4/rob_1_frame625.jpg
-0.029996102688495063,0.07241242430448741,0.5786566029942924,0.9556249380111694,-0.0228377494978964,0.07392384204552199,0.6095201017275421,0.918890655040741,-0.019763908322085005,0.0725347182690141,0.6094589879954051,0.9328186511993408,-0.018267985139905626,0.06934011263448575,0.6093712076619765,0.9165963530540466,-0.02744814551022421,0.07458864507073858,0.6215456084057474,0.908061683177948,-0.029035972041493247,0.07277431867912267,0.6217121915385039,0.915503740310669,-0.031368601401853595,0.06931617254355067,0.6213359996095602,0.8950839638710022,-0.012302646480905007,0.052362664646612316,0.6341059101153411,0.9204039573669434,-0.04628061804430319,0.05275202362557031,0.6860080272625899,0.8862663507461548,-0.02397590132110156,0.07592097763152826,0.5739733892053704,0.8874453902244568,-0.03138190145237308,0.07564407057971252,0.5882960806093015,0.8607354164123535,0.03708283510704628,0.014806380991198565,0.5068470699798534,0.9945726990699768,-0.05747400706175663,-0.011037944677006924,0.5746197051603649,0.9957700967788696,0.007190838563992512,-0.0072263496988795445,0.5072868694004066,0.775196373462677,-0.0995235132844215,-0.07167646600899155,0.5868228340132579,0.6992358565330505,0.008065649386911814,0.05484545157733768,0.6090388393994945,0.8404204249382019,-0.09692701092175451,-0.05269935542551314,0.7525894101681972,0.6870737075805664,0.004091461291183699,0.07536563402208706,0.6230322880528156,0.8174586892127991,-0.0984408891721352,-0.03981147347162438,0.7990744832391112,0.6388693451881409,0.008396554643836669,0.03702996740623132,0.6444806145230675,0.8149729371070862,-0.09040772515861724,-0.03391901908947056,0.8040862082758645,0.6391185522079468,0.009741189751356873,0.027241662225909163,0.6178301062926232,0.7785419821739197,-0.08913730433299577,-0.040008114718555005,0.7573130561106984,0.6456841826438904,0.03522003003128684,-0.02244759251590723,-0.0011860344728581258,0.9992810487747192,-0.03522003003128684,0.02244759251590723,0.001073236796355673,0.9998003840446472,0.019618006767886224,0.42082061421323946,-0.15671281613974533,0.9546758532524109,-0.018207469910041955,0.4621396151611215,-0.11112003514565218,0.9678567051887512,0.024558044532339535,0.8590536878167185,-0.2608034503971169,0.9671578407287598,-0.03958683561835023,0.8703613907683869,-0.1758104916811829,0.9739527106285095,0.02459402116899475,0.9002616333427629,-0.2747897170231575,0.9186036586761475,-0.041489407845162946,0.9171804946080979,-0.18490599722994497,0.9355396032333374,0.060543392720644,0.9981655662253001,-0.3941060662395439,0.9509257078170776,-0.07968489192854328,0.9838399488102546,-0.29872728094863665,0.9534755349159241,P4,P4/rob_1_frame630.jpg
-0.021821400939048996,-0.23906771785701242,0.3827027667484325,0.9580368399620056,-0.010793914291233433,-0.23505893736857758,0.41812916616223117,0.925042450428009,-0.005966116006703728,-0.23463527885717173,0.418205350004243,0.937545895576477,-0.0013329267739363606,-0.23550110241241115,0.41799903951269457,0.9229437708854675,-0.023715872339317913,-0.23568442496906064,0.4226405276389273,0.9145383834838867,-0.028030218085146733,-0.23612849875839123,0.4227316494891768,0.920559287071228,-0.03299104763192592,-0.23815616739877893,0.42263239472333125,0.9021872282028198,0.0047453487779515035,-0.23418166134035598,0.5280639024917096,0.9268065094947815,-0.04219410554032007,-0.23502615673938948,0.5426512409859522,0.8940966725349426,-0.01389429790095161,-0.2248998469329757,0.4152916500030278,0.8913993835449219,-0.028926000645796056,-0.22329923935031465,0.4190277703466587,0.8656224012374878,0.05410658618728,-0.23920000221885002,0.48756281271278723,0.9946416020393372,-0.0701768124603777,-0.22952863775220644,0.5355763098233437,0.9950945377349854,-0.034580368719474106,-0.3219831243143578,0.648250054446592,0.7315295338630676,-0.13699875574292242,-0.37475943937361034,0.6213818889189301,0.669995903968811,-0.05463431282274128,-0.27495570172535355,1.0683154769376901,0.7910566926002502,-0.1253608024917961,-0.37670777059246935,0.8649988112068406,0.6496692299842834,-0.06679551130685761,-0.24319002720805316,1.1062818356854922,0.7699314951896667,-0.13004021656116543,-0.3608626103101518,0.9055746740158858,0.6039656400680542,-0.061709285479817064,-0.3005815229012533,1.1338978145033163,0.7681464552879333,-0.12898725295828248,-0.35650818090888536,0.9072696400172479,0.6047117114067078,-0.058873802549512695,-0.3092806719984317,1.0840257802011957,0.7373591661453247,-0.12927721629596164,-0.35751882015509506,0.8687614465150933,0.6142411828041077,0.031060144089344134,-0.021501769057231238,-0.005925046857667103,0.9993495941162109,-0.031060144089344134,0.021501769057231238,0.005783501449403023,0.9998162984848022,0.03281112762159724,0.407268860723275,-0.1544839018573941,0.9580246806144714,-0.03908401222524744,0.4183659750872648,-0.10770814321272645,0.9698011875152588,0.05041772804193423,0.8524027507051403,-0.10182971538910092,0.9685149192810059,-0.07552188077460235,0.8454766601968328,0.0012917287651281544,0.9748663306236267,0.03734008275243988,0.89784715936563,-0.09611685049010903,0.920421302318573,-0.07242680845670199,0.9059548463255332,0.009407979631989286,0.9340150356292725,0.09160040594116539,0.9957958453575781,-0.2520730175427226,0.9523308873176575,-0.09850624714941744,0.9899974084933417,-0.14819465806000034,0.9544873237609863,P4,P4/rob_1_frame635.jpg
0.003588030613720136,-0.37223925682997877,-0.0016112950888243491,0.9561412334442139,0.007385904797454689,-0.38160900698217726,0.019410630940504235,0.9257636070251465,0.009225557300903027,-0.3825987810905729,0.019509102045043376,0.9374964237213135,0.011321207819040927,-0.3846618051909232,0.01932951997488089,0.9228918552398682,0.0010374405090170422,-0.37862639535998904,0.0014204418906533895,0.915922224521637,-0.0017151946560829431,-0.3777761190817926,0.0013830404088714617,0.9209362864494324,-0.004645365279924742,-0.37850997475212744,0.0011420669124169458,0.9030506014823914,0.011244734678811935,-0.38448482676858264,0.1660403461477174,0.926189661026001,-0.010245650104852514,-0.37293555233154346,0.07127541367475525,0.8963738679885864,0.005314365997828115,-0.36808941521728183,0.055498088719575574,0.8816936612129211,-0.0032026410006826636,-0.36268258117684593,0.028475670990754584,0.8596713542938232,0.0076380831339642385,-0.4070688331611618,0.45546984543087105,0.9932438731193542,-0.05800977082635909,-0.39134377513045315,0.12303502719041903,0.9944316744804382,-0.017298845017502396,-0.41861492453305094,0.37626861942674783,0.6942460536956787,-0.14527875397138354,-0.5151437625059697,0.19752130809985402,0.679786205291748,-0.02520295282137873,-0.41181597694925814,0.5763758695486272,0.7486951947212219,-0.12922377123787634,-0.4932566882279853,0.41716635137159574,0.6506487131118774,-0.030747852312696326,-0.40160581802082823,0.5908973310694883,0.7292425036430359,-0.13301933769937713,-0.4829483317396776,0.45621317072002715,0.6031738519668579,-0.02613368107124168,-0.42262487043240493,0.5964785572918304,0.7276046872138977,-0.12351104463652446,-0.4798679204407553,0.46595744827543867,0.6039637327194214,-0.025253086097491387,-0.42541562280267625,0.5805488281719761,0.7015799283981323,-0.1209730276391639,-0.48389219013328433,0.42871733670615303,0.6138015985488892,0.021315554930300143,0.0009507815603080173,0.013181933208490192,0.9993529915809631,-0.021315554930300143,-0.0009507815603080173,-0.013378138090367708,0.9997968077659607,0.022944806827332815,0.3386194044090571,-0.022555361292998725,0.9606522917747498,-0.04289379231210487,0.3358525250274108,-0.09317158952965301,0.9711049795150757,0.032662227270541154,0.6626961799140055,0.06281985972779686,0.9684306979179382,-0.07235473138465211,0.6838221833146225,0.018337709202143174,0.9746115803718567,0.017935696777390667,0.7164197943626185,0.0672518452512671,0.9238840937614441,-0.0704609667736536,0.7357045537272122,0.028447244726903204,0.9337656497955322,0.06404350954808949,0.7819562410426915,-0.055795650602169254,0.9526471495628357,-0.0953518996337026,0.797559944714556,-0.11256202665722705,0.9544743299484253,P4,P4/rob_1_frame643.jpg
-0.016872679168743257,-0.4182678791517123,0.017723056183748555,0.956749439239502,-0.012064045628297337,-0.42489161008540915,0.04502956605165827,0.9291659593582153,-0.009583879642025143,-0.4262351481930152,0.04498951644035716,0.939746081829071,-0.00731246172536447,-0.4273454336887223,0.044783970233790625,0.9265320897102356,-0.019088885288562438,-0.42421758201911397,0.04173508349449505,0.9199536442756653,-0.021519276423313177,-0.4245304743934473,0.04175162884658252,0.9240912795066833,-0.024252681538787613,-0.4262261887197414,0.041542550539975326,0.9078483581542969,-0.0024056568623793077,-0.4262899771063835,0.16049567764471864,0.9289010763168335,-0.02789880427777626,-0.42018581904587604,0.15300234176659466,0.9002870321273804,-0.011538576349620055,-0.4093427888137473,0.06964727912174795,0.8824049830436707,-0.019943251470754573,-0.40501758394661674,0.06370245323258672,0.8614403605461121,0.01010720477325227,-0.4157474338240551,0.2799204023234541,0.9927945137023926,-0.05193270619995341,-0.383158460152454,0.17696309380120895,0.9939789772033691,0.03626626312531166,-0.37676430614931306,0.2891079209939792,0.6807621717453003,-0.13872679948519903,-0.5051887834432957,0.15674893312896201,0.6986639499664307,0.025942346306204435,-0.41089430922401843,0.2838313272725369,0.722088634967804,-0.14849798572233416,-0.532988497478197,0.21048762409550315,0.6634048223495483,0.019281628828992446,-0.41215767153232763,0.27350884626645433,0.700302004814148,-0.15241672149427107,-0.5538705792253408,0.20958162607694433,0.6088674664497375,0.022300971322283987,-0.43287281608513806,0.2593303649455255,0.6994886994361877,-0.14436843431003019,-0.5480076377529758,0.2122474331152179,0.6098622679710388,0.02487938520779007,-0.4326056399975098,0.2731831655841147,0.6764926910400391,-0.14135292065147106,-0.5318401533652496,0.2086614996582229,0.6199163794517517,0.0203950539691801,-0.004989967153373319,0.007120961957967071,0.9992733001708984,-0.0203950539691801,0.004989967153373319,-0.0073861763660503805,0.999734103679657,0.008059697111743503,0.29890786177995476,-0.05852894610027145,0.9623705744743347,-0.03032283954687118,0.2906645337544444,-0.08820280773208432,0.9714840054512024,0.001372024638015281,0.6051403609797231,0.03236030608929418,0.9667904376983643,-0.05051626707904206,0.6076922027521862,0.0018869121242646946,0.9741780161857605,-0.009005802174124413,0.6589103718143754,0.037044514466044995,0.9239315986633301,-0.05178575552292314,0.6615809074635435,0.007957217153619434,0.9315164089202881,0.03304161851366778,0.6973348725016574,-0.0938113135643932,0.9506062269210815,-0.09056036485813761,0.7039486484650499,-0.14105234755288928,0.9540677070617676,P4,P4/rob_1_frame647.jpg
-0.023397757888076385,-0.4782618678898298,-0.2240158918778332,0.9537939429283142,-0.01710426143602854,-0.4835081580679966,-0.20038575581570656,0.9274432063102722,-0.013718450654655106,-0.4850006127977271,-0.20036667200806968,0.9357977509498596,-0.010312526145867574,-0.4872099724704301,-0.20048480986486936,0.924424946308136,-0.02506881282388152,-0.48454930599024687,-0.19902046588670552,0.9171921014785767,-0.027276556936149617,-0.4856539454375875,-0.19911424916994958,0.9196529984474182,-0.02980733235736946,-0.48804707510975665,-0.1993016541803942,0.9060015082359314,-0.003627983290560062,-0.4876317145219522,-0.03610188397232633,0.9239193201065063,-0.03276930085865542,-0.4825574007520771,-0.03094947804993079,0.8943421840667725,-0.014381234323059473,-0.4679501495241796,-0.15807631815784098,0.8772789239883423,-0.025299595632002334,-0.464341876070925,-0.15683997014604778,0.8580323457717896,0.04456127647275285,-0.3829416212260639,0.08077398284228472,0.9910717010498047,-0.061748981605242295,-0.41687372170771514,0.0534601771408587,0.9939859509468079,0.0003488802759096232,-0.2560035644035943,0.1887626870450745,0.6800391674041748,-0.1494633312976958,-0.5630841220698053,0.08297629968121695,0.7269918322563171,-0.03138928913519166,-0.23135689752134364,0.214463406138549,0.702211856842041,-0.15444927391178367,-0.6562748177463508,0.12395154189982634,0.690764844417572,-0.04430569481195682,-0.21720507278003537,0.19628136394740953,0.6741923689842224,-0.1448349929858658,-0.7208885111147,0.10692394890368498,0.6321278810501099,-0.03763860000934588,-0.24220926318652217,0.1605939671505275,0.6753244400024414,-0.14942956608460706,-0.6746543218116419,0.09465979546073938,0.6327505707740784,-0.034501100866811574,-0.24885018591008826,0.19850663689039594,0.6526684761047363,-0.14586095464002838,-0.6700828512271192,0.11506043631081872,0.6423521041870117,0.032542960841730494,5.250571413319174e-06,0.003985552252433457,0.9990353584289551,-0.032542960841730494,-5.250571413319174e-06,-0.004235629963880776,0.999664306640625,0.021383154025796693,0.30577187293594665,-0.04109457912416933,0.9644275307655334,-0.052039059501580276,0.28661746530807136,-0.07554181367204396,0.9730740189552307,0.024070638809198675,0.6214720917463494,0.18600450129814164,0.9670314788818359,-0.08535652001578621,0.6159652924480603,0.13358410895041636,0.9748601913452148,0.007420915301520089,0.6753998221743115,0.1993166385034276,0.9234926700592041,-0.08064401100529964,0.673387964764771,0.14437623440587977,0.9274176359176636,0.05846915158839616,0.7155007786204606,0.006724973517346658,0.9505278468132019,-0.11884264503939232,0.7111537901583628,-0.07207427067854531,0.9551165699958801,P4,P4/rob_1_frame649.jpg
-0.024452338135830625,-0.4921049610219021,-0.329640081771324,0.9575318098068237,-0.021880943756879524,-0.507050518243226,-0.3117339153084899,0.9335688948631287,-0.020687699364668737,-0.5084324185198025,-0.3117420884944914,0.941096842288971,-0.019449206910304558,-0.5105050243505475,-0.3118091045433024,0.9308676719665527,-0.023852128705968926,-0.5074051652168607,-0.31311053664448174,0.9242905974388123,-0.024258953625149838,-0.5083088220112898,-0.3131686253729219,0.9264792799949646,-0.02488508897170483,-0.5102533472913267,-0.3134046082844588,0.9143654108047485,-0.015492814189260204,-0.5063175811643811,-0.17540698680101593,0.929777204990387,-0.024209547632960734,-0.5009280070296531,-0.18245270115658785,0.9033244848251343,-0.019823502141558983,-0.4752017525061148,-0.2722468078936572,0.887080729007721,-0.023702606280762956,-0.4729166030753088,-0.27498684302317455,0.8699791431427002,0.021276902509141774,-0.3967893066354907,-0.10392206001009555,0.9903165698051453,-0.056216314711429224,-0.40244735260566217,-0.08638770217329841,0.9936696290969849,-0.0229840181369432,-0.327995620442198,-0.06835438763671278,0.6808818578720093,-0.160681779489575,-0.5265080002495821,-0.15091478145366638,0.7458898425102234,-0.048103867099586195,-0.48015930955732783,-0.0915958356551933,0.6778603792190552,-0.13979144218169498,-0.6957851586954427,-0.25416668097565226,0.6994550824165344,-0.058829451446817324,-0.5015333527260295,-0.1222769466136224,0.6456165313720703,-0.12903259439417814,-0.7460378195790752,-0.27739253166099637,0.6353673338890076,-0.05105143185470978,-0.5156683581745085,-0.1334512307195363,0.6464036107063293,-0.13242106278916752,-0.741447464819644,-0.2977670818243477,0.6352605819702148,-0.046849802789598056,-0.5081112795705733,-0.10090855945268987,0.6259972453117371,-0.136499666042046,-0.7244847408347179,-0.26593749555862667,0.6430860161781311,0.010649233337849779,-0.002113614434822677,-0.013979126383910767,0.9988839626312256,-0.010649233337849779,0.002113614434822677,0.013625111252585453,0.9994778633117676,0.01402147765289589,0.29507484250823107,-0.06205510325059194,0.9634261131286621,-0.021791181384931992,0.28642748942649904,0.014783180117199353,0.9716037511825562,-0.038303462949322,0.6203488939219527,0.07525984828611668,0.967727541923523,-0.016404786843760743,0.6193880044435025,0.12465830932253426,0.9729270339012146,-0.04188091334083672,0.6807707918084296,0.0634740682123152,0.9268352389335632,-0.02339116916828378,0.6774718412012679,0.13077992372766814,0.9263625741004944,-0.04073821633337386,0.716381913531585,-0.11129470180573067,0.9501488208770752,0.012076789316779194,0.6992166738955077,-0.022882271143128016,0.9509052634239197,P4,P4/rob_1_frame651.jpg
-0.034839577108312786,-0.4683252634976313,-0.4937675958836791,0.9617248773574829,-0.022340826378673212,-0.4940116618678692,-0.5076319218244842,0.9401463270187378,-0.01736065537781121,-0.4924662372809008,-0.5076352597407047,0.9468998312950134,-0.012422131771992941,-0.4907881534914842,-0.5077009156340677,0.9377028346061707,-0.03355353004782996,-0.5042531850323075,-0.4699523292281193,0.9317939281463623,-0.03619605726335487,-0.5085097325442847,-0.47001394287431636,0.9337185621261597,-0.038915264682695586,-0.5123073625105814,-0.4701363739665111,0.9228423237800598,0.004662854598330261,-0.48715398955073413,-0.46543208633472927,0.9367101192474365,-0.029084642067298973,-0.5140966693432324,-0.29251574626021326,0.9128883481025696,-0.023535616647074913,-0.4450320591881786,-0.46813883015864144,0.8982241153717041,-0.03879142492860966,-0.45577157495423554,-0.41872759510164104,0.8828371167182922,0.03840128683092057,-0.3718828195180415,-0.49002462812337727,0.9905664324760437,-0.03661828835369531,-0.4281151935522599,-0.1344886714562203,0.9942731857299805,-0.08514669050502235,-0.37816735018397174,-0.7165258540768831,0.7119272351264954,-0.12040170037889639,-0.49278196128303375,-0.18035405954843106,0.753763735294342,-0.15475473791922767,-0.5354758696195796,-0.7796536893146218,0.7078814506530762,-0.1840412473601504,-0.5763122428910058,-0.39410228661248065,0.7217501997947693,-0.16509682729346284,-0.5792722090014009,-0.8502092762122412,0.6768071055412292,-0.19058570676808886,-0.6127446491212338,-0.44145733465461967,0.6596466898918152,-0.14975429443636645,-0.5927505309609367,-0.8435053930259221,0.6772177219390869,-0.18426436715448027,-0.613602340474458,-0.47503233148474794,0.6598473787307739,-0.15308565731668086,-0.5753307730298649,-0.7812134455051788,0.6554086208343506,-0.18210409227509414,-0.600731519267038,-0.42027608199706856,0.6669544577598572,0.037943165485439495,-0.0009449058981392993,-0.06302854754172361,0.9989011287689209,-0.037943165485439495,0.0009449058981392993,0.0626409894389113,0.9995036721229553,0.04679776914875237,0.2840744317465403,-0.1787385080977493,0.9643740653991699,-0.07455955520789016,0.2660226133495106,-0.02693187749940877,0.973185658454895,0.06047783598957362,0.6033037971265113,-0.08692926025906335,0.9693887829780579,-0.0958813678237139,0.5907605816780456,0.05540033717011033,0.9746848344802856,0.0504404463070187,0.6536403086844281,-0.09416619947885767,0.9177900552749634,-0.07926675203270817,0.6468712595740994,0.057443015576781525,0.9273564219474792,0.09506354772662717,0.6856698503045033,-0.3176429977289044,0.9517077207565308,-0.14601264346870207,0.6663852690141793,-0.13218621359507823,0.953769326210022,P4,P4/rob_2_frame40.jpg
-0.03891741465815637,-0.4567183235812941,-0.44553720466211905,0.9654069542884827,-0.027561856299553097,-0.47796115063976435,-0.4577318507139636,0.9459157586097717,-0.02223374504319717,-0.477663377539613,-0.45774975594522016,0.9519592523574829,-0.01649314581524967,-0.47737737940510167,-0.45779606676369045,0.9436845183372498,-0.03825619571134668,-0.484268647698004,-0.42298125649985274,0.9383819699287415,-0.04063862329535382,-0.48778644903077395,-0.42302486635970976,0.9399717450141907,-0.04295440700166709,-0.49124713571062045,-0.42314753236774194,0.9302288293838501,0.002194817177857999,-0.4812480655328736,-0.41292388810304853,0.9426684379577637,-0.033782558507972835,-0.4963088535432984,-0.2535052382194965,0.9211617112159729,-0.028437695238644683,-0.43493293766790075,-0.41906052676811123,0.9077548384666443,-0.041575886282010255,-0.44463684466056086,-0.37362311940890447,0.8939695954322815,0.03665747099508387,-0.3733468932819602,-0.42457051268704427,0.9899067282676697,-0.03384325420714759,-0.42664815681764545,-0.11020199446738008,0.9947590827941895,-0.08493149185522242,-0.3967624442837888,-0.5781480816126651,0.7384721040725708,-0.09856690206622751,-0.49435087098362024,-0.10117264430142334,0.7654268741607666,-0.15591893586913616,-0.5523193910030468,-0.5916214950025727,0.7335257530212402,-0.16537156266721278,-0.6000979528708219,-0.2505240172152809,0.7454876899719238,-0.17088006154151605,-0.5928656961399559,-0.6492473878001578,0.7027614116668701,-0.16885422119016055,-0.6402057922768926,-0.2913756520668885,0.6871213316917419,-0.15907808631548254,-0.6124274951140823,-0.6552047313698584,0.7027350068092346,-0.16137517574644997,-0.6438928435668113,-0.3260251272461742,0.6875970363616943,-0.1575897063803194,-0.5927355645609251,-0.596633685144724,0.6795857548713684,-0.1606413647434273,-0.6311202530674248,-0.2752922629167675,0.6937033534049988,0.03918107677537147,0.0043572835480558585,-0.06090795582824153,0.9988681077957153,-0.03918107677537147,-0.0043572835480558585,0.060533683386242855,0.9995153546333313,0.046300196722975806,0.3059999773045477,-0.16487642232727,0.9658260345458984,-0.0785345900320984,0.278389625141354,-0.0438869243433443,0.9752132296562195,0.059363610664958086,0.6164129568089937,-0.07151239352911373,0.9711637496948242,-0.10012392883715727,0.6033265998927233,0.05476623389837293,0.976629376411438,0.04441850865716032,0.6687338634116085,-0.07700074901825338,0.9138588905334473,-0.08378458592361641,0.6583638818162048,0.05322658885829433,0.9298020601272583,0.09946635163229808,0.710246322687981,-0.2866339219602598,0.9540233612060547,-0.1559152334314865,0.6814684280554619,-0.1333018519638761,0.9570704698562622,P4,P4/rob_2_frame43.jpg
-0.03739270585946922,-0.4557994367502433,-0.28456070040585496,0.9685896039009094,-0.024895644956467854,-0.4746418817095077,-0.29821215888293695,0.9509743452072144,-0.019551321963455926,-0.4729104206187846,-0.2982729103215541,0.9563521146774292,-0.01411741990706978,-0.47171775655219544,-0.29831926297783706,0.9489186406135559,-0.0360182383783542,-0.4847513900327907,-0.2605311467158093,0.9441930055618286,-0.0384427648667807,-0.4893041707785644,-0.2605613571046318,0.9454395174980164,-0.04075125941405804,-0.4935992764467395,-0.26069542509880933,0.9367564916610718,0.0038813586117043904,-0.4760106377738304,-0.277697140546087,0.9477695822715759,-0.02767860793874475,-0.49947446060055306,-0.10615577426192688,0.9284965395927429,-0.027409029066147436,-0.43410645373002243,-0.26806429504425533,0.9158941507339478,-0.04022653051128611,-0.4457342971174101,-0.2193948175695956,0.9037151336669922,0.03501495286856295,-0.3789940472123046,-0.30904833978273283,0.9887517094612122,-0.032518883369790606,-0.42100205880137925,-0.0505832868190107,0.9951704144477844,-0.07442649426367395,-0.4155058121216917,-0.4328874870861003,0.7604740858078003,-0.0941994793188485,-0.5044910685100396,0.11235897410014961,0.7671335935592651,-0.13955991220448227,-0.5768640378960805,-0.4027653847431609,0.7522287368774414,-0.14321401654802923,-0.6228284380774575,-0.1571398635118494,0.7623212933540344,-0.1518120435073584,-0.6245918831022176,-0.45214160495573713,0.7198134660720825,-0.1436498878295481,-0.6589175581442132,-0.056086496166669386,0.7058677673339844,-0.14008927036086483,-0.6325269348123125,-0.46042658615467064,0.7190459370613098,-0.1330633259036648,-0.6644551675055125,-0.05351821482058471,0.7067102789878845,-0.13812388166236375,-0.6170546165416634,-0.40669649280113523,0.6920637488365173,-0.1326435067093412,-0.6515786581068826,-0.06976538447439863,0.7111504673957825,0.040017913497924676,0.00578037463506106,-0.06870360954764082,0.9988632202148438,-0.040017913497924676,-0.00578037463506106,0.0685343411899696,0.9995379447937012,0.047025040339798437,0.3065438233991255,-0.14878088940536702,0.9675886034965515,-0.0805662673154136,0.2872931023194757,-0.04747273650858401,0.9773744344711304,0.05538451043773909,0.6165735950073968,-0.0471355524972187,0.9732798933982849,-0.10222714616124398,0.6094622197790192,0.04855065370280221,0.9786879420280457,0.04246492493245987,0.6650899764519341,-0.04943986117718904,0.9169343709945679,-0.08843738121752286,0.6598877775567857,0.04579705942687318,0.9337559938430786,0.09738254207747132,0.707801394109115,-0.24067733008297926,0.9571725130081177,-0.15611598684151742,0.6853206564127918,-0.13986596899432946,0.9606159329414368,P4,P4/rob_2_frame46.jpg
-0.035671261513986315,-0.444049651726356,-0.21505311947793374,0.9715547561645508,-0.023668770949984777,-0.46130968214693174,-0.2162206045924078,0.9556747078895569,-0.01758329579743617,-0.4597686006136524,-0.21626973868356072,0.9604897499084473,-0.011533404070901459,-0.45863235443713235,-0.21633738856906387,0.9538094401359558,-0.03483688337177352,-0.46992867358819707,-0.19906926025917931,0.9495043158531189,-0.037060079084787666,-0.47401568423322127,-0.1991259898158518,0.9504660964012146,-0.03943672093390158,-0.47828380387709357,-0.19936110937204243,0.9427137970924377,0.006140682660683116,-0.46258004592083635,-0.18485470119137812,0.952678382396698,-0.0331742743901809,-0.48499719054882084,-0.022194796241201055,0.9351898431777954,-0.02407933984880952,-0.42537976104451225,-0.19001533236531148,0.9237775802612305,-0.03813538421110781,-0.4357292182332571,-0.21149443700162826,0.9128416776657104,0.03879231809269983,-0.3782767623910927,-0.21744481926355436,0.9893983006477356,-0.033573612639599265,-0.421706215623686,0.11692557150160106,0.9955766797065735,-0.07355336502663976,-0.40549867437853115,-0.3245952039675035,0.7802792191505432,-0.09170865553094709,-0.4818828132510701,0.21835228528993025,0.7694903016090393,-0.12396999634175163,-0.5671991604659501,-0.28435111755864556,0.7716696858406067,-0.12950493323866338,-0.6046364711534299,0.1369585231464629,0.7771008014678955,-0.13497230891309359,-0.6120885390126914,-0.327599314020688,0.7392464280128479,-0.1288075690192084,-0.6484084887472582,0.12535650867399062,0.7217852473258972,-0.1238608817164665,-0.6203152852462687,-0.33476207444037315,0.7381477355957031,-0.12149564784280223,-0.6519774118025619,0.09972671856594953,0.7226405143737793,-0.12147324565267055,-0.6037769718217555,-0.28730409860269046,0.7092697620391846,-0.12163207067874918,-0.6353386431745427,0.12658079723098853,0.7253228425979614,0.039047667594992216,0.006654809968770881,-0.07183693759091815,0.9988923668861389,-0.039047667594992216,-0.006654809968770881,0.07190876941560816,0.9995551705360413,0.043030055874493836,0.30182500318739114,-0.14743827064549203,0.9694423079490662,-0.07848805326712115,0.2867871636322511,-0.020048935001656783,0.9792637825012207,0.05248756306564796,0.6023569448673406,-0.04078722869077394,0.9753032326698303,-0.099240520109675,0.5965665402507743,0.09675348541004747,0.9805092811584473,0.04323882773609029,0.6513740008316934,-0.04236992642983059,0.9204616546630859,-0.085087301075671,0.648633604159175,0.0948201291147395,0.9370343089103699,0.09114889632106078,0.6959668902341064,-0.23008884589772496,0.9602053761482239,-0.15490393350140338,0.6749979674014148,-0.08488278503911274,0.9637415409088135,P4,P4/rob_2_frame48.jpg
-0.040638546674240515,-0.4459756252814395,-0.4220521492354974,0.974290132522583,-0.02580757860707207,-0.46306069401782457,-0.4327333328307247,0.959956169128418,-0.019015736913069327,-0.461360146615682,-0.43267933717186163,0.9642651081085205,-0.01216589876765268,-0.45983413002842705,-0.4327078841803636,0.9582540392875671,-0.03902102323781492,-0.47146235837462114,-0.399465990741686,0.9543789625167847,-0.04172062569408544,-0.4750000215862814,-0.399577050336406,0.9551569223403931,-0.04464511480531983,-0.4785317287308359,-0.39972125935511876,0.9482197761535645,0.005823228760637719,-0.46302676248400976,-0.3792363291414755,0.9571520090103149,-0.03814265374544664,-0.4852507740491013,-0.227190239119909,0.9413728713989258,-0.027377573831239375,-0.42564979425427346,-0.3929641012236058,0.9308954477310181,-0.0444106021833163,-0.4384248362486542,-0.3526035043476352,0.9211694598197937,0.04165565041656778,-0.37432143069561696,-0.3599455903825421,0.9894309043884277,-0.047674045658934454,-0.42565593080826125,-0.10169243082854232,0.9959720373153687,-0.07561576132099146,-0.37962828648687136,-0.4594586571515866,0.79897540807724,-0.13125553535441428,-0.5009758139673715,-0.20234230926439628,0.7807137370109558,-0.14177419051240644,-0.5195787172190276,-0.3988736327949834,0.7885298728942871,-0.1580610259320283,-0.5710111013840063,-0.43457264456397326,0.7831396460533142,-0.15506867375316435,-0.5587638030325747,-0.4319447856432952,0.7537820339202881,-0.1542093757079934,-0.6064044586183402,-0.4805087519550455,0.7225500345230103,-0.14368410269766146,-0.5720790422647618,-0.43965789254528664,0.752263069152832,-0.14125805819219908,-0.6050336607495999,-0.48716525856870013,0.7227997779846191,-0.14153053322171524,-0.5551689856416164,-0.40016029369556794,0.720818817615509,-0.1427395546818956,-0.5919416837904385,-0.44921389083701957,0.7238830924034119,0.04295178687845698,0.006889665584043209,-0.05392814548875449,0.9989022016525269,-0.04295178687845698,-0.006889665584043209,0.05342421859394194,0.9995816946029663,0.042332115250279356,0.3085095964799235,-0.13690048819736292,0.9708374738693237,-0.08427822922226866,0.29184849142934116,-0.08275255856820425,0.9808024168014526,0.04531002847858382,0.6153774842812343,-0.037132002409150634,0.9766250848770142,-0.1093360051592458,0.6076274978930222,0.018584108174996977,0.9820059537887573,0.03292706415418698,0.6665775216667934,-0.037837228579536544,0.9201483130455017,-0.09683319754520528,0.6609611308729202,0.01303270205899988,0.9375056028366089,0.08902202610399736,0.7138303109431551,-0.23439823844206822,0.9624252915382385,-0.16181425064308277,0.690459425567583,-0.19101722367708374,0.966350257396698,P4,P4/rob_2_frame52.jpg
-0.03689121659694253,-0.41784027192243833,-0.7536332862959445,0.9768418073654175,-0.022013280827887435,-0.43495391615589973,-0.7657312817577165,0.9639409184455872,-0.014237961091293851,-0.4335041216343836,-0.7656001868050946,0.9678163528442383,-0.006719108151507799,-0.43249673531814614,-0.7656479986068239,0.9624056816101074,-0.04095748514102625,-0.4457150888720622,-0.7390347693731556,0.9589201211929321,-0.045808415698029716,-0.4511380321941443,-0.7392480147781255,0.9596111178398132,-0.05038952553854065,-0.4566911762331552,-0.7393609269383192,0.9533702731132507,0.010804334492287196,-0.43641336842290235,-0.660399438303742,0.9614202976226807,-0.049668652338401946,-0.46919980472524103,-0.544161555951308,0.9472074508666992,-0.02230313242390748,-0.3980336667067849,-0.6992967236390791,0.9377637505531311,-0.04567296879836753,-0.4093627983195502,-0.6668255352264472,0.9290198683738708,0.03722017610061151,-0.3576498635707979,-0.6028600810881394,0.9903231859207153,-0.058217426333893936,-0.44207453613365083,-0.3510267665248825,0.9963647127151489,-0.08531717940037167,-0.32522565233991496,-0.7666925255121853,0.817703366279602,-0.15816477860059355,-0.47220002509161385,-0.6321305018762718,0.7893436551094055,-0.1615960801867979,-0.4743935256313015,-0.7620167459196218,0.8035449981689453,-0.17622571651170998,-0.4987327134971819,-1.060161006832626,0.7726837992668152,-0.18439652688754604,-0.5047060290805674,-0.807400936204801,0.763848066329956,-0.18208373530638652,-0.5071257116349198,-1.1242048556333701,0.7040644288063049,-0.16865976715874914,-0.5200289365305549,-0.8011824211943422,0.7620105743408203,-0.16671259874467947,-0.5058717547302128,-1.1223401953659258,0.7024523019790649,-0.1627536980994917,-0.5078328136053833,-0.757901532875264,0.7261046767234802,-0.16547789771523252,-0.4987359327456774,-1.073449587696314,0.7024422287940979,0.044575920449959304,0.011079937932929041,-0.04574489142997457,0.9989572763442993,-0.044575920449959304,-0.011079937932929041,0.04496308724529099,0.9996132850646973,0.03944718067093745,0.3062436516648106,-0.1476158527262103,0.9723220467567444,-0.08551713050136946,0.2884041265113286,-0.110218975652624,0.9818819761276245,0.038884408341355134,0.6164653406186432,-0.03984397167791712,0.9778395891189575,-0.11461573880498335,0.6064483508463554,0.02174491883336942,0.9831721782684326,0.023763478926603274,0.6656776346749528,-0.04275225343708361,0.9196895956993103,-0.10165122895650812,0.660809057866937,0.018798183076404632,0.9366021752357483,0.07328339006137091,0.7112731626622898,-0.26925982205790977,0.9647008180618286,-0.17201452216961624,0.6871537183140832,-0.19478513120606816,0.9686218500137329,P4,P4/rob_2_frame54.jpg
-0.03096578206783579,-0.4772845915146439,-0.1904523697720465,0.9787599444389343,-0.023590466210210884,-0.5011731619878913,-0.19632008324507563,0.9670466780662537,-0.020099292883885123,-0.5015864551249747,-0.19641588966327933,0.9704635143280029,-0.016572971110263294,-0.5016724731788166,-0.1964914618137794,0.9657465219497681,-0.03129843701545929,-0.5027734923127388,-0.16319353842445988,0.9623767733573914,-0.033444524693730424,-0.5043172742853039,-0.1631783403075806,0.9624073505401611,-0.03576922386948567,-0.5056000132827976,-0.16327314547324653,0.9570540189743042,-0.0017680027647547607,-0.49631436735937723,-0.16774103317813369,0.9643045663833618,-0.030753277424744766,-0.49932948246416237,-0.018573748277973534,0.9505456686019897,-0.024161329597417427,-0.4592065734553663,-0.17604863470096488,0.9425089955329895,-0.034132190914298394,-0.4601144554579729,-0.13312496829487297,0.9344416260719299,0.0340395974706562,-0.40460417789617587,-0.20898057787162763,0.9905449748039246,-0.039260397195811425,-0.39537878645383445,0.10738848165469572,0.996307909488678,-0.05598161345793568,-0.3851189666433664,-0.3140379568175467,0.833613932132721,-0.08725368913792292,-0.4623329322003181,0.264767664399949,0.7867702841758728,-0.10670315418072716,-0.5190410664549143,-0.3269895618834386,0.8207195997238159,-0.08956003699850827,-0.579622344406962,0.30469411869439383,0.7794778943061829,-0.11583194716927529,-0.5507741965124434,-0.3738772020306322,0.7825741767883301,-0.08856488164037063,-0.6090911493223565,0.3006795742281008,0.7092564702033997,-0.10569789663280545,-0.5649305923185601,-0.3839611301639426,0.7806383371353149,-0.08402457498327397,-0.6098079863631295,0.28171112883732286,0.7076801061630249,-0.10274124272097193,-0.5520275853609194,-0.3323235180894296,0.7453531622886658,-0.08348886004336349,-0.5987581633562926,0.29275243372555476,0.70646071434021,0.03411294295506483,0.004487942643778026,-0.06340762706532756,0.9988052845001221,-0.03411294295506483,-0.004487942643778026,0.06266974877719378,0.9995921850204468,0.034755238986010836,0.2542846101057613,0.01859345950330666,0.9728147387504578,-0.07298007206454832,0.24608521857734797,0.012573962870381955,0.983206033706665,0.040154530656108335,0.4919804083894677,0.24432307388714256,0.9780844449996948,-0.09347077997036311,0.5056481331808815,0.18279522374114074,0.9841659069061279,0.023375570516283393,0.5360261949531137,0.25775441341523614,0.9201227426528931,-0.07252732658866325,0.5479838401862861,0.1878373820806764,0.9377027153968811,0.06912438303820313,0.5752860541624869,0.10909377911126412,0.9650142192840576,-0.13381318744594686,0.6077234084676264,0.030451074751133837,0.9701523780822754,P4,P4/tom_1_frame42.jpg
-0.02197960181480507,-0.5087141457700924,-0.051093505500785015,0.9804513454437256,-0.013250157533089611,-0.5248469836877336,-0.06012107296322298,0.9698044061660767,-0.009968349408240146,-0.523242332413736,-0.0601494970108942,0.9727911949157715,-0.005984455079666659,-0.5214912817156291,-0.060164846864305656,0.9686992168426514,-0.019426130824899215,-0.529315636799069,-0.02441433032999729,0.9653723239898682,-0.02077994687870967,-0.5306189071896417,-0.02439716231563448,0.9649186730384827,-0.022279152705428646,-0.5320264240666922,-0.024480290921821524,0.9604527950286865,0.008197610511718507,-0.5061093718785483,-0.059643847124966794,0.966874897480011,-0.014113156896933734,-0.5192310512963421,0.10020296751308919,0.9537165760993958,-0.014335911193099992,-0.485092724896462,-0.04885732528861598,0.9466195702552795,-0.021530748752870053,-0.48926643365077715,-0.002975481774617706,0.9392505884170532,0.04318593701623299,-0.3968391765417916,-0.11347088859699206,0.9909309148788452,-0.02862367464456405,-0.403028275299211,0.1548745624947948,0.9964350461959839,-0.057015129512954774,-0.3787423777290846,-0.1947454359997535,0.8472921252250671,-0.09065096513085978,-0.477944773014327,0.13465339445250218,0.7913747429847717,-0.09772565419774017,-0.5247017201212253,-0.1242445925958333,0.8353909254074097,-0.08613927563709237,-0.5919453104330143,0.02153003489791952,0.7881205081939697,-0.10246300073487602,-0.5588461044283098,-0.1568980928107051,0.79823899269104,-0.08060796463696393,-0.6200242151515718,-0.013520271766878719,0.7161450982093811,-0.09267083546116738,-0.5686114508419985,-0.16624719474108307,0.7959522008895874,-0.07220943353629546,-0.6214820252790598,-0.018475350965839576,0.7140297293663025,-0.09112051604241025,-0.5573617909568019,-0.12691007176582275,0.7614898085594177,-0.07403343153365684,-0.6126591882612746,0.008878790822464424,0.7114924788475037,0.03763184576088754,0.0032754347016447087,-0.044736650829990406,0.9988460540771484,-0.03763184576088754,-0.0032754347016447087,0.044545179945247496,0.999607503414154,0.04416353179136264,0.2946145796966935,-0.011884686121032955,0.974258303642273,-0.06894870188026173,0.29169239670891245,0.010998127571846249,0.9844397306442261,0.052192404346155206,0.5586901133177934,0.143387334837221,0.9792488217353821,-0.09063550484684825,0.571910864759661,0.1711707588215579,0.9852457642555237,0.0372967046654374,0.6031477060213756,0.14854619497487145,0.920307457447052,-0.07577791949895889,0.6137750421477075,0.17610233700843872,0.9365103244781494,0.09683305943307396,0.6478285578467243,-0.018931080304604723,0.9666761755943298,-0.12697890946917412,0.674832057830079,0.02160448287015009,0.9720293283462524,P4,P4/tom_1_frame43.jpg
-0.028918341515414118,-0.5096712207780223,-0.03641269708518614,0.9823256134986877,-0.021636134151544372,-0.5296039945406383,-0.05402908644351279,0.9727194309234619,-0.019584962139728174,-0.528034838303565,-0.05409509507559578,0.9753859043121338,-0.0174072079228554,-0.5262294981960813,-0.05411807347638666,0.9717247486114502,-0.02431333492444577,-0.5342791744983327,-0.013428187882823843,0.9687250256538391,-0.0241942138656222,-0.5358171354257248,-0.013424580925141965,0.9682589769363403,-0.02405695450302528,-0.5370950496788063,-0.0135303193569129,0.9642844200134277,-0.003914432482944999,-0.5123881071304561,-0.0781308158639644,0.9699993133544922,-0.014680287615142654,-0.5246924377518551,0.1056550164776502,0.9581757187843323,-0.02497145947837814,-0.4846495593631367,-0.04113999652612991,0.9515596628189087,-0.029165395504043342,-0.48811371810294213,0.011464620019019364,0.9449896216392517,0.03298736766190255,-0.3919265504737657,-0.15144356438784973,0.9912773966789246,-0.02574124394490107,-0.40804063241005606,0.19114610837996981,0.996741533279419,-0.0641419626398698,-0.4017458691579895,-0.2776824763174267,0.8583555221557617,-0.06961323403658104,-0.4621805747633326,0.22881684074834385,0.7864536643028259,-0.08954864492846916,-0.5534592729745809,-0.21567684566879122,0.8458796143531799,-0.0796927923557941,-0.5897724787299605,0.18852724605218343,0.7931790351867676,-0.09598935077366247,-0.5920872993487518,-0.24927456403665574,0.8085215091705322,-0.08319039761319583,-0.6266327923289435,0.16890542842287323,0.718720018863678,-0.08724147841658936,-0.5988049680877325,-0.2575365774854737,0.8055495619773865,-0.07840021309115132,-0.626903194559664,0.16106287932887053,0.7160301208496094,-0.08536847343119934,-0.5846597282737906,-0.21841942795157068,0.7693520784378052,-0.07579460072995112,-0.6147943974257507,0.176704802565075,0.7115260362625122,0.03588107031601352,0.003913242558761286,-0.055548064864163464,0.998891294002533,-0.03588107031601352,-0.003913242558761286,0.05557469343778817,0.9996366500854492,0.040265394211072766,0.2980549109858681,-0.02605323121183239,0.9748625755310059,-0.07646456020549447,0.2895812357528581,-0.012380019447517075,0.9857479929924011,0.04638578533005584,0.5669494756054454,0.1325742049641442,0.979796290397644,-0.09460595134970064,0.5710895112815997,0.15986002677970232,0.9864466786384583,0.034260264937344465,0.6101263570131586,0.13799909343777544,0.9162994623184204,-0.08139547738234783,0.6163979649838125,0.1550736210709439,0.9393213391304016,0.08361111621242097,0.6537460188576654,-0.022946377358292674,0.9680989980697632,-0.14042118411372276,0.6736913350643801,-0.04395409888037028,0.974226713180542,P4,P4/tom_1_frame44.jpg
-0.023935314245478213,-0.5111540509440521,-0.12663438574823652,0.9839910268783569,-0.017693362563269734,-0.5327890451136685,-0.14371368522806208,0.9753015637397766,-0.015605262331462021,-0.5311535443266194,-0.14377444261684422,0.9776795506477356,-0.013612943584860007,-0.5292490252747893,-0.14375490319386228,0.9743898510932922,-0.019915493020041957,-0.5388816415332796,-0.10368940416904263,0.9717074036598206,-0.019523682891227176,-0.5413758552623594,-0.10369689907025997,0.9712230563163757,-0.019233081865113084,-0.5436430668715018,-0.10384676516744516,0.9676858186721802,-0.00019861887315488503,-0.5142029671811199,-0.15405080623740197,0.9727090001106262,-0.010362375394272455,-0.5304284146292888,0.026577448510325036,0.9621616005897522,-0.01952949363466299,-0.4858879806702876,-0.1258738647921224,0.9559927582740784,-0.023881612759439553,-0.490601515265907,-0.07409344405685976,0.9501903653144836,0.02769352430765597,-0.3863816812135857,-0.20608224630001745,0.9914724826812744,-0.02236073048301999,-0.4136005444077239,0.1229251998429032,0.9970302581787109,-0.07074608867547184,-0.4003754200564618,-0.3577601939500951,0.8687034249305725,-0.07497720385727187,-0.46282558695381243,0.1374748304805419,0.7876265645027161,-0.09369022418487975,-0.5433386733115181,-0.37748425170837263,0.8578037023544312,-0.08419438388726326,-0.5781100981770961,0.04004326175667105,0.8027804493904114,-0.09870208617975317,-0.5842073559623205,-0.42460056907617244,0.8219865560531616,-0.08440548628065661,-0.6182971359248514,0.012892480241761758,0.7281169295310974,-0.08788605774438478,-0.5920443247904978,-0.43322412738802063,0.8188735246658325,-0.08138817793370667,-0.6198189121617995,0.002900823344513695,0.7251374125480652,-0.08649978038184096,-0.5762777983651112,-0.3822729428427168,0.781812846660614,-0.07922664522990792,-0.6061487870302718,0.027633341607785057,0.7183922529220581,0.03585091413100802,0.005534701195449596,-0.05862435506109372,0.9989054203033447,-0.03585091413100802,-0.005534701195449596,0.058641495956050324,0.9996649026870728,0.04063934984805828,0.29078013749142617,-0.01113002508696777,0.9747549891471863,-0.08216566817628307,0.27656399403990245,-0.046773834703865966,0.986920952796936,0.04295036552310139,0.5512225112131227,0.16074601187118467,0.9801694750785828,-0.10179027282575533,0.5672112506841865,0.060443241474254734,0.9874693751335144,0.030841734017720366,0.596121423344087,0.16692516282625997,0.9126190543174744,-0.08859516000652431,0.6136130381723519,0.06071404766009298,0.9418754577636719,0.0784050955041369,0.638260423906011,-0.00021213040746870612,0.9692159295082092,-0.14448180484866918,0.6630808548562751,-0.09011372756371808,0.976165235042572,P4,P4/tom_1_frame45.jpg
-0.044544331182652434,-0.49906186687349735,-0.12000851411024703,0.9855405688285828,-0.03773499567745278,-0.5258419694963762,-0.12634842081792716,0.9776870608329773,-0.034231086795368335,-0.5253434404780286,-0.12640337683804226,0.9798031449317932,-0.030522721271937645,-0.5245336461378395,-0.12636793713369202,0.976842999458313,-0.04274013408682466,-0.5286229781108436,-0.09052028204014693,0.9744678735733032,-0.04318011415787755,-0.5300153411148167,-0.0905612812392091,0.9740023016929626,-0.04348480765910458,-0.5313561252842685,-0.09072079724867502,0.9708426594734192,-0.012026099814770172,-0.5116632997111726,-0.10398335358063858,0.9752157330513,-0.0307290366100234,-0.5233539711464874,0.05810742384143902,0.965825617313385,-0.036474998434143355,-0.47516692626452495,-0.10813525891128845,0.9600421786308289,-0.04366178214151662,-0.47621622695600546,-0.06167948217138779,0.9549137949943542,0.032359976616918154,-0.39308740930391717,-0.15000570547459446,0.9908737540245056,-0.045468435372321606,-0.4068051886797483,0.12069337747673052,0.9972819089889526,-0.05147713725697676,-0.39517273428159605,-0.32030668660297884,0.8768393993377686,-0.10020951048590662,-0.4525828979131193,0.007369783395901278,0.799923837184906,-0.09677503720344821,-0.5603338048914873,-0.35755297780199297,0.8679561018943787,-0.11534335124913969,-0.5900253568107314,-0.19521963215765584,0.8185400366783142,-0.10403577048824346,-0.6005650966721302,-0.4053263630863746,0.8324778079986572,-0.11533299565301955,-0.6337314821458907,-0.18604093957927076,0.7469761371612549,-0.0941604483291935,-0.6085179953463142,-0.4111026283055512,0.8291300535202026,-0.10589911396960354,-0.6332213362729212,-0.23685930160614357,0.7436352968215942,-0.09293032299776909,-0.5923677129946741,-0.361881915699328,0.790920078754425,-0.1051376457446416,-0.616856772740026,-0.2147354832483396,0.7361936569213867,0.039281232218646954,0.003957696414630848,-0.052262544500213205,0.9989292621612549,-0.039281232218646954,-0.003957696414630848,0.052248873951649163,0.9996904730796814,0.04200448847013665,0.3021632839083449,-0.05574542272655528,0.9756147265434265,-0.09078173594892043,0.27293063093768094,-0.1548297205249036,0.9879947900772095,0.040386758486497705,0.5773909984879562,0.0682521325614186,0.9809519052505493,-0.109244303426539,0.581150743699829,-0.04209941476790455,0.9884411692619324,0.026304940077828038,0.6286160168086234,0.06799639995354641,0.9114584922790527,-0.09318669038376881,0.6324738746555321,-0.04228212299784785,0.9439843893051147,0.08155709041275225,0.6713911342233668,-0.08161860995572875,0.9705159664154053,-0.15314087879547175,0.6937001418393512,-0.21688053545428188,0.9779382348060608,P4,P4/tom_1_frame46.jpg
-0.03753316763118959,-0.48656416487242216,-0.26233201572789583,0.9869130253791809,-0.03042992921422129,-0.5117701655876564,-0.27371343450772945,0.9798126816749573,-0.02701359862544289,-0.5113658732413148,-0.27373653501443496,0.9817065000534058,-0.023518793271856204,-0.511000483487425,-0.2737405859728572,0.9790347814559937,-0.03619802530160155,-0.5164237459239839,-0.23543197785425743,0.9769061207771301,-0.03684745085098342,-0.5192705988039786,-0.23549167090274428,0.9764395952224731,-0.037409094474884344,-0.5221877575739466,-0.23563385619546645,0.9736112356185913,-0.005436654034649021,-0.504008997956519,-0.2456974078072483,0.9774932861328125,-0.023522342045350093,-0.518516785747484,-0.07234139614349767,0.9690427780151367,-0.029739659290664463,-0.4595735997956943,-0.2472384459574724,0.9637179374694824,-0.03836103622512273,-0.46386239300004606,-0.1981279237268927,0.9591406583786011,0.03741599114790078,-0.38525203826109883,-0.26951448218706503,0.9903708100318909,-0.03389272864837252,-0.4147402033396303,0.04950466625649367,0.9974972605705261,-0.06986068629478527,-0.35217278223871257,-0.42553413271124896,0.8865527510643005,-0.1122636416134678,-0.44726451153716074,-0.05144230913878082,0.8073791265487671,-0.12039769829342548,-0.5305791338112066,-0.3823205839601696,0.8790246844291687,-0.12479462865235517,-0.5660511336223506,-0.298770704786675,0.8289052248001099,-0.1297253481111583,-0.5759321242731684,-0.44745095606157087,0.8449953198432922,-0.12477534475110535,-0.6140685164403289,-0.34068131800157314,0.7580864429473877,-0.11906777868709258,-0.5839288501147116,-0.4474693360299496,0.8417457342147827,-0.1186431311116539,-0.6152963251112243,-0.35503794812909556,0.7545301914215088,-0.11601148121296789,-0.5692930386460048,-0.37423500486529826,0.8038663268089294,-0.11648105759999904,-0.5983220727840154,-0.3134983826182803,0.745353639125824,0.04068226888007904,0.00440817930132543,-0.04485098966805495,0.9989111423492432,-0.04068226888007904,-0.00440817930132543,0.04475442787607616,0.9997088313102722,0.04658193741869503,0.29557406336456554,-0.0924347943886182,0.9757055044174194,-0.09926769828889039,0.2869994231074419,-0.19150376973159955,0.9888685345649719,0.03809628433088044,0.5817209103795979,0.04774648334323776,0.9812431335449219,-0.12010194484960449,0.5955300584981998,-0.08713823320948977,0.9892312288284302,0.024419311285428402,0.636915721067964,0.0499835916529415,0.9098762273788452,-0.10761595358030002,0.650212104895694,-0.08983124173667509,0.9447564482688904,0.07772724580289218,0.6795998329885493,-0.11517161039924646,0.9711664915084839,-0.16085451961965683,0.7065043570475479,-0.2832458920787535,0.9793761372566223,P4,P4/tom_1_frame47.jpg
-0.05078191008403445,-0.4883916543538892,-0.2574486498879899,0.9881357550621033,-0.04321965723367329,-0.5099283010728206,-0.2743813996832173,0.9817110896110535,-0.03916522191316565,-0.5097053730931818,-0.2743863132528168,0.9834010601043701,-0.03487971420313507,-0.5097059788757352,-0.27438592622507435,0.9809817671775818,-0.049269271048278954,-0.5123368251958321,-0.2311221646560574,0.9790902137756348,-0.04974972392227098,-0.5139068789558122,-0.23118666367069773,0.9786286354064941,-0.05010323169674648,-0.5157673044863725,-0.2313195824592822,0.9760977625846863,-0.012152906694356825,-0.500597499712493,-0.2693178484198535,0.9795444011688232,-0.03411339927312678,-0.5127079006643552,-0.07870506144006228,0.9719011783599854,-0.03747286738657816,-0.4566791396126843,-0.2511600548560812,0.9670799374580383,-0.045862619204837606,-0.4614146764506934,-0.19593727066437092,0.9629689455032349,0.034668498019528045,-0.37358610066096026,-0.2914685398930873,0.9895342588424683,-0.040099540537974175,-0.4263954639873526,0.034357298266852576,0.9976882338523865,-0.08183849693828889,-0.32442906765798557,-0.3953655315654463,0.8949620723724365,-0.11970798362439045,-0.42198866514830363,0.0015491216590084902,0.807868480682373,-0.162102800602483,-0.4893001262564208,-0.35005878516249483,0.8878045678138733,-0.16290189509954567,-0.5702513200269597,-0.2264864304937154,0.8348767161369324,-0.17379803857777162,-0.5444860418488415,-0.3906513653897365,0.8540658354759216,-0.16691466604221625,-0.5955816463317608,-0.2692719772187292,0.7646295428276062,-0.16227403513756786,-0.5429566428291095,-0.39765094721177935,0.8508942723274231,-0.16008803513915948,-0.5860228014946771,-0.28966694257937614,0.7613615989685059,-0.16082015700948887,-0.5282331651787157,-0.3501323877427288,0.8119677305221558,-0.1586754848430546,-0.5760127832736808,-0.24528960123163365,0.7506041526794434,0.042936352926215685,0.005535708281833298,-0.04490481388561627,0.9988570213317871,-0.042936352926215685,-0.005535708281833298,0.04477046057029087,0.9997133016586304,0.0446694295022239,0.2979196192676433,-0.1642820192017523,0.976430356502533,-0.1040079171887976,0.2982813387611756,-0.15476276898544836,0.9895814061164856,0.03282954411502593,0.5895051088481166,-0.011033983198350686,0.9819139242172241,-0.12855429356037024,0.6025524534825187,-0.010349607720625929,0.9899881482124329,0.018871842921259582,0.6435203160015708,-0.006740888482521531,0.9117831587791443,-0.11629978366997938,0.6552770745606123,-0.010955868800141095,0.9460887908935547,0.06894051135787789,0.6822069360429908,-0.1790694742206989,0.972484290599823,-0.16868785888509183,0.7102523797519794,-0.2096781858404979,0.9806698560714722,P4,P4/tom_1_frame48.jpg
-0.07492942012426478,-0.45400576266550285,-1.8180128638420252,0.9893160462379456,-0.047280540106435336,-0.4821580849374462,-1.8331865202194333,0.9835320711135864,-0.03353891039633214,-0.47918689577874907,-1.8329954650300324,0.9850501418113708,-0.019518387429874436,-0.47732928332576646,-1.833233692514649,0.9828706383705139,-0.07419536597551411,-0.4969198340160338,-1.771720575926585,0.981173038482666,-0.07850549415311996,-0.5035117556147308,-1.7722427244356984,0.9807552099227905,-0.082409260364415,-0.5105263054884339,-1.7724957394736744,0.9784791469573975,0.021134519136501335,-0.4789212373826511,-1.5914388585255739,0.9815815091133118,-0.06205833368041764,-0.521814310407412,-1.3166248966407426,0.9747044444084167,-0.042483014170110286,-0.42510726045105424,-1.7021747124782705,0.9703629016876221,-0.0759964899746646,-0.4371305025230517,-1.6240636023732404,0.9666649699211121,0.10918922374685788,-0.35167973818371656,-1.4237293711150205,0.9905413389205933,-0.10168335741279547,-0.44828504977296296,-0.9008920577662192,0.9979180693626404,-0.12312264802402989,-0.27885296027159634,-1.9812859373692853,0.9046652317047119,-0.3247264646759039,-0.42439139499293543,-1.4639268210379328,0.8256855010986328,-0.30816122558962833,-0.3794816693788137,-2.3196170250734194,0.897412896156311,-0.39570649898676047,-0.49993117138210114,-2.2607998273382712,0.8475587368011475,-0.38112671075225785,-0.44561611820492786,-2.464956641139844,0.8650999069213867,-0.39209811415381546,-0.5347344915284116,-2.4038402746084073,0.7786813378334045,-0.35736947115196893,-0.4633476516246434,-2.432545873189285,0.8616430163383484,-0.36579623237147546,-0.5339973319934556,-2.3966150760371026,0.7738533020019531,-0.3426376668689337,-0.4505473236236201,-2.312445061694208,0.8221747279167175,-0.36267901612335623,-0.5154239431610007,-2.2866212615119705,0.7620304822921753,0.08579013868892875,0.006675249461876189,-0.05277529456253622,0.9989540576934814,-0.08579013868892875,-0.006675249461876189,0.05232790637787449,0.9997353553771973,0.13037298543604536,0.3378676457818568,-0.7366991984200169,0.9774775505065918,-0.19678048643493712,0.33498481225448085,-0.5667017437848446,0.9897936582565308,0.07488683197059028,0.6944045776797028,-0.2982803487949866,0.9824920296669006,-0.2830392426898189,0.6866103540551359,-0.12994737192370504,0.990378737449646,0.04442802106344578,0.7402962707746421,-0.2874887805267186,0.9132146835327148,-0.26414326338083316,0.7467486718073951,-0.11964120509445274,0.9451362490653992,0.14467816880466763,0.8102167029495453,-0.8011719698751578,0.9733363389968872,-0.37581908816280724,0.8218175385598372,-0.6184729311265182,0.9812802076339722,P5,P5/grant_1_frame298.jpg
-0.08972735087706268,-0.5133767435934835,-0.43996390892443465,0.990342915058136,-0.06570492072452336,-0.5394225218920191,-0.4695950772422077,0.9851309061050415,-0.05576350144517477,-0.5373699780797272,-0.4695498092141636,0.9864705801010132,-0.055736222666060264,-0.5357867029946349,-0.4695610524947446,0.9844913482666016,-0.08201527138924006,-0.5450887666726835,-0.3988678752401976,0.9830024838447571,-0.083720121357467,-0.5468020214539349,-0.3990282302255329,0.9826176762580872,-0.08552995776206977,-0.5490061468063874,-0.3992905857268275,0.980587899684906,0.0020993600953668067,-0.5143714605875727,-0.45826096569941827,0.9833715558052063,-0.056813955620373585,-0.5357549269032881,-0.13562508557591288,0.9771832823753357,-0.06623914243658754,-0.47434648761573034,-0.425710120162447,0.9732908606529236,-0.08521455609436199,-0.4838095698169845,-0.33369938802063964,0.9699596166610718,0.10735268614795891,-0.37929454023480513,-0.49367243358512625,0.9910081624984741,-0.12456397378775488,-0.42052029557269616,0.018855699215022788,0.9981040954589844,-0.08721608121706675,-0.2838384245644049,-0.7888275333916163,0.9038367867469788,-0.3185197796134345,-0.4104351097547711,-0.32238263905212444,0.8375757932662964,-0.23012872028083267,-0.35341295069596673,-1.11234603868814,0.8959698677062988,-0.43903440295771523,-0.479526580316716,-1.149556357740375,0.8582805395126343,-0.30273288660199626,-0.38973928985203143,-1.291969131608475,0.8619332313537598,-0.4485544019629596,-0.5063310773067853,-1.142837889350191,0.792765200138092,-0.2859391117355124,-0.4179925849188015,-1.2177785199657274,0.8581042885780334,-0.4288847065135058,-0.5159013577373165,-1.125884275583382,0.7881745100021362,-0.271069301787332,-0.41147973954199685,-1.096016150519463,0.8157302141189575,-0.42249911295494885,-0.506805949242668,-1.1243464159791938,0.7766489386558533,0.09181100724283113,0.011985632005046053,-0.06476902359789986,0.9989414215087891,-0.09181100724283113,-0.011985632005046053,0.06409501196657942,0.9997345805168152,0.13946216841150036,0.3454959854590651,-0.3737426451471316,0.9758732318878174,-0.19847132848629173,0.325348174110807,-0.08344849475759498,0.9873376488685608,0.08224603511526281,0.5895239809630418,0.23751738035168074,0.9781898856163025,-0.2642724622020163,0.5938757572225369,0.33575661346123903,0.9886573553085327,0.052753693665253634,0.6582937831107256,0.2805715142913295,0.8954415917396545,-0.2589929862733377,0.6847741049879125,0.3614737193346599,0.9342359304428101,0.10551807766286295,0.7479732855346929,-0.035983451353657915,0.9675651788711548,-0.34626274033147303,0.738217509406183,0.03204169081112037,0.9772726893424988,P5,P5/grant_1_frame300.jpg
-0.07244409611018401,-0.47464303191608953,-1.1492659465213255,0.991240382194519,-0.051646930525453535,-0.5037423435080249,-1.1910413892054696,0.9865147471427917,-0.04118906957749845,-0.5027349061561455,-1.1910386947438518,0.9877031445503235,-0.031387200798527796,-0.5029498076759804,-1.1913103984275197,0.9859114289283752,-0.07350644222043547,-0.5123721943065742,-1.1166301904677758,0.9845653772354126,-0.0775312396444399,-0.5160900415760195,-1.1168379553054881,0.9841691851615906,-0.08168915803701712,-0.520432639824341,-1.1170546774074972,0.9823660850524902,0.009835003374539911,-0.500967193688347,-1.1159255523430984,0.9849362969398499,-0.05708595618232629,-0.5275827214317531,-0.7815649310399625,0.9792383313179016,-0.044149481839216416,-0.4467900180572802,-1.0981734196795399,0.9758634567260742,-0.07005592923744026,-0.4546174290567576,-1.0020681637548494,0.9728255271911621,0.11473155932498179,-0.35921455373484873,-1.0160398211221726,0.9917132258415222,-0.11040046715600083,-0.4407737222046326,-0.42184476522371284,0.9982671737670898,-0.13855496942284698,-0.2964717574443361,-1.2242389769179576,0.9112803936004639,-0.2741868849301892,-0.3614867859347436,-0.5425723755275659,0.841299295425415,-0.36679036027786066,-0.39369521494038034,-1.3472889218431374,0.9034389853477478,-0.4264592128022762,-0.4502775252700538,-1.070761423646593,0.8603829145431519,-0.41487987323505376,-0.4207251071866196,-1.4595167437389616,0.8701447248458862,-0.44821211120514076,-0.4874734755533778,-1.1595430600710326,0.7946955561637878,-0.3964517948218821,-0.45163400463635855,-1.4530101286951758,0.8663951754570007,-0.42855433876827115,-0.4979392742396121,-1.2098305982987028,0.7891889810562134,-0.3843841022922696,-0.4441997665632074,-1.344171939514444,0.8234847187995911,-0.4187299675936282,-0.4844773070577598,-1.1099542612817954,0.7764189839363098,0.09334641852129257,0.011161989309623666,-0.06440015872128127,0.9989370107650757,-0.09334641852129257,-0.011161989309623666,0.0637863312354498,0.9997155070304871,0.1417211802935292,0.3233044442294731,-0.5239238610247499,0.9756324887275696,-0.1994811159967204,0.314095065713253,-0.36343429909805963,0.987441897392273,0.08155312413696574,0.6769714656098706,-0.17238466326619473,0.9786964058876038,-0.2759326047653241,0.6384122633945541,0.0049723643621555945,0.9891051650047302,0.05401033748062905,0.7091213446927872,-0.16198442374405103,0.8997575044631958,-0.26007715461077957,0.6887654882270671,0.02105895847418799,0.9342276453971863,0.1123493639617692,0.7424873726680261,-0.5654947430958079,0.9680653214454651,-0.33753010922173166,0.7361115482476304,-0.3923400828048844,0.9776790738105774,P5,P5/grant_1_frame302.jpg
-0.08167157157346282,-0.44508716125642844,-1.4250167475003366,0.992073655128479,-0.06113449283580952,-0.4691071785064772,-1.4714597982505533,0.9877787828445435,-0.05006011238012399,-0.4695783364825695,-1.4713370664115148,0.9888420104980469,-0.03904996403660578,-0.4706677101652425,-1.4715716532559522,0.9872053265571594,-0.08477911234106346,-0.4762611953563807,-1.4068537581808218,0.9860170483589172,-0.08917305916287095,-0.4808437229560158,-1.407292212163877,0.9856493473052979,-0.09386729478366662,-0.4860965721747334,-1.4076551162484103,0.9840350151062012,0.0005971234683746877,-0.4806336089872671,-1.3567000903329758,0.9863308668136597,-0.07519456412548768,-0.5062815501693734,-1.0684431271292165,0.9812066555023193,-0.05042478027551786,-0.4236287118205581,-1.3517634777031093,0.9781866669654846,-0.07733774130514831,-0.43237677273557507,-1.269366171452699,0.9754557609558105,0.1201435200926819,-0.3537794499997223,-1.1293276732676794,0.9924021363258362,-0.12419955015047869,-0.44621026782180717,-0.6365867520895876,0.9984337687492371,-0.12062504045757924,-0.254365851965434,-1.2286245658167025,0.9180517196655273,-0.2572729797240183,-0.30646897176677007,-0.5863069717652208,0.847751259803772,-0.35865572559973813,-0.3206523628324399,-1.3988611962510222,0.9103789329528809,-0.4414282826107051,-0.37509701504311577,-1.0482373508648475,0.8677381873130798,-0.42283631979151,-0.34639848948577684,-1.5040278308671984,0.8775687217712402,-0.4801154160548966,-0.40023198123331377,-1.1327905484315375,0.8045305609703064,-0.4157921001676683,-0.369432022020011,-1.517859929603166,0.8741376399993896,-0.4672007929348293,-0.4119051754761152,-1.2083009816852806,0.7995349168777466,-0.3989876126712805,-0.36119032180617583,-1.401256892352201,0.8302000164985657,-0.4502835685276123,-0.4021679106368739,-1.0930321203659923,0.7855989933013916,0.09674436426550444,0.013515274210162886,-0.04888351733175126,0.9989537000656128,-0.09674436426550444,-0.013515274210162886,0.04849484507292873,0.9997240900993347,0.142111931343574,0.3353221247428733,-0.3848353455180853,0.9769416451454163,-0.20351606676467174,0.32967748903678273,-0.4145022399838598,0.9882238507270813,0.07503332241599671,0.6763503980955947,0.03644642533248678,0.9801069498062134,-0.28655363635741826,0.65351610269647,-0.010470678294329462,0.9898850321769714,0.042333591921772676,0.7267552620068136,0.06247859020357625,0.9057124257087708,-0.2759170484557153,0.7090407215985631,0.005762325296764181,0.9358217716217041,0.12879765807938093,0.7871760728732217,-0.5439812435002009,0.9699391722679138,-0.36130078046131026,0.7772299434312578,-0.43231544356211554,0.9790311455726624,P5,P5/grant_1_frame306.jpg
-0.06943476338871382,-0.39753187578918653,-1.3278099290672236,0.9928512573242188,-0.055713245624616395,-0.4244820382427613,-1.3758894329721365,0.9889736771583557,-0.04496712554249453,-0.4271150557166783,-1.375682675076604,0.9899279475212097,-0.03368881120921629,-0.43026217970054503,-1.375862408599899,0.9884456992149353,-0.08055379121049605,-0.42912043572002817,-1.3267908671575,0.9873843789100647,-0.08684603737287852,-0.434760379310198,-1.3272128191282584,0.9870491623878479,-0.09335748122118864,-0.4410066554425572,-1.3275987386026997,0.985596776008606,0.0020674359692289274,-0.45267610824279897,-1.2493740479180195,0.987663984298706,-0.0888479857099125,-0.47037821594723556,-1.0328944561916977,0.9830561876296997,-0.040749321668069265,-0.3889740864208806,-1.2458121212682192,0.9803392291069031,-0.06999998742816067,-0.39252285834980327,-1.1844829537176442,0.9778828024864197,0.12112495220233188,-0.36308001927602185,-0.9769827458651454,0.9931159615516663,-0.13172951604892316,-0.43684969215219077,-0.5949146734258544,0.9985878467559814,-0.06703502773122928,-0.17567850909132124,-1.073350370389758,0.9236984252929688,-0.24286867673724818,-0.2825198651842317,-0.4958463275106341,0.8547735214233398,-0.2741927123895731,-0.27570836501242574,-1.144639949422212,0.9164469242095947,-0.44187215028464466,-0.33484727153688215,-0.90691848618661,0.8749431371688843,-0.3410226980584278,-0.2843666736065681,-1.2577347309523064,0.8831746578216553,-0.4721511005576837,-0.34648791263868006,-0.975307306279459,0.813541829586029,-0.32094387545804237,-0.32961891342547467,-1.246090515198096,0.8801891207695007,-0.46078956831624507,-0.3555856175073532,-1.0365875010919843,0.8092924356460571,-0.30123317056308474,-0.3314437019889507,-1.147141419687353,0.8349789381027222,-0.4474272316265444,-0.3515333915326697,-0.94528458709134,0.7947919964790344,0.09698217876735044,0.011478280389227246,-0.033617959364245,0.9990087747573853,-0.09698217876735044,-0.011478280389227246,0.0333537657410764,0.9997398257255554,0.13876128630238055,0.3347548310254978,-0.32681688638549994,0.978512704372406,-0.20006550277911705,0.3229902209780382,-0.4064273268243667,0.9890561103820801,0.0652798733967466,0.6670229193537934,0.1084757586689027,0.9815603494644165,-0.2876051657060954,0.6469262234913462,-0.05737965474464602,0.9906215667724609,0.024085293024190237,0.7212631222123129,0.1296021957151557,0.9119764566421509,-0.27257418127029187,0.7010597587218799,-0.04611688568104615,0.9377688765525818,0.1365527230559105,0.784364316456757,-0.2975916542773227,0.9719887971878052,-0.3685041968465799,0.7685952377908435,-0.45691042701136947,0.9804350733757019,P5,P5/grant_1_frame308.jpg
-0.0750670840547853,-0.38973303637230367,-1.6574965673355253,0.9935458302497864,-0.06477948634694025,-0.41631951839117226,-1.7086267902545615,0.9900421500205994,-0.05533746404350368,-0.41857457523956115,-1.7085421192521408,0.9908985495567322,-0.045456911188166575,-0.4213683637507554,-1.7088632166549556,0.9895583987236023,-0.08669197302196736,-0.4232876440526939,-1.643382606186631,0.9886044263839722,-0.09274942446817423,-0.43045645559097473,-1.6438080886108553,0.9882937669754028,-0.09880162829781566,-0.43818945682377697,-1.644118690780539,0.9869911074638367,-0.013486445486900827,-0.4450339798410614,-1.5700891456172248,0.9888667464256287,-0.09551931504987454,-0.46827843924512275,-1.2772352661226165,0.9847063422203064,-0.04923533694275326,-0.3829235447412803,-1.5704835678244806,0.9822834134101868,-0.0759963376692912,-0.38773958030107536,-1.486399163839372,0.980072021484375,0.11790990214225504,-0.3604726809721347,-1.3357559769229546,0.9937825202941895,-0.13823363744522854,-0.43926911847524613,-0.7766102347132138,0.9987273812294006,-0.14635297671922645,-0.20829626814002478,-1.5239841537832273,0.9303234815597534,-0.24422591871243518,-0.2561087918561719,-0.8429858474608941,0.8607293367385864,-0.39523686427085736,-0.21475806971671949,-1.8372166558135339,0.9231472015380859,-0.42645599892468034,-0.2545647870523992,-1.5405647783728247,0.8811959028244019,-0.45265018614841407,-0.22184001192672115,-2.0003196700409362,0.8917152285575867,-0.4689640332580229,-0.2594481197489591,-1.6613676064311182,0.8239802122116089,-0.4447514595113765,-0.2508940083511413,-2.0209836494558147,0.889117419719696,-0.4611952915015858,-0.2752091942757631,-1.7584594336071884,0.8204627633094788,-0.4229996633652314,-0.24899593125667663,-1.8484617308033584,0.8445119857788086,-0.4430015212142792,-0.27312170658878127,-1.5993590743719388,0.8046636581420898,0.09733725962111031,0.009565837688885852,-0.03663660070053056,0.9990513920783997,-0.09733725962111031,-0.009565837688885852,0.0361892657649246,0.9997517466545105,0.14657678047436845,0.3190200557920806,-0.5582488252594758,0.979718804359436,-0.19952402608605466,0.32319815137048863,-0.49149563231716503,0.9896879196166992,0.0645212185154361,0.652464816730214,-0.04379645716341401,0.9826644659042358,-0.29023120583168954,0.6511465303524923,-0.06239618200451643,0.991239607334137,0.025893796632231413,0.7041568182767011,-0.020541810557768513,0.9182850122451782,-0.2781331094950326,0.7015081901859047,-0.046919130292207886,0.9399247169494629,0.13242324946002126,0.7676631902966248,-0.4644571815931642,0.9735271334648132,-0.37504488669191866,0.7600592520658372,-0.5093673478662025,0.9815233945846558,P5,P5/grant_1_frame312.jpg
-0.07634685251646418,-0.3982140957228722,-1.9471371893525926,0.9940940737724304,-0.06563477093268691,-0.4222421268859371,-1.9857102066893724,0.9908788800239563,-0.05594805784156453,-0.4248572539983412,-1.9857153701060368,0.9916356205940247,-0.04596473514870619,-0.42795975027259187,-1.9861191206035644,0.9904155731201172,-0.08872858225005201,-0.42762419990351,-1.9266387120504171,0.9895581007003784,-0.0950645247822985,-0.4341013475387106,-1.9271521851520683,0.9892351031303406,-0.10167455868249343,-0.44191854522662827,-1.9275588042144094,0.9880878329277039,-0.01563841136657456,-0.4516679364589299,-1.7781517573167709,0.9898046851158142,-0.09906904126221523,-0.4724278834438736,-1.5144818853364652,0.9860239624977112,-0.05144039509332587,-0.39368248045843923,-1.8344750234359666,0.9839367866516113,-0.0788846718071392,-0.39651762649205363,-1.7589220462316921,0.9819532036781311,0.11671989427383678,-0.3677540968204224,-1.4739167931648158,0.9943404197692871,-0.14910685158988546,-0.4315900624725622,-0.9612484673720826,0.998848557472229,-0.1436844035225598,-0.19702457737787482,-1.6561625963366597,0.9335640072822571,-0.24283096774886512,-0.2303210848822255,-0.9734370709795884,0.8575501441955566,-0.38359847114062023,-0.1654048177212486,-2.0217719389600037,0.9231094121932983,-0.4186577834371062,-0.18693655206931667,-1.5771514208212367,0.8701894879341125,-0.4423153394544825,-0.1626113375915531,-2.1897198111027123,0.8914214372634888,-0.46894982032139004,-0.19244641964933965,-1.693172389278217,0.8158842325210571,-0.4452239207473275,-0.19369417362917615,-2.218222301376297,0.889234185218811,-0.4651796655867521,-0.20912554633032238,-1.7956256198793876,0.8134771585464478,-0.4235601607037091,-0.1928006156897105,-2.036731361035177,0.8388171792030334,-0.4453339302079326,-0.20606901880721112,-1.6348974950880246,0.7930753231048584,0.09810090063759352,0.007835915073327048,-0.03547673105713737,0.9990776181221008,-0.09810090063759352,-0.007835915073327048,0.03525489911332214,0.9997528791427612,0.1519744124058946,0.31996975929626986,-0.5561201264505231,0.9805074334144592,-0.1980719621054748,0.3262405854072455,-0.5517876612982808,0.9902601838111877,0.06337376814653334,0.6634319169907675,-0.009581369530471989,0.98368239402771,-0.3001531398503094,0.6574489513588462,-0.12940258127770632,0.9918162822723389,0.013837382948296822,0.7167579631643751,0.006995067572579577,0.9239042401313782,-0.28824959987116433,0.7062105372009039,-0.11471122658437281,0.9409598708152771,0.13714880887928022,0.7797393116443951,-0.43531274245953355,0.9748927354812622,-0.3769865726732964,0.7643562025462394,-0.624477452247887,0.9825515747070312,P5,P5/grant_1_frame314.jpg
-0.07698156917294231,-0.37304135551333617,-1.9849964859035474,0.994583249092102,-0.06557265744490777,-0.40090822181882685,-2.0128996668153207,0.9916055202484131,-0.05530597863416586,-0.4042887616434418,-2.0128601436896076,0.9922735691070557,-0.04464333935732978,-0.40823276123260727,-2.0132170185553653,0.9911705255508423,-0.09079847473364006,-0.4051325293327927,-1.9664760366993863,0.9903978109359741,-0.09809362702627204,-0.4115672150508554,-1.966999608733743,0.9900535345077515,-0.1055474551889263,-0.4186328123624074,-1.9674674692034408,0.9890468120574951,-0.01508645836266815,-0.439775934517497,-1.7552371804725337,0.9906173944473267,-0.10691122178872242,-0.4560654418248468,-1.547183217305926,0.9871969223022461,-0.052706494528212904,-0.3712286149559449,-1.8525291151665335,0.985431969165802,-0.0810447215064168,-0.370988413524027,-1.7934315416161555,0.9836587905883789,0.11879893212087743,-0.3706706971795017,-1.4217995282627092,0.9948680996894836,-0.16233489474927426,-0.42814381192634754,-0.9649542703744349,0.9989581108093262,-0.1196529816565855,-0.14174436714520888,-1.5437563727122559,0.9367001056671143,-0.24357752356784199,-0.21658344746836988,-0.8370812077784516,0.85807865858078,-0.3642020303238331,-0.1257283861193175,-1.909881399988459,0.9243123531341553,-0.41368009801679984,-0.13192440174428147,-1.2710424300369527,0.8597769737243652,-0.42584775166927447,-0.10900237432761416,-2.0649781665858904,0.8923360109329224,-0.46931174137317133,-0.11871857329332021,-1.361255495816301,0.8054031729698181,-0.43512022698190816,-0.13292538688573166,-2.105899915087312,0.8907729983329773,-0.4703838243883677,-0.14031883654637375,-1.456876958621298,0.8041009306907654,-0.41057512625873555,-0.13645286231608872,-1.9286923660428812,0.8358170986175537,-0.44413864589235547,-0.14256735237915708,-1.321055810028556,0.7801212668418884,0.10031888109318352,0.005458712443991978,-0.03249953995300821,0.999110758304596,-0.10031888109318352,-0.005458712443991978,0.032494335224045504,0.9997506141662598,0.15034684526401695,0.3213462008938267,-0.5788835185183723,0.9811652898788452,-0.19660290316059872,0.3246893322987167,-0.5494967255139803,0.99069744348526,0.06342222021744613,0.6724820462828257,-0.025219887908364085,0.9843780398368835,-0.31059875461476827,0.663789292094584,-0.11729953265424244,0.9921606183052063,0.01815846987567269,0.7260103593106484,-0.0004876035174833401,0.927683413028717,-0.2996357541666906,0.7081154255536616,-0.10178902105023836,0.9393578171730042,0.12656296577575352,0.7930913125715214,-0.4664804052779096,0.9758541584014893,-0.38483076847748104,0.7758838770234362,-0.6056140949596066,0.9830466508865356,P5,P5/grant_1_frame316.jpg
-0.08153825423804302,-0.38038683696227465,-1.7456288562820539,0.9950659871101379,-0.06941356018621349,-0.4083878617462855,-1.7665627239472264,0.9923188090324402,-0.05900337331508527,-0.41189148251894514,-1.7664781796163231,0.9929026961326599,-0.04819379729643649,-0.41594795408235763,-1.7666309931343611,0.9919120073318481,-0.09534044032058729,-0.4114609833620973,-1.7210335133524501,0.9912246465682983,-0.10311837473586057,-0.4172174873102047,-1.7214686213995687,0.9908737540245056,-0.11110183685164299,-0.42345273973518127,-1.7219204366739185,0.9899892210960388,-0.018485466722772282,-0.4450137045328112,-1.5165527510738666,0.991356372833252,-0.11566247780232403,-0.4619316444661713,-1.3119046284673284,0.9882632493972778,-0.05829432435250189,-0.3765206261503496,-1.6196722060183844,0.9868150353431702,-0.08612323589046621,-0.3765315722647425,-1.5614940401034862,0.985224723815918,0.1094564630250022,-0.37217141804083703,-1.212651600376467,0.9953643083572388,-0.17208047971727666,-0.42537371079722797,-0.7694792915346224,0.9990600347518921,-0.11087556914491568,-0.15359998195432747,-1.23918181305284,0.9410787224769592,-0.23703587474742174,-0.20707326305585363,-0.49272439651079447,0.8647878170013428,-0.3507890477411968,-0.07223376894842051,-1.7312468141923267,0.9297301769256592,-0.40256805757086644,-0.0857325604261137,-0.7437916416108622,0.8661418557167053,-0.4102852122456948,-0.045533315387673495,-1.9752051701124331,0.8993285894393921,-0.45970540643760105,-0.06151795504121634,-0.8087360905266144,0.8134210705757141,-0.42001162703681805,-0.07408099776613597,-1.744740348654555,0.8980668187141418,-0.45960617126896,-0.08367692335146992,-0.9424512314497275,0.8128727078437805,-0.39847478689919885,-0.08023631475048006,-1.7797716594352386,0.8448889851570129,-0.43675947011362504,-0.08929624080011342,-0.8014011136747019,0.788533627986908,0.09495660617773036,0.006277380562607228,-0.025329191682608505,0.9991616606712341,-0.09495660617773036,-0.006277380562607228,0.02533165140773833,0.999758243560791,0.14206306543983346,0.3205325472809609,-0.5153959958427979,0.9812645316123962,-0.2038481200750191,0.31649026245791295,-0.5640721063046724,0.9912487864494324,0.05159170164851188,0.6704216371828926,-0.0565965514042483,0.9847626090049744,-0.3208059840990524,0.6639222377342764,-0.2303340081894918,0.9925011992454529,0.003224278813908768,0.7227027279964269,-0.03651135192103647,0.9311143159866333,-0.3133586655467916,0.7028608792697689,-0.22064360035360842,0.9396922588348389,0.1209429698021604,0.7838439782719238,-0.468295261686578,0.9765300154685974,-0.3943783476154701,0.7701908609840725,-0.6826790528717362,0.98359614610672,P5,P5/grant_1_frame318.jpg
-0.0876751023550216,-0.37874096356755266,-1.759409749010483,0.9955175518989563,-0.07587800437661042,-0.4072379288393931,-1.7824967569249084,0.9930018186569214,-0.06518230787325262,-0.41144885356607125,-1.7823598989656022,0.9935160875320435,-0.0539923536442476,-0.41638605529760264,-1.782464213206347,0.9926278591156006,-0.10198213462746027,-0.4090155568235661,-1.7372589541425216,0.9920127391815186,-0.10995418339927528,-0.41452626895250855,-1.7377125322199674,0.9916739463806152,-0.11821462181994676,-0.42068226200104597,-1.738153615834037,0.9908950328826904,-0.02398820740654467,-0.4501862664925582,-1.530840249256477,0.992098331451416,-0.1261549985799478,-0.46427326545356457,-1.3280526388257823,0.9892805218696594,-0.06397528459733341,-0.37504318354604377,-1.6317928982155256,0.9880886077880859,-0.09171052345660226,-0.3756011485064636,-1.5740992777227805,0.9866594672203064,0.10760769412034277,-0.3745179802308719,-1.2223680750741617,0.9958192110061646,-0.18447479508607909,-0.4217806125024842,-0.745993994483025,0.9991527199745178,-0.11147400411297181,-0.1398677447775011,-1.1876725484076303,0.945519208908081,-0.2431510470095753,-0.19650304063694904,-0.3813792566801014,0.8706641793251038,-0.34097564894862176,-0.020152116581150965,-1.5912409550525686,0.9351691603660583,-0.3927564099330619,-0.036758275399259056,-0.5977839071717325,0.872459888458252,-0.39542506749730383,0.0046140890972458225,-1.7862911511108956,0.9064335227012634,-0.43864530501335813,-0.016567222583401015,-0.647582588618673,0.8212933540344238,-0.40326519798137994,-0.02118407208534622,-1.6731935931813136,0.9054394364356995,-0.43615854359035966,-0.03311294306703842,-0.7830480690384914,0.821506679058075,-0.3847391776948517,-0.027869045844959937,-1.7159021388367772,0.854515016078949,-0.4171903500563278,-0.03621941534504813,-0.6531894064164914,0.7972856760025024,0.09362232163761103,0.00664109785333933,-0.026464304042308186,0.9992100596427917,-0.09362232163761103,-0.00664109785333933,0.026696491306668534,0.9997663497924805,0.1391315157872844,0.3263928667751606,-0.5196964530810682,0.9806479811668396,-0.20264247125729018,0.3064409521769437,-0.5385890260547826,0.9913382530212402,0.05023718626188314,0.6741627433957085,-0.10845925172926625,0.9843511581420898,-0.32923579304660827,0.6654304210559004,-0.2558546836839322,0.9923118352890015,0.0029639482248468786,0.7237054699490102,-0.09238892923258983,0.9310843348503113,-0.3227604647596897,0.7015179181132097,-0.25121631392166616,0.936307430267334,0.10909569753776749,0.7896869876249628,-0.5310660878633342,0.9762685298919678,-0.4018121354760711,0.7766719700362927,-0.7139894265450173,0.983258068561554,P5,P5/grant_1_frame320.jpg
-0.0647892374531322,0.09698213057673637,-0.39398789220377883,0.9682360291481018,-0.05542811424755939,0.08988710979975634,-0.4362325275807973,0.9498575925827026,-0.052479723519591265,0.08903251385294005,-0.436127039478345,0.956177830696106,-0.05045854509590245,0.08590702529716297,-0.4361202707452163,0.9512091875076294,-0.06553497828665783,0.08188487051481569,-0.42634899702349477,0.9410527944564819,-0.07244408452703559,0.07484754017096354,-0.4262793311394468,0.941028356552124,-0.07727154499444126,0.06920790115101491,-0.42669937441939904,0.9333751797676086,-0.041790748431422595,0.05057048952841596,-0.5125010157484656,0.9535925984382629,-0.08060266419152379,0.03646805967915794,-0.49225323573591345,0.936909556388855,-0.056948475842626536,0.09627408638001993,-0.4079217285309537,0.9557873606681824,-0.06762675980359702,0.09732223338286577,-0.39756501146077555,0.9424072504043579,0.03514038135382179,-0.05806698295855916,-0.3956094723927094,0.9957996606826782,-0.126587632072571,-0.02992446502773126,-0.39224239213141476,0.9979673624038696,-0.011714386089992387,0.023028063178764338,-0.1551486486237397,0.9059197306632996,-0.15884901089085707,-0.02288345526997325,-0.17520032628854457,0.8326228260993958,-0.03256659661521359,0.019383430147740122,0.04594462883495892,0.9212178587913513,-0.11601625938358241,0.015480335645554495,0.07851194137386883,0.8193713426589966,-0.051814513254571475,0.062376548562987626,0.05694703097843944,0.8953885436058044,-0.10676343590806918,0.04471897180581231,0.12142024235629563,0.7769744396209717,-0.05593510971462676,0.043059070173937626,0.04638318199665931,0.8945435285568237,-0.09568805293688024,0.0478320336617941,0.09175054203009395,0.7781984806060791,-0.054713058337550635,0.03970677699117039,0.04778514716808321,0.8480671644210815,-0.09934837554418231,0.029098124202795905,0.07747498013641135,0.7634652256965637,0.05137770434333118,0.00753120488208537,0.017094283653989233,0.9992843270301819,-0.05137770434333118,-0.00753120488208537,-0.017072797265237027,0.9997822642326355,0.012472970160736624,0.4504145507893587,0.024966817090350715,0.9497670531272888,-0.0804239002140216,0.5076890018771741,-0.06929017596998086,0.9731014966964722,0.030112149848382584,0.8567498618321994,0.1395028348089139,0.9712242484092712,-0.09529484160927931,0.8542595234240601,0.1040854300350046,0.9776476621627808,0.010851042857286677,0.8996979247828258,0.14353033515486027,0.9212876558303833,-0.09674223973236401,0.895128092711735,0.11575930786058047,0.9200065732002258,0.0474380239707985,0.9944464428499874,-0.03311468827191475,0.9575368165969849,-0.12794797387418474,0.991780881032444,-0.07386159608999808,0.961716890335083,P5,P5/rob_1_frame652.jpg
-0.017511246280956905,-0.09666120101732759,-0.6707253201229472,0.964512825012207,-0.012452723872033859,-0.10231223631917849,-0.5900463323532422,0.9417396783828735,-0.00857245751515177,-0.11005012266149099,-0.588611995001245,0.9469675421714783,-0.003634742617994072,-0.11316363607178499,-0.5895124098946395,0.941209614276886,-0.02685984571876124,-0.10598199619124997,-0.6461793130076142,0.9360228776931763,-0.03225564593738274,-0.1085214522924682,-0.6461006954440871,0.9355737566947937,-0.03829376494771194,-0.12039862790214567,-0.6464901163225729,0.9283998608589172,0.0036307130145329194,-0.1307682482649368,-0.6105806274467902,0.9351232647895813,-0.048494464333411556,-0.13729362692578853,-0.5714049434855705,0.9273762702941895,-0.009696313920467175,-0.0958251388912077,-0.5880952789494214,0.9270550012588501,-0.02480909992531156,-0.09647479156121468,-0.6194602616337856,0.9143809080123901,0.07019952041656281,-0.18221379269312332,-0.4205271203318911,0.9927111268043518,-0.06790200170715217,-0.18315841233648666,-0.4309285745620253,0.9961134195327759,0.09918913245264693,-0.29764944008440986,-0.30338259870479906,0.8833476305007935,-0.18390074588610014,-0.23170723602058915,-0.27248041597794814,0.828864574432373,0.12424037124993914,-0.3903350746229991,-0.19759327800304408,0.8954188823699951,-0.19906664206456254,-0.1896600163369176,-0.17723134919754682,0.8210466504096985,0.1334347980593198,-0.40680486988942116,-0.18555256093689573,0.8624287247657776,-0.21971384664709206,-0.22670512806012225,-0.15575512422094576,0.7744719386100769,0.12794019196383083,-0.4118592015107446,-0.19864051149854567,0.8637768626213074,-0.2019041276377676,-0.22674083034678805,-0.16139094776973079,0.7770551443099976,0.1236702629522553,-0.4059804936133386,-0.2050854794223301,0.8263110518455505,-0.19628113837600633,-0.2275036342819842,-0.17650370355254924,0.7651920318603516,0.050597675563925436,-0.0034609861167491807,0.01456961434704727,0.9993178248405457,-0.050597675563925436,0.0034609861167491807,-0.014586980678713755,0.9997760057449341,0.014423361148675826,0.439819491638712,-0.07576544545630985,0.9413052201271057,-0.0598313507110177,0.45578058976419816,-0.023652374548263973,0.9634766578674316,0.01474871133212927,0.8488469699092009,0.03640206256586962,0.9613576531410217,-0.09650436885061954,0.8457673857600498,0.15293943880246552,0.9713816046714783,-0.004713145096267676,0.9054493590707626,0.03601686521551157,0.91036456823349,-0.09538695981084198,0.899933154300722,0.16272306415592722,0.9063664674758911,0.03991285961840297,0.986011609228198,-0.1786433222503346,0.9495710134506226,-0.13823913308191335,0.9903988802925623,-0.04497566851800782,0.9566916823387146,P5,P5/rob_1_frame653.jpg
-0.023891761655245744,-0.225929137758826,-1.119277622520621,0.9637145400047302,-0.015548196649123288,-0.23699889356977052,-1.116989168994043,0.9408597946166992,-0.012185182888577312,-0.23920561340901897,-1.116634511182832,0.9463008046150208,-0.008269053669868761,-0.2422177375415238,-1.1168784561837637,0.9393993020057678,-0.022866995270309342,-0.2353490573718546,-1.114285228413653,0.936269998550415,-0.024997095385101854,-0.23524354824309562,-1.1144327258691633,0.9363142848014832,-0.027440582733529707,-0.23836791040287722,-1.1147706960120503,0.928458571434021,0.002980139434883561,-0.2505606745171179,-0.9477990904423625,0.9338507056236267,-0.02464503941465093,-0.23864774286257048,-0.9205962172638047,0.9270817041397095,-0.017291160802525452,-0.22190328263495399,-1.0374291850417734,0.9230831861495972,-0.02627459919836656,-0.21780807499702523,-1.032435445155102,0.9106945991516113,0.04877540781133761,-0.24307383287028084,-0.6140409688715499,0.9912480115890503,-0.06826229791886577,-0.22050510724160352,-0.6525656175402054,0.9957631826400757,-0.0007391470725178215,-0.367230802950956,-0.4680282223898194,0.8751798868179321,-0.187265470046793,-0.324311106926419,-0.6596658615375335,0.8334993720054626,-0.012361390311096582,-0.3966482014910429,-0.4072743883116945,0.8591774106025696,-0.18009416888111698,-0.30816228879559754,-0.8172382725016274,0.8288573026657104,-0.021718776027233162,-0.399955051378627,-0.41304733464672627,0.8213337659835815,-0.1742773501277492,-0.30802044361484243,-0.8237615358807164,0.7830146551132202,-0.015316722540111214,-0.41072128900709565,-0.4294574134773319,0.8226776123046875,-0.17606741657077593,-0.3172829070025547,-0.8418572486493527,0.7862179279327393,-0.010938901164435168,-0.4121916879112037,-0.41554981200549346,0.793761134147644,-0.1710927867558951,-0.3132982327376116,-0.8244244669626895,0.7763672471046448,0.038320045294391036,0.0013316041573477584,0.011431971016303446,0.9993253946304321,-0.038320045294391036,-0.0013316041573477584,-0.011642843481020211,0.9997660517692566,-0.005100101342575933,0.43012949586128907,-0.05790620908471838,0.9383216500282288,-0.032661579952808655,0.43542917633390277,0.012518191870661308,0.9602348804473877,-0.02741492320051519,0.8536858447758104,0.0689936450765184,0.9586487412452698,-0.05311949497577779,0.853782382039879,0.15091710416642393,0.9694480299949646,-0.03979322547655316,0.9194957283408814,0.06474730637788002,0.9111628532409668,-0.060444394464953304,0.9201088655738228,0.16075960982120077,0.9089446663856506,-0.0034199402420065036,0.9896693474540645,-0.16592990479014816,0.9482659697532654,-0.06184068576671878,0.9980860331574137,-0.05815914277258678,0.9568666815757751,P5,P5/rob_1_frame655.jpg
-0.029188669946076284,-0.2516372593854393,-1.1310667122598084,0.9654818177223206,-0.020214145016270536,-0.27343177625937753,-1.1337971163531657,0.9434993267059326,-0.0141395168307559,-0.27296275334028824,-1.1335030847082903,0.9485985636711121,-0.007379297142574121,-0.2740539888937103,-1.1337234155077967,0.9408205151557922,-0.0351885361483959,-0.27822493581939195,-1.1117411737057326,0.9393437504768372,-0.03883383398191017,-0.2805713044868146,-1.111884716713467,0.9394418597221375,-0.04291641706680901,-0.28516738181241935,-1.1121937972220566,0.9315801858901978,0.003277131241431937,-0.2973517521987815,-0.970674282854706,0.9364496469497681,-0.04154205064799675,-0.30389193048868224,-0.8727815208615924,0.9297487735748291,-0.015975767605100773,-0.24042691705626443,-1.0574575106121142,0.9227772355079651,-0.03342502154866915,-0.24437338509821077,-1.0288862781801538,0.9117220640182495,0.08065375803970468,-0.21835669728171794,-0.6599013558998289,0.9903098344802856,-0.07152835860445762,-0.31200857371970947,-0.5928107721507528,0.9956991672515869,0.06315299067803805,-0.2168939670221229,-0.40633108926372913,0.8611575961112976,-0.1994426390364401,-0.3603079982771728,-0.34611877678597663,0.8312968611717224,0.07819703103837865,-0.19561554899991807,-0.19977443754121338,0.8272653818130493,-0.2130066815307445,-0.43858958270686815,-0.23570987001849633,0.8311618566513062,0.084589518236316,-0.1876141839236238,-0.18388228277344715,0.7852849960327148,-0.2327957443806294,-0.45872563762585306,-0.21027767620997595,0.7820895910263062,0.08536202657363955,-0.20837071506958985,-0.2134958419517589,0.789374053478241,-0.23780190324244327,-0.46634586128846534,-0.2448920885609716,0.7872285842895508,0.07946026738668682,-0.21460827614493208,-0.2107439257006564,0.7674342393875122,-0.23209597221792397,-0.4649028103121887,-0.2476097107668795,0.7800772190093994,0.05520805884067165,0.006938490842948751,-0.011453253960742617,0.9993057250976562,-0.05520805884067165,-0.006938490842948751,0.010990161505824304,0.9997524619102478,0.035926605739912194,0.39470179042743686,-0.03929862742267597,0.9358413815498352,-0.06499088139265946,0.4141333462970369,-0.04309679542424749,0.9573776125907898,0.018179943803840255,0.8436076586115425,0.18678808812608755,0.9530529975891113,-0.11729947759087792,0.8304169436978378,0.1336675526736024,0.9669600129127502,-0.003562094981248841,0.9110012936770149,0.19790917429403507,0.9056274890899658,-0.12454193618743636,0.8944620136527739,0.1448702017535388,0.9064695239067078,0.060710154935525035,0.9981554373381455,-0.04936313684852372,0.9434652328491211,-0.16682914675696855,0.9833820835905085,-0.1157324664231102,0.9546509385108948,P5,P5/rob_1_frame657.jpg
-0.06200966943876359,-0.3185177579545908,-1.3284554364215915,0.9688815474510193,-0.05820110788075333,-0.3388789020090104,-1.3652850491567958,0.9490816593170166,-0.05595316356528495,-0.3352648082738064,-1.364921316541019,0.9536846280097961,-0.054404784831058345,-0.3336864555658246,-1.3651443063111703,0.9466690421104431,-0.06188002422355941,-0.3551953227814038,-1.3191192177519635,0.9452626705169678,-0.06192866710830402,-0.3626463963057908,-1.3193783007500275,0.9453513622283936,-0.06273671980562866,-0.3720819750683513,-1.3194769348297548,0.9382336735725403,-0.04058626434904699,-0.3553025653034207,-1.2942464202084383,0.9427511096000671,-0.05078104549184317,-0.40412207868922456,-1.0924119488419168,0.9366396069526672,-0.05223203474040839,-0.2953730792716513,-1.2740889747161475,0.9304059743881226,-0.05766240608253691,-0.311741150697782,-1.2176964175874925,0.9204300045967102,0.0050760250399324415,-0.2408515618888231,-1.1066486529300907,0.9912403225898743,-0.03985879911749327,-0.4236484112739014,-0.6050435884502782,0.9960468411445618,0.011665735754502849,0.2300852009212347,-1.1817033794969576,0.871690034866333,-0.15669351131692108,-0.4439651648066351,-0.07217590270517181,0.8325615525245667,0.04044054312715748,0.6441543865341294,-1.3012396905488963,0.8379625082015991,-0.2364808068196014,-0.5226423861186511,0.3474604299518918,0.8401379585266113,0.06691368120716312,0.734497810323423,-1.3530074398446155,0.7962713241577148,-0.2563301115643949,-0.549040122541494,0.4576888887072892,0.7907649278640747,0.05446120642871521,0.7592310058992163,-1.379806869002247,0.8006489276885986,-0.25071305111237235,-0.5442963522590868,0.3848457539375475,0.7961762547492981,0.04085157031744083,0.7175053675408689,-1.3154162392572155,0.7816360592842102,-0.24218924121929986,-0.5299248171471005,0.3295102979646244,0.7911002039909363,0.012325681757978227,0.030244672964553587,-0.17783091906189727,0.9993611574172974,-0.012325681757978227,-0.030244672964553587,0.1784861978376253,0.9997636675834656,-0.004159796375041436,0.3882575492789469,-0.07374254196795993,0.9334478974342346,-0.008921924419921509,0.35741858264789733,0.30044949324722936,0.9384436011314392,-0.05839381252863283,0.868402441286011,0.16660755871071414,0.9503934383392334,-0.01654205530493477,0.8110760237431972,0.687523978079352,0.9513727426528931,-0.07542556374043684,0.9284132407967565,0.18396995707937489,0.9100246429443359,-0.009243444553627883,0.8937544075449307,0.7230521602862507,0.9048411250114441,-0.0875275815731448,0.9961620964802649,-0.08569437230111461,0.9441293478012085,-0.05477297724223823,0.9659041478456744,0.5032064940361007,0.9487738013267517,P5,P5/rob_1_frame658.jpg
-0.02335477120801267,-0.3346796151877832,-0.685188795600282,0.9685465097427368,-0.018484052290078067,-0.3544582120226875,-0.6690506367601681,0.9478299617767334,-0.014158217863580529,-0.3535785451337238,-0.668669345847487,0.951666533946991,-0.009178699598423792,-0.35281764017953376,-0.6687972319342264,0.9431091547012329,-0.028126258808353916,-0.3587402505197502,-0.6634824380741394,0.9453142881393433,-0.03075450777184786,-0.3602060332030874,-0.6636462782515972,0.9455444812774658,-0.03378579765351918,-0.36384632323865673,-0.6639022970237777,0.9388499855995178,0.0008402110966801055,-0.3557037327456013,-0.48309992650400646,0.9402376413345337,-0.03188984819480959,-0.3704945255989693,-0.4611188580240891,0.936575174331665,-0.013345428542537553,-0.31384843645423216,-0.6098109211096658,0.9200900793075562,-0.027068843575152376,-0.31905956022009385,-0.604414355120071,0.9148887991905212,0.040485884380684733,-0.2629850868660659,-0.24512596500602038,0.9904075860977173,-0.05635687818729806,-0.3191706282753723,-0.28118609316624926,0.9961702227592468,0.0522227002718183,-0.12191741176163931,0.0614417557477872,0.8466764092445374,-0.18100285526431248,-0.3607221149661574,-0.11049420776948524,0.8369171619415283,0.015287837196661132,0.1062980472703149,0.34744156654205627,0.8033087253570557,-0.18777268010433934,-0.35086260567187944,0.03233079749841698,0.8433846235275269,0.0010656023101003969,0.20665168487517666,0.37828070698835253,0.7607552409172058,-0.20946557334136512,-0.4028515303744172,0.055716196265189824,0.7906242609024048,0.0006040681798625225,0.3672880519995586,0.35859468330609373,0.7659199833869934,-0.19581317873486084,-0.39096537430949,0.029609201678850738,0.7972553968429565,-0.01603029656795852,0.18334001912023387,0.3441622723460121,0.7516396641731262,-0.18736332625939658,-0.3828242634086452,0.02550323927857944,0.7943774461746216,0.03381075344213858,0.015824731890160756,-0.028996625843777057,0.9993909597396851,-0.03381075344213858,-0.015824731890160756,0.028880810763489487,0.9997702836990356,0.0276013981315008,0.40553629976035743,-0.08246767964109576,0.937862753868103,-0.03613805334998907,0.3885024451156645,0.21093609071977637,0.9414156675338745,0.019486130774601804,0.8542721546551876,0.07874020463451471,0.9514307975769043,-0.10694798280870715,0.8341001835712154,0.330233218655989,0.953691303730011,-0.010705737399281354,0.9280667175212016,0.08705218994078537,0.91264408826828,-0.10335622339764673,0.9085503044260221,0.35370652985994383,0.9073687791824341,0.05582688825744807,0.998440463196224,-0.12192032162632023,0.9447085857391357,-0.15253954535037556,0.9881142905187114,0.3963190814447167,0.9494657516479492,P5,P5/rob_1_frame660.jpg
-0.04471813036475165,-0.40314222976809233,-0.6414645272916503,0.9702860116958618,-0.03527193324274744,-0.4273341771674634,-0.6415936070899635,0.9504181146621704,-0.027757706814076796,-0.42873261802776896,-0.6411750015586289,0.9536562561988831,-0.019454744260801838,-0.42983389529716487,-0.6411587074618005,0.9447177648544312,-0.05151775880938762,-0.42507795394724285,-0.6263015972164213,0.9486252665519714,-0.05562376937206308,-0.42463231039898347,-0.6264312880433657,0.9489734172821045,-0.0600883519030706,-0.4248693895078381,-0.6266863924968368,0.9429683685302734,-0.002413257578405228,-0.43134792240684755,-0.5140680110189083,0.9421031475067139,-0.06028601966522128,-0.42617821283558693,-0.4467976795053106,0.9410704970359802,-0.026938317419813874,-0.38675922827377723,-0.586435645210985,0.9218922853469849,-0.04870356461089625,-0.38381233902423884,-0.5677049189589468,0.9202598333358765,0.061777947906080315,-0.3444654558408953,-0.2962952683058693,0.9901837110519409,-0.07925214469737864,-0.3765314236945312,-0.29486775266653537,0.9964962601661682,0.03386463246729139,-0.2650639146432204,-0.01760533881124141,0.8343218564987183,-0.21769310531478978,-0.35444905264392423,-0.09257470109000013,0.8484663963317871,-0.008967252513351646,-0.015603430799176784,0.2918484819837416,0.7747175097465515,-0.22199352482025023,-0.34182795075488787,0.13053325720985867,0.8529958724975586,-0.026619767826816805,0.04904380572029625,0.3164381581028857,0.7324911952018738,-0.22769177415738515,-0.35117159690497773,0.16731128691984803,0.800675630569458,-0.023374187414791036,0.042496022909765695,0.306115033057193,0.7378563284873962,-0.21879601199386853,-0.34834233066692,0.14965482537980723,0.8074464201927185,-0.02573377631176741,-0.08894193856696883,0.2906331460365463,0.7288193702697754,-0.21468949224066716,-0.341510114028627,0.12958800864735878,0.8056696653366089,0.05287750118972549,0.008574768455995283,-0.016603310731443544,0.9994023442268372,-0.05287750118972549,-0.008574768455995283,0.01628666901169817,0.999777615070343,0.04262097826481921,0.420934568799967,0.07481300259802091,0.942434549331665,-0.07320734028832267,0.3888199223320559,0.05311082820089243,0.945966362953186,0.0393049258840102,0.8312109651882054,0.334302725810858,0.95306795835495,-0.139592545910765,0.8169405951858097,0.2094270845341682,0.9566248059272766,0.00906572996105886,0.9026935753272318,0.35390136731427646,0.9148346185684204,-0.12972361881416655,0.8906986759469355,0.2195592376731257,0.9105229377746582,0.06958923608755545,0.9975757305692388,0.185870403234898,0.9460421204566956,-0.18119819826695865,0.9810038193898183,0.21569140097893552,0.9518247246742249,P5,P5/rob_1_frame661.jpg
-0.046638223673009384,-0.4282584511507042,-0.6967791383376027,0.9607453346252441,-0.039057422076818546,-0.4530309198646371,-0.7050851666396026,0.937687873840332,-0.03310905722386572,-0.4544855070241882,-0.7049232615122285,0.9407326579093933,-0.026972803685103092,-0.45518568518597496,-0.7049928462691,0.9295104146003723,-0.051905799610432415,-0.45095056200609246,-0.6809827095698029,0.9362833499908447,-0.05513209144953418,-0.45124917608296355,-0.6811548014331547,0.9376655220985413,-0.05876368743120523,-0.45251065816050373,-0.6814713776290201,0.9312703013420105,-0.011546542202442445,-0.4612074732760227,-0.5857199963419991,0.9255895018577576,-0.056231569977130455,-0.45777124609546865,-0.4825767355815803,0.9244091510772705,-0.030140632517724496,-0.4145211209663653,-0.6410854969158905,0.8969497084617615,-0.04854929471144255,-0.4100409255876004,-0.611815658084757,0.9002081751823425,0.05266227548216323,-0.3873582632989161,-0.426229469873612,0.9879293441772461,-0.06834492775923694,-0.4124880059413401,-0.344921576103834,0.9965963363647461,-0.013071993612272778,-0.29470660242619257,-0.12356178564703917,0.8342555165290833,-0.1737618975166359,-0.33155512676826554,-0.6430596568215862,0.8566657304763794,-0.09893466246310607,-0.20976349564530217,-0.08878803983408352,0.7656077146530151,-0.21578095314227724,-0.3211453652473858,-1.156832016446923,0.8630274534225464,-0.15721253608961924,-0.15080640786437652,-0.1582191775282212,0.7214735150337219,-0.24064200216905918,-0.32993479600111686,-1.2309126178857053,0.8138160705566406,-0.1301608959260805,-0.17936450388176797,-0.13676853206023354,0.7270160913467407,-0.23818143792325247,-0.32844576094212447,-1.2369594053084905,0.8204745650291443,-0.11213598333213845,-0.18331991011818718,-0.06629603436598552,0.7191579341888428,-0.22038299566249447,-0.32017472186369994,-1.173812567152375,0.8184072971343994,0.0534695373999275,0.005775830088036861,-0.008486120074855812,0.9991806745529175,-0.0534695373999275,-0.005775830088036861,0.008372285914655197,0.9997471570968628,0.0458171825954686,0.4067031209768787,0.026675342997722208,0.9412438869476318,-0.07974472191005946,0.3774602007185943,-0.06737235283261815,0.948111891746521,0.034958122043304556,0.8067967726992412,0.26842504505466397,0.9501900672912598,-0.13013146757770064,0.7823610075967046,0.042127806413895394,0.9582263231277466,0.004444664831055426,0.8772563093713245,0.2842720138120726,0.9077674746513367,-0.12391627913793253,0.846510673316841,0.04584916685495878,0.9069769978523254,0.07321664812079458,0.9442086561900046,0.10243546100088066,0.9408774971961975,-0.16736000146189597,0.9154987925699318,-0.14316790603662152,0.9516063332557678,P5,P5/rob_1_frame663.jpg
-0.06516138686056142,-0.4167477962333551,-0.8710967442533546,0.9601866006851196,-0.055216226276416834,-0.4377954999420388,-0.9011293113709667,0.9380784034729004,-0.04791231357337215,-0.442127324806499,-0.9010166332598725,0.9413735270500183,-0.040675886141900125,-0.4461679294449837,-0.9011061069757864,0.9311493039131165,-0.07074037196903984,-0.43029490719076213,-0.8640700683416354,0.9354295134544373,-0.0744331133382919,-0.42951750928760096,-0.8644260379497957,0.936683177947998,-0.07860341939961883,-0.4293895304617808,-0.8646604124740411,0.9299659132957458,-0.021047399720973886,-0.4557823514008803,-0.8096679718166456,0.9243478775024414,-0.07673602289839923,-0.43723514926366536,-0.6521893680048586,0.9166479706764221,-0.04611949539028688,-0.41010850199314075,-0.8194008476501224,0.8931916356086731,-0.06633214486018653,-0.3985893943769573,-0.7735582850634513,0.893086314201355,0.05316815974634734,-0.3952421857044961,-0.6492634862981618,0.9874461889266968,-0.08031557951037403,-0.40429706761591205,-0.47823300905484784,0.996556282043457,-0.05112921284757145,-0.2172240443055522,-0.7089560329304242,0.8413025736808777,-0.15993715507930506,-0.3097662121620199,-0.8121101584124536,0.8403912782669067,-0.19494387309215672,-0.2421940001043769,-0.6746684991743095,0.7753096222877502,-0.22050650359582882,-0.27678131640695947,-1.4077031452738455,0.851543128490448,-0.24768969258037377,-0.2239085313852882,-0.7251908512239101,0.7288752794265747,-0.2571784662828919,-0.2741520253757779,-1.4926537267245736,0.8041831851005554,-0.24842777473973582,-0.23982877306376327,-0.7276586741165768,0.7345958948135376,-0.2599456664050801,-0.27251961137422337,-1.5033466970747935,0.8119231462478638,-0.2387391797826512,-0.23873320135769208,-0.6697718651450656,0.7237550616264343,-0.2368943797011924,-0.270436687586765,-1.4290376107220946,0.8088161945343018,0.0591438488160974,0.010156128054736544,-0.009885046222899607,0.9990130066871643,-0.0591438488160974,-0.010156128054736544,0.009724790868685083,0.9997254610061646,0.04765189743532156,0.4128012251264312,0.019474917213057698,0.9398122429847717,-0.0950214916174879,0.3921087817212515,-0.10625201356784718,0.949203610420227,0.040335926553122015,0.8190435100972683,0.25505693605629065,0.9490329027175903,-0.13890201619595924,0.8137926290568862,0.02936267636794022,0.959216296672821,0.01383458200162862,0.8906520709654588,0.2701816925628723,0.8993214964866638,-0.12991208632520101,0.8794857917511012,0.032109879798594004,0.8953390121459961,0.08325382338393554,0.9666611579205215,0.060656263669213596,0.9394137859344482,-0.1831730636522699,0.9377610463511015,-0.21585574495918403,0.9517800807952881,P5,P5/rob_1_frame664.jpg
-0.07058476350975311,-0.4277678835880887,-1.416389768771354,0.961646556854248,-0.05646367338059774,-0.449644964107657,-1.4376169156643392,0.9405419826507568,-0.04795140216063534,-0.4529315115299772,-1.4373599865428592,0.9436728954315186,-0.0396114726615226,-0.45730492532344114,-1.4374863568503227,0.9347192049026489,-0.07537212434108476,-0.4453731982171245,-1.4049104003727564,0.9377830624580383,-0.08001462414090199,-0.44605255354827456,-1.4054223176004847,0.9384878873825073,-0.08511632728109811,-0.4471711912740029,-1.4057075446808713,0.9328025579452515,-0.019268713603389387,-0.4657905331236396,-1.2651220589287615,0.9256184697151184,-0.08117494261476706,-0.45640020790800273,-1.1248258866048946,0.9159091711044312,-0.04956203616829133,-0.4153432407715767,-1.3307593278505547,0.8944857120513916,-0.07404048573333416,-0.40861792946928005,-1.2909762796584054,0.8944403529167175,0.05123079847420662,-0.39338514840575245,-1.0436002221973582,0.987529456615448,-0.09073525990123603,-0.4056388797231646,-0.8331509579354337,0.9967367649078369,-0.07223176601333231,-0.18378461859363174,-1.1963695627185336,0.8535502552986145,-0.18431283013343797,-0.28108199127964373,-1.206768398585165,0.8401087522506714,-0.23331345318558866,-0.21778344139484584,-1.2931691160769223,0.7885946035385132,-0.20551075963924897,-0.2523345341088716,-1.8447335209311257,0.8453100323677063,-0.27788590538299773,-0.2069164122225512,-1.3851642481016784,0.7376197576522827,-0.20258319787612597,-0.230571258377108,-1.9583078387167083,0.7946602702140808,-0.28259153925719854,-0.2215001790877635,-1.3875194146887964,0.7435990571975708,-0.19272069516566573,-0.25296628348749295,-1.957252948017542,0.802420437335968,-0.2684858750912016,-0.2207317413733408,-1.2938091403099532,0.7273548245429993,-0.18952282149183247,-0.25004229727874444,-1.8614201224033144,0.7968870401382446,0.06013178353402256,0.01066117939902136,-0.006667597624684094,0.9986931085586548,-0.06013178353402256,-0.01066117939902136,0.00623256120092553,0.9996921420097351,0.048303441028476425,0.4165924373113215,0.015550349352477259,0.9335076808929443,-0.1015080987554374,0.39791271967210445,-0.2393195161857857,0.9480400681495667,0.03757350882676875,0.8406660581197035,0.23758488706035777,0.945506751537323,-0.14439268497070185,0.8260406105063545,-0.004804990389496321,0.9576842784881592,0.012283101942631039,0.9077824828068685,0.25128138010754436,0.8819072842597961,-0.12971779254828864,0.8937093051063311,0.002528664975864266,0.8715236186981201,0.08717319047468847,0.9784235868376937,-0.048718987488434846,0.9362200498580933,-0.19588669532621797,0.9597122000025884,-0.3319014988420894,0.9498406648635864,P5,P5/rob_1_frame665.jpg
-0.04749486393595663,-0.42298674510830747,-0.9521351123768688,0.9654728770256042,-0.03237998277445915,-0.443730791130736,-0.9676947336153123,0.9464797973632812,-0.024634949167286337,-0.4430752297314535,-0.9675579811126174,0.9492952823638916,-0.017068020972714266,-0.4428168394763616,-0.9676864892060589,0.9412370324134827,-0.05259095576365539,-0.45601522264554617,-0.9341974370915621,0.9439961910247803,-0.057741486865154235,-0.4638353065496525,-0.9343856844361809,0.9446257948875427,-0.062375237456469154,-0.47215443894086606,-0.9344736248015503,0.9395107626914978,0.0006507848764610433,-0.4528554546514601,-0.8540470569893529,0.9330498576164246,-0.05874665047587156,-0.49646864132910434,-0.7055426723583087,0.9243059754371643,-0.03265597418898888,-0.40236466399737336,-0.8922277014235772,0.9050166606903076,-0.0554220597285374,-0.41328300998526285,-0.8501419551396698,0.9049761295318604,0.0422707874693721,-0.37098925594725635,-0.77012158806275,0.9886665344238281,-0.07001793569798893,-0.42852940910389753,-0.47278543069193707,0.9970572590827942,-0.09583648104769069,-0.33535515249503356,-1.0422756226759482,0.8675696849822998,-0.16991943396215045,-0.47161560790752033,-0.7707856555985637,0.8350634574890137,-0.20652624684263282,-0.4570177689834847,-1.137601015781749,0.8072630763053894,-0.20981445749834096,-0.4778545973259234,-1.2516048378010904,0.8254940509796143,-0.22402075241466068,-0.497286539072495,-1.2117276771516157,0.7574196457862854,-0.22240792349651387,-0.511102991208405,-1.3269773210136895,0.7665958404541016,-0.21419897828928988,-0.5102182221455147,-1.1940786216219967,0.7625023126602173,-0.20376607097005764,-0.5111604403459007,-1.3323462635285834,0.7710564732551575,-0.20860756758819377,-0.4959150881363776,-1.1330707783288376,0.7416307330131531,-0.20031958074304854,-0.49263152313985187,-1.2701704622578627,0.7651730179786682,0.04707701633681323,0.008606770669609161,-0.03516153849404655,0.9987549185752869,-0.04707701633681323,-0.008606770669609161,0.03476535700612557,0.9997063875198364,0.04206219082889776,0.31331804285621423,-0.1605466856979011,0.9383862018585205,-0.09319984045027724,0.29225410066839075,-0.10949248618327977,0.9519342184066772,0.04184011523361234,0.653380033284912,-0.0201452651292366,0.9494706988334656,-0.1275770640822768,0.6403562222100767,0.05259266516993908,0.9610109925270081,0.029031967435754275,0.7061883535528509,-0.024399267843039616,0.8801201581954956,-0.109746696980903,0.7022788023394438,0.047910077904366306,0.8767411112785339,0.08482162312608114,0.7502459531483439,-0.30084490597404895,0.9402017593383789,-0.19200823473835207,0.729069075640113,-0.17462906910609713,0.9530200362205505,P5,P5/rob_2_frame55.jpg
-0.036253959241060695,-0.40623071654885873,-1.017500895872631,0.968890905380249,-0.025198031950770427,-0.4263600585786932,-1.0337046588457757,0.9517845511436462,-0.01790241620470258,-0.42616815547327247,-1.0336725058799963,0.954310417175293,-0.010751393677524116,-0.42677195899829257,-1.033817416189278,0.947058916091919,-0.04304134250634805,-0.43440324663365054,-1.006923838492794,0.9495469927787781,-0.04797958143989126,-0.43936450632967483,-1.0071856283206782,0.9500954747200012,-0.05274709890621946,-0.4450189256232697,-1.0073262262006244,0.9455000758171082,0.006247568581433657,-0.44499799765737785,-0.897424091426727,0.9397022724151611,-0.049408010239130065,-0.46940362071778735,-0.7785722071662828,0.9318110942840576,-0.021663108257395758,-0.3922482986099415,-0.9471762715776608,0.9144691228866577,-0.042062167374921695,-0.39909326549047075,-0.913512433497074,0.9144342541694641,0.04708082043195251,-0.3631232924047551,-0.7597936702076518,0.9897767901420593,-0.07396780264827647,-0.4364247613026497,-0.4851293699245378,0.9973479509353638,-0.09088926801535581,-0.2591696465542727,-0.9191035615483655,0.8784329891204834,-0.13384791334739168,-0.3254735012567842,-0.6734722161295529,0.8282932639122009,-0.20675821953734339,-0.28473531310587724,-1.0682412565221326,0.8221120834350586,-0.18550688486339006,-0.37143004599379326,-1.1298695499720832,0.8056315183639526,-0.23337757746256507,-0.2974513988541001,-1.1497651963827917,0.7739337086677551,-0.2263890320524018,-0.425499538672066,-1.2033808692916028,0.7468565702438354,-0.23184882126320214,-0.30480256883689916,-1.1545374067869258,0.7784957885742188,-0.21416855858734585,-0.3844870673318185,-1.2341794785873554,0.7493934631347656,-0.2251649997200404,-0.3015428161859635,-1.0715417869975181,0.7513970732688904,-0.20838654211988894,-0.3717144760756875,-1.154859697461661,0.7396008968353271,0.04711811026208714,0.009437751600298373,-0.03157195907172119,0.998849093914032,-0.04711811026208714,-0.009437751600298373,0.031335504766182125,0.9997225999832153,0.0464933153530967,0.33000142522268955,-0.1605256000502772,0.9431092739105225,-0.09291826601761324,0.310080411580597,-0.12747004439650164,0.9559260010719299,0.03263266012482315,0.6715388525896134,0.0010825823958491379,0.953711211681366,-0.13496381785597836,0.6580522371880986,0.0532685421654692,0.9642830491065979,0.018563486254572287,0.730615963579265,-0.0013952768748602723,0.8843802809715271,-0.12123678451902056,0.7188711891207393,0.05355155723148781,0.8808380961418152,0.07275727836662711,0.7665863171734514,-0.279288080674612,0.9448643922805786,-0.1998830022333886,0.7545004802889665,-0.2064692233538,0.9566491842269897,P5,P5/rob_2_frame58.jpg
-0.03508523503958489,-0.4184236198715032,-1.0192415894384474,0.971925675868988,-0.02627583698106973,-0.44140335342674003,-1.0237132730963108,0.956455409526825,-0.01971738512852476,-0.4426549809135992,-1.0237144551779922,0.9586922526359558,-0.012906493165822559,-0.44465072881882256,-1.0238853316521412,0.9521929621696472,-0.04377589956033619,-0.44447867026299215,-1.0110687423653002,0.9544610381126404,-0.04982185333284289,-0.44749934865708746,-1.0113503404902624,0.9549199342727661,-0.055948451344494526,-0.4512661832768869,-1.0115612107279612,0.9508081078529358,-0.0009433011816593494,-0.46804143277191673,-0.8451214831559256,0.9454801678657532,-0.06546118800336972,-0.4753442020564394,-0.7898386094691947,0.9384467601776123,-0.022748636586547057,-0.40532911004715305,-0.9339950466098796,0.9229118227958679,-0.043687506119058445,-0.4070385315006892,-0.9186191191406641,0.9228912591934204,0.05090293270157557,-0.38312646385494714,-0.6482833430681607,0.9907751679420471,-0.10162572928916537,-0.4152639155374488,-0.4791025650908563,0.9976091384887695,-0.031069703568285627,-0.24951570574896034,-0.6670428480076237,0.8859215974807739,-0.12355281910722465,-0.24730271749920005,-0.4379362093487467,0.8341249227523804,-0.1512192438439082,-0.0461833402466666,-0.7601744010199479,0.8325129747390747,-0.1635553169273099,-0.054295704140455196,-0.7209773605232441,0.8052515387535095,-0.17511246385395432,-0.015940831170457078,-0.8278343266216981,0.7841812968254089,-0.1841788990069428,-0.02761126092489059,-0.8050583051428681,0.7456796765327454,-0.186242419595226,-0.03670278247800395,-0.8628159981717621,0.7890592813491821,-0.18397768243630758,-0.03235245920608513,-1.0100398716041574,0.749467134475708,-0.17559948150664062,-0.04362006179202112,-0.7732400155143113,0.756700873374939,-0.17427226646338417,-0.039915023775670716,-0.7806204738337756,0.7375549077987671,0.049993255176628115,0.004801812802962264,-0.031606939170174785,0.998930811882019,-0.049993255176628115,-0.004801812802962264,0.03165589910536617,0.9997310042381287,0.04602369354848964,0.3469011110337702,-0.183800501526525,0.946445643901825,-0.09506878787432427,0.3338538188054666,-0.13859068763339596,0.9584562182426453,0.023765752202081727,0.7056857548806265,-0.04447780160309745,0.9567990303039551,-0.1555750834970063,0.68960051273144,0.01964681936704781,0.9666431546211243,0.007936627750505361,0.7644873573764974,-0.048434179736929456,0.8856783509254456,-0.14226556614907268,0.748542782947383,0.018489099650420508,0.8794665336608887,0.06371459664807788,0.8104927943301318,-0.31748422034072843,0.9481437802314758,-0.21392145320317651,0.7911095442901814,-0.24645849774735332,0.959023118019104,P5,P5/rob_2_frame59.jpg
-0.06616963378511789,-0.47435613054655035,-0.4489652787456979,0.9745844006538391,-0.05744732353120028,-0.501475825525325,-0.4666228750385826,0.9606130719184875,-0.052787801231642895,-0.5021477354255313,-0.46658775203337344,0.9626065492630005,-0.04805128722906932,-0.5026267444624096,-0.4665803901477017,0.9567728638648987,-0.06499698593437667,-0.5049932501781181,-0.42139576282301644,0.958786129951477,-0.06599560788857833,-0.5081080737351896,-0.42152600658009864,0.9590989947319031,-0.06695369082476389,-0.5111490189858285,-0.42163098642115315,0.9554465413093567,-0.024611172975152158,-0.5028343042346521,-0.43798942069587193,0.9505386352539062,-0.0536722653111112,-0.512089264754087,-0.24082904166702054,0.9436566233634949,-0.05425083817623714,-0.4523354656850565,-0.4319541338497054,0.9301795363426208,-0.06282980246244979,-0.4566162562627002,-0.3751014690659798,0.9301388263702393,0.021242023834654792,-0.37222602030248986,-0.44587766497751885,0.9911549687385559,-0.053722144518878225,-0.42711435886044113,-0.0623454828142113,0.9977371096611023,-0.09878687364387902,-0.27911133362821067,-0.5774338808757554,0.8960736989974976,-0.12609959921083924,-0.33471024009394834,-0.12121355298641143,0.8171541094779968,-0.19729175787843797,-0.35516292060100785,-0.5902549777320316,0.8475233316421509,-0.1881661979045105,-0.3866722453129959,-0.4694936861384115,0.7974656224250793,-0.21751469566259657,-0.37388572013128385,-0.6481542950985043,0.8015075922012329,-0.2078112114478314,-0.40343029701171024,-0.5263346108225196,0.7350372076034546,-0.21386884340072843,-0.3926463344575653,-0.6430280227611166,0.8056371212005615,-0.2001713902685872,-0.4101704763031409,-0.5548795928123119,0.7386699318885803,-0.20606783908585216,-0.3840333822586479,-0.5865738403088823,0.7725351452827454,-0.19363267368108938,-0.4013190249534312,-0.4937428943295014,0.7255131006240845,0.03879366735005256,0.007147450482027736,-0.05705918270320503,0.9988385438919067,-0.03879366735005256,-0.007147450482027736,0.05689788605832252,0.999739944934845,0.03842122728373494,0.28263050956658203,-0.02653136842591408,0.9492273330688477,-0.10499647826751483,0.2647314628823934,-0.18935648833589236,0.962250828742981,0.016133783252480677,0.5402381318910403,0.3138256731045524,0.9589202404022217,-0.141576812527531,0.5548915923616446,0.005247724194937598,0.9695115089416504,0.0006919848219278082,0.5815229381137901,0.3367490283880146,0.8847458362579346,-0.1288102001114685,0.6020682421692128,0.011347362678302912,0.8860887289047241,0.0452677809584399,0.6375229538393864,0.16554654472841782,0.9501474499702454,-0.18271269461369677,0.6638730561001432,-0.2003294437920284,0.9621861577033997,P5,P5/tom_1_frame49.jpg
-0.04513387788475045,-0.46361765743970595,-0.6051397199418107,0.9767724275588989,-0.03968840347537261,-0.4927306387628392,-0.6214742721943698,0.9640032649040222,-0.03601728211611649,-0.4940436626927515,-0.6215108230386274,0.9657778739929199,-0.0319739702586613,-0.4946407043626633,-0.6216069778190418,0.9604941606521606,-0.046996500889651516,-0.4940143284685667,-0.5898026649526475,0.9623348116874695,-0.04843588249139407,-0.49729541824111045,-0.5899631679287112,0.962515115737915,-0.04987072029531302,-0.500640188003741,-0.5901242054692245,0.9592793583869934,-0.016781314491510428,-0.4982359843905988,-0.543912779294715,0.9548413753509521,-0.042901536742230816,-0.5147947196093083,-0.40470521380901425,0.9481315016746521,-0.03421386212403488,-0.447821478408689,-0.5635373752743527,0.9366252422332764,-0.04314315987355718,-0.4483091348280529,-0.5237338733908745,0.9365995526313782,0.03791725781194991,-0.36907325243039596,-0.4883155373305223,0.9918688535690308,-0.07086132890595305,-0.4302481398641887,-0.1721265788711178,0.9979398250579834,-0.06926692361375773,-0.20064943445190903,-0.5510126638557824,0.9040958285331726,-0.11634073588696695,-0.24162159445356537,-0.19063898010259125,0.7989203333854675,-0.18188755867375223,-0.16810862541475174,-0.6222044872328472,0.8580574989318848,-0.19708723059930722,-0.18478302701629476,-0.5193268572458614,0.7799625992774963,-0.20958461241037954,-0.16405716144943655,-0.6815826367301813,0.8129366040229797,-0.21941632177178305,-0.18399160434831097,-0.569694755889801,0.7200016975402832,-0.2119606845693491,-0.18877087781207935,-0.6926902846127897,0.8169160485267639,-0.22144773350172017,-0.19931422609732846,-0.6148562974848305,0.7251463532447815,-0.20086499756630583,-0.1877568090507384,-0.6246006055586857,0.7800335884094238,-0.20993815997339052,-0.19570016949309246,-0.5471273492035321,0.7091007232666016,0.0410320312200381,0.004934029871996218,-0.053726116043511414,0.9986719489097595,-0.0410320312200381,-0.004934029871996218,0.05363609204913104,0.9997146725654602,0.05478350123042821,0.29085798720859046,-0.10304213384385365,0.9528241157531738,-0.09395337718945886,0.29293076086283376,-0.1547972689979681,0.9654490351676941,0.023687753542293,0.5662655917646524,0.21839506980064743,0.9618269205093384,-0.14180985863778578,0.5937615824475847,0.014513339199238962,0.9720869064331055,0.009053784445778108,0.6161163995342089,0.2728185251689713,0.8905138373374939,-0.13234673146454493,0.6456059146916963,0.018776169112762794,0.8926817774772644,0.05474755177117667,0.6677594682629568,-0.07871517486066797,0.9533147811889648,-0.18433840303514276,0.6973995969541856,-0.18519739799061377,0.9649588465690613,P5,P5/tom_1_frame50.jpg
-0.09248658634080457,-0.42552356990904433,-1.7193321275079883,0.9790803790092468,-0.08168204764523497,-0.45894525205592823,-1.7219038814405807,0.9675644040107727,-0.07076664621020085,-0.4642711601952618,-1.7217678374889076,0.9691600799560547,-0.059159742525616,-0.47000446437497273,-1.7218950516648712,0.9644055962562561,-0.10908811806124943,-0.4538769607986394,-1.6953378660747123,0.9660651683807373,-0.11826601585387965,-0.4557851734380948,-1.6958293902558779,0.9662250280380249,-0.128107291425282,-0.45841644659954445,-1.696168682563236,0.9633148312568665,-0.028582719786496163,-0.49809328902201083,-1.4221910437005072,0.9592917561531067,-0.13539659830225578,-0.4838694196829132,-1.2932838400016848,0.953281581401825,-0.07053020443842258,-0.41796609947348384,-1.5807002339800027,0.9429490566253662,-0.09780243834669117,-0.41000891817270063,-1.5453919230898423,0.9429250955581665,0.08331326695039414,-0.40636589987786365,-1.072038766277018,0.9926801323890686,-0.18904141008260758,-0.38661679838850727,-0.7049074024643177,0.9981448650360107,-0.01814674246961829,-0.1449334918832257,-0.9595970503469673,0.9119262099266052,-0.1890287377193207,-0.15191097686615998,-0.4176934801484511,0.8149763345718384,-0.17092949617273256,0.021391685042882493,-1.1875378738036872,0.8700219988822937,-0.23346188599067144,0.009916410422116119,-0.5421350247821622,0.7962282299995422,-0.20725944481536232,0.057735532406536574,-1.2869628651941931,0.8274195194244385,-0.27493076409626654,0.02961596705887996,-0.5871089559371324,0.7382754683494568,-0.2352770589564465,0.03830626501510434,-1.3601529578079388,0.8310989141464233,-0.2791929295341454,0.015307315521533988,-0.7024613093212214,0.7433503270149231,-0.214773420429835,0.029531593646544143,-1.2124159303797446,0.7945581674575806,-0.25959319841720907,0.01779714875726561,-0.5855872503779266,0.7266903519630432,0.07972314555263203,-0.007811326487210431,-0.0372185419100587,0.9987936615943909,-0.07972314555263203,0.007811326487210431,0.037367536710421714,0.9997358918190002,0.0971881148774166,0.36693858037637483,-0.23361047966985782,0.9566383361816406,-0.17197517053685574,0.3469994751948979,-0.3223998427038306,0.9685102105140686,0.04050373456623045,0.6719134738962527,0.2927695476987182,0.9649519324302673,-0.292620892701645,0.6717579717351454,0.08055630745032873,0.9742165803909302,0.008738289422349497,0.7192636366818763,0.329997435476701,0.8939090967178345,-0.2877244550419626,0.710735054432629,0.1070406831596512,0.89194256067276,0.08870858693766678,0.7854423150819521,-0.17786783990454688,0.9566677808761597,-0.3367277480576544,0.8006151400382802,-0.2879247192604864,0.9673634171485901,P6,P6/eric_1_frame90.jpg
-0.10839598571809994,-0.4341844592897315,-1.473368710159533,0.9811654090881348,-0.09834750115679462,-0.4676858487328433,-1.4830619927884825,0.9707896113395691,-0.08762104128940833,-0.4734135218979837,-1.4828887604364207,0.9722247123718262,-0.0760248911656961,-0.4801707597937341,-1.4829559698843593,0.9679474830627441,-0.12773911687026884,-0.4614238604565908,-1.4667966342928536,0.9694395065307617,-0.13855874583486008,-0.46240621055002384,-1.4671425949261176,0.969582200050354,-0.150151955545225,-0.46430168500551317,-1.4674226903004017,0.9669643044471741,-0.0577829028061918,-0.5060914275802274,-1.2212456560719018,0.963340699672699,-0.17192504428761526,-0.48267330358772914,-1.1498370458378708,0.9579314589500427,-0.0891454355804665,-0.42481479015260637,-1.3464507247194544,0.9486491680145264,-0.11773549461546258,-0.4161088143138753,-1.326404918789087,0.9486264586448669,0.06510604425358546,-0.4180041207457448,-0.8905491285527415,0.9934114217758179,-0.23188805356131653,-0.36441760784522154,-0.664719922711283,0.998329758644104,0.047487255500092154,-0.15075877284830094,-0.698443523391642,0.9196177124977112,-0.2044047661102499,-0.11589740022615083,-0.3422947359322156,0.8313884735107422,-0.06570051182060269,0.06522181252765977,-0.9150700755741028,0.8808034658432007,-0.16554947204434642,0.08013777333230086,-0.52574817481884,0.8108505606651306,-0.08515092605404365,0.1197866429547398,-0.9975495100843956,0.8397287130355835,-0.17933782633619708,0.08143105113426005,-0.5727006111369605,0.7527052760124207,-0.10776690528539432,0.1076939830343809,-1.072540131858126,0.8432943224906921,-0.17298317303359914,0.11248685679050481,-0.6719542216696828,0.7578603029251099,-0.1006141397885251,0.09045223928382333,-0.939121312566183,0.8078133463859558,-0.1605642952553081,0.03104496813276465,-0.5622805423403644,0.7403895258903503,0.07934957453160053,-0.014358542445800052,-0.03229302920340168,0.9988999962806702,-0.07934957453160053,0.014358542445800052,0.03231799908853232,0.9997506737709045,0.10213878611501302,0.3793192866421757,-0.21367313800756002,0.9590839743614197,-0.16975090265861034,0.3781847911609715,-0.16483506711718746,0.9703769683837891,0.054402435598498305,0.6987583996552345,0.1531494969232881,0.9661434888839722,-0.28975076758693546,0.6844906739759614,0.16112487455849753,0.9747610092163086,0.02206612193540271,0.750829927587411,0.16628963709272312,0.8898608684539795,-0.28114745417993064,0.7217336133858171,0.17571342033691506,0.8847636580467224,0.10390874692647697,0.8222451747544258,-0.23527547274628116,0.9576969146728516,-0.33168215407318036,0.8048414562343361,-0.17930619588976096,0.9678424000740051,P6,P6/eric_1_frame91.jpg
-0.08454458762712935,-0.37950001706486836,-1.9924349923019562,0.9830304384231567,-0.0690540314973613,-0.41104367521207447,-1.9992053342433524,0.9736319780349731,-0.05670240254246488,-0.41800913345179447,-1.9991294676341549,0.9749045372009277,-0.044389782505719184,-0.42632133156612645,-1.9993580713677295,0.9710394740104675,-0.1003943986832488,-0.40736808858234974,-1.9603769757542073,0.9724171757698059,-0.10994828508195226,-0.4123014259921551,-1.960825578312941,0.972537100315094,-0.11883873304181275,-0.41831661551251204,-1.9613483264991887,0.970191240310669,-0.020595776585175016,-0.4631481883578023,-1.7045058649771925,0.9668627381324768,-0.12893558916154074,-0.4555909992493693,-1.5275059105861897,0.962065577507019,-0.06055897907919776,-0.37215250089149554,-1.8530842371168803,0.9537691473960876,-0.09409890427125359,-0.36822945143725216,-1.8024262807833855,0.9537522196769714,0.0951875686009676,-0.40741735168302906,-1.3676496586467326,0.9940659999847412,-0.20028304387437057,-0.38564944315650873,-0.9591317033235628,0.9984950423240662,-0.03129841825736144,-0.07609388634109122,-1.3837594813521434,0.9262478947639465,-0.2241187836007304,-0.12073105996375899,-0.7212774780795668,0.8429397344589233,-0.26458809812473083,0.0890026114083278,-1.7280714105793025,0.89106285572052,-0.32115655092619283,0.07977671543539906,-0.39434280285986684,0.821979820728302,-0.31185794347715223,0.13038662769690681,-1.882966072326323,0.8535586595535278,-0.36225352181154136,0.11473415587378517,-0.7849208148727672,0.7667551636695862,-0.3300595477108261,0.1078911024562771,-1.9393794216535938,0.8567089438438416,-0.36800095526503285,0.10562514324016838,-1.1757473653237382,0.7714662551879883,-0.3123698638203105,0.09466880018486194,-1.7531951616803378,0.8215848207473755,-0.35154779671383934,0.09327451819125378,-0.7390119074938435,0.7511761784553528,0.08583503705918924,-0.01404697518169549,-0.03183182846294302,0.9989977478981018,-0.08583503705918924,0.01404697518169549,0.03252276227320772,0.9997586607933044,0.11117147281323018,0.33467963060051836,-0.5112424197902234,0.9573999643325806,-0.22611110672922294,0.34708245876048766,-0.5403146765328983,0.9721779823303223,0.0075349597616926655,0.6669590295598595,0.13614865364091974,0.9665107727050781,-0.3525834691492273,0.6749167054474687,-0.01610928601906573,0.9758018851280212,-0.031781727280037794,0.707178514909527,0.1810691259462787,0.8862146139144897,-0.34856469008886026,0.7133360439565921,0.01273053959847895,0.8858609199523926,0.06054850977395878,0.7803394540709451,-0.2192327194065333,0.9577876925468445,-0.4336726840945012,0.7868530829112759,-0.4535586274429591,0.968275249004364,P6,P6/grant_1_frame324.jpg
-0.10564466050710698,-0.3939933172691394,-2.0851491705707668,0.9846835136413574,-0.08828744941159485,-0.4324783259967645,-2.0237696399178393,0.9761719703674316,-0.07525849271348665,-0.43763211847078776,-2.0237244304692785,0.9772801995277405,-0.06264878168817292,-0.44395881675072674,-2.02399196203754,0.9737794399261475,-0.1231341134727534,-0.43076307613189857,-2.066008302804327,0.9750716686248779,-0.13243997895381607,-0.43452722836495894,-2.0653306690472495,0.975138783454895,-0.14078577861713049,-0.4389050946291354,-2.065433956551452,0.973048210144043,-0.03323910411870675,-0.4795724328615309,-2.0071203715355557,0.969975471496582,-0.14739262308674572,-0.46890274901555584,-1.5282508863358204,0.9657300114631653,-0.06913489830451576,-0.3798237109447065,-2.1473382382033512,0.9583688378334045,-0.1138942842648692,-0.3774964402864983,-1.9077335791928822,0.9583531022071838,0.14197578612456163,-0.4167124197610756,-1.4258660471908455,0.9946293830871582,-0.2198814867736172,-0.37948523271372264,-1.0473528176211764,0.9986224174499512,0.029124367004579793,-0.04319508824302238,-1.5200205654886796,0.9325973391532898,-0.23113000395256797,-0.09107155562117603,-1.044273749391398,0.8511036038398743,-0.22045684896915663,0.16554387803628437,-1.753151299194777,0.9010096192359924,-0.33567067343115314,0.15403815803949242,-0.5770866735501516,0.8302508592605591,-0.26691421376908314,0.22809258937202534,-1.9118887846898032,0.8660397529602051,-0.3997333086604544,0.1881839909860725,-1.2095789655634646,0.7728911638259888,-0.29456309337756803,0.18348254698332161,-1.9400891518412169,0.8690987229347229,-0.39506352820407376,0.18636630023589132,-1.4529234788449397,0.7789936065673828,-0.2834598559996099,0.16139832399467413,-1.7694092603275342,0.8355697393417358,-0.36912490340902204,0.18010961733789926,-0.9729831054151608,0.7579450011253357,0.09747546554360056,0.005208484054117211,-0.06552304222647322,0.9989861249923706,-0.09747546554360056,-0.005208484054117211,0.06629877794707045,0.9996406435966492,-0.005719587876140676,0.1699806689749893,-0.7899755962892805,0.9475456476211548,-0.23169876252078953,0.0749458363585533,-0.899123565750393,0.9541093111038208,0.019474604931657057,0.5031555099275519,-0.23843058910358386,0.9322435259819031,-0.21875260514982048,0.44006953424618206,-0.4195057117855797,0.9373639225959778,0.056386511105527296,0.5325265816757752,-0.1989965206037403,0.8450856804847717,-0.1878726892213582,0.49940380299212894,-0.3871446784454246,0.8359109163284302,-0.006118853343204228,0.6147559649802454,-0.5831346648925221,0.9361727833747864,-0.28849952424767855,0.5390983761234727,-0.8231037933338029,0.9311115145683289,P6,P6/grant_1_frame326.jpg
-0.13266335330337004,-0.3799173052295321,-2.121297310408745,0.9861524105072021,-0.11458312669708637,-0.42120744171918867,-2.1114640728199636,0.9783817529678345,-0.09903198650204424,-0.427798505312206,-2.1113254525541114,0.9793586730957031,-0.08351843513570541,-0.43504425628515064,-2.1115309992710696,0.9761568903923035,-0.14941513569523732,-0.4177372593893147,-2.087545292635289,0.9773772358894348,-0.15860111198976193,-0.42111612836946066,-2.0877224185305443,0.9774009585380554,-0.1669098933744497,-0.4259466595781138,-2.0881094917861183,0.9755038619041443,-0.04130159649840762,-0.47099146165487926,-1.8858408874113213,0.9727643728256226,-0.16168963018819243,-0.4620086483954925,-1.6468243439353458,0.9689900875091553,-0.09401892027400514,-0.3647411365208228,-2.0293862066242947,0.9624975323677063,-0.13801911963309912,-0.36147475898657666,-1.9195586168385947,0.962485134601593,0.1429313377841294,-0.417786399906839,-1.5266239793488674,0.995162308216095,-0.2546332349210734,-0.3743768952388068,-1.1811788846827398,0.9987530708312988,0.06278737098520956,-0.046472765007175565,-1.6212995122842702,0.9385923147201538,-0.2632951679354321,-0.07565929865437201,-1.1384049979400732,0.8587548136711121,-0.1817486794255294,0.21305068484812617,-1.8412014946041313,0.9093597531318665,-0.3119233772285315,0.2189601988007038,-1.0435108080377014,0.832518458366394,-0.22614016932341768,0.2744033544177801,-2.0174694477645105,0.875869631767273,-0.3738038489612216,0.2706290692956895,-1.3761261020268354,0.769929051399231,-0.2675443558201643,0.2392821864788238,-2.0405438545044117,0.8789947628974915,-0.36160104828301276,0.2718436468631559,-1.615234692293099,0.7783503532409668,-0.25805876905685343,0.21474236549991435,-1.856793157390117,0.8450964689254761,-0.33128932513660775,0.2552722908490644,-1.3126722169326674,0.7564200758934021,0.10005256904137363,0.014927394838742496,-0.0839930112880976,0.9990527629852295,-0.10005256904137363,-0.014927394838742496,0.08468037115297405,0.999537467956543,0.05632410940978345,0.2698428210153006,-0.6132145250581617,0.9389878511428833,-0.17957952896913942,0.11533843295384753,-0.494712212888337,0.9104715585708618,0.0918332674050137,0.6105554821476837,-0.031202435136563657,0.9139131307601929,-0.2271358148837049,0.4504958319241641,0.3238065353426573,0.8848650455474854,0.10025499863595136,0.6622799107650943,-0.01280161048796739,0.8155668377876282,-0.20543807607504438,0.5084418534524596,0.3873341312131117,0.7826966643333435,0.07191760579716928,0.7148749333273011,-0.4059103011581038,0.9212527275085449,-0.3267279666134982,0.5457847962079905,-0.0011843393495323596,0.8904233574867249,P6,P6/grant_1_frame328.jpg
-0.15074916181480025,-0.41454891789939596,-2.4099408030125677,0.9874610900878906,-0.12064840585582506,-0.46830620384100313,-2.399744253585093,0.980269193649292,-0.10291052388466394,-0.47147483253306993,-2.3996319506011456,0.9810602068901062,-0.08665897190604241,-0.4751383430410635,-2.400011909030167,0.9780307412147522,-0.16733163325278583,-0.46918843736572735,-2.363969015018912,0.9793864488601685,-0.18061539170896593,-0.47208042637400455,-2.364348599104653,0.9793449640274048,-0.19309356342696565,-0.4753717460760335,-2.364789575488285,0.9776015281677246,-0.051469393401145314,-0.49760932785649414,-2.052788302456674,0.9749080538749695,-0.1941413502671919,-0.49991958740792547,-1.887695990703793,0.971636950969696,-0.10967471977943635,-0.387985050834014,-2.2540685662417417,0.966215193271637,-0.15617377028272392,-0.39302417930953937,-2.2054366949016595,0.9662079215049744,0.13154273115689116,-0.40199129182025367,-1.6850265390072998,0.9956297874450684,-0.28584366201065764,-0.38298719370508927,-1.3253479699991566,0.9988678693771362,0.05883422308839468,-0.030551792818252627,-1.80220553134572,0.9433217644691467,-0.2746609052124875,-0.06882099990043845,-1.2985446168205075,0.8690381050109863,-0.17019255176883763,0.2593583602411287,-2.0550500845533684,0.9160588383674622,-0.2686596209219955,0.24968813746508575,-1.5093625858605606,0.8402788639068604,-0.21243213726265245,0.336190446708522,-2.248370500007907,0.8838979005813599,-0.32332628027611415,0.31999280016219506,-1.6754865876926355,0.7771762013435364,-0.2597959207423325,0.31467244629770225,-2.2693653556851734,0.8866876363754272,-0.30792093128153386,0.31857347761674387,-1.7938239853104696,0.7860621809959412,-0.23856915940321552,0.27089861487153044,-2.0682971573681255,0.852455735206604,-0.2810822026629415,0.2960911689170986,-1.586247641902049,0.7641932368278503,0.10710017387244959,0.006964797099847876,-0.08588801777035947,0.9988756775856018,-0.10710017387244959,-0.006964797099847876,0.08643565859228639,0.9989745020866394,0.128336668136842,0.232944698416776,-1.1973363254150213,0.9366998076438904,-0.20037135830165603,0.24245788418693298,-0.7835915436735965,0.9024356007575989,0.1654969768383704,0.6388864816619181,-0.5923469552914995,0.9088997840881348,-0.21713800663331484,0.6303806536577664,-0.1821787545295567,0.8682271838188171,0.17138464794343586,0.6667524082403463,-0.5589265231270487,0.8003023862838745,-0.24851546034812838,0.6643972274953363,-0.14529210246380683,0.7579690217971802,0.16858100394919706,0.7911878578865068,-1.1015108096159387,0.9135286211967468,-0.31867010497584836,0.7531396069252368,-0.6637199001234054,0.8663924336433411,P6,P6/grant_1_frame330.jpg
-0.17388348302408893,-0.4228538210107191,-2.3852236239887774,0.9886670112609863,-0.14555482681751328,-0.4739901268781425,-2.381172998141823,0.9820812940597534,-0.1271113114874113,-0.4782335956059179,-2.3810806482401627,0.9827466607093811,-0.10912010709850531,-0.4826085565283412,-2.3814615221832813,0.9799618721008301,-0.18887784982265665,-0.4738576167988069,-2.3449068771410757,0.98129802942276,-0.2001371350274365,-0.4788890208097827,-2.345270539579476,0.9812127351760864,-0.21045052775248935,-0.48287292894221134,-2.3457406172352195,0.9796375632286072,-0.07116170653708057,-0.5064856328560061,-2.02549318160192,0.9771530032157898,-0.2117262148710098,-0.5079626760727349,-1.8627532225331354,0.9742019772529602,-0.13060524694520148,-0.4018091476288537,-2.221514823767308,0.9695742130279541,-0.16798752477342527,-0.40452551172026296,-2.1754786753947615,0.9695698618888855,0.1137870158563365,-0.4040173096562187,-1.66387854212328,0.9960594177246094,-0.29871167915713676,-0.37431608221585416,-1.2536609266947951,0.9989734292030334,0.0573504918854302,-0.03420703281263473,-1.73444682188747,0.9479657411575317,-0.2639668330895447,-0.05786470872262867,-1.1665208364711195,0.8746081590652466,-0.14960471238469492,0.2524242983366878,-1.959338449843312,0.9222927689552307,-0.2508827582447516,0.24552378043430076,-1.4811840641730865,0.8441851735115051,-0.18986112643091127,0.3277857045599754,-2.1460427457179834,0.8909682631492615,-0.29116600743273285,0.3237115748302338,-1.6384575197944173,0.778522789478302,-0.22846338532475047,0.31481008070190114,-2.183256609897889,0.8936094045639038,-0.2814165228246293,0.3199863019434358,-1.7562167843767604,0.787889301776886,-0.22083054565709645,0.27438580821719677,-1.9764189250417001,0.8583492040634155,-0.2553212906926663,0.2965718079388148,-1.5435527275685532,0.7640673518180847,0.1056487501737863,-0.00038744392610221554,-0.09567955862591837,0.9988740682601929,-0.1056487501737863,0.00038744392610221554,0.09605615861003584,0.9988625645637512,0.08365873952202357,0.2794461756742843,-0.949322288449445,0.9373164772987366,-0.21978267963866285,0.25346050494869937,-0.6912983288411666,0.9025256633758545,0.1523481892227839,0.6338686270200442,-0.33971075575169674,0.9079608917236328,-0.2495522904230421,0.612329631819875,-0.11643816592650845,0.8696402907371521,0.16246818385718625,0.7203453340322973,-0.303696353007453,0.7907074093818665,-0.22391788244966257,0.6998756729639736,-0.08595284340426494,0.7484114766120911,0.14916850252855787,0.7989149277210646,-0.8286291100574537,0.9139049649238586,-0.3495172650360507,0.7792249663234688,-0.6015407481432395,0.8638129234313965,P6,P6/grant_1_frame331.jpg
-0.16472888517848736,-0.4272373437529923,-2.349936346340082,0.989750862121582,-0.14199426953582547,-0.47791543321695695,-2.3421381157244823,0.9836817979812622,-0.12330004149472441,-0.48342087027019714,-2.342189233988672,0.9842836856842041,-0.10488668507977163,-0.4895488348389704,-2.342617883869478,0.9816703796386719,-0.18624335432608827,-0.4763287222965059,-2.3077117306963317,0.9830102324485779,-0.19703953172297148,-0.48076169816704434,-2.3081349899238233,0.9829381704330444,-0.20741765466108075,-0.4843803136178902,-2.3086534220650066,0.9814735651016235,-0.06763318121503058,-0.517694086390375,-1.9998478022099002,0.9791693687438965,-0.21598563339308038,-0.5103554554409905,-1.8441644332932436,0.9766080379486084,-0.12350209805172187,-0.4048703149010043,-2.1941689575855574,0.9725709557533264,-0.17519177149285314,-0.40901349668473586,-2.1502624581076644,0.9725779294967651,0.10935832494649722,-0.40942216397135855,-1.6543651066255165,0.9964479207992554,-0.297518335352807,-0.3681354290620432,-1.2598973584871342,0.999070942401886,0.0739999145487194,-0.034780495185537635,-1.704278280972605,0.951947808265686,-0.2446040541862854,-0.04000794182388388,-1.1247171535678075,0.8786543011665344,-0.11636208479428933,0.2505109090268632,-1.935269076693657,0.9264876246452332,-0.2182283310565342,0.259387270305375,-1.4307488175810803,0.8418140411376953,-0.1604505652926977,0.32497051618409656,-2.116941157008999,0.8941414952278137,-0.2540436457938702,0.3412331878111372,-1.569838175576448,0.7697928547859192,-0.1912215297197854,0.3001190467501863,-2.158024627111436,0.8969259858131409,-0.2472283729274906,0.33777387545996646,-1.688411915306483,0.7805712223052979,-0.1783856406394311,0.2887477424100187,-1.953886348511578,0.857619047164917,-0.22225663615928654,0.3098670209042833,-1.4862312803404967,0.7545443177223206,0.11112608746447862,-0.0004812552217722221,-0.10867698819157125,0.9988580942153931,-0.11112608746447862,0.0004812552217722221,0.10899423510980547,0.9986933469772339,0.1400627426878397,0.34529922748709146,-0.5209038951411503,0.9193313717842102,-0.19113174745940842,0.27548190225667907,-0.33422815000674033,0.8688338398933411,0.17489900325249347,0.720056888261474,0.0170008135530475,0.8907284140586853,-0.219627670303155,0.662087661362672,0.35564268294785023,0.8323829770088196,0.17563752275658812,0.7928972546937719,0.03801842188606416,0.7530670166015625,-0.1902294636253094,0.7337329757205113,0.39928490099988173,0.7091668248176575,0.17669687907519757,0.8151879779186694,-0.4805956102795768,0.8903585076332092,-0.32857890798210443,0.7876257534059239,-0.07961668485780747,0.8309573531150818,P6,P6/grant_1_frame332.jpg
-0.17235457078481772,-0.4188246915232326,-2.4025643626545343,0.9907560348510742,-0.15307052161403709,-0.46627993454455,-2.403463981882625,0.9852639436721802,-0.1365317293652268,-0.472685095709763,-2.40342716305433,0.9857823848724365,-0.12015674333209728,-0.4799284487721863,-2.403783141011572,0.9834293127059937,-0.19273041092525017,-0.4640350191999485,-2.3653226813874246,0.9846616983413696,-0.20375426867869945,-0.4690071577547023,-2.3657633802199785,0.9845809936523438,-0.21441839145161137,-0.47421307708401417,-2.366171580801027,0.9832711815834045,-0.08345475846137586,-0.5166328757080498,-2.0784547919625744,0.9811627864837646,-0.22076250098827366,-0.5110703209424192,-1.9070231339502788,0.9788703322410583,-0.1351917870069119,-0.4062493709999357,-2.2510734814850606,0.9752991795539856,-0.1828114937229867,-0.40032792658400923,-2.2020862182894496,0.9753081202507019,0.10656458445389236,-0.4079166440128649,-1.7157393648449337,0.9967979192733765,-0.31327619401958917,-0.3649160095873559,-1.2956358765175193,0.9991599917411804,0.07119352508557686,-0.023920685545252576,-1.737987893246973,0.9558943510055542,-0.2580550899210366,-0.03641739035609262,-1.1499602099302937,0.8858461380004883,-0.11456103283588455,0.2603022594796154,-1.9521252593560863,0.9311346411705017,-0.2162766151735308,0.26082580067583344,-1.4504484359080647,0.8423507809638977,-0.16303020251905598,0.3419119438006058,-2.136321967568098,0.8980915546417236,-0.25325586836345493,0.3489092118371785,-1.5840021607581694,0.7619924545288086,-0.20271563958867797,0.33738585783660185,-2.1778479703501508,0.9007454514503479,-0.24664238025651034,0.347870582747157,-1.705832282266051,0.7730473279953003,-0.18489457528913758,0.3032294440996987,-1.9701830161232388,0.8586170077323914,-0.22161816304380771,0.31631478053535017,-1.506962895276069,0.7438164353370667,0.10877333844927538,0.00023688031877683104,-0.11062361371878542,0.9988871216773987,-0.10877333844927538,-0.00023688031877683104,0.11095710823974378,0.9986207485198975,0.13805031818123942,0.38711757519820233,-0.6371319308251518,0.8995816111564636,-0.23052888304474267,0.3321202018368926,-0.42790095536312245,0.8530173301696777,0.16205431571806816,0.8066405095008905,-0.2668192860134498,0.866652250289917,-0.34726964687105305,0.7568345909292052,0.1792018514070182,0.8052377700805664,0.15308066557693475,0.8765900841733507,-0.2606963947047015,0.7118404507637024,-0.2867771573122657,0.828433498828359,0.16045945932915834,0.6732834577560425,0.1774817804760904,0.9084428790766612,-0.8007653703970803,0.8660014867782593,-0.4223943332818026,0.836298639246176,-0.2657615665488084,0.8037798404693604,P6,P6/grant_1_frame333.jpg
-0.16384286179242166,-0.4037016374872934,-2.088279049149637,0.9916577935218811,-0.14321635398916568,-0.4467486096286204,-2.102419199876232,0.9866804480552673,-0.12859563608400754,-0.4544075097690525,-2.102272318640434,0.9871144890785217,-0.11433441510995404,-0.4629835356030413,-2.102384847121968,0.9850047826766968,-0.17984437472841355,-0.44307267923185,-2.0714786954090934,0.9861374497413635,-0.19006106953697624,-0.44910000923532395,-2.0719557344669486,0.9860372543334961,-0.20055518604753808,-0.45778252860752994,-2.0724684261130126,0.9848757386207581,-0.08351479519971092,-0.5080394011065354,-1.8564222833340656,0.9829347133636475,-0.22762664193177543,-0.4803159856535437,-1.7407912838638644,0.9808611273765564,-0.1314829386572235,-0.3981385338927872,-1.964040177913792,0.9777483344078064,-0.17585109915847277,-0.3875240898970209,-1.926346293339554,0.9777573943138123,0.10111696079382367,-0.40732362477534173,-1.530473045054607,0.9971110224723816,-0.31232512162907233,-0.36104313000499055,-1.219969640699606,0.9992384910583496,0.07895813445984687,-0.02726536325526318,-1.4182870697653558,0.9595231413841248,-0.24683540228204384,-0.02951881108967453,-0.9379494047385133,0.8929277658462524,-0.11082709174492074,0.2647181927403776,-1.5535274569767643,0.9365667104721069,-0.20396205081767077,0.2643107876438675,-1.1210467067598457,0.848550021648407,-0.12841365933169216,0.35032061410121657,-1.692566330356911,0.904474139213562,-0.24913146610079842,0.35636409918372264,-1.2076022777835773,0.763259768486023,-0.17824186516465682,0.351429929528086,-1.7422853501384863,0.9070135951042175,-0.23118020224714192,0.3542583681926448,-1.3161074018761232,0.7741613984107971,-0.1527831318251735,0.31249526060795907,-1.5682613532804288,0.8657755255699158,-0.21007944074448445,0.3234454331426908,-1.1638877480661547,0.7441758513450623,0.10427072932578711,-0.006369325598960504,-0.10526972134656531,0.998891294002533,-0.10427072932578711,0.006369325598960504,0.1054094999183055,0.9985978007316589,0.12154385124122351,0.41440242759512763,-0.3980242877735402,0.8577628135681152,-0.21125968996664413,0.4103740565086689,-0.2367606679093435,0.8245231509208679,0.14190649275362222,0.8144183395084214,-0.1414148537752049,0.8178625106811523,-0.30734155828352155,0.8226492594299836,0.11755188711088808,0.7633278369903564,0.1281278815543316,0.8769277253098768,-0.18525753319282315,0.6630226969718933,-0.2836390862944451,0.8966083253822201,0.12480378835291789,0.6268212199211121,0.17498039610581284,0.920421654637758,-0.4965662775221015,0.8209944367408752,-0.3945140862047713,0.9188898931787279,-0.3062467035092915,0.7545379400253296,P6,P6/grant_1_frame334.jpg
-0.16779738000808103,-0.4051299427686411,-2.05039279552756,0.9924666285514832,-0.1401093186916415,-0.4488414338618008,-2.0634366687108687,0.9879464507102966,-0.12405501173413357,-0.45551218384843534,-2.0633294207515647,0.988304615020752,-0.10868530120509703,-0.46282304154447723,-2.063540993386785,0.9864092469215393,-0.1806684140610634,-0.44802894378509617,-2.0287385738295534,0.9874662756919861,-0.19129893410221102,-0.4544154958148352,-2.0292284065022868,0.9873529076576233,-0.2018795756205477,-0.46244749098170085,-2.0297407119160664,0.9863232970237732,-0.07555664409281511,-0.5050989264362187,-1.8116599343477544,0.9845097064971924,-0.2110033257802959,-0.48858995755924156,-1.6770853046360128,0.9826597571372986,-0.13287839452574537,-0.3985277072364173,-1.9244104265145512,0.9799521565437317,-0.1814176881344985,-0.3895955234912013,-1.8821187376219923,0.9799660444259644,0.1030799053082455,-0.4104831141206555,-1.4855666675166581,0.9973869323730469,-0.30334655931936017,-0.36404465638934524,-1.1417919211121035,0.9993098974227905,0.09256448955050779,-0.03832036273340183,-1.3951063938900108,0.962788999080658,-0.2417233800859222,-0.03814971606561632,-0.8725487512097743,0.8992328643798828,-0.07369560880580958,0.2568954492521354,-1.5352578261329635,0.9414010047912598,-0.19687180847136895,0.26553302084338554,-1.08128041173963,0.855694055557251,-0.07904010166026527,0.3378767937873697,-1.6782686862925937,0.9099752306938171,-0.22390213102546605,0.35454754812936184,-1.167683716139107,0.7682893872261047,-0.1260594706123721,0.3390227208755396,-1.7247870775540497,0.9125407338142395,-0.20484524661786496,0.35437708416678815,-1.2775065399926329,0.7794697880744934,-0.10797238546880254,0.3033142661731813,-1.5487094973489248,0.8724064230918884,-0.1878965976487831,0.3259609425814779,-1.1242120256363846,0.750234067440033,0.10908341586152595,-0.01340147295902978,-0.09303405907334919,0.998863697052002,-0.10908341586152595,0.01340147295902978,0.09291610573054335,0.9985579252243042,0.14152619760885413,0.400475253441192,-0.45983448671938676,0.812741756439209,-0.17591405904059826,0.4084943678906285,-0.3613383582782753,0.7928723692893982,0.16063095078193682,0.7904900397170838,-0.16761523433103026,0.7651910185813904,-0.24617882937994506,0.8144134601451717,-0.05512995019818151,0.7218218445777893,0.14707678194217713,0.8522294194652021,-0.1693543709845635,0.6152108907699585,-0.22297837347479849,0.8879000541887258,-0.049750697677188135,0.5838265419006348,0.19450449704257153,0.8971575445634836,-0.5642992975327866,0.7738964557647705,-0.3352746604851554,0.9149044326027527,-0.48320878663352473,0.71113121509552,P6,P6/grant_1_frame335.jpg
-0.1677519425677773,-0.40166016012345945,-1.9440767672543906,0.9932085871696472,-0.1434020254054455,-0.4447075802176758,-1.9618967204955902,0.989127516746521,-0.12688643264298152,-0.452206261800952,-1.9617555631684687,0.9894342422485352,-0.1106223633175433,-0.4603666763205037,-1.961885220161449,0.9877356290817261,-0.18407740883838922,-0.44298985692226484,-1.9310799057606427,0.988695502281189,-0.19565935825423697,-0.450285984233246,-1.9315838800809961,0.9885814785957336,-0.20709644055775644,-0.4585343206622005,-1.9320060536375379,0.987665057182312,-0.07601822886490249,-0.5018146225227781,-1.7230279172782268,0.9860085844993591,-0.21645975293063566,-0.49486100113102116,-1.596374551890867,0.9843422770500183,-0.13210665689682846,-0.3987445471847503,-1.8216935501293983,0.981948733329773,-0.18185728788133795,-0.38650819165841066,-1.7849479421660919,0.9819623231887817,0.10956915529731294,-0.4139265649099747,-1.4124870840550694,0.9976431727409363,-0.3034998463897787,-0.36221188089231815,-1.1004302471071246,0.9993762969970703,0.10817538899509194,-0.03862577347846319,-1.3116763606526556,0.9652376174926758,-0.22717787886106378,-0.026255216472265076,-0.8874663175215527,0.9049534797668457,-0.02029187586916701,0.2616294947693871,-1.4230282532311298,0.9451515078544617,-0.15995193368107305,0.2730378262375534,-1.0912952720137283,0.8597768545150757,-0.021341745082711184,0.3416349080300032,-1.5546082133732129,0.9132213592529297,-0.16294832719266183,0.36242714117894675,-1.1812113764544971,0.7685745358467102,-0.06978541873884041,0.34412992407088355,-1.6014374812519425,0.9160621166229248,-0.1466232319005706,0.36110979645198726,-1.2830263387124108,0.7806679010391235,-0.06248474694098084,0.31306102943112935,-1.4357618127198202,0.8771144151687622,-0.134477580622539,0.3292596210476663,-1.130741510863006,0.7529186010360718,0.10819987357745728,-0.01513782490894761,-0.07805839046018426,0.9989227652549744,-0.10819987357745728,0.01513782490894761,0.0779216848753111,0.9986234307289124,0.14356303008342367,0.3962486964421984,-0.6150068467977503,0.7620539665222168,-0.2191406292103802,0.36154625268157553,-0.5986290261834064,0.7636613249778748,0.16960201245044332,0.7802320546611285,-0.3264867189086339,0.7099035382270813,-0.24829879897933602,0.7857088105620306,-0.3318472426017732,0.6807283163070679,0.1558815573520954,0.8384545366333064,-0.3176224190183938,0.5697734355926514,-0.22147556801958407,0.8550508172240198,-0.3222819556105374,0.54493248462677,0.21039981879521372,0.8735622744277798,-0.7440706451232739,0.7302291989326477,-0.3237218855524264,0.9141627201995447,-0.7480760538388163,0.6775261163711548,P6,P6/grant_1_frame336.jpg
-0.32036814084291815,-0.20692699534829503,-1.1709819975335363,0.9933041930198669,-0.3232392330069087,-0.22396791355706455,-1.1969179399799574,0.9896442890167236,-0.320232480877383,-0.22228136210736593,-1.1966151398538392,0.9898304343223572,-0.3172465843770766,-0.22088993748624267,-1.1965532615954477,0.9884442687034607,-0.32774542617681623,-0.24002999445105913,-1.1768628914709478,0.9892345666885376,-0.32756333292358525,-0.2487386952842702,-1.1772486222358958,0.9890112280845642,-0.3271843900756945,-0.25693574457234114,-1.1776194982838055,0.9883339405059814,-0.28794068705076303,-0.2392441700821725,-1.097168121565383,0.9866803884506226,-0.3040523492519583,-0.28685914559964387,-1.0566178920703486,0.985131025314331,-0.2911618980090535,-0.190823990200738,-1.1406391229072184,0.9828879833221436,-0.30739259469777414,-0.20413106214998167,-1.1161653371451692,0.9826434850692749,-0.09665787300719986,-0.14621675056888758,-0.9304134949959366,0.9973034262657166,-0.24025606160174787,-0.2931542992287657,-0.827654366685989,0.9990549683570862,-0.17938320193979537,0.010589347360502746,-0.8710234508963562,0.9507871866226196,-0.2278403710504113,-0.09683219458727838,-0.56300774508785,0.8956579566001892,-0.3125780714514526,0.1656938423719371,-0.7615223961266284,0.9239742159843445,-0.25333490213689325,-0.05422443921902596,-0.36057157172047427,0.8419127464294434,-0.39352112946628154,0.094921445123472,-0.7881222263739298,0.8908655047416687,-0.2547896806505507,-0.03461896724554615,-0.34028745560468543,0.756947934627533,-0.4145638690949233,0.04791305361433249,-0.7990003061483888,0.893997311592102,-0.24666660982084262,-0.03736000685374452,-0.36941588333141573,0.7688702344894409,-0.3739725185951073,0.05459866003765951,-0.7599403687620503,0.8543005585670471,-0.24410638458295145,-0.040079698954675926,-0.36338890161385934,0.7438924908638,0.022462004547260654,0.005152914426925678,-0.04083588459695533,0.9989726543426514,-0.022462004547260654,-0.005152914426925678,0.04063073148600409,0.9987097978591919,-0.07322598332563107,0.46704174774244034,-0.05675684260484833,0.7632719874382019,-0.168342999160839,0.413755615087065,-0.021532176731456028,0.7592512369155884,-0.09655034846598891,0.8415691047752692,0.11821009991757223,0.7242084741592407,-0.173546183524232,0.8578412175956,0.10833261076454442,0.696736752986908,-0.11264863158428873,0.9217859540405838,0.1288526069980721,0.5926945209503174,-0.13479524392741185,0.9392454604678827,0.11219239010121362,0.5736634731292725,-0.07510082569196076,0.9595366104397526,-0.07450704895829394,0.7415993809700012,-0.17553464971956323,0.9844732534446176,-0.06301675317185779,0.691600501537323,P6,P6/rob_1_frame667.jpg
-0.09913346227097732,-0.25738731880176263,-1.5190241724364153,0.9929218292236328,-0.0829176793744036,-0.28315083395027923,-1.523006996305749,0.9890520572662354,-0.07701704472432049,-0.283315342738164,-1.5224870240849406,0.9889729619026184,-0.062184224593038386,-0.2863712004232818,-1.5226522134647376,0.9875966310501099,-0.09637755116424288,-0.28840694805964817,-1.521627922637098,0.9890184998512268,-0.10138456863380046,-0.3050180576297086,-1.5220351110553374,0.9890264272689819,-0.10268644373414176,-0.3120875602750347,-1.5223021947671103,0.9886303544044495,-0.034461868694217385,-0.33104262839020554,-1.3346792415925839,0.9863146543502808,-0.12108148193310903,-0.3303725370390814,-1.3335674460905373,0.9852572083473206,-0.06409415995309099,-0.23547371764489758,-1.4316351986546556,0.9820685982704163,-0.0995110935547507,-0.2588456328144601,-1.4310896556234374,0.9825279116630554,0.043729877670306505,-0.23916670658711292,-0.9859070966659828,0.9949881434440613,-0.16322353867259598,-0.2083288925971615,-0.8957356686929188,0.9990448951721191,0.04156559538997811,-0.13076640206903858,-0.5372485117451339,0.9044307470321655,-0.2415156237304397,-0.12436650463775663,-0.5704494866948572,0.898074209690094,0.06340472034618135,-0.023250575354385065,-0.13785400116716906,0.8571388125419617,-0.2746050302202943,-0.07293261820525869,-0.5142872365670793,0.8525161743164062,0.07566675037080743,-0.029626360386497148,-0.09403633321692122,0.8244554400444031,-0.28695417600966316,-0.08091518351431179,-0.4960812570785388,0.7720804810523987,0.06490552273967412,-0.03952702815854749,-0.1284610671149372,0.8286303281784058,-0.2812637470329884,-0.07210657407885843,-0.5637061820302365,0.784139096736908,0.055529785786648626,-0.05026229606960678,-0.1387825594503223,0.7974556684494019,-0.2744803846729726,-0.06907055078660619,-0.5340948432795125,0.7621438503265381,0.04287806827866423,0.0008318777713607262,-0.043852645513156555,0.9990026354789734,-0.04287806827866423,-0.0008318777713607262,0.04340690034775638,0.9988203644752502,0.017797186817936753,0.4607047214682302,-0.08336508348258942,0.7842416763305664,-0.10354116994826426,0.44393046429410904,-0.033237295466315604,0.7793694734573364,0.02967905764597325,0.8446328416119266,0.2339444762322226,0.747357189655304,-0.15160214009204376,0.8455784754600162,-0.06286307248831671,0.7241324782371521,0.02160684865936117,0.9136487505907366,0.2525096867160571,0.6182473301887512,-0.1381836871814237,0.9210672024321138,-0.06481597628953116,0.6102750301361084,0.02620473316235892,0.9517972884451288,-0.010623249774391566,0.7627062797546387,-0.2194833078986294,0.975616255273494,-0.3181872923662473,0.7202443480491638,P6,P6/rob_1_frame668.jpg
0.00637483965525164,-0.332055568000948,-0.9498430294754177,0.9933096170425415,0.011958402819197377,-0.34999985677042056,-0.9249692284452041,0.9898481369018555,0.014033014939954435,-0.3492194486689916,-0.9245831601534693,0.9897681474685669,0.01680907101976023,-0.3490745047438186,-0.9246412531400682,0.9884783029556274,0.0021630981268347823,-0.3469775787606594,-0.9627889168863542,0.9898515343666077,-0.005438138336565827,-0.3539094955324351,-0.9630228277198118,0.9899081587791443,-0.009195234918537685,-0.35328999730944965,-0.9630950592312948,0.9895285964012146,0.009709607919085147,-0.34455902538149585,-0.6698126644772051,0.9874331951141357,-0.031794657051229636,-0.3483877763923024,-0.8519098919031592,0.9865726828575134,0.010088751219039915,-0.3036940718050926,-0.8399355231306913,0.9832153916358948,-0.008694808081991605,-0.306334705823423,-0.8924335972735149,0.9836733341217041,0.04572629780596025,-0.2591205927696189,-0.37780107785007566,0.9947350025177002,-0.11414387006613878,-0.19784287939549877,-0.49463249394483216,0.9989661574363708,0.0861579584939068,-0.08505736570309443,-0.1580385315914005,0.8321712017059326,-0.18304522994650313,-0.050146943253073645,-0.4453386712068774,0.9011955261230469,0.14312428740233127,0.12796769254607251,-0.2501621781428909,0.791645348072052,-0.22904968158895986,0.019487503951556365,-0.6631165821477147,0.8643348813056946,0.15962442684435058,0.17853032766682866,-0.2658776294538394,0.7637503147125244,-0.24729376479424145,0.015889008917434683,-0.6838966550510956,0.7908678650856018,0.15361026384430704,0.17039538593416145,-0.31907099200746286,0.7685065865516663,-0.2496938515286583,0.016735396801656387,-0.677971410869116,0.802209198474884,0.14182777505240984,0.1511264039454405,-0.27360971940774953,0.7438895106315613,-0.2408458280035343,0.022081875177578657,-0.666368923773278,0.7816661596298218,0.045457184930954304,-0.0060522504548335045,0.006399953270189902,0.9990701675415039,-0.045457184930954304,0.0060522504548335045,-0.006506905169604582,0.998921275138855,0.03813958458920935,0.43597863110202,-0.10233669896847017,0.8017886877059937,-0.08639465856016472,0.4533972937593026,-0.08081857342553696,0.7981923818588257,0.029622325602021528,0.8659981144164709,0.0997976976202999,0.7680703997612,-0.1465759149024522,0.8674456300593728,-0.050197407928414844,0.7500789761543274,0.003835579822145144,0.9315360442614679,0.09813606628103372,0.6484460830688477,-0.1289520031832458,0.9259391120161691,-0.050409996760272094,0.6461950540542603,0.04622980241663077,0.9821971681542062,-0.10349270371607769,0.7815428376197815,-0.19465969150729404,0.9808708398674542,-0.28479557687660145,0.7462949156761169,P6,P6/rob_1_frame669.jpg
-0.025328828178959293,-0.32491572317936707,-1.33125741210246,0.9925546646118164,-0.01608776094925654,-0.3494374122029902,-1.3029330478600079,0.988682210445404,-0.012133442894298548,-0.3475109974708695,-1.3023766307609044,0.9883663058280945,-0.005473450811833486,-0.34097894788503463,-1.3024242281232172,0.986810028553009,-0.031482950774363826,-0.3460592779203276,-1.341611215188712,0.9896361231803894,-0.035796609246452296,-0.34384137851486957,-1.3420273970839767,0.9899386167526245,-0.04367810305885103,-0.34603252898944103,-1.342210017542272,0.9897530674934387,0.0072364217089046605,-0.3438293808326337,-0.7945305747228414,0.98540198802948,-0.06518326007506849,-0.34403914358844634,-1.1898652186608616,0.9870326519012451,-0.01983772503957383,-0.3016402196417531,-1.2055479594929992,0.9797576665878296,-0.03879671819702686,-0.29463878532385374,-1.2603039060927064,0.9830325841903687,0.016562947839123664,-0.2396175129317497,-0.7074190426494251,0.9905153512954712,-0.12574116779405972,-0.1820213609168413,-0.8173687529087916,0.9989232420921326,0.060359700107954974,-0.09089680081883743,-0.5481881150437348,0.7849255204200745,-0.20090969559325758,-0.022740131553252087,-0.8118976131259134,0.9085502624511719,0.10105416644389136,0.065175933621572,-0.5807588228935995,0.7297302484512329,-0.2256650443955074,0.011725669210765016,-1.0415612784931596,0.875119149684906,0.11318697011741505,0.1011384944153444,-0.6273513793191935,0.7031094431877136,-0.23825936546848192,0.014715452287284114,-1.0808221201435657,0.8066548109054565,0.10847719144822708,0.09183871721601194,-0.6569710507056615,0.7080578207969666,-0.24178166862129044,0.015805274537596087,-1.0968130637308449,0.817539632320404,0.10085649971197229,0.0764014371614214,-0.5818889160527277,0.6894097924232483,-0.2330287693802674,0.019777884140880917,-1.0483586538713914,0.7984627485275269,0.048146551300113936,-0.0063320226541316894,0.01133859951934807,0.9990434646606445,-0.048146551300113936,0.0063320226541316894,-0.011481829533980933,0.9990062117576599,0.045083798713602824,0.45283619127824887,-0.02354293599270873,0.8177064657211304,-0.10204279512845969,0.45101470709486335,-0.10369483663567777,0.8158808350563049,0.0288204487345744,0.8770191638107933,0.24815659282358118,0.7863120436668396,-0.14883611604818942,0.8831859724800373,-0.06960022645854053,0.7735525965690613,0.009864995876797528,0.9422124055641153,0.2638598870621723,0.6719282269477844,-0.1246146641054364,0.944851502289379,-0.0708739353159904,0.6778326034545898,0.048021264028240855,0.9832800784909138,0.02693016226894068,0.7977823615074158,-0.2017240628604326,0.9794423936419538,-0.32641703151078966,0.7698603868484497,P6,P6/rob_1_frame670.jpg
-0.029563980102072986,-0.3817461692480387,0.2050892534534293,0.9931257367134094,-0.030317722751306453,-0.3997145832708597,0.2241610270109234,0.9896497130393982,-0.02893295141184012,-0.3980332113894426,0.22425085503365055,0.9892805218696594,-0.02672399981135093,-0.3974249595337912,0.22428875789384065,0.9879370331764221,-0.030674125026343365,-0.40887056975717534,0.19236594558926934,0.9905720353126526,-0.02997536786323609,-0.4123323475981237,0.1921752272265789,0.9908240437507629,-0.03370525011828877,-0.41103717851980826,0.1920180344579613,0.9906945824623108,-0.028295802074428975,-0.41344901452348565,0.31019730881111707,0.9866078495979309,-0.052819830579101466,-0.407872703590159,0.15665566928539232,0.9881975650787354,-0.031021998530722017,-0.35140541881595494,0.23897946501421416,0.9813981056213379,-0.03490439527284004,-0.35782547601357934,0.19455415220936328,0.9843612909317017,-0.023693175734840526,-0.3155699326334288,0.25254575406177454,0.9912916421890259,-0.11091069227120309,-0.2451245947812076,0.14181387750126967,0.9989851713180542,-0.0322588709531263,-0.14418298185548728,0.2035838000091486,0.7619143724441528,-0.153775089537875,-0.08637356959510821,-0.04523603516746739,0.9072654247283936,-0.058519858856212074,0.013751187778507508,0.12245467183028244,0.724154531955719,-0.2153266253476633,0.03082157242025292,-0.37806367183937856,0.8850906491279602,-0.09306218272998942,0.054964415045740386,0.08460868474394403,0.6959063410758972,-0.23661634334176715,0.06795122429631119,-0.43677751005882687,0.8227177262306213,-0.12265551183697465,0.043463618659273374,0.09088792942953858,0.7001118659973145,-0.242057197329345,0.06576846103866676,-0.43290469564138956,0.83278888463974,-0.08341433702288803,0.02335558692449095,0.12045786085760765,0.6810568571090698,-0.22931079907285878,0.05424057326304999,-0.38219169717645446,0.814603328704834,0.025135240345434694,-0.010716149485907142,0.02002319241577488,0.9991219639778137,-0.025135240345434694,0.010716149485907142,-0.019879283521015267,0.9990963935852051,0.015988384660647288,0.4442761055600469,-0.043283539310863636,0.8342746496200562,-0.10122281151124704,0.4435121283860235,-0.16400541265400614,0.8330790400505066,0.005255378310380294,0.8716223003480138,0.0072058901303539,0.8046410083770752,-0.16131582719999465,0.8720262630617803,-0.23793464043933824,0.7953243255615234,-0.015869483563823318,0.9384027752791418,0.003227061839403482,0.6981480121612549,-0.14012022669856666,0.9428604125175398,-0.24299726853284184,0.7077480554580688,0.01533929504431458,0.9669733542764842,-0.1612414638452405,0.8132707476615906,-0.222438817368825,0.9749466511186952,-0.4131887866799304,0.7914618253707886,P6,P6/rob_1_frame671.jpg
-0.045237126731999366,-0.3996518728874949,-1.0764841149639552,0.9922931790351868,-0.034128886301742684,-0.42539230888105745,-1.0675020941771205,0.9877398014068604,-0.02739135202640837,-0.42536766166821416,-1.0675089516677907,0.9864588379859924,-0.020539824391673997,-0.4247770230152808,-1.0677764931878473,0.9864411950111389,-0.05228116102511031,-0.4308364607856573,-1.0598384011256317,0.9891207814216614,-0.05896800949983953,-0.4356275609338336,-1.0601829651858237,0.9891948103904724,-0.06628157299146221,-0.43734521327080944,-1.0604199958415943,0.9901641011238098,-0.017875639574378894,-0.4416097773962294,-0.818544224760564,0.9828735589981079,-0.08084996407635935,-0.44249757397820044,-0.7438413053824897,0.9861497282981873,-0.034211871877243165,-0.3770715474857752,-0.9683700102823141,0.9805787205696106,-0.055806606917000824,-0.38213366759130457,-0.955610903511173,0.9839985370635986,0.005374434082787179,-0.33949657335446193,-0.6658442561927373,0.9916014075279236,-0.14096203160299384,-0.3024611545397859,-0.38996842521983555,0.9990178346633911,-0.012759951534484533,-0.15015986457809122,-0.7459814884670587,0.7735202312469482,-0.15728991565634667,-0.09377181202101188,-0.2938944591661446,0.9120256900787354,-0.10767646757778929,0.008694204946536086,-1.0292581668617429,0.733707070350647,-0.21186957835497483,0.06379583200747384,-0.5650605108856644,0.8907743096351624,-0.11954996421325999,0.06361435696452308,-1.153457559441292,0.7016431093215942,-0.23504461715046082,0.09924130682591428,-0.6124913886365978,0.8312568664550781,-0.13012739511208185,0.052404645549133475,-1.1626360622434133,0.7061700224876404,-0.2411067382867517,0.09782727237295517,-0.5833241949864405,0.8414891362190247,-0.11706457107300125,0.03188564208927667,-1.0420989672173886,0.6807486414909363,-0.23057432830493788,0.08741263233960611,-0.5826364582409754,0.8242213726043701,0.04385250992017576,-0.007065103684735015,-0.06560870656543938,0.9990174174308777,-0.04385250992017576,0.007065103684735015,0.06606816465183123,0.9991222023963928,0.02392454264894334,0.4327000087212376,-0.2001431326562106,0.8473991751670837,-0.1154818821031268,0.43460042809216,-0.0650321866410324,0.8459785580635071,0.01041836693045238,0.8574911442535496,0.04594998897543595,0.8207866549491882,-0.17506433270539953,0.8616503614208492,0.08539264168661902,0.8121986985206604,-0.009826237518677686,0.9283566516062052,0.05083892948981704,0.7151966094970703,-0.15039277080106772,0.9378498039077693,0.08661398934784156,0.7279849648475647,0.016992215885009095,0.9720651045303474,-0.2018880161880213,0.8279608488082886,-0.23581911606049105,0.9717969667067543,-0.1802916413135382,0.8086674809455872,P6,P6/rob_1_frame672.jpg
-0.04787960712593087,-0.4721357829435059,-1.196773768829758,0.9925346970558167,-0.03971879830884556,-0.49968333727705844,-1.1824887930176513,0.9877429008483887,-0.03377615920665481,-0.4993146055197625,-1.1824248093374041,0.9862626791000366,-0.02777015562112242,-0.49704989283746226,-1.1825515383040874,0.986648678779602,-0.056949293800980086,-0.5045844871839986,-1.17492169083357,0.9891570210456848,-0.06315488518909022,-0.5099626251072337,-1.1752831986269672,0.9891539812088013,-0.07021414271107994,-0.5124283703848914,-1.1755513108871,0.990414559841156,-0.023622981146257223,-0.5163141405661013,-0.9199597281832538,0.9816219806671143,-0.0872502103748502,-0.5201541933757796,-0.8513670041692785,0.9859601259231567,-0.03750506617177461,-0.4445231097353792,-1.0842609439025723,0.9815505743026733,-0.058172001290608386,-0.45212808613018746,-1.0740245870578533,0.9848058819770813,0.0175429835305034,-0.40556385963075914,-0.69946004651076,0.9923225045204163,-0.14638826203770797,-0.38399227783281653,-0.48522746311900106,0.99909508228302,-0.005049344366351574,-0.19908243470327666,-0.6862744548045793,0.7913727760314941,-0.16293423535068105,-0.1348958642699415,-0.30815967139950823,0.9183285236358643,-0.11585824260875893,0.00022404608034968254,-0.9269337429312368,0.7549599409103394,-0.2069641921148965,0.06932249916698908,-0.597595034772077,0.8994804620742798,-0.139223328243826,0.05846611982077724,-1.0256971973696758,0.7232995629310608,-0.2252504183311108,0.10375376869978843,-0.6593533213405444,0.8445581197738647,-0.14947836419519783,0.050840503529115,-1.0656753359824913,0.7275459170341492,-0.22954847045197843,0.10136160465441503,-0.6878449961559389,0.854141116142273,-0.14063189800462414,0.031233427113731813,-0.9465495913027828,0.7000336647033691,-0.21878022346533296,0.09130976848757036,-0.6368343166772631,0.8377365469932556,0.05169685284958559,-0.007401776610281106,-0.05754019469800552,0.998945951461792,-0.05169685284958559,0.007401776610281106,0.0578351839738229,0.999132513999939,0.035630757138466945,0.42289094984017017,-0.23038998484658524,0.8602524399757385,-0.11489270823393091,0.43226806777885907,-0.09563918035172045,0.8596232533454895,0.011518713636255258,0.8545137112438903,0.03632376102524179,0.8364641666412354,-0.18344575204620456,0.8596421064151926,0.11697357103500453,0.8290750980377197,-0.009378046734047307,0.9152084239274734,0.04462752370292792,0.7321166396141052,-0.16578997147939428,0.9286187841103936,0.12294310650278309,0.7448244690895081,0.026066744933765505,0.9754354365483457,-0.2470680018996815,0.8421444296836853,-0.236822279701765,0.968965654480505,-0.1654277928893495,0.8254073858261108,P6,P6/rob_1_frame673.jpg
-0.05363473245862263,-0.4642907947373337,-1.288302335363479,0.9932575821876526,-0.042505499409794895,-0.4924409154404234,-1.2796973315906814,0.9889025092124939,-0.03538052198906022,-0.49298362424759856,-1.2795794361406487,0.9875527620315552,-0.0284126085893608,-0.4920164918203058,-1.2796684910508387,0.987914502620697,-0.06330517982324449,-0.4958866779118328,-1.2629063887811112,0.990182101726532,-0.07049699714374975,-0.5008289331246073,-1.2632463369010813,0.9901726841926575,-0.0777329521823251,-0.5040621914831891,-1.2634529949585354,0.9913256168365479,-0.02046333736095969,-0.5102257850977483,-1.0347185760318054,0.9832808971405029,-0.08909047369348883,-0.5128458896819041,-0.9594213828208578,0.9872645735740662,-0.04243086476952628,-0.44283781763589314,-1.181332091047102,0.983349084854126,-0.06504097109789903,-0.4473371367198672,-1.1603911309621255,0.9862852096557617,0.028112608514442958,-0.4062889614804348,-0.7829210789195111,0.9930790066719055,-0.13221575240713315,-0.3869087033116761,-0.5508683902456427,0.9991820454597473,-0.006184931716672536,-0.1965817964121592,-0.7356886540031998,0.8114252090454102,-0.1467240054618559,-0.15398490367002493,-0.362876373503746,0.924554705619812,-0.11334468566140807,0.04273934162473573,-0.920737254940221,0.7782542705535889,-0.18160352050540537,0.06682586923769115,-0.6073394339029852,0.907625138759613,-0.13407752617508706,0.09957858933635377,-1.010583233856481,0.7482499480247498,-0.19337552734255173,0.11678606359128729,-0.6830994398310033,0.8566433191299438,-0.1485427132885582,0.09335702233934051,-1.053348200690604,0.752092182636261,-0.1960055702208425,0.11623224727890243,-0.7744221810517429,0.8654778003692627,-0.1400011392165632,0.07483632917900178,-0.9374197534226123,0.7251803278923035,-0.18891401274999312,0.1034266578517176,-0.6577516257712107,0.8496639132499695,0.05102934044715687,-0.006563950973389133,-0.053896982848894166,0.999015748500824,-0.05102934044715687,0.006563950973389133,0.05435713439284141,0.9991970062255859,0.03671400721976031,0.4076881173998308,-0.21190788825507345,0.8726809024810791,-0.11165069368267419,0.41037418497545114,-0.13573787897685913,0.8729879260063171,0.012464082359114982,0.7987496635803436,0.059620423300596366,0.8519046902656555,-0.17273164430480648,0.8017083522048825,0.15545740322579454,0.8452982902526855,-0.009100749268472251,0.8603035600821937,0.07044620344805128,0.7537466287612915,-0.15288399400893474,0.8596055410705953,0.16957806280925286,0.7632032632827759,0.0438555484640533,0.9185107847512156,-0.20838371556596674,0.8565019369125366,-0.21871759278122696,0.9147096795473524,-0.11079487989311886,0.841401994228363,P6,P6/rob_1_frame674.jpg
-0.04545022542933866,-0.4447624156047012,-1.3774476010996957,0.9939221143722534,-0.03666271679348258,-0.4850252783387541,-1.3815903860975365,0.9899885058403015,-0.0298456457099852,-0.48894227055813405,-1.3814734594714053,0.9887675046920776,-0.023316960466937056,-0.49208286998000367,-1.3815966553549375,0.9890980124473572,-0.05727683122438034,-0.48396219140517255,-1.3627286783782713,0.9911429286003113,-0.06489188921421399,-0.48785639537145975,-1.3630866231222658,0.9911311268806458,-0.07221408332259763,-0.49158540938082984,-1.3633178890619497,0.9921759366989136,-0.014318983904045046,-0.5113353614106022,-1.1537228814850935,0.9849119186401367,-0.0836752809719769,-0.5054790789018245,-1.0694976970782226,0.988508403301239,-0.03331264456479943,-0.43266961515016966,-1.2704286904388216,0.9849998354911804,-0.05580932743241864,-0.4277642695259098,-1.2463929546352508,0.987644374370575,0.04253024416077339,-0.40516837317211807,-0.8730379779008761,0.9937665462493896,-0.13233526667864143,-0.38977505747597846,-0.6306759999331693,0.999262809753418,0.0010725405756942534,-0.16970581248631156,-0.8015661547521608,0.8285943865776062,-0.13896943466526313,-0.14038698342206074,-0.3971657656116738,0.9297037124633789,-0.10528481416133352,0.07627815431084714,-0.9852198708115874,0.7974913716316223,-0.1568827928125886,0.09309668118949678,-0.6559529491901298,0.9139471650123596,-0.12203268750419331,0.15005079492575535,-1.0736721268991356,0.7679765820503235,-0.16623841558340835,0.1604392529753959,-0.7186556734271033,0.8653356432914734,-0.13785261123967243,0.14218357347156751,-1.123581287020969,0.7715763449668884,-0.16583668554962866,0.16258114974207274,-0.8165150000009689,0.8736668229103088,-0.13063102378577265,0.11750021342726381,-1.0044106647883977,0.7434195876121521,-0.1589372185117172,0.14285707083808252,-0.7015490592440712,0.858112096786499,0.05291601538581348,-0.005315932228018836,-0.05178326381716311,0.999101459980011,-0.05291601538581348,0.005315932228018836,0.05204681518856229,0.9992689490318298,0.04227927484068609,0.4223660408554991,-0.25526542823340465,0.8840272426605225,-0.10719206157957031,0.4145684778168788,-0.11767831506906645,0.8847898244857788,0.016041835545072568,0.8229524824756348,0.010525567735219695,0.8660467863082886,-0.16949693675163144,0.8292750783206255,0.13530725541782948,0.8601499199867249,-0.0012452934463015298,0.8882315729683816,0.01629314227311027,0.7731209397315979,-0.1510264107917886,0.8866877434553624,0.14130661133658168,0.7814275622367859,0.04711187717668906,0.9520155948390064,-0.3038075419497268,0.8698655962944031,-0.22437741896846924,0.9595424851771361,-0.15691829372652244,0.8563498854637146,P6,P6/rob_1_frame675.jpg
-0.041245451842913367,-0.44099674715386755,-1.2467987865605104,0.9945199489593506,-0.030903996810297298,-0.47948977112195074,-1.246779879046877,0.9909654259681702,-0.024049068193207616,-0.4831631763464712,-1.2466820947339439,0.9898618459701538,-0.017536671148862943,-0.4867092900776912,-1.2468069034224238,0.9901648163795471,-0.05191864779655429,-0.4795193737948113,-1.2322320751857565,0.9920048117637634,-0.059070271589701615,-0.48334499405333115,-1.2325155923977664,0.9919903874397278,-0.06588318350982787,-0.48713814686419743,-1.2327039035941572,0.9929364323616028,-0.007788033513403563,-0.5036804069361771,-1.0297285934858198,0.9863865971565247,-0.07798561560767694,-0.49927275993222076,-0.9658745777080926,0.9896162748336792,-0.02872562205772991,-0.42864775343883765,-1.1469642498006198,0.986488938331604,-0.052701017792511885,-0.42528527177184644,-1.128432690112408,0.9888677597045898,0.04753535137833808,-0.41062889294607285,-0.7764624483645349,0.994388222694397,-0.12162100582161785,-0.38593329282834055,-0.5798475589977756,0.9993346929550171,0.018463903256851252,-0.16793978283787858,-0.7022509825615977,0.8449867367744446,-0.12062845684835002,-0.1263266371502887,-0.3896216903742775,0.9328939914703369,-0.08180827559891073,0.06751338360576221,-0.8609314790449011,0.8166030645370483,-0.130823712874032,0.10366894232777558,-0.6286430293150441,0.9184561967849731,-0.09820032597924618,0.14798834526978244,-0.9414201916279276,0.7886822819709778,-0.13994563327728465,0.17400813978931431,-0.6859141745885198,0.8716620206832886,-0.1144486601574681,0.1386002872882637,-0.9879378317610663,0.7919545769691467,-0.14140265773698452,0.1727684562439071,-0.7756583060801509,0.8796226382255554,-0.11022244889039924,0.11422831122964287,-0.877791251656434,0.7647256255149841,-0.13493781595420298,0.15045873606624563,-0.6685205511943186,0.8640996217727661,0.051572201031592234,-0.005565111512805636,-0.04685168182641922,0.9991801381111145,-0.051572201031592234,0.005565111512805636,0.047052523428388636,0.9993310570716858,0.05045379295242034,0.3951565307667709,-0.21612935328643582,0.894523561000824,-0.10124376722679462,0.3982195479754046,-0.0692002167183849,0.895219087600708,0.02265812453873205,0.7745846839802423,0.020326382873967343,0.8786525130271912,-0.15329538831998885,0.7822999044676581,0.15990847026174446,0.873324453830719,-0.00023629617417271606,0.8397823746283611,0.03200705148706317,0.7873203158378601,-0.1352299274905919,0.8399055599444585,0.1650858464428845,0.7952805161476135,0.049310938795015184,0.9028620417795511,-0.24598054536032002,0.8815903663635254,-0.20877709976528813,0.9064319331415526,-0.115385286339465,0.8695536851882935,P6,P6/rob_1_frame676.jpg
-0.018697563601665874,-0.4773748230943452,-0.7698779361408661,0.9950522780418396,-0.022775046391901848,-0.5200332462807679,-0.7608706566630143,0.9918193817138672,-0.019519435279278637,-0.526393827297436,-0.7608945462973606,0.990825891494751,-0.01621638617845338,-0.532759527521464,-0.7609662152003998,0.9910987615585327,-0.03591161503847213,-0.5097265754627687,-0.7540432721912185,0.9927487373352051,-0.04180648469758257,-0.5090604642010942,-0.7541953467778575,0.9927234649658203,-0.048368352947643266,-0.5084381733544207,-0.7543806620842871,0.9935734868049622,-0.01400133928185929,-0.5425107302128613,-0.5861762721272282,0.9876578450202942,-0.05945676085755328,-0.5128576191963002,-0.5580246587573846,0.9905543327331543,-0.009355146681983787,-0.46672775911495956,-0.693568642270265,0.987812876701355,-0.026280270055395405,-0.4577983598450769,-0.6856437679965975,0.9899521470069885,0.046330089345212204,-0.4148136725095811,-0.41817921006824665,0.9949458241462708,-0.10061996595828664,-0.3833420825265754,-0.33450453716036976,0.9993981719017029,0.010268208506701498,-0.17339519796393316,-0.3736046675670009,0.8581323027610779,-0.1072352104770869,-0.16085354946868527,-0.21565949337571458,0.9371322989463806,-0.05657410106512575,0.030956324698203853,-0.5286943308288918,0.8329396843910217,-0.10059812400688424,0.033179835350966365,-0.33765083613183383,0.920913577079773,-0.06954180412491637,0.08415758480216391,-0.581326676354918,0.8063932657241821,-0.11320270462461025,0.09421402876440951,-0.37672615544679383,0.874916136264801,-0.08462449064143891,0.0796401232033662,-0.6274440455703004,0.8094550371170044,-0.11282675003609675,0.09385786844435441,-0.4321559088986801,0.8825777769088745,-0.07590798214163133,0.05703056372138647,-0.5462180943109741,0.7828869223594666,-0.10649408576356481,0.07689431688769423,-0.36051263602446204,0.8653501868247986,0.04392037605674438,-0.0035955947374209153,-0.004052106452752171,0.9992483258247375,-0.04392037605674438,0.0035955947374209153,0.00408341733801813,0.9993911385536194,0.059023334634412256,0.33926693576731576,-0.02567064924693774,0.9034896492958069,-0.07367621250099479,0.3200256782159759,-0.126407529369313,0.9054569005966187,0.022461682645375795,0.6026849650459338,0.2346726390470958,0.8898680806159973,-0.14056077259756602,0.6197832541403074,0.010700601289856735,0.8857371211051941,0.0028142330540497557,0.6529022050517397,0.24865420112452122,0.8046653270721436,-0.13327149910970787,0.6679859836658323,0.011856458587643818,0.8104023337364197,0.0621740361242059,0.7091707576935755,0.057853135024005096,0.8921588063240051,-0.18105233769267612,0.7182432217451438,-0.20910996241539132,0.8820012211799622,P6,P6/tom_1_frame51.jpg
-0.11031429643156479,-0.436564801467355,-1.9178269138873254,0.9955210089683533,-0.10092908999526141,-0.4676676998321182,-1.9249716417188985,0.9925580024719238,-0.09131073575215644,-0.47694806858068994,-1.9247547844801154,0.9916700124740601,-0.08193875445440567,-0.48717898321476805,-1.9249019250944754,0.9919173121452332,-0.12897251458572193,-0.45294093875974556,-1.9069637325299937,0.9933992624282837,-0.13574658820302596,-0.4519389812429122,-1.907470842147342,0.9933841228485107,-0.1432270243529577,-0.45222012491677893,-1.9078502547315137,0.9941470623016357,-0.05958827030049824,-0.5207031329390468,-1.61501012819497,0.9887304306030273,-0.15269464705004254,-0.4691723877813487,-1.5320573296732658,0.9913821816444397,-0.08656107175409068,-0.44423038955702326,-1.7716346558202147,0.9889883995056152,-0.11559725757298703,-0.42229356321360567,-1.748179741221616,0.9909121990203857,0.09711560815606206,-0.4587608755598833,-1.165744289029966,0.9954457879066467,-0.217488717253123,-0.3321312249230505,-0.9459967881790169,0.9994547367095947,0.0849248330889263,-0.13938139929621657,-0.9898710539517452,0.8710976839065552,-0.17459416273767595,-0.058999182340863536,-0.703767909335969,0.9402616024017334,0.007694052791851011,0.12712914047236604,-1.2254550889253988,0.8481003046035767,-0.09165196184355352,0.1604852170782179,-1.0449805566352586,0.9245496988296509,0.0010758781588095098,0.2096643399171244,-1.3296558679976977,0.8221164345741272,-0.08859318873884306,0.24018603285516502,-1.139656258103913,0.8793046474456787,-0.02299054582637404,0.21007528263294453,-1.4284920579210842,0.8251756429672241,-0.0732991480478927,0.23558999066518718,-1.248717582137242,0.886512815952301,-0.02426401281018145,0.18414665403911495,-1.2615194286724674,0.7995381951332092,-0.06948662962938261,0.21068013565840354,-1.088910525640566,0.8685629367828369,0.08639921707829452,-0.014730702338828675,-0.00838026491547438,0.9993066191673279,-0.08639921707829452,0.014730702338828675,0.008323331405622957,0.9994428753852844,0.10584437476818134,0.39953178600908207,-0.12570918975194115,0.9113378524780273,-0.16545970843167798,0.4060005428515888,-0.24267757013314725,0.9138301014900208,0.03640906918642674,0.7543450869705445,0.330060176984082,0.8988059759140015,-0.3158757779679149,0.7677383862252783,0.096401965228453,0.8961357474327087,0.001233003314858375,0.8172650411819117,0.3512980854092889,0.812723696231842,-0.30816096783939523,0.815521600069142,0.10031515016102867,0.8148090243339539,0.10352112956787354,0.8803803070421021,-0.08602581492546853,0.9000849723815918,-0.3872515004015439,0.9213127239483169,-0.2990782317076709,0.8923609852790833,P7,P7/eric_1_frame93.jpg
-0.11884888086171627,-0.4468330730012901,-1.2965747882353116,0.9958334565162659,-0.11016889084729703,-0.4883357162709476,-1.2973918788139485,0.9926484227180481,-0.10151545974088888,-0.49240022996709143,-1.2971404544847769,0.9917701482772827,-0.09257434562219825,-0.49691208805295256,-1.2971356815795692,0.9919781684875488,-0.13496451831347855,-0.4736721967374845,-1.2815973347109233,0.9935999512672424,-0.14483311568932175,-0.47339405953561764,-1.2820274350560188,0.9936781525611877,-0.154535585170997,-0.47385934081103515,-1.2824643868295578,0.994446873664856,-0.07691860068190919,-0.5066368054314835,-1.0616831098623496,0.9870827794075012,-0.16576345976061366,-0.48111600430308604,-0.9908906869793235,0.991737425327301,-0.09834163174239237,-0.4474580926364845,-1.1880002786744428,0.9897932410240173,-0.1237584297266652,-0.4298824080851907,-1.167861928938276,0.9916210770606995,0.06191397239077321,-0.44172991354605745,-0.7091187638320232,0.9958478808403015,-0.20900090010861883,-0.34463223946903093,-0.7270706610889698,0.9995061159133911,0.0775096711042546,-0.17120457169749473,-0.5017033920404956,0.863526463508606,-0.13785235691121794,-0.09968505059370125,-0.5844887015373709,0.944628119468689,0.04529794971561353,0.04771488732696495,-0.6582114957621251,0.8277762532234192,-0.015581841891910376,0.09127272818262858,-0.7025177589473071,0.9261277318000793,0.04939895304189436,0.11854156735220822,-0.7054534035794664,0.7973445653915405,0.007129180733597665,0.14820055427810203,-0.7641098681659226,0.8791930079460144,0.04258124286427605,0.12611493619949865,-0.7894472203731884,0.8010379076004028,0.024561524163973624,0.14335744117435184,-0.8134530859921647,0.8855716586112976,0.032993092160561587,0.0985143031356355,-0.6898184438715338,0.7740393877029419,0.01984065901941653,0.12191031464080353,-0.7173123024269582,0.8665715456008911,0.07175862825823538,-0.0026192472062880846,0.014291656330136772,0.9993022680282593,-0.07175862825823538,0.0026192472062880846,-0.014830300574689443,0.9994598031044006,0.079094275633241,0.3343626410733913,-0.1378876052010892,0.916826069355011,-0.1283986943590843,0.31008595157504387,-0.2588577441210928,0.9214124083518982,0.054321511922651625,0.628000699408337,0.2631699677484039,0.9060094952583313,-0.25839431042188477,0.5977123048537514,0.10729156033924898,0.904929518699646,0.026984158468637567,0.6661854807175016,0.2829444989359899,0.8133432865142822,-0.26304119553572114,0.6233055463660284,0.10555790837323945,0.8165944218635559,0.08725517371514202,0.7438802173720712,-0.043782638917274894,0.9057679772377014,-0.2911783955237504,0.7242523375461116,-0.15069348308386052,0.9009044170379639,P7,P7/eric_1_frame94.jpg
-0.11733041535803332,-0.42616455715266655,-1.1842018808225883,0.9962077140808105,-0.11389709482038896,-0.4625105301242244,-1.1666064444687572,0.9932078123092651,-0.10439183423537778,-0.47078537943258125,-1.1664940164772133,0.9923691153526306,-0.09449908233389549,-0.4790571632761723,-1.1664994846035521,0.9925991892814636,-0.1392712722929192,-0.4444626477410479,-1.1826785105348068,0.9941293001174927,-0.14749641136183134,-0.44023537182907324,-1.1830308732820702,0.9942116737365723,-0.15681269018655375,-0.43780180705706,-1.183511405596702,0.994917094707489,-0.08168519106184696,-0.5036643117540714,-0.8585034574459559,0.9875508546829224,-0.177216755069008,-0.4458690332653363,-0.9278878497572223,0.9924585819244385,-0.09407845085779461,-0.42738345222384955,-1.0460038525992792,0.9907500743865967,-0.12215106582817901,-0.4059078831301657,-1.0664070889777428,0.992395281791687,0.05341166387370707,-0.47615151693023294,-0.39903436547175375,0.9962583184242249,-0.19751294873186734,-0.31076323048668225,-0.7887934630663269,0.999553918838501,0.12867777171606537,-0.22643875711192024,-0.14405723951475233,0.8671648502349854,-0.07170983731248748,-0.08286986891821224,-0.6763861426968949,0.9490357041358948,0.1299526736570227,0.010245031798346758,-0.34577077597379247,0.8349839448928833,0.09706139662607038,0.07801682394202844,-0.8166221664618363,0.9314873218536377,0.15763763161013783,0.08651959469823901,-0.39245869499801445,0.8027862310409546,0.14138718863488103,0.1410277007532971,-0.9092752590539543,0.8869109749794006,0.14448148533951283,0.09643380485308158,-0.4939832426222243,0.8069458603858948,0.1562169129668095,0.13534151216402082,-0.9571743887748452,0.892549991607666,0.12754984638306607,0.06578860214103706,-0.38714160493661476,0.7808796167373657,0.14207285853762103,0.11140669467461067,-0.830785359333211,0.8731800317764282,0.07711334034012178,-0.009725559796150085,0.12068565975084992,0.9993618130683899,-0.07711334034012178,0.009725559796150085,-0.12115011908806117,0.9995042085647583,0.07578789965572906,0.3759205125867721,0.009218427972534301,0.9099543690681458,-0.11396776621079945,0.36783481073950225,-0.40452274873323985,0.927260160446167,0.05437206569977786,0.7062586411619717,0.3568886160137886,0.9072030782699585,-0.2708454939606266,0.6667678327423466,-0.04731282851554073,0.9120908975601196,0.01324860731599206,0.7584010369218586,0.37482195772024474,0.8142133355140686,-0.2858685911239948,0.6973079811483648,-0.022576762227606788,0.8182211518287659,0.12577601933888255,0.831003670134772,0.0826102313019628,0.9051221013069153,-0.31340193284680373,0.8189684897636241,-0.2840833928625383,0.9077901840209961,P7,P7/eric_1_frame96.jpg
-0.11940482973416149,-0.42031871028892953,-1.5357672472683317,0.996579110622406,-0.10843232317230236,-0.44497789990537173,-1.537910650659559,0.9938685894012451,-0.09754517402717848,-0.44870806271503827,-1.5379384719336142,0.9931062459945679,-0.08619351156811482,-0.45322406727092773,-1.538061701241734,0.993317723274231,-0.13625825838351016,-0.4415485273099685,-1.5012665368617724,0.9946960806846619,-0.14492436676006912,-0.4433312009357609,-1.5016202020628528,0.9947637319564819,-0.15350686565334132,-0.4455546451128175,-1.50204101704058,0.9954043030738831,-0.05700972338966132,-0.4762621942750038,-1.2171776082072545,0.9887669682502747,-0.16254076835968953,-0.4620414447213426,-0.9485449267322483,0.9931817054748535,-0.09653676208851275,-0.415552532758223,-1.3876636808876763,0.9916710257530212,-0.12828768185833486,-0.40891351736800546,-1.3343863780550527,0.9931514859199524,0.09709508116418886,-0.42336208091445493,-0.5778798711607942,0.996631920337677,-0.21623087480840153,-0.36771734788695404,-0.6476343963832566,0.99959796667099,0.0787250289260221,-0.24233429443666965,-0.6716894565015598,0.8788740038871765,-0.15789883976494742,-0.14638148778107773,-0.46184862581280456,0.949161171913147,-0.006613160541291752,0.09900091126754036,-0.5715018804988865,0.8494345545768738,-0.10424398330744689,0.12258213576017847,-0.6999858771326564,0.9306296110153198,-0.015989803864667314,0.17026153606284958,-0.5621429350016771,0.819107174873352,-0.11134627389207817,0.19928043585266092,-0.8074204944586652,0.8854876756668091,-0.04101423874128637,0.17160496857914512,-1.0233974819336715,0.8229191899299622,-0.10181945395325202,0.1989216725123556,-0.9256290094084467,0.8909104466438293,-0.03990823385174587,0.14999818057771225,-0.31669236654856736,0.7972540855407715,-0.09409023790509087,0.17405600825730894,-0.7459661404622615,0.8708977103233337,0.0866109763400657,-0.01041695504747648,0.006729029410905431,0.9994229078292847,-0.0866109763400657,0.01041695504747648,-0.0068051925383847,0.9995496869087219,0.10772761467031408,0.3241369243515837,-0.377583703898152,0.9170536398887634,-0.2124285369134239,0.32355486251323207,-0.2499210357011377,0.9338234663009644,0.011782819376361145,0.6755889503640501,0.1689226008336559,0.9147771000862122,-0.3654410287230802,0.6439251359444117,0.13340939087323098,0.920131504535675,-0.030661811570283803,0.7215980545955555,0.2327402518906365,0.8252939581871033,-0.35963293719594497,0.6806525679032436,0.17203077245025655,0.8301428556442261,0.08054433632367268,0.7777207017601013,-0.224045466480938,0.9122763276100159,-0.44026168413906824,0.7670261166165543,-0.17880956789343408,0.9159021973609924,P7,P7/grant_1_frame337.jpg
-0.16263188256414657,-0.433388193235225,-2.1873908396982724,0.9969030618667603,-0.1417439882541843,-0.46914093076524144,-2.205055602212232,0.994455099105835,-0.12647770670916278,-0.47396160441295837,-2.20491683796476,0.9937582015991211,-0.11070102369006198,-0.48042936539170633,-2.2052417898793855,0.9939508438110352,-0.18132999585715323,-0.4670163800162132,-2.16580912415095,0.9951945543289185,-0.19396031028098062,-0.47090104083773077,-2.1663494189868517,0.9952406883239746,-0.20578184319327886,-0.4755016661275881,-2.166791176444894,0.9958259463310242,-0.07003903958841029,-0.5139021805019878,-1.9526578291607422,0.9898456931114197,-0.21232645963621843,-0.505538774424463,-1.7730424574891077,0.9937792420387268,-0.1284591568279855,-0.42390747662785555,-2.060399594557308,0.9924933910369873,-0.1717482507584395,-0.4166806641438201,-2.010573265260908,0.9938247203826904,0.12322486607826255,-0.4212016660656133,-1.5682354700397048,0.9969612956047058,-0.29077106970447714,-0.3610567756596537,-1.3054920104207057,0.9996305704116821,0.13193601314562917,-0.17274732566119938,-1.5729222694034577,0.8900434970855713,-0.19484585499323898,-0.07369013545482452,-1.2348878571250042,0.9500706791877747,0.03810056585808882,0.2387946788116908,-1.633002575385727,0.8623437881469727,-0.08656711624541817,0.27614975589346713,-1.3934070958520057,0.9274507761001587,0.03396273409570471,0.3408225679809011,-1.7952700172733345,0.8308274149894714,-0.09235517229655545,0.3669390327059166,-1.512970578687795,0.8724333643913269,-0.010464521907099662,0.3433587060357623,-1.8599437519953927,0.8346434831619263,-0.0717414849968903,0.3666500635416331,-1.5962592050597615,0.8790839910507202,-0.010782830852431119,0.31119879999564504,-1.6277055454815619,0.8083900213241577,-0.06235976708469208,0.3320927836941267,-1.4292293077692206,0.8595067858695984,0.10655599537760951,-0.016387882325868415,-0.016548218924146332,0.9994411468505859,-0.10655599537760951,0.016387882325868415,0.016846441825386742,0.9995108246803284,0.17342117185894673,0.2321256912214159,-0.8033686909796492,0.8965834379196167,-0.2014310673596411,0.34322049536906474,-0.45382196678318104,0.9068959355354309,0.15504837953441503,0.5971496573697174,-0.24766793278252042,0.8847967982292175,-0.2857670685569418,0.7024397980429942,0.02740396097775084,0.8850688934326172,0.14966536008327924,0.6916171093747998,-0.20965215704639092,0.785127580165863,-0.20706596606316963,0.7913836210802206,0.060612729591533666,0.7705435156822205,0.21229619722054635,0.7460274565378229,-0.6498135494526884,0.892627477645874,-0.32172075590809796,0.8657607041444554,-0.37142721190095573,0.8800435662269592,P7,P7/grant_1_frame338.jpg
-0.18001415621883524,-0.42801132865094926,-2.254712569095778,0.9972032904624939,-0.15975250682233083,-0.4634595466158807,-2.259828340015366,0.9949922561645508,-0.14305050727818985,-0.46892448250991636,-2.259712318267951,0.9943569302558899,-0.1256859190817501,-0.4756850862277694,-2.260053418539577,0.9945340752601624,-0.19877797035487343,-0.4610221734766639,-2.22287917088206,0.9956560134887695,-0.20876812097549374,-0.46542055242250424,-2.223455613845125,0.9956893920898438,-0.21877476757915884,-0.4706485876711468,-2.2238606818732243,0.9962220788002014,-0.08518168231359309,-0.5070132491385662,-1.9358987371406928,0.9908356070518494,-0.22684221973155957,-0.5016064157625881,-1.769937050655956,0.9943628311157227,-0.14181697432384116,-0.41817578204919864,-2.10148486507811,0.9932387471199036,-0.18680610230447336,-0.4111324555108281,-2.054082558066727,0.9944363236427307,0.1127944916209537,-0.4194356169320687,-1.5348682841799637,0.9972624778747559,-0.29707936620573266,-0.3590495049548383,-1.2238384484019595,0.9996650218963623,0.12772243983297868,-0.12018006398532835,-1.4934212103364473,0.8993983268737793,-0.18429009831274315,-0.05025469159070163,-1.1109756817400707,0.9501510262489319,0.04088703521914622,0.2388602307123099,-1.6469277881119222,0.8715389370918274,-0.06739571339470944,0.27402306817056665,-1.358503680921086,0.9186725616455078,0.039630957754636334,0.33564106350384126,-1.8093098462759414,0.837637722492218,-0.0737618798290917,0.3573466612828656,-1.4737281224888863,0.85457444190979,-0.004282082265374587,0.33729634375803486,-1.865260921567232,0.8412745594978333,-0.05538535471720487,0.3554895801694241,-1.577264885136408,0.8612606525421143,-0.002913832116160193,0.30095001116066533,-1.6657058987665991,0.8120068311691284,-0.04848948393838462,0.32148219467910416,-1.401953367106239,0.8405889868736267,0.10633429808321619,-0.011845994535333373,-0.02917373883908714,0.9994710683822632,-0.10633429808321619,0.011845994535333373,0.029260119366968512,0.999519407749176,0.16820908088588793,0.31499157521708404,-0.9000842528136627,0.8702505230903625,-0.2170161124978846,0.3918212496707539,-0.5641680729703745,0.8962507247924805,0.138580095873054,0.6782476016705168,-0.4258712039617644,0.857552170753479,-0.3594208936842215,0.715147466143389,-0.12629662557626425,0.8678827881813049,0.18492684325827172,0.7328784484521234,-0.40470135905429455,0.7464941740036011,-0.34819702682055204,0.7908730094652615,-0.10335819363106194,0.7385754585266113,0.25100003703454093,0.7956145048584332,-0.921315407791449,0.8709756135940552,-0.46465399325484824,0.8588371927645642,-0.5800046290929411,0.8621276617050171,P7,P7/grant_1_frame339.jpg
-0.16813543144359208,-0.4073358729476825,-2.448617272833926,0.9974742531776428,-0.14817306723162338,-0.44716678939355287,-2.4579360542795934,0.9954798221588135,-0.130909039156023,-0.45542130628084976,-2.457833713939884,0.9949008822441101,-0.11412503600715503,-0.4644977323066556,-2.458215897003378,0.9950649738311768,-0.1901275457264647,-0.4401874031491925,-2.4285047719697466,0.9960744976997375,-0.2018698813707456,-0.4442156951104846,-2.429106255761189,0.9960969686508179,-0.21328945132825058,-0.4496483551949872,-2.429508681968801,0.9965828657150269,-0.0766814047933529,-0.5024012390213315,-2.131799321698399,0.9917293190956116,-0.22677119787455274,-0.47230596284075066,-2.0060590320072618,0.994891881942749,-0.1328388855619725,-0.40058169168163876,-2.2911372326573716,0.9939107894897461,-0.17769506881696373,-0.38649218222048703,-2.255076882958323,0.9949883222579956,0.12555022906024843,-0.4250014837665566,-1.685404442751748,0.9975329041481018,-0.2929585942442564,-0.33287577834827936,-1.4509467543625898,0.9996951222419739,0.1401952066472773,-0.06581622520173731,-1.6561064278073467,0.9075554013252258,-0.17228396393221673,0.00296960363938023,-1.403969726888162,0.9500998258590698,0.06261017039286357,0.2772078817688925,-1.8013974711133798,0.8800077438354492,-0.03397511841833836,0.31236103871300713,-1.6225181783654925,0.9081627726554871,0.07893345457651946,0.4017780052680774,-1.9738724328590835,0.8425843715667725,-0.04304517160247731,0.40608192263146237,-1.759935575792085,0.8311220407485962,0.021444799645598693,0.38709685243276293,-2.029103602347769,0.8462477326393127,-0.03847172052388689,0.39710352590541487,-1.8463230058806284,0.8388137817382812,0.020344547275462393,0.34667110619189634,-1.823693045121508,0.8145982623100281,-0.022463892002741976,0.3592707764768933,-1.6607981513298138,0.8168863654136658,0.11102052493278236,-0.016715073368779802,-0.03310055133260023,0.9994938969612122,-0.11102052493278236,0.016715073368779802,0.03326319351510435,0.9995124340057373,0.15151037446335708,0.2943512007258612,-0.9918197812298342,0.8301498889923096,-0.18709107410871206,0.39939549966725924,-0.6940734959650681,0.8688404560089111,0.16827207266639096,0.6950496185000898,-0.600751570678612,0.8075824975967407,-0.3269584542831839,0.7838154305860198,-0.4348874012614469,0.8299562931060791,0.1612563237372254,0.7570523071328832,-0.5852401677796657,0.6958851218223572,-0.29961783891311544,0.8431128479312191,-0.4313564252458217,0.6850476264953613,0.22607280940246963,0.8108593339455387,-1.1130486613303734,0.8362782597541809,-0.3990316385235579,0.9169371578560903,-0.9651359434244944,0.8309462666511536,P7,P7/grant_1_frame340.jpg
-0.14793177631439056,-0.39166385651928076,-2.1615455005971898,0.9977218508720398,-0.130840421096313,-0.4275336000103157,-2.175746466227643,0.9959232211112976,-0.116298774415339,-0.43592095498391303,-2.1755994647927555,0.9953975081443787,-0.1021721803639106,-0.4447946861505469,-2.175853233857484,0.9955485463142395,-0.16684619316631355,-0.4197324219669473,-2.149508451823419,0.9964576959609985,-0.17747923889905737,-0.42291176342717607,-2.1501143973115386,0.9964745044708252,-0.18750564245441667,-0.42735411543845386,-2.1505404227970057,0.9969156980514526,-0.0701570444030785,-0.48192831105421197,-1.8961877066369024,0.9925418496131897,-0.1981945975006662,-0.4529785207726445,-1.781489314549125,0.9953866004943848,-0.11600494571788059,-0.38914941787621116,-2.023185799351306,0.9945164918899536,-0.15740605362734134,-0.37303482100747964,-1.990196691798187,0.9954860806465149,0.12525436657059497,-0.41168714142240054,-1.4712476630442979,0.9977768659591675,-0.2696200517965965,-0.3188307415636831,-1.3025966092511836,0.9997238516807556,0.12631333425319555,-0.050969568902406,-1.3656517774605057,0.9139350652694702,-0.15170974802545784,0.013023778488220148,-1.2408442499671661,0.9528912901878357,0.06468002174731245,0.254389161717272,-1.5749994992301404,0.8858765959739685,-0.027365170548623412,0.27376722527496516,-1.4253743325713282,0.9075362682342529,0.07543516227372452,0.34472903286512524,-1.7742188395532705,0.8454887270927429,-0.006895569085197038,0.3561897454445332,-1.5422221852135418,0.8243827223777771,0.03345632479137131,0.34404558069628893,-1.840043260504288,0.8491717576980591,0.011648557422448195,0.347920392215173,-1.6176661431892354,0.831668496131897,0.03248670750699016,0.3101291797316299,-1.6056473825086675,0.8155666589736938,0.012499737531801648,0.316422548033506,-1.4558284491480635,0.8088283538818359,0.10285232325873876,-0.014473066331463466,-0.03449785891369552,0.99953293800354,-0.10285232325873876,0.014473066331463466,0.034605693348973496,0.9995430707931519,0.15454910512443062,0.31168924116798735,-0.7225731434110733,0.809695839881897,-0.18514787180978445,0.3858103604020112,-0.4601291652149416,0.8601827621459961,0.1624971104303701,0.6642753178469076,-0.3653046617260488,0.7859218120574951,-0.3358105829563026,0.7811642751557486,-0.2134504159927493,0.8181145191192627,0.14434748421895682,0.7280164637236513,-0.35200519023279636,0.6587438583374023,-0.3223167569296913,0.8503746059340286,-0.2095393766320921,0.6504918932914734,0.21157050886919848,0.7793347691462031,-0.8197430513101468,0.8195130228996277,-0.43955310092322747,0.8982166060972013,-0.6675920377215527,0.8195301294326782,P7,P7/grant_1_frame341.jpg
-0.14373403491291067,-0.4066265306359702,-1.4565987047237225,0.9979485273361206,-0.13126628439305915,-0.43439171121377623,-1.4820526454785896,0.9963279366493225,-0.11778388740398098,-0.4411468258950788,-1.4818383856090127,0.9958539605140686,-0.10411259258984144,-0.4490251168335029,-1.4819123307907498,0.9959906935691833,-0.16718190382203024,-0.4282671068404488,-1.4494118588755514,0.9968079924583435,-0.17861409242035972,-0.4303351839443789,-1.4498209453598168,0.9968224763870239,-0.190188571969738,-0.4330723084888599,-1.4500961400116716,0.9972203969955444,-0.07081618066721364,-0.48885661946682996,-1.288189953170398,0.9932835698127747,-0.20216044511272838,-0.4579612849988508,-1.1377791953501424,0.9958406686782837,-0.1103162474915294,-0.4066380588380228,-1.3501992462238532,0.9950639009475708,-0.15603133273098493,-0.3959368405941265,-1.3075504156974795,0.9959356784820557,0.11123323362051075,-0.4458363338014624,-0.9937291230123905,0.9979989528656006,-0.2605445303421531,-0.3401064991522465,-0.7708481345632788,0.9997509717941284,0.12013086465328293,-0.11855981774641913,-0.8007478440954181,0.9214963316917419,-0.14633660887057812,-0.05853263434730208,-0.6166961457997635,0.9537420272827148,0.07661519567685648,0.12044517284781614,-0.8926752094599962,0.895200788974762,0.0027495585338376707,0.14658075972119142,-0.8096994106449362,0.9054991006851196,0.08270554482122777,0.1954611598670804,-0.9905160484117392,0.8563177585601807,0.01962487007558715,0.218696086415429,-0.8837481815119901,0.8201622366905212,0.054357531285364094,0.19960077253555655,-1.0508614925318076,0.8599281311035156,0.04161853864007575,0.21414063503005668,-0.9785899586997576,0.8271451592445374,0.049523591476121884,0.1728838349015304,-0.9106769910308823,0.8278080224990845,0.040982181886774036,0.18921633281520472,-0.8438800356649959,0.80438631772995,0.09732989256791312,-0.011437129256351994,-0.056419597255366875,0.999576210975647,-0.09732989256791312,0.011437129256351994,0.05702969646988636,0.999581515789032,0.10146868179338552,0.3549693159928193,-0.5268468211994609,0.8122891783714294,-0.22434235274787534,0.3537010490784361,-0.21723175772185183,0.8629094958305359,0.033089810072985726,0.6856584268883236,-0.252348905056157,0.7903550863265991,-0.4103008980073249,0.6629956285389839,0.055889758001119616,0.821312665939331,0.01644786227850036,0.6992707631833942,-0.2513544741126725,0.6411738991737366,-0.41052429809424357,0.7073587850548747,0.06654736979144835,0.6461254358291626,0.10649514257690561,0.8046273311190081,-0.6557063052089953,0.8176038861274719,-0.5057175207560137,0.7787437178047818,-0.30303373644224896,0.8238010406494141,P7,P7/grant_1_frame342.jpg
-0.1433462380112249,-0.40601590022726897,-1.519239983323042,0.9981147646903992,-0.1326349634135877,-0.4343236225687247,-1.5394460496994156,0.9965664744377136,-0.1216633096622263,-0.4402784539447973,-1.5393492892482967,0.9961360096931458,-0.11061575032718206,-0.4468925904866161,-1.5395661185317866,0.9962842464447021,-0.1623460956578018,-0.4291040019420812,-1.5106822804774087,0.9969386458396912,-0.17248508815785443,-0.4316031357806088,-1.5110130448087298,0.9969465732574463,-0.18284551027980203,-0.4349222032675247,-1.5113605237029224,0.997317373752594,-0.08803560264459087,-0.47641457215007715,-1.3076601459870254,0.9937885999679565,-0.1954344896697553,-0.4609332833325805,-1.171004026773609,0.9958669543266296,-0.1184958233257559,-0.4041798284975184,-1.3995693869132575,0.9955214858055115,-0.1499205816258403,-0.3946868768541442,-1.3607184556705612,0.9962716698646545,0.0832918870259468,-0.4413243408811788,-0.9821129051065419,0.9981979727745056,-0.2532641170023653,-0.3404105509055724,-0.7493160003573417,0.9997709393501282,0.10744412368614713,-0.11487980399479594,-0.7784801523651989,0.928342342376709,-0.13267237949928187,-0.05585830565375178,-0.5043988523655065,0.9515886902809143,0.08475280115876793,0.13817055061634936,-0.93512972564837,0.9038611650466919,0.0052028293914651615,0.16842467613696946,-0.6360836542176905,0.9034620523452759,0.0899542504487116,0.22073696427582437,-1.0309859802538033,0.8665335774421692,0.024708110884140367,0.2423403067704161,-0.6918708846430848,0.8182203769683838,0.0670010153214732,0.22199577020805158,-1.1123704136324148,0.8701270818710327,0.047705049226226454,0.23864899523422733,-0.7945828702289071,0.8254371881484985,0.06237997539362969,0.1927293373429895,-0.9616276748612905,0.8395730257034302,0.04612191943644525,0.21130105682867245,-0.6702853301236591,0.8017385005950928,0.0892734003647685,-0.009676351801121006,-0.0529120237142753,0.9995992183685303,-0.0892734003647685,0.009676351801121006,0.052938997990193915,0.9995876550674438,0.13235357604781392,0.14421554862516037,-0.3506451154359893,0.8155413866043091,-0.19793569366056515,0.356660862959775,-0.08519762513041843,0.8613551259040833,0.08285991524971532,0.2775345823595747,0.031302568999229806,0.7909975051879883,-0.3605032956125687,0.6846950467820129,0.2823472647181407,0.8193877935409546,0.07126476229986009,0.6439717778084731,0.04790223602313083,0.6202084422111511,-0.3598674521726881,0.7270402417325494,0.30281033666674123,0.6282203793525696,0.10196082699658919,0.70452894578142,-0.35374762199248877,0.8097239136695862,-0.43601493698333066,0.7937074258304316,-0.07419880542237155,0.8189919590950012,P7,P7/grant_1_frame343.jpg
-0.17176652996470945,-0.4126362106098848,-2.361909026801003,0.9982916116714478,-0.1544304462746941,-0.4518974435909024,-2.381129765581554,0.9968867897987366,-0.14029591945383135,-0.4583443123905039,-2.3809682678718693,0.9964876770973206,-0.12678207701241634,-0.46542809261215307,-2.3812817975163894,0.9966314435005188,-0.19680698166628244,-0.4470433362941165,-2.343514708118577,0.9972184300422668,-0.2114951597263289,-0.4509640022832487,-2.344105063382689,0.9972131848335266,-0.22611842961597559,-0.45557779480629257,-2.344570045424809,0.9975594282150269,-0.0971109296184245,-0.5012324825716868,-2.002033789540815,0.9943689107894897,-0.23993015419654665,-0.48739245725610514,-1.5396025805640687,0.9962341785430908,-0.1376903200420694,-0.4057975746389419,-2.1670568242307775,0.995959997177124,-0.18230638049152817,-0.3953052461654516,-2.0937695112980093,0.9966332316398621,0.10926710949564447,-0.4606681601161704,-1.4411742662193312,0.9983705282211304,-0.29454960687163323,-0.31758012685021714,-1.4662156838162972,0.9997817873954773,0.18432973816047793,-0.061181456205516224,-1.5919915875979778,0.9345417022705078,-0.13396254336289015,0.05624872502375206,-1.4300817303487217,0.9504442811012268,0.16241704892004355,0.26694219157401244,-1.6927834479690282,0.9102577567100525,0.07327127906924714,0.3273390509519137,-1.5830204477786927,0.900139331817627,0.17683033315128385,0.38347283442391616,-1.8568203034628872,0.8713482618331909,0.10227151552336283,0.42965480448426924,-1.7095490738400243,0.8080467581748962,0.13966905334386934,0.3903148510287341,-1.847206360259658,0.8751417398452759,0.12838217932021764,0.41460634744268837,-1.7960100408568447,0.815858006477356,0.1299015327731764,0.3379057533706537,-1.708197786185422,0.8449469208717346,0.12489954689174462,0.3763049247135494,-1.6189594835559902,0.7940427660942078,0.11676013959524573,-0.008331427300598196,-0.06459713397272586,0.999590277671814,-0.11676013959524573,0.008331427300598196,0.06478840540789571,0.9995622038841248,0.1350766071090075,0.40869989711538846,-0.4747730339484726,0.7672616243362427,-0.16912963554221908,0.4231796349496571,-0.2762991824553578,0.816391110420227,0.14924938338742727,0.7081143327226682,0.18834857534260124,0.735980212688446,-0.26277860289357763,0.8053346016995638,0.26014013889107385,0.7692959904670715,0.16609112181538016,0.7778734229644211,0.22918724831076528,0.5711206793785095,-0.24922767006907703,0.8706353119869829,0.30224716532067125,0.579857587814331,0.18406431010652177,0.8261598859067236,-0.19485611444656634,0.7502227425575256,-0.3466788846344039,0.9281145877412305,-0.15316965094470986,0.7672446370124817,P7,P7/grant_1_frame344.jpg
-0.1332890026981226,-0.37721790093921453,-2.1135606744609547,0.9984563589096069,-0.12409620146288282,-0.4129166877659135,-2.122554181941846,0.9971852898597717,-0.1115844055858988,-0.4209905131862974,-2.1224876948658156,0.9968185424804688,-0.09975138078990123,-0.42992741454200417,-2.1227554853811124,0.9969547986984253,-0.1575125723810637,-0.4036626748775524,-2.100997464144824,0.9974849224090576,-0.1691677400618361,-0.4056340083081696,-2.101593000775465,0.9974765181541443,-0.17996209270281815,-0.40889974629959214,-2.102075995050709,0.9977930784225464,-0.07937669267203057,-0.46641860338441676,-1.8136399865935144,0.9949093461036682,-0.20848370852995765,-0.4365831560422665,-1.4848928806864021,0.9965944290161133,-0.10398695922790471,-0.37576841569225233,-1.9622660672155596,0.9963603615760803,-0.14112727629876623,-0.35948109174969756,-1.9251004616094824,0.9969655871391296,0.09118040956297692,-0.4404783440973179,-1.3687453180208986,0.9985320568084717,-0.25696384022324037,-0.28990471131618295,-1.2909331650573743,0.9998015761375427,0.15749331290060148,-0.07404604529600582,-1.288008989765106,0.9398324489593506,-0.10897583456259634,0.018676881178253012,-1.2156339556098137,0.9537344574928284,0.15030199036974584,0.193238280611974,-1.4310514120536624,0.9148784875869751,0.08030399478785143,0.2597441137017072,-1.3803831521692551,0.9048915505409241,0.16251551551017993,0.27987060573222977,-1.5600775380936482,0.8744961619377136,0.11320203447098344,0.3471814851052844,-1.496419093584949,0.8134476542472839,0.13530304193324302,0.2850051832234618,-1.6210078353264357,0.8782685995101929,0.13131097031777944,0.3332717858942284,-1.5770463126970797,0.8207734227180481,0.12802898737327134,0.2511277570903893,-1.457166262717995,0.8476632833480835,0.12710118283622104,0.301180132284363,-1.4121694174084867,0.79896479845047,0.08573969006926692,-0.020156846646468458,-0.05900591925290603,0.999613881111145,-0.08573969006926692,0.020156846646468458,0.059258757503072086,0.9995835423469543,0.13655876005938078,0.38384349716570987,-0.35996425349868494,0.7469648122787476,-0.1755674142088223,0.41751024132989983,-0.18836640662109044,0.7985433340072632,0.17045829272654905,0.7170227956852837,0.03140339671139583,0.7142541408538818,-0.3609230825466538,0.7909157281116148,0.1429644527940114,0.7475398182868958,0.16584355373405424,0.7720032532451857,0.05017198284790958,0.5361380577087402,-0.32461938055969747,0.855552051806566,0.16311691372183112,0.5475027561187744,0.14657084284610977,0.7598558802332959,-0.38254143068115537,0.7214324474334717,-0.4472925576270358,0.8943877055793337,-0.267612490707682,0.7451561689376831,P7,P7/grant_1_frame345.jpg
0.016468783033369117,0.2398167378423353,-1.4496073812217132,0.9983997344970703,0.016722205478849318,0.2218129326754645,-1.4679702735965994,0.9971590638160706,0.021970558377053633,0.22005259809470143,-1.467825831451906,0.9968480467796326,0.027410419647738295,0.21777648108508274,-1.46793783898327,0.9969297051429749,0.001678527278254533,0.21974209072976153,-1.4492921167801516,0.9973954558372498,-0.004659989012409409,0.21647981732109275,-1.4494467938472735,0.9974210262298584,-0.010516166564406257,0.21348545381852463,-1.4496860892167258,0.9976525902748108,0.033783604936205414,0.17541493000011615,-1.332681897553841,0.9950594902038574,-0.02021007964245354,0.1863468362304865,-1.2521337788116653,0.9965882301330566,0.030335517231618564,0.24122800390675575,-1.374642340587301,0.996515691280365,0.012398887752798847,0.2359673979324048,-1.3522777376967547,0.9969986081123352,0.10595047544023302,0.12600014790054315,-0.9875275182709017,0.9985972046852112,-0.03403868515081134,0.16106484798634046,-0.8669660423718878,0.9996623396873474,0.0856449659576726,0.43901989798894264,-0.8495869999346592,0.9221875667572021,-0.009467447400089722,0.4677585510909782,-0.7571908773278545,0.9445939064025879,0.10477223405335451,0.7452369564314755,-0.8722123771163738,0.9144106507301331,0.002428127230755699,0.7936309852111137,-0.8584523167575188,0.9086940288543701,0.15262309117510342,0.8348419724459095,-0.9309640753166154,0.877125084400177,-0.016981970693158377,0.8500171910227846,-0.9064019913345445,0.8246511220932007,0.13745810752065676,0.8459741083558999,-0.968553846088564,0.8802557587623596,-0.00022372675505419405,0.859423373042141,-0.9526654984799537,0.8312069177627563,0.09200128524720844,0.8098862043349385,-0.8882056687183343,0.8530471324920654,0.009408993019178332,0.8487035171060263,-0.8795451944978794,0.811760425567627,0.06661392054820117,0.018921596608714397,-0.03415562094147856,0.9996515512466431,-0.06661392054820117,-0.018921596608714397,0.03440770320675522,0.9996238350868225,0.12686280049972684,0.5398743911367009,-0.21261197166233486,0.7214065790176392,-0.01661099079358881,0.49524364242629254,-0.050172999748643476,0.752535343170166,0.10772904548137906,0.8638571126073484,0.26424302890993384,0.7001317739486694,-0.028814117635715238,0.8711792626049146,0.306297676475886,0.7468668818473816,0.1001805018827738,0.9010855617868078,0.3033076015499692,0.5292137861251831,-0.02878903486807385,0.9316050913913817,0.3356299190403084,0.5566005706787109,0.12341867702565802,0.9923546896957944,0.06981963159506945,0.7066485285758972,-0.052169634001933286,0.9750660317143771,0.07264102400763643,0.7429152727127075,P7,P7/rob_1_frame677.jpg
-0.019786048992344502,0.042801612034074184,-1.4308989694406506,0.9982815980911255,-0.013826612922132482,0.005389767303211293,-1.436609357506713,0.9971457719802856,-0.007200896671359282,-0.00030054259621862774,-1.436635026064839,0.996866762638092,-0.0004051065385236677,-0.0058196762828690626,-1.436808249463236,0.9969491958618164,-0.027831645944613775,0.015773565182205317,-1.411483933472509,0.9973484873771667,-0.03177617893983636,0.010873232717373638,-1.4116888095100675,0.9973577260971069,-0.04961063013551465,0.015267437907252908,-1.41191368497635,0.997585654258728,0.012358150931176913,-0.0430479829493396,-1.2688018673985968,0.9952403903007507,-0.0598703370709298,-0.00894454765204084,-1.1937128311856904,0.9967130422592163,-0.004448534346649208,0.041876599086634714,-1.3450680353415188,0.9964081645011902,-0.02609445147241792,0.052293860576682685,-1.3120254358835843,0.9969148635864258,0.0432987631874733,-0.010405135852160187,-0.9792204541409835,0.9983733296394348,-0.07994149602945393,0.02001486135404514,-0.8423102704395645,0.9995396137237549,0.042859641872537144,0.2947434705298412,-0.869824287661845,0.8896567225456238,-0.09387078318409076,0.2567527446966992,-0.4494326345704972,0.9213510751724243,0.002336626168557505,0.4866562563314202,-0.9419448259915872,0.8855767250061035,-0.05274329655761429,0.37351240162796484,-0.3024629941191054,0.8890607953071594,0.02062256053078482,0.7197012530339774,-0.958572540003706,0.8480223417282104,-0.05836959253754572,0.41030583882655075,-0.2811133283735496,0.8068848252296448,0.003533048686121573,0.7262670497364868,-0.9846544721486943,0.8510467410087585,-0.05493173798263408,0.4301140919090534,-0.32707256674667423,0.8144833445549011,-0.010852367171657648,0.7062679359641142,-0.9642299374574405,0.8234580159187317,-0.05726450599368184,0.45209409398000305,-0.3131588893823702,0.7968012094497681,0.05460143245705453,0.008551802965130043,-0.03716047641897611,0.9996775388717651,-0.05460143245705453,-0.008551802965130043,0.0374386599097795,0.9996567964553833,0.07013201245405401,0.4815989204773142,-0.13198700740092362,0.7371039986610413,-0.07257288761328311,0.4659118095184906,-0.012493422657743222,0.7675181031227112,0.03659084456036993,0.8309672086229934,0.13393579031736585,0.7193548679351807,-0.12637111466713455,0.8265545787625574,0.20337875749310347,0.7656590938568115,0.02721229355743648,0.8885883973415563,0.1611024946258606,0.5525440573692322,-0.12506524645694697,0.9039643360865323,0.22475474138452936,0.5796931385993958,0.05494268255189643,0.9984895100270216,-0.10343269509112275,0.7252929210662842,-0.16764064448029647,0.9652329796720669,-0.052336383968317565,0.7612511515617371,P7,P7/rob_1_frame678.jpg
-0.0486547325787598,-0.07256476226964652,-0.8256154024503743,0.9982428550720215,-0.04005953201486432,-0.12098578635325015,-0.818490307734501,0.9970264434814453,-0.033008695148545986,-0.12005278179333115,-0.8182884062129784,0.9968025088310242,-0.025837698604056263,-0.11680980097048971,-0.8182507367775378,0.9967814087867737,-0.06007198089220707,-0.11452269246638881,-0.8126017351047234,0.9971987009048462,-0.06620286861000635,-0.10913845786298461,-0.8127819330442373,0.9972752332687378,-0.07430321087300362,-0.10183723982644202,-0.8130104443214794,0.9974477291107178,-0.010841604457294037,-0.15782541319281113,-0.6634476929015553,0.9949925541877747,-0.07884266888779667,-0.1242019079539121,-0.6437778862068458,0.9966195225715637,-0.03211169691433509,-0.056195438416778924,-0.7566721863564241,0.9958807229995728,-0.05432352525739064,-0.03816026070037681,-0.7510248477933422,0.996497631072998,0.027252506053473537,-0.10828137426235313,-0.4588614964933279,0.9982720613479614,-0.08721700847921936,-0.04368968478342616,-0.4072222719218967,0.9994779229164124,0.016026432203774376,0.17231201367302934,-0.4030457044507299,0.8722689151763916,-0.06988249889310934,0.16541393343563893,-0.3087424764456338,0.9148222208023071,-0.011791572736484289,0.33261300728037424,-0.47150952916429395,0.8816161751747131,-0.057383065076739986,0.29548158783825035,-0.3762433606240943,0.8927402496337891,-0.009566747691864611,0.41981567143815096,-0.5088509993656296,0.8450219035148621,-0.06068392211827159,0.34256073183420577,-0.39461340548513046,0.8156237602233887,-0.02525719015193554,0.4245947835653938,-0.5318209978579775,0.848398745059967,-0.05830783724348323,0.3446943353099991,-0.43376022287881194,0.8234847784042358,-0.027009941498991923,0.40498555564268984,-0.48219949959172953,0.8224534392356873,-0.055898905951478464,0.3314042591268107,-0.39062073637263217,0.8068442940711975,0.050620944059979474,-0.019903639923095514,-0.00895679764991339,0.9997060894966125,-0.050620944059979474,0.019903639923095514,0.008463825289465715,0.9996883869171143,0.05015502386842634,0.4638044249292196,-0.1024569664849417,0.7595714926719666,-0.07238107179969455,0.4343411055306225,-0.073067338439147,0.7884247303009033,0.019632636192188562,0.8181001837690055,0.12963661793769696,0.7434172630310059,-0.1510751834106378,0.8205259956247949,0.05865136815037987,0.7869939208030701,0.005991228078014607,0.8620147625660056,0.11836182536727208,0.5852854251861572,-0.15030017427530404,0.9002022566882518,0.0668246325779283,0.6105431914329529,0.039728656333588235,0.9992105052820089,-0.14861464374474717,0.7483252882957458,-0.1776968303648399,0.9773417764767631,-0.15520878028409177,0.7825212478637695,P7,P7/rob_1_frame679.jpg
-0.05402389998311214,-0.05954297240412088,-1.076763585201876,0.9984102845191956,-0.0426604187863612,-0.10271501614600966,-1.0946529696558693,0.9973117709159851,-0.035210438476007966,-0.10565415399074551,-1.0943721582108021,0.9971103072166443,-0.027690502207768714,-0.10773291585461027,-1.0944042556503029,0.9970908164978027,-0.06520549568935943,-0.09880316128215044,-1.0814911265346863,0.9974648356437683,-0.07205336095513136,-0.09928511668142165,-1.0816514491299356,0.99753338098526,-0.07920689260630173,-0.09952642358556495,-1.0817623910490302,0.9976894855499268,-0.009537671846489328,-0.1428199437907946,-0.9641198434047942,0.9954788684844971,-0.08479316389744451,-0.127413913540628,-0.9080025731077881,0.9969448447227478,-0.03728253394859182,-0.053347837375988964,-1.0099868375478331,0.9962756037712097,-0.060106940876372576,-0.04688045021999005,-0.9940980288871261,0.9968296885490417,0.03661482490585151,-0.10371637395730281,-0.6897144300035014,0.9984292984008789,-0.09229227798057181,-0.07158165204616229,-0.5719703227686403,0.9995241165161133,0.019757990390255803,0.1662126399999906,-0.5156173420441219,0.8744470477104187,-0.07345445533989792,0.0958041905181403,-0.22718059469096794,0.9094515442848206,-0.006897451694744078,0.32512294791133095,-0.4843586333279682,0.8842581510543823,-0.04962737378279321,0.29374531406677096,-0.10446126088181679,0.8968968987464905,-0.005334059487681959,0.37889175555153987,-0.506324721803051,0.8476638793945312,-0.047722349597866545,0.3549218815392208,-0.07973466915798827,0.8250280022621155,-0.015294059566985523,0.37550308895154116,-0.5372827022014217,0.8509733080863953,-0.042544621100778106,0.34555650710194835,-0.13929361826837341,0.8331230282783508,-0.016903951910760114,0.35978456132244135,-0.4932463731751329,0.8256568312644958,-0.041096861977045235,0.32805994592676674,-0.11887387537943848,0.8177825808525085,0.05516097235270417,-0.010560962908107924,-0.019980404041949448,0.9997338652610779,-0.05516097235270417,0.010560962908107924,0.019483597147133654,0.9997182488441467,0.05126862285592612,0.4473062133302579,-0.11324841846423865,0.7769408822059631,-0.07404661194812133,0.4248286233513379,-0.024697539426024085,0.8028560876846313,0.02061433361590759,0.8149728358794073,0.044605420743691546,0.764211118221283,-0.14293537112130653,0.8288188482687157,0.0794079336840971,0.8034349679946899,0.006305459688774514,0.8662921973800826,0.03523570492197386,0.6094548106193542,-0.13691636050479353,0.8957708150219813,0.07796195432223398,0.6338227391242981,0.04034405356906475,0.983653110567982,-0.2069563889919653,0.7694965600967407,-0.18268772073834597,0.983170990566457,-0.11913136474266335,0.8006733655929565,P7,P7/rob_1_frame680.jpg
-0.043545247760871666,-0.2237994038981029,-1.1644051032333893,0.9985613822937012,-0.031101528695405993,-0.24662246455651907,-1.1797377944488217,0.9975616335868835,-0.02312081088375356,-0.24433739418336697,-1.179381867298388,0.9973809123039246,-0.01434928437288889,-0.2419027260028245,-1.179313120962987,0.9973601698875427,-0.05010758684436198,-0.2527928320903313,-1.171327524961963,0.9976993203163147,-0.05535064671340227,-0.2535316067695817,-1.1715133478422783,0.9977622628211975,-0.06040309584959612,-0.25859832912652897,-1.1715877853986125,0.9979009032249451,-0.0010009321895443832,-0.27362441710628305,-1.0108088066215561,0.9959022998809814,-0.07095118666006185,-0.2622211074295342,-0.9749643228045212,0.9972267746925354,-0.02821364058752198,-0.22358530558680145,-1.0778309730902955,0.9966230988502502,-0.050397116417240116,-0.22013118616447122,-1.0677672684170443,0.9971190690994263,0.04752250782486721,-0.2121523654264632,-0.6855792888707236,0.9985670447349548,-0.1064775944627118,-0.18416655434995485,-0.6219680156462734,0.999559760093689,0.041401012521609444,-0.015355907783366603,-0.49771312473516355,0.8830434679985046,-0.06938429416659188,0.016013379306426535,-0.38814027394786205,0.916174054145813,0.031066839348764745,0.23107666873502772,-0.566151140500539,0.8928931355476379,-0.03224627713456722,0.24854962036875286,-0.42156043315255876,0.9053235054016113,0.03742745626806258,0.29251927060493854,-0.6052416528284769,0.8573571443557739,-0.02606055233791902,0.31551071913350914,-0.4365560324487414,0.8388475179672241,0.02653870523315895,0.2920963135190679,-0.6521280537929942,0.8608421683311462,-0.017444495529058492,0.30403125550046195,-0.4952022122614825,0.8465372920036316,0.021452921802927027,0.27013506631627027,-0.5841055423241719,0.837524950504303,-0.017787956195542947,0.2852290875998635,-0.44079748260193574,0.8324622511863708,0.055456250479609615,-0.007782970468429271,-0.021547415549301476,0.9997543692588806,-0.055456250479609615,0.007782970468429271,0.021105593590471015,0.9997411966323853,0.05512073945506378,0.404549599624936,-0.08817238645827484,0.7944812178611755,-0.08641468562012046,0.43955675127004973,0.012832829478032675,0.8190844655036926,0.023723357607964842,0.8156040841029877,0.08452971711226548,0.783703625202179,-0.15031056505965737,0.8264510091808733,0.1633502023836838,0.8190333247184753,0.008630962387495437,0.873507469247089,0.08212150068774746,0.6334965229034424,-0.14590754746774462,0.9018788379576204,0.16472127848389015,0.6521996855735779,0.04333169147061148,0.9861038489078522,-0.16833081114769938,0.7887246012687683,-0.16509075616035554,0.986278379683141,-0.06203332011410693,0.8168485760688782,P7,P7/rob_1_frame681.jpg
-0.039845512571526985,-0.33273588100547213,-1.2115305897189084,0.9986945390701294,-0.030487493684307053,-0.35276735315437596,-1.2737505253529176,0.9977750182151794,-0.023258761820723436,-0.35215135786221224,-1.2735108542023934,0.9976127743721008,-0.015440225722452813,-0.35205403740653546,-1.273541823979129,0.9975883364677429,-0.0479247645647504,-0.3568358812126594,-1.2504278022128823,0.9979035258293152,-0.05297991435310545,-0.358366817446011,-1.250575023525436,0.9979649782180786,-0.05788674004753951,-0.3620665570353323,-1.2509009873179624,0.9980878233909607,-0.0015900269349570784,-0.3455592984414319,-1.0785095171385861,0.9962490797042847,-0.06752486540208977,-0.3518875174200517,-1.0454966541228363,0.9974681735038757,-0.025240551836464356,-0.31722498537705573,-1.168953487700227,0.9969192147254944,-0.04648738095073678,-0.3170876890968092,-1.1306070226008431,0.997364342212677,0.05539371896954185,-0.25215959811970395,-0.7387105512207649,0.9986615777015686,-0.10295217632340686,-0.21139280361412627,-0.6468056710426048,0.9995831847190857,0.0483818674415552,-0.024460977308130006,-0.5711544097438335,0.8898001909255981,-0.054582898969129975,0.006615034032602035,-0.5598094545278246,0.9222398996353149,0.045812570652309446,0.2091746507919636,-0.69451925297549,0.8982730507850647,-0.002401490224499964,0.2415668316947379,-0.7294104743045593,0.9120899438858032,0.053150661668164415,0.2763775959332075,-0.747141498571755,0.8618758916854858,0.006572944543744658,0.30445073361039443,-0.7836618955743256,0.8498169779777527,0.04204574519646875,0.279731705462283,-0.7940898880833064,0.8658673167228699,0.012195107751859566,0.2987454942059322,-0.8438347013965728,0.8569967746734619,0.0369577876624323,0.25686737177731467,-0.7137604444269506,0.8440487384796143,0.009101714117736909,0.2795387187229806,-0.7536554443123415,0.8435863852500916,0.054353888038491144,-0.004801877667632485,-0.022306663752653652,0.9997698068618774,-0.054353888038491144,0.004801877667632485,0.02184729069701823,0.9997609257698059,0.056668718027199604,0.40596561821823496,-0.11465049255653964,0.8111333250999451,-0.08823537517799614,0.45466260543553677,0.026102409937038166,0.834168553352356,0.020754253436814914,0.8131659839742161,0.09839508165742882,0.8021352887153625,-0.14903979902844586,0.8349642956706569,0.21575159291816523,0.8347612023353577,0.005294545243537288,0.873479670116154,0.10206240406946968,0.6560707092285156,-0.14041025913286878,0.9058100952623516,0.21983558289020466,0.6721667647361755,0.04401329095288021,0.9873532417120248,-0.17486380261942852,0.8063468337059021,-0.17047933918667882,0.9853612509686349,-0.04517143826298626,0.8321743607521057,P7,P7/rob_1_frame682.jpg
-0.04337029905671336,-0.4337628378250711,-1.3405289152469406,0.9988125562667847,-0.03340267519904801,-0.4616794982136467,-1.3603203161494326,0.9979594945907593,-0.025944562293344648,-0.4627228968419033,-1.3600652135750797,0.9978082776069641,-0.018009999256378254,-0.46369626350868354,-1.3601129361859472,0.9977842569351196,-0.052742651241829586,-0.46044016528873877,-1.3518347121524286,0.9980841279029846,-0.05887122384842414,-0.46056713459285586,-1.3520892327437222,0.9981449246406555,-0.06500833220655598,-0.4615932677236848,-1.3523252268742927,0.9982574582099915,-0.005556822749361255,-0.4514756862310576,-1.1027974682469364,0.9965121746063232,-0.07933646413647903,-0.4446329234134513,-1.1019504889012137,0.9976806640625,-0.028512368548419237,-0.4135018735908517,-1.2545634215714052,0.9971845746040344,-0.05332211237459941,-0.40925291227163807,-1.2383788606792991,0.9975882172584534,0.05139380850458533,-0.36917096299607577,-0.7336801446894983,0.9987294673919678,-0.11184535885211432,-0.2846507272512855,-0.7440821219037995,0.9996064901351929,0.051201463103466724,-0.09977905558380713,-0.5641161309394348,0.8898497223854065,-0.04767978661410046,-0.017985022483414038,-0.672889783204245,0.9276025891304016,0.05649634497752752,0.13726943429603766,-0.729245579272937,0.8900676369667053,0.0327886830714228,0.20460138236567826,-0.8331292158786481,0.9169068932533264,0.0656315390659544,0.20801859289588934,-0.7872533827542116,0.8486696481704712,0.04528579929942151,0.2731944877249528,-0.9009507086983873,0.8570650815963745,0.05876365397961903,0.21840194665229112,-0.8546461965521437,0.8542601466178894,0.050205496094547976,0.26769668775752836,-0.9600911482103539,0.8639162182807922,0.05306691280306988,0.1966757430689554,-0.7593797891120287,0.8323248028755188,0.04457296704888159,0.24765881702939713,-0.8570821836442731,0.8503676056861877,0.05379177270350324,-0.007051500741563568,-0.023828885643091546,0.9997785687446594,-0.05379177270350324,0.007051500741563568,0.023407094936400988,0.9997740983963013,0.05699723839728369,0.39527300020556566,-0.15354884630217244,0.8269950747489929,-0.09787146061098863,0.43867438685736654,-0.0034062627316972967,0.8476161956787109,0.019048645022983424,0.799569453752161,0.10144545495246197,0.8195615410804749,-0.16204362865700858,0.8282070941541075,0.20860501357607736,0.8497180342674255,0.001680136593785157,0.8730298774312196,0.10012163748677022,0.6746907830238342,-0.14968686734349226,0.8989320034598193,0.21384138190337829,0.693701446056366,0.043971196565502954,0.9818721551984461,-0.21119728736893922,0.8229708075523376,-0.1949043321320272,0.9808222577593599,-0.07708951241681807,0.8471965789794922,P7,P7/rob_1_frame683.jpg
-0.04102053226511597,-0.4860337418443611,-1.1649317971307107,0.9989280104637146,-0.03387357328149771,-0.5188756271028647,-1.1560063797266222,0.9981532692909241,-0.026811579195689317,-0.5226369000348862,-1.155809429292123,0.9980152249336243,-0.019537222903576394,-0.5266408583346213,-1.1558246409110478,0.9979935884475708,-0.05273848265917692,-0.5144600544041992,-1.151615425832269,0.9982666969299316,-0.05863718820300423,-0.5151392732044766,-1.1518669179267287,0.9983220100402832,-0.06451377685352651,-0.5164140469009456,-1.151996917222671,0.9984233379364014,-0.010162061976805283,-0.5319415070712498,-0.9146447230886894,0.9968352913856506,-0.078850527537209,-0.5079770025254934,-0.895179254992804,0.9978975653648376,-0.02591589505505523,-0.47005984067390394,-1.0586832424576877,0.9974584579467773,-0.0504060010652374,-0.46418605416370995,-1.0528447829309175,0.9978201985359192,0.05600047423057,-0.4522247178668532,-0.5930841089570221,0.9988500475883484,-0.1100412516072968,-0.34594794163766723,-0.6263590750108994,0.9996421933174133,0.06028524702177095,-0.1676588610365826,-0.4372783015088978,0.8988955020904541,-0.05188292917110085,-0.07395108524972038,-0.5636033409840231,0.93324875831604,0.06880605537774953,0.09482582977783026,-0.59179467406205,0.8979977369308472,0.031929988734541885,0.15210918389653305,-0.8378193924354963,0.9225896000862122,0.08076218769971094,0.17526787294503968,-0.6530796847223612,0.857181966304779,0.05036927301164938,0.2265002051777872,-0.8235648545475156,0.8655490875244141,0.07442955071076748,0.1814377856420646,-0.7218524646837129,0.8627123236656189,0.05717567186894611,0.22400109631075765,-0.8926207007202397,0.8718074560165405,0.06668563576079366,0.1539009524835624,-0.6209063100850235,0.8412061333656311,0.05029571682803306,0.1978645327048535,-0.8665148605815058,0.8581841588020325,0.05262659719892788,-0.005182958842842398,-0.0251816545406428,0.9997934103012085,-0.05262659719892788,0.005182958842842398,0.02476323650746666,0.999790608882904,0.059240448985098344,0.37149775707412586,-0.20700393855740126,0.8420439958572388,-0.09644106352418044,0.4224086437806481,-0.017877669367425242,0.8608343005180359,0.0224136199505155,0.777558514026937,-0.03346150541119712,0.8356899619102478,-0.163745872221075,0.8131661117894142,0.10475919206945296,0.8636871576309204,0.0025027116188801445,0.8550891333931043,-0.03378848016074871,0.6973004341125488,-0.15019512189946405,0.8850792404089812,0.10209211115216693,0.7163673639297485,0.04977642017934588,0.9551303467804323,-0.32886111539380714,0.8382854461669922,-0.20723038652267722,0.9622397770989402,-0.18380660749338598,0.8610863089561462,P7,P7/rob_1_frame684.jpg
-0.03351815848678853,-0.4659477893018987,-0.7769724694724128,0.9990304112434387,-0.027470512098127547,-0.492117079209216,-0.7686780522358995,0.998323917388916,-0.02139939953841588,-0.4949863937714128,-0.7686451535843284,0.9981942772865295,-0.01547782630402717,-0.49890358790127265,-0.7686823313612088,0.9981753826141357,-0.045495936360456714,-0.49048190119588453,-0.7697133705002355,0.9984291791915894,-0.0516829994124188,-0.4918265588091885,-0.7698855937909074,0.9984789490699768,-0.057825982872485686,-0.4926980279850706,-0.7700276791560142,0.998572587966919,-0.009777019125915243,-0.513787397993017,-0.5577986159074672,0.9971113801002502,-0.07255684874349966,-0.4863248920003067,-0.5585320947951512,0.998099148273468,-0.021792342873264512,-0.45120367194605604,-0.6811845715097414,0.9977042078971863,-0.0434475696882329,-0.4437390369227348,-0.6815835884418032,0.9980316162109375,0.05017545896476299,-0.4588215272627082,-0.2745579052670075,0.9989603161811829,-0.09976610413726297,-0.33963997331911405,-0.3801626458282301,0.9996768236160278,0.06279667004622079,-0.2508518961445601,-0.1644897034205203,0.901585578918457,-0.05441667030352266,-0.09578228448645919,-0.3402667271406176,0.9392353892326355,0.07015446497311127,-0.03679422001386378,-0.38264345722323784,0.8962947726249695,0.03784440018653184,0.08805004308896001,-0.4867268537067748,0.9284804463386536,0.07950706848770991,0.029520995326955936,-0.4420203009356229,0.8525712490081787,0.06357243405389619,0.16713582478816008,-0.547198394298674,0.8740963339805603,0.071535564169694,0.027725971277879256,-0.5007190413227934,0.8588153123855591,0.07240813763597849,0.1563734105265167,-0.5882493777411311,0.8797348141670227,0.06633978580227279,0.011353761772120505,-0.4107871493518693,0.8355959057807922,0.06484411647644261,0.1265781830829685,-0.5007079063945694,0.8655675649642944,0.04679191317185561,-0.004725626728605847,-0.005923017942437924,0.9997991919517517,-0.04679191317185561,0.004725626728605847,0.005919884805996783,0.9997990727424622,0.052407321892183105,0.3387784427568534,-0.1609814878423937,0.8536704182624817,-0.08505447132409054,0.3711908384540539,-0.10637743326121633,0.8726785778999329,0.024998650056589113,0.7295884725964784,-0.026510935502067668,0.8483754396438599,-0.15124076076043183,0.7363888769427652,-0.005948096693809274,0.875450611114502,0.0019317720105720116,0.7826402399626534,-0.02878469819814077,0.7097087502479553,-0.1415332199056666,0.7969358313667273,-0.00927906970818827,0.7291526198387146,0.049435124274164105,0.8611124042949282,-0.29044234049961287,0.8495520949363708,-0.1880790603661908,0.8655314063884718,-0.27168063061149356,0.8723667860031128,P7,P7/rob_1_frame685.jpg
-0.03764568836161662,-0.4576636354878559,-0.8446005785142173,0.9991224408149719,-0.03206338693496338,-0.4858907932087789,-0.8339364706666688,0.9984741806983948,-0.025791854623017377,-0.490025736309009,-0.8338724384376233,0.9983507394790649,-0.01948246900439804,-0.4949549797532419,-0.8339071078213054,0.9983333349227905,-0.049374818449726604,-0.48260383493187586,-0.8317909487821163,0.998572587966919,-0.05502981945134592,-0.483985303740842,-0.8319749087771643,0.9986177086830139,-0.06069516820268669,-0.48505076819293,-0.8321574536953273,0.9987043142318726,-0.011794090961361303,-0.5095103721498871,-0.6200640939912019,0.9973391890525818,-0.07178618705797397,-0.48301650672845947,-0.6072640160280746,0.998275637626648,-0.025063620681082227,-0.4442409236953354,-0.7493207985790514,0.9979242086410522,-0.04585711419826575,-0.43761252668145734,-0.7458063666928871,0.9982208013534546,0.04669952715635809,-0.45525950830257256,-0.3251767968042659,0.9990580677986145,-0.09351575393457474,-0.34336946744915325,-0.4301128402968028,0.9997076392173767,0.06050165643866506,-0.230869351573695,-0.1910323503239509,0.9054583311080933,-0.047372219330557595,-0.10909544089018552,-0.3850527239328519,0.9444881677627563,0.07322204788470668,-0.00964525249035968,-0.36531728782468653,0.8972632884979248,0.051891974901198096,0.06328020412348478,-0.5118955726818338,0.9339821338653564,0.08827616644100368,0.06606790558690426,-0.41636846383986426,0.8505463600158691,0.07695696643801266,0.1422942059195857,-0.570494437142874,0.8824011087417603,0.08325158219164497,0.07547215279529,-0.4821466766557206,0.8572196960449219,0.08631274726308769,0.13798830384318847,-0.612358513919782,0.8874643445014954,0.07469089769132059,0.04672751914598919,-0.3949252731478622,0.8332086205482483,0.0792529286839,0.10782187169369947,-0.5261262491545278,0.8730372190475464,0.04488327597448048,-0.0023413331485121706,0.0013781745922015823,0.9997976422309875,-0.04488327597448048,0.0023413331485121706,-0.001415706690932092,0.9998040795326233,0.04830210172860304,0.3203910067792483,-0.14751036725753736,0.8655814528465271,-0.07997214151069339,0.3479069999231614,-0.11296522290380341,0.8839139938354492,0.02237302886889482,0.6929073434822592,-0.011707988231407465,0.8607449531555176,-0.14508204004646313,0.6967888993777718,0.02269164503760165,0.8867083787918091,0.0008184008722002558,0.7431554854757846,-0.002660961048824882,0.722274124622345,-0.1349257679160134,0.7547764506244985,0.02302239300315739,0.7432298064231873,0.0490174230939627,0.8125593463767344,-0.24844591100920588,0.8607017993927002,-0.1809116983319654,0.8164907837324427,-0.23428269390488826,0.8833826780319214,P7,P7/rob_1_frame686.jpg
-0.0010286473762830214,-0.420953720581349,-0.6374240695784495,0.9992072582244873,0.004671756783498791,-0.44716270657873386,-0.636447751563873,0.9986206889152527,0.01003697791232818,-0.4522634151070425,-0.6364356579216823,0.9985067248344421,0.01508145960182622,-0.45765895631510817,-0.6365205426803761,0.9984935522079468,-0.013550324258313396,-0.44229934294289686,-0.632718668397008,0.9987091422080994,-0.020707926328309704,-0.44406644759872693,-0.6328218369085871,0.9987460374832153,-0.027068035803799854,-0.44630440187823583,-0.6329313674783802,0.9988265037536621,0.022134861475127672,-0.48136140600783994,-0.5014421824174284,0.9975975751876831,-0.038267206999066175,-0.4654966108239298,-0.4822404590423333,0.998437762260437,0.008466982429453911,-0.4135224926923091,-0.5742287709690923,0.9981292486190796,-0.012217845615430035,-0.4081398475481908,-0.5689283740550385,0.9983960390090942,0.07028417898747391,-0.41961917856823405,-0.3321104720721579,0.9991517066955566,-0.08109354515649067,-0.38030779160030825,-0.2887816746054235,0.9997357130050659,0.04560134185554221,-0.2077067570968568,-0.1355709755767776,0.9138981699943542,-0.0716419912315339,-0.18313797848605973,-0.19311577779382938,0.9448674917221069,-0.008417805438934558,-0.020516835318529374,-0.40577479539400046,0.9055171012878418,-0.044896357026418615,-0.019200519742460065,-0.3182054200815318,0.9273166656494141,-0.018526370835130656,0.03587770963921555,-0.4662994624494541,0.8613958358764648,-0.04308437406805168,0.051687825511988784,-0.35636467269639843,0.8732243180274963,-0.03010187783430149,0.029283293010761397,-0.5037588313449364,0.8675829172134399,-0.03570794012182823,0.04335834378213386,-0.4093287213545401,0.8791568279266357,-0.02584147683280433,0.006298838842780142,-0.42069296216833296,0.8435534834861755,-0.032496075093012944,0.01768531820240223,-0.34030394331424774,0.8640979528427124,0.03871255107404913,-0.009187901062032496,-0.0006159880507342105,0.9998054504394531,-0.03871255107404913,0.009187901062032496,0.0010242760359958569,0.9998065233230591,0.060992249676265854,0.21847703386315304,-0.10755450591444744,0.8695248365402222,-0.06044213224619038,0.2315413771160893,-0.08214144349045514,0.8879709839820862,0.03614548924260299,0.5143607714898394,-0.035754054297160075,0.8645724058151245,-0.12180716414429525,0.504125079561042,-0.0009818121632091136,0.8886141777038574,0.022850736313806835,0.5679395038715531,-0.03891197795627545,0.7103012204170227,-0.11553566495708356,0.54715643647731,-0.002500916217896025,0.7375330328941345,0.06200238403630441,0.5717291125652112,-0.22876978371043766,0.8628225326538086,-0.15986339153718224,0.594820288826837,-0.18357141519533127,0.8844907879829407,P7,P7/rob_2_frame63.jpg
-0.018633804520863037,-0.43202459393100445,-0.5244627679115929,0.9992826581001282,-0.015203103090212531,-0.46076818754167115,-0.5176050510497132,0.9987457990646362,-0.01072410342413267,-0.4648088368150285,-0.5176137273252742,0.9986383318901062,-0.006572760752768313,-0.46866841845527285,-0.5176454836279811,0.9986322522163391,-0.03073023388340263,-0.45738648154948275,-0.5323933374358163,0.9988285899162292,-0.037550126720451,-0.4590646887321776,-0.5325331785830937,0.9988600015640259,-0.04450521067473748,-0.46086039423488806,-0.5327039254178269,0.9989346265792847,-0.003129470216401844,-0.48683154920387234,-0.38033673136847523,0.9978086948394775,-0.05806685316110179,-0.47416946069936544,-0.4443677300701986,0.998583972454071,-0.012112194098526255,-0.42450470145000174,-0.46089152675307754,0.9983108639717102,-0.02957146908069986,-0.4173856188753073,-0.47974042351709667,0.9985525012016296,0.04596044324628287,-0.43769723362508134,-0.20529169524081983,0.9992349743843079,-0.0919496939957356,-0.36097979046882855,-0.328977915138905,0.999761164188385,0.04437863912537697,-0.21618760876874954,-0.12947070132075802,0.916912317276001,-0.049911380964493095,-0.15080603152520522,-0.29110305186943386,0.9489644765853882,0.039490777061945294,-0.008530763645384609,-0.238163452257259,0.9071436524391174,0.013261999087251,0.022384564116652742,-0.3359521379363407,0.9302939176559448,0.04301096321700928,0.0572452722439266,-0.2765210963894007,0.8628860116004944,0.020305773858383277,0.08059829017777412,-0.361624386706096,0.8774829506874084,0.03222788380213515,0.055091968089662643,-0.31600762037509056,0.8690847158432007,0.03206592665832977,0.07374210442334639,-0.41407621517946064,0.8828935027122498,0.029536196901621795,0.03382556607439452,-0.2557333639297562,0.8440394401550293,0.031536390310691595,0.053619042720894815,-0.35319297492203733,0.8666332960128784,0.037993807635413636,-0.001718015976445299,0.051287233411961786,0.9998140931129456,-0.037993807635413636,0.001718015976445299,-0.051238808594563916,0.9998199343681335,0.04328894428106179,0.23949503372513925,-0.007772104333235306,0.8739372491836548,-0.0641497729446156,0.24057338703277337,-0.19643123312411714,0.8980584740638733,0.015484032953802115,0.542088366529194,0.12480937227560944,0.872342586517334,-0.1446344209248456,0.5199814432304933,-0.15903274274909177,0.898932933807373,-0.0025892728242834814,0.5916274048444483,0.12883661018184142,0.7217881083488464,-0.14458599256321752,0.5589844207997867,-0.16241860257908955,0.7546399831771851,0.05745543091862644,0.6215116735068115,-0.019833078102783324,0.8714425563812256,-0.17607593928120022,0.6128537712352323,-0.3279323105184374,0.8948594331741333,P7,P7/rob_2_frame64.jpg
-0.1023923900817331,-0.43257352239378505,-0.9695853128603364,0.9990266561508179,-0.10387870171733933,-0.46015188296911186,-0.9498814453449141,0.9980273842811584,-0.09872698520058748,-0.466101800999129,-0.9500187870801269,0.9978711605072021,-0.09557186248077046,-0.47823030637680486,-0.950232507637473,0.9980809688568115,-0.12325260649249446,-0.44726013437698614,-0.9849269452620999,0.9983237981796265,-0.12876971119708813,-0.439430721172347,-0.9851588846210559,0.99839848279953,-0.1366561944084795,-0.43724290781663533,-0.9856327291791649,0.9984986782073975,-0.09282129058644376,-0.48871335810823124,-0.6430832106015743,0.9959560036659241,-0.14101858523839136,-0.4456561012540548,-0.7951156842781265,0.9981394410133362,-0.0870127629142192,-0.4338168388164668,-0.8308409634981136,0.9980592131614685,-0.1044740049528472,-0.4096259296105458,-0.8752939051286063,0.998128354549408,0.031214335084641165,-0.48187998391638986,-0.19375010360551967,0.9993069171905518,-0.15041310250269302,-0.309189958532454,-0.7215526791489293,0.9997723698616028,0.13368045681220556,-0.2880423677766417,-0.0007512102562001129,0.9112431406974792,0.03255474059111559,-0.2115307975373322,-0.7745917371158819,0.9520156979560852,0.2514966196191995,-0.15963602045610542,-0.31733086263683924,0.9091334939002991,0.2532093426867776,-0.15126206751446097,-0.9414282328304543,0.9347307085990906,0.29226375753939365,-0.1352341935853935,-0.383052328158189,0.8662574887275696,0.3001672916804968,-0.12542391392538008,-1.0681728541562947,0.8850501179695129,0.2968246865919768,-0.13632140446436705,-0.5010052098353833,0.8731886148452759,0.306605691596412,-0.13815480762807872,-1.0956842567427991,0.8897815346717834,0.280299454950586,-0.14156966505802576,-0.37261233197073806,0.8481831550598145,0.29451354596382934,-0.14612311973046133,-0.9529837802549386,0.8703323602676392,0.06226960601676564,-0.013849948555426147,0.16518923186688098,0.9998024702072144,-0.06226960601676564,0.013849948555426147,-0.16538693311469202,0.9997905492782593,0.019548851985485522,0.32615976007637554,0.059470304667492105,0.8774134516716003,-0.09576277060704111,0.3525731295043176,-0.623385999955971,0.906989336013794,0.0141076589542662,0.6618829116935132,0.4527140961409577,0.8815183043479919,-0.284546771469475,0.6197607309390556,-0.05088886468475739,0.9078553915023804,-0.01904043841919382,0.7191528581146553,0.4736896204371215,0.7399991154670715,-0.2963794938244338,0.6399653819243688,-0.016889015221906008,0.7674652934074402,0.09007305443591318,0.7408673338897892,0.15926535738019068,0.8804452419281006,-0.33830274706558744,0.7703532964234182,-0.3105086416216244,0.9037911891937256,P8,P8/eric_1_frame100.jpg
-0.1425357054813002,-0.4720221985857956,-1.0825067590584272,0.998992919921875,-0.14600128010346622,-0.49744200631749375,-1.0448009545256023,0.9978331327438354,-0.1398587070406491,-0.5045094956430272,-1.0448600378052606,0.9976068139076233,-0.1334808835370976,-0.5097160163275903,-1.0449816844006832,0.9978683590888977,-0.16685265110408556,-0.48284449220093306,-1.0668844129758532,0.9982292056083679,-0.17476702654943557,-0.4770633788882778,-1.0671683065879296,0.9983383417129517,-0.180505992758146,-0.46992868619883965,-1.0677231790114237,0.9984565377235413,-0.11787462295474499,-0.5144650282654787,-0.690468472976144,0.9946334362030029,-0.18974680329865568,-0.45363685850369606,-0.7800289808372828,0.9981037378311157,-0.11931009918121155,-0.46587939352057145,-0.9325088508230898,0.9980968236923218,-0.1405332927061737,-0.4382185972051782,-0.9586737729520515,0.9981399774551392,0.0139105549893275,-0.47601619735705364,-0.21014886297098223,0.9993681907653809,-0.16891074445690069,-0.30882451340215294,-0.7201149005592216,0.9997906684875488,0.11165610777069146,-0.26958517295882106,-0.0026544467795932445,0.9069180488586426,-0.008396785783713232,-0.12998244190726818,-0.7264446995645166,0.9560725688934326,0.15322181368350765,-0.06009883152819753,-0.30526352779009347,0.9076621532440186,0.1585080658619554,-0.017416730032724786,-0.8436546356231038,0.9405584335327148,0.1803196948252962,-0.016834403991064777,-0.3809160520219161,0.8654162883758545,0.20599292651961318,0.03297218208793654,-0.9580435770804063,0.8949996829032898,0.17202854747091995,-0.012244932375081377,-0.486925375873626,0.8728359341621399,0.21736181780572716,0.03178231907638529,-1.0048694735679466,0.899194061756134,0.1532270724047338,-0.034609809745067006,-0.35489636339975883,0.8483878374099731,0.19913756472824623,0.012553031571625,-0.8589576690594606,0.8802883625030518,0.06524031420465493,-0.0087293225671313,0.16038477199953632,0.9998037219047546,-0.06524031420465493,0.0087293225671313,-0.16075481583875853,0.9997937679290771,0.05537062247280669,0.3323466961125692,0.1080364448831858,0.8825613260269165,-0.11431214866057367,0.3338349142195685,-0.423532419502062,0.9155228734016418,0.046181780471473026,0.646133044993998,0.6351555804356215,0.8901280760765076,-0.2591056242330112,0.5956064781118288,0.11225179328428996,0.9160434007644653,0.01248080148890117,0.6962522156494124,0.6709642626190463,0.7578839659690857,-0.26972012102558024,0.6161490539086835,0.15216430804517034,0.7802093029022217,0.12253036992500498,0.7541462509694125,0.3862072922521151,0.8882848024368286,-0.2998065025065334,0.7358868881943335,-0.14669523796997833,0.9119018912315369,P8,P8/eric_1_frame97.jpg
-0.12253918942010993,-0.43275520153010216,-0.8911278330933439,0.9990743398666382,-0.11926426950659078,-0.4727397021908339,-0.868198311346963,0.9980023503303528,-0.1109085553411172,-0.48092942019038226,-0.8682433147519472,0.9977811574935913,-0.103391429213873,-0.4887359944469508,-0.8683816039035105,0.9980370998382568,-0.14621548897961592,-0.450852636366463,-0.889109073795448,0.9983677864074707,-0.15579801727804554,-0.4457038041798331,-0.889414670687581,0.9984667897224426,-0.1643289086319547,-0.4418360525270691,-0.8898388011381966,0.9985828399658203,-0.09674764785293333,-0.5070427893859155,-0.5722262867815324,0.995065450668335,-0.18186162861050886,-0.4449163675527333,-0.6592335665249305,0.9982702136039734,-0.09949900356311221,-0.43103490743721057,-0.7582778635535307,0.9982699751853943,-0.12828036150549305,-0.4016927693609561,-0.7840754711534373,0.9983044266700745,0.015011791538703984,-0.4842372114434254,-0.16554987191239576,0.9994306564331055,-0.17894919513932112,-0.2987854751376777,-0.5765389901323912,0.999809980392456,0.11384763017226826,-0.2893147585776787,0.059872065816457154,0.9053563475608826,-0.005775846840043044,-0.16017449594598562,-0.5994485513521535,0.959606945514679,0.21628767592849804,-0.10116822821828958,-0.0920193700266779,0.9097800850868225,0.2100722876357682,-0.07870374165674493,-0.681648664103774,0.9456311464309692,0.2708963978205292,-0.049749419808140835,-0.12821210839060246,0.8688433170318604,0.259742930991833,-0.02779579157056934,-0.7813141146865953,0.9033939242362976,0.27385645784598983,-0.03860742925758264,-0.22848353719914288,0.8761886358261108,0.27091394013139736,-0.033190298082768493,-0.8063279744630895,0.9071393609046936,0.24795384230112008,-0.054488958732319216,-0.13422001172260273,0.8528653979301453,0.253946590797972,-0.04739006096979115,-0.6897152170468767,0.8885498046875,0.06833517027927509,-0.01089910332110819,0.13904032520085446,0.9998197555541992,-0.06833517027927509,0.01089910332110819,-0.13910873201589868,0.9998089075088501,0.04968048016589735,0.3441880906542068,-0.0070029433970314105,0.887018620967865,-0.11496525571608243,0.3560519390996475,-0.4539704952163216,0.9224668145179749,0.039253461743338804,0.683496877711197,0.3838239173930804,0.895789384841919,-0.28328602375152245,0.6431672689721716,-0.12397081413112229,0.9231646656990051,0.006837894408303017,0.7382306910349328,0.409000248478643,0.7630451917648315,-0.2888841522272565,0.6631782912146346,-0.09441109811738299,0.7916468381881714,0.10412607496153785,0.7980130830584212,0.06078646901713591,0.8925700187683105,-0.33331243172986635,0.7967516761442205,-0.4353187971326013,0.919370174407959,P8,P8/eric_1_frame99.jpg
-0.11421550855939602,-0.35610460066946664,-1.862800524095694,0.9991563558578491,-0.10777359407861366,-0.3701890917545965,-1.8596029120206938,0.9981790781021118,-0.09809218134184021,-0.36157690260569814,-1.8595108825262585,0.9979634881019592,-0.08826769501910144,-0.3558436752839392,-1.859674373748836,0.9982030391693115,-0.13220179498812032,-0.37715060506121934,-1.8482546094360999,0.9985131025314331,-0.14002715447904995,-0.36327802202077997,-1.848791473175252,0.9985995888710022,-0.14931222485806012,-0.35414841092641525,-1.8493053670732156,0.9987102746963501,-0.06441359000962768,-0.33646943995463846,-1.5405045270621607,0.9955109357833862,-0.17376489690556501,-0.3855147049123132,-1.4814893001208862,0.9984254837036133,-0.08948975062220495,-0.3109741923376308,-1.7144426736195661,0.9984378218650818,-0.11616674402297542,-0.30805889912769646,-1.6977146240470593,0.9984694719314575,0.08355392329597565,-0.29920064743168673,-1.0736350734855746,0.9994860291481018,-0.2069909973793311,-0.2685139154467037,-1.1253228460228595,0.999828040599823,0.1593722646502423,-0.16113035827925257,-0.8756417982758754,0.9118714928627014,-0.07846677905627511,0.09031643971047147,-1.065017404603321,0.9618026614189148,0.13911841952013282,0.19455703200679583,-1.0179807246473564,0.9122027158737183,0.08957427363259159,0.27876071656201373,-1.2387055101770692,0.948499858379364,0.15028671661724252,0.2707597053443481,-1.115270012455364,0.8717584609985352,0.11600325280039805,0.34434787028779135,-1.3551550234541534,0.9068364500999451,0.13178053110331583,0.2910931192053722,-1.203312813212371,0.8782714009284973,0.13156899838282776,0.3343307675843668,-1.4231858379970952,0.9099723100662231,0.12476151812888116,0.25404441679472384,-1.051382251653337,0.8531442880630493,0.12713266631013628,0.3115424331801058,-1.2638505052483717,0.8901829719543457,0.07509471629198668,0.04111909338597314,0.03188714076471152,0.9998331665992737,-0.07509471629198668,-0.04111909338597314,-0.03166060915078395,0.9998182058334351,0.10768651886365051,0.4203510212793332,-0.2830836631931519,0.879063606262207,-0.172902101629025,0.44030896080824894,-0.20627332120565964,0.9187741279602051,0.01859431163665663,0.8143271851408499,0.2617577420112289,0.8825971484184265,-0.34627343357592466,0.7287007215990704,0.2148885129481774,0.9194130301475525,-0.023816272329869076,0.8105265021373894,0.297742456606626,0.7413284182548523,-0.3650001595911977,0.754054321862082,0.24388277674094458,0.7708160281181335,0.07163903129539742,0.9066728526841652,0.02020342032351336,0.8793972134590149,-0.4245399396377846,0.9054092111594327,-0.1455980822325743,0.914419949054718,P8,P8/grant_1_frame346.jpg
-0.19154416301965274,-0.4515352056841765,-3.941945945860679,0.9986985325813293,-0.1581342391529461,-0.47224795452835044,-3.9011464004220326,0.9952778816223145,-0.13522954759040307,-0.4731879927473168,-3.9012970618012828,0.9966812133789062,-0.12630029435463655,-0.4780209489802172,-3.9010506763412938,0.9943992495536804,-0.24512661896184154,-0.47830076850318876,-3.899554606070731,0.9963259100914001,-0.2625015107298154,-0.4740721225539097,-3.8998675821955815,0.9975656270980835,-0.2792107733102744,-0.4739503171294332,-3.900728821461128,0.9954572916030884,-0.08092652516218835,-0.5050102841792756,-3.38163988342454,0.9934699535369873,-0.32992511382464274,-0.5672523011645404,-3.3680809142142536,0.9975990653038025,-0.12164810403072576,-0.43523381092599633,-3.7223510201901804,0.9954879283905029,-0.19394669871564746,-0.4285481081738669,-3.716545424058642,0.996339738368988,0.15112251960409723,-0.44000822286603897,-2.810827756300927,0.9995250105857849,-0.3535495394899009,-0.33395773350423474,-2.8607840730802843,0.9997786283493042,0.3623336805684893,-0.023282732316185842,-2.9530063172307672,0.9204230904579163,-0.06005479110565675,0.28852042571906417,-3.080197261727931,0.9654817581176758,0.435894168352543,0.4367902289865902,-3.3615927637678813,0.9203059077262878,0.29103283601208096,0.6047812738446077,-3.3383939634355317,0.9535927772521973,0.4465642125522396,0.5925191578325057,-3.6626796803296866,0.881496787071228,0.29229583895562733,0.768728878039993,-3.624329284052438,0.9158167839050293,0.3932445122751515,0.6190042074757874,-3.6951831387709615,0.8872907757759094,0.3835525184656133,0.6646229748227065,-3.665248415226732,0.9186038970947266,0.3658402339956727,0.5723826957004904,-3.4009375806403996,0.8635451793670654,0.3711919037617365,0.6421841404530928,-3.374557688755379,0.9005861282348633,0.13566710375076613,-0.04322954978389673,0.015844243991208422,0.9997777342796326,-0.13566710375076613,0.04322954978389673,-0.014462432419870865,0.9997718930244446,0.20514613870099577,0.22314226587990993,1.477076809447058,0.8074761629104614,-0.09549600771175329,0.30186755337675886,1.4581950264254813,0.8627080321311951,0.09515112355998964,0.15000546120103975,3.5353844104575725,0.8076197504997253,-0.1628391470865392,0.3179987257478859,3.4152196134866446,0.8479052186012268,0.057966341378927075,0.12435432090460087,3.728338630805675,0.6798723936080933,-0.23393023104863275,0.297446071960484,3.606273225275148,0.7065275311470032,0.1316411431376603,0.2715384188737752,3.447717245244744,0.8119432926177979,-0.044458147550597814,0.48920068922721055,3.3128151017565783,0.8441139459609985,P8,P8/grant_1_frame349.jpg
-0.19246556563844677,-0.41155453822759713,-3.530711025268549,0.9987274408340454,-0.18594881193605228,-0.43710977116238797,-3.492366620194962,0.9952983856201172,-0.16985579272277893,-0.4424317221892396,-3.4923451212714256,0.9965304136276245,-0.1568627032942386,-0.4491974334261872,-3.492508943068774,0.9938849210739136,-0.23915714276432903,-0.43459278468934814,-3.482292439614977,0.9964010715484619,-0.2542977596649339,-0.43389976688914794,-3.482719623225648,0.9975879788398743,-0.2693472211297438,-0.43521259865490647,-3.483678905193848,0.9955489635467529,-0.1345014579346531,-0.47956090060992407,-2.994956130824212,0.9928948879241943,-0.2986420843190972,-0.466627685683433,-2.9402910329370995,0.997677743434906,-0.1490534343088276,-0.4114599429640364,-3.3214430834347413,0.9957840442657471,-0.20359577334254636,-0.4000616436834362,-3.3054474543450882,0.99662184715271,0.0628838138712767,-0.43088787519629707,-2.325104495680797,0.9995549321174622,-0.3327920494107064,-0.3222054419882281,-2.431578559463193,0.9997916221618652,0.22846379318649185,-0.09734400842951806,-2.3782130715038643,0.9267870187759399,-0.07030244741602885,0.16307771960479783,-2.612627444241416,0.9676548838615417,0.31272301927858626,0.30455332084008524,-2.5681364969287337,0.9211866855621338,0.2631275825506242,0.36648462490407574,-2.83473282329736,0.9571734666824341,0.36916973295917127,0.42646597660330254,-2.7572500579039816,0.8748010993003845,0.31468716093288407,0.4905665220521294,-3.0425571124156896,0.9196992516517639,0.3407952386864169,0.44201851287886734,-2.803064908928044,0.8806069493293762,0.3430433811206324,0.41720940008541196,-3.069219217428759,0.9223135113716125,0.3177855857929695,0.4168166147523995,-2.598514045907387,0.8546887636184692,0.30234613385520687,0.43583499249128915,-2.854696508704151,0.9037683606147766,0.1127103640272565,-0.033903802417115825,-0.00027048613983096854,0.9995961785316467,-0.1127103640272565,0.033903802417115825,0.0012166983004078147,0.9995709657669067,0.1648878214719564,0.34304499353989765,0.31093500755536146,0.747057318687439,-0.15457392789453908,0.39099511764960865,0.17316037882275254,0.8331639766693115,0.19723230696496735,0.5930830639899202,1.628990098029004,0.7672272324562073,-0.19250813350704912,0.706339393180387,1.4218322755403068,0.8374621868133545,0.17804838751484636,0.6247140002107535,1.7238779619390905,0.6305710077285767,-0.16596341261648925,0.7600426292284748,1.523740612931249,0.6659174561500549,0.2688290970725133,0.7351868637709451,1.2109996420515097,0.7781045436859131,-0.20451420735602713,0.8949193508734581,0.9643030417921531,0.8319206237792969,P8,P8/grant_1_frame352.jpg
-0.1436603857890259,-0.3898494623009407,-2.6973105311001397,0.9988221526145935,-0.1420500497070675,-0.43057125454855655,-2.6760669678822238,0.9955708980560303,-0.1331850803982065,-0.43822711831960043,-2.675968916040102,0.9966109991073608,-0.12466680154952557,-0.4468831509832864,-2.6761028600698307,0.9940336346626282,-0.18103417883847722,-0.41645960936863047,-2.6938670867550427,0.9966817498207092,-0.19691717365705605,-0.4141295246418969,-2.6942562863983106,0.9977849721908569,-0.2142280358943406,-0.41205088574342574,-2.695010623883098,0.9959434270858765,-0.12123338295515704,-0.4697675285653743,-2.239894276273086,0.9931954145431519,-0.24714558326013567,-0.4222162951792375,-2.302198903143259,0.9978916645050049,-0.11786232453031772,-0.37808073480868026,-2.503421735708034,0.9961812496185303,-0.15972023485044962,-0.36037566005276417,-2.523482661370055,0.9969475269317627,0.019508306281884494,-0.4638402044773739,-1.456152567947578,0.9995830655097961,-0.2844427795740238,-0.29101721574277384,-1.918223678580213,0.9998111128807068,0.17042152066268193,-0.2840361852532429,-0.8330438889475658,0.9114768505096436,0.00018607793351480415,0.09921788705992585,-2.139243559047844,0.970676064491272,0.12971837631142047,-0.22847969068318552,-0.5135434652573121,0.8596262335777283,0.2935918786585211,0.2804719306118718,-2.373797801968473,0.9612383842468262,0.10831520314191215,-0.22469186180057624,-0.4286172357316365,0.8145736455917358,0.358828235556625,0.37114802843765915,-2.5254936264511114,0.9268176555633545,0.11264051252105853,-0.23954972360719987,-0.4999144095886864,0.8189824223518372,0.37482331826834475,0.3379387317256744,-2.5167178863237307,0.9290955066680908,0.10602351704046743,-0.23475871810673007,-0.5183137675825282,0.7927015423774719,0.3468837566540998,0.2981721930074384,-2.3682128572678396,0.9114338755607605,0.08880809995011504,-0.05397538355147161,0.017183649559256064,0.9996239542961121,-0.08880809995011504,0.05397538355147161,-0.01645987181590698,0.999585747718811,0.15821597121119524,0.3407555666502606,-0.5095175749236625,0.7683398723602295,-0.12381862303792253,0.37471418797166867,-0.6603889317951698,0.8456105589866638,0.12499384153827842,0.6734556932342061,0.3177869978264329,0.7728126645088196,-0.20874876260638206,0.7656109903224274,-0.1941217186458977,0.8491420149803162,0.10132484870420407,0.7043163575806102,0.3684186180594226,0.6116185188293457,-0.1996175093581809,0.8181537442235974,-0.1744540906527542,0.6732340455055237,0.1059465192748751,0.828010861824518,-0.18478489991120386,0.7905621528625488,-0.24698878051874712,0.9096543597892693,-0.7335667359738095,0.844964861869812,P8,P8/grant_1_frame355.jpg
-0.13865256023098202,-0.38758534602039946,-2.718798543299105,0.9989369511604309,-0.14359148669718236,-0.42965288049794664,-2.6888546844608254,0.9960036873817444,-0.13345907738528334,-0.43961910520783387,-2.688752329205093,0.9969334602355957,-0.1269178535886385,-0.4485173536573969,-2.688914042899094,0.9946150779724121,-0.17778156663712327,-0.4121066593217129,-2.7344670782365808,0.9970080852508545,-0.1913284179093034,-0.4099975322491283,-2.7348049647313406,0.998001754283905,-0.20788295363850057,-0.4070983862184968,-2.735331770870975,0.9963441491127014,-0.12498718233366925,-0.4753254888432916,-2.199997802271986,0.9938493371009827,-0.24218699416986111,-0.41512185870921586,-2.3930854749206176,0.9980987906455994,-0.11268666801372634,-0.3789774212144197,-2.5003267672288128,0.9965610504150391,-0.14715908103825281,-0.35944040933932925,-2.5568146923032535,0.9972506761550903,0.01892563898606367,-0.4852723079098987,-1.3795819967922194,0.9996240139007568,-0.26090183459950916,-0.2764082277773228,-2.0437673440058868,0.9998297095298767,0.188095475789113,-0.25109822727779546,-0.8415808937506395,0.9134478569030762,0.041884036997707035,0.03318445857750953,-2.241185899631274,0.973465621471405,0.25479381325138273,0.02314270405995352,-0.9543327228704781,0.8402196764945984,0.3169793873939963,0.2011497186116549,-2.4349033044294863,0.9649489521980286,0.27384920369545673,0.07704301977897082,-0.9988486978009052,0.7889801263809204,0.3725942487722354,0.2691396728604821,-2.625440847249422,0.9333485960960388,0.25888269644135103,0.07689528956321565,-1.1142460678289006,0.7944645285606384,0.3921631277576143,0.2380299534141564,-2.635001170587366,0.9353331327438354,0.24048938088565827,0.057499063727608574,-0.9952763471747171,0.7673370242118835,0.3691307219495398,0.2061234610849167,-2.4418855309822427,0.9183142781257629,0.09159387527664233,-0.06082865356139026,0.10152789993628286,0.9996570348739624,-0.09159387527664233,0.06082865356139026,-0.10116549479174113,0.9996176958084106,0.18733542142730752,0.3424404950717124,-0.35477670531146355,0.7836905717849731,-0.13632559530000757,0.4244921208938576,-0.7094633265827982,0.8588148951530457,0.16006288256252243,0.7021288495542264,0.37173495452144945,0.7730328440666199,-0.2950532935042945,0.7534280480680862,-0.33275339295395634,0.8618635535240173,0.13382721385339189,0.7340838559916665,0.4183186530625119,0.5960898995399475,-0.3030196905736014,0.7997521723488511,-0.31858546597110937,0.6846292018890381,0.15972157154247763,0.8468449123046333,-0.09737604947671281,0.8012876510620117,-0.32451467478023655,0.9458806615278047,-0.9072813625952196,0.8577316999435425,P8,P8/grant_1_frame358.jpg
-0.09487087733661971,-0.40672530869757456,-2.492505301370475,0.9990418553352356,-0.10431989528853516,-0.4415965574133796,-2.466493044936515,0.9963995814323425,-0.09939466569075318,-0.44930889441051464,-2.4664178177394844,0.9972333312034607,-0.09390652319986201,-0.45749264943755164,-2.4667259566014614,0.9951490759849548,-0.13241923304239037,-0.42610087376516237,-2.5141860549859603,0.9973041415214539,-0.1492050545124446,-0.42276858436811,-2.514363880373906,0.9981978535652161,-0.160757335378124,-0.4206963935574672,-2.5146592805343264,0.9967061877250671,-0.10629439402980809,-0.47742415554131556,-2.007849178381939,0.9944546222686768,-0.19724855099931254,-0.4207045704267096,-2.2134168761484814,0.9982844591140747,-0.07976398230280217,-0.39671415250332026,-2.283531205949852,0.9969040751457214,-0.10670668038424126,-0.3776851145469951,-2.342729157095679,0.9975237846374512,0.008500415047487874,-0.48891618579152457,-1.2343067611559209,0.9996615052223206,-0.19345723798468353,-0.2826537984286085,-1.8621230804790634,0.9998461008071899,0.1957216282586769,-0.2668001400521892,-0.8285810101690002,0.9173581004142761,0.09045450722263919,-0.03918596743425621,-2.016026391913582,0.9759203791618347,0.31014925287083467,0.01354855590082948,-1.0036408948644118,0.8472687602043152,0.3242986795525197,0.06527482822217189,-2.190386508746459,0.9683364033699036,0.39002056734148194,0.06674115605810586,-0.9627776363677674,0.797486424446106,0.42050703448027454,0.12456048704966229,-2.3720142269619915,0.9395840167999268,0.4073099118122531,0.0823542423341826,-1.2352975394911776,0.8037778735160828,0.4291232167817734,0.11150314580953222,-2.3919709522519454,0.9413362741470337,0.273256423861382,0.053172459237247706,-1.0874274664729415,0.777518093585968,0.38301324861765845,0.08565339389272623,-2.202514957640651,0.9253740906715393,0.0822893438140902,-0.038895903756920126,0.12891804825932832,0.9996899962425232,-0.0822893438140902,0.038895903756920126,-0.12889641183295134,0.9996448755264282,0.11733006890398269,0.3443029167563872,-0.5607280766837734,0.7973276376724243,-0.10160018250620119,0.35734269924572304,-0.7821351878597916,0.8708795309066772,0.06650316612699778,0.6050582847030466,-0.009783657670540971,0.7832682728767395,-0.29722773373243644,0.7720173880761547,-0.4531649338006204,0.873467206954956,0.046944439188379976,0.6981642493679225,0.02390396366970857,0.5934327244758606,-0.3094243518944179,0.7952214493953476,-0.4394933805719235,0.6950815916061401,0.08037320209751575,0.8113269553444331,-0.49773244317253906,0.8164570331573486,-0.3106928855669933,0.95051035284107,-0.954153363269334,0.8701209425926208,P8,P8/grant_1_frame362.jpg
-0.1130513298426466,-0.419545583177274,-2.087698228580563,0.9991374611854553,-0.11918671876054032,-0.46457122257495415,-2.0535579311526253,0.9967589974403381,-0.11528507874667028,-0.47038515879503956,-2.053567562102805,0.9975090026855469,-0.10804528824666985,-0.47668103723519367,-2.0538969090220722,0.9956334829330444,-0.14127980270440818,-0.4528494088994219,-2.099768493191293,0.9975731372833252,-0.1495895759809543,-0.4511815967317901,-2.100085051471797,0.9983773827552795,-0.16267203766715072,-0.4491836482227452,-2.1003687697910314,0.9970349669456482,-0.11722026819511658,-0.4897001083230747,-1.6547860706867852,0.9950079917907715,-0.19977614159963575,-0.4329174470221554,-1.8112364355954957,0.9984554648399353,-0.08516467677005743,-0.42367126119614895,-1.8923279309193803,0.9972135424613953,-0.10894728199056915,-0.40759633698150943,-1.9490837518673392,0.9977712035179138,-0.017169852730995465,-0.472248589770424,-0.9161681342976995,0.999695360660553,-0.1874812074461839,-0.300488408590875,-1.5597372760546238,0.9998612999916077,0.17204674141850881,-0.2937079038953561,-0.6004333000343015,0.9247061610221863,0.0616684739040763,-0.09748187262802349,-1.6515383879785743,0.9781826138496399,0.29114038730804814,-0.06341333367314739,-0.8571988525948664,0.8611949682235718,0.3055639193356905,-0.02328708493953361,-1.8465360783868947,0.9713597297668457,0.4036984072517251,-0.02607950789620699,-0.9162258410565643,0.8154650926589966,0.395364793426373,0.01992201515822821,-2.0298683198608996,0.9451174139976501,0.409721856109331,-0.02232406886375665,-1.1059531913344625,0.8211942315101624,0.4020450415093632,-0.0013081514379621325,-2.0576035617659065,0.94664067029953,0.35286325239797656,-0.03668310510207939,-0.9366940573975371,0.7966112494468689,0.36567904728328976,-0.01745736027653032,-1.8613126399981812,0.9313668608665466,0.07283642900204884,-0.02988531206156541,0.14949467757124094,0.9997204542160034,-0.07283642900204884,0.02988531206156541,-0.14961417634857574,0.9996786713600159,0.07961535485327594,0.3992104634100991,-0.09677202423443496,0.8157456517219543,-0.1328159342249834,0.4320172689491916,-0.5688570852073369,0.8832404613494873,0.03149486487483014,0.6517949205171472,0.7251596308192287,0.8003098368644714,-0.37983599145226343,0.7914736961674663,-0.22532874968456532,0.8857163190841675,0.018056689569693588,0.6815633981011202,0.7864387617209498,0.607001006603241,-0.39968387987099213,0.8118426821447001,-0.20900890724916196,0.7198477983474731,0.01843419123986044,0.8290404014774456,0.344135716921823,0.8311231136322021,-0.39093068817509696,0.9204201198599176,-0.7077315581043112,0.8825929164886475,P8,P8/grant_1_frame364.jpg
-0.11873512541246078,-0.41551010499839797,-1.9365863270907933,0.9992222189903259,-0.1285413678323029,-0.4486768752386637,-1.884607658671677,0.9970799684524536,-0.12287231675160187,-0.4547677320376247,-1.8851800881313239,0.997753381729126,-0.11528618237835976,-0.46128380099147487,-1.8864887522207006,0.9960673451423645,-0.14835868318756074,-0.4383837345397557,-1.911731484384701,0.9978119730949402,-0.15432912985697633,-0.43683121401950986,-1.912297989606732,0.9985350370407104,-0.16396638339882175,-0.43541791308324035,-1.913069769662158,0.9973276257514954,-0.11820890500621864,-0.4810325432963274,-1.426162308027973,0.9955041408538818,-0.1840784295754761,-0.43553817510684534,-1.6263812489353002,0.9986068606376648,-0.09214803562744714,-0.41131293075339476,-1.6812011817150552,0.9974917769432068,-0.1172472531351997,-0.3978247006022318,-1.7775393565553366,0.9979931116104126,-0.01169659259014094,-0.4835722639623112,-0.7831913959747249,0.9997258186340332,-0.1698051638872215,-0.295566435112271,-1.3289547513175421,0.9998745918273926,0.15159376124372378,-0.3363441474707959,-0.5112396755030895,0.93161541223526,0.07602048356538119,-0.1450773960779928,-1.3792457525457975,0.9801703691482544,0.335303332974633,-0.147404140401681,-0.7619450064005449,0.8742431402206421,0.31302894006813475,-0.0970545632739974,-1.5636406104629388,0.9740897417068481,0.40523318189996377,-0.1252221656019925,-0.8375727870649547,0.8323887586593628,0.3920493835092935,-0.06264111128041241,-1.7234731349062784,0.9501597285270691,0.41826843003241254,-0.09171527006959755,-0.993781603464521,0.8376541137695312,0.39994165286134303,-0.0774648126961646,-1.7595986915708905,0.9515106678009033,0.36866182635474687,-0.12210875657586828,-0.8300371568173891,0.8148291110992432,0.36947833440417355,-0.09035276947088529,-1.5811336992954952,0.9371070861816406,0.06566817454328329,-0.02278076711672677,0.12388783290182012,0.9997476935386658,-0.06566817454328329,0.02278076711672677,-0.12382712797949857,0.9997072219848633,0.07930576953533992,0.36746905516373335,-0.11204993798791606,0.829744279384613,-0.1213413456456843,0.39984930880750347,-0.501897671153432,0.8937517404556274,0.02003525324655681,0.6648318672271192,0.5408126921260278,0.813763439655304,-0.352669717175177,0.7331901640188627,-0.16983382238668895,0.8962531089782715,-0.016193681364454666,0.7008192410493378,0.5867905521579465,0.6191679835319519,-0.37321638023393594,0.7494855201114021,-0.15209438709214051,0.7400574088096619,0.005198444455079195,0.8321532204408579,0.16591534649503395,0.8431525826454163,-0.3932959912096426,0.8238307033319457,-0.6144262690274791,0.8934831619262695,P8,P8/grant_1_frame367.jpg
-0.07911145197468225,-0.406032024282169,-1.2386334202711549,0.9992995858192444,-0.08441505917012786,-0.43179741969239915,-1.2035554260335608,0.9973714351654053,-0.07786472501193739,-0.4402413089712074,-1.2036864002498766,0.9979772567749023,-0.07193701645221053,-0.4493942299371023,-1.2039513002141435,0.9964601993560791,-0.10811261151667655,-0.41592592726510247,-1.2609338651181408,0.9980301260948181,-0.11773180069265576,-0.4127733225371625,-1.261318154537055,0.9986807703971863,-0.1277737967753897,-0.41010550688031827,-1.2615700677621267,0.9975942969322205,-0.0790243817914413,-0.4740768559669277,-0.76674246863332,0.9959531426429749,-0.16002533053074283,-0.4125860478549036,-1.0153124938217013,0.9987457990646362,-0.05929162189057246,-0.40747856993662274,-1.039776411357352,0.9977424144744873,-0.08985886411824957,-0.38688809494253973,-1.1136051382229082,0.9981933832168579,-0.012854141636543673,-0.4927901568409687,-0.13676790689223348,0.9997532367706299,-0.16124770735749658,-0.2880353974135372,-0.8808283898734885,0.9998866319656372,0.16652711199353284,-0.36481919775234195,0.2229176918868553,0.9370321035385132,0.06794875933003017,-0.19109366904180064,-0.8996264734937532,0.9818091988563538,0.36947501754213313,-0.21435011498545584,-0.07397132734945422,0.8860289454460144,0.32361751325443805,-0.18873960119778732,-1.1074494976326463,0.9761714339256287,0.4461081421909565,-0.1971731601158721,-0.1299982831570776,0.8475413918495178,0.3969444797419957,-0.16347301463392055,-1.2799510261740346,0.953697919845581,0.4495695509162383,-0.1925578500977752,-0.2993229029522164,0.8524887561798096,0.41052063980482123,-0.1795646175329187,-1.3156869906014248,0.9549257159233093,0.4164843570504986,-0.19717138919689092,-0.14730027228556114,0.831317663192749,0.3809055616826874,-0.18822013162997697,-1.124344064713024,0.940192699432373,0.06288496407995153,-0.013468576734719361,0.1963441486678111,0.999772310256958,-0.06288496407995153,0.013468576734719361,-0.19621601530069427,0.9997330904006958,0.05588821076192404,0.3046954653054914,-0.1393648488956854,0.8434038162231445,-0.13084752182037665,0.3397965552781315,-0.6392893557701042,0.9035723209381104,-0.017593711136486116,0.6421291719329947,0.3828785498984399,0.8288378715515137,-0.41296930423774547,0.647822381304298,-0.3478570037033707,0.9059782028198242,-0.043273216976129424,0.6610406681563452,0.4117896508314125,0.6412275433540344,-0.4580915082067999,0.6671835433722844,-0.3347231306560928,0.7608804106712341,-0.027654597021685892,0.7976552614271982,-0.04121043763390976,0.8552314043045044,-0.4218136425711712,0.7503954844595787,-0.9249939286512558,0.9035618901252747,P8,P8/grant_1_frame370.jpg
-0.13393691625160203,-0.3856890745837857,-0.44926736546062657,0.9993259906768799,-0.1354387538260913,-0.43330390085460313,-0.46089286441280575,0.997596025466919,-0.13595681859171116,-0.4331488871617254,-0.46089361474799895,0.9981533288955688,-0.13482742517497523,-0.44257131861607624,-0.4608466493229427,0.9967811107635498,-0.13956081747563875,-0.41771149089671605,-0.4502291006469696,0.9981669187545776,-0.14112629459058876,-0.41595998623423575,-0.450261003787777,0.9987581968307495,-0.1429163164596536,-0.41502501300311706,-0.4503468199017258,0.9977601766586304,-0.11127245814679165,-0.6619734420578223,-0.45568570491311383,0.9963247776031494,-0.14616765780277463,-0.41641958043517024,-0.41031635397363697,0.9988035559654236,-0.12714966199578875,-0.37921790597565835,-0.441851080201176,0.9979093670845032,-0.13131085423615227,-0.3645493531719535,-0.4285029505963588,0.9982853531837463,-0.020787703045449468,-0.4955142473036534,-0.3873232212640102,0.9997650980949402,-0.12744090321152185,-0.29063349980697456,-0.34201828799037964,0.9998708963394165,-0.05853011906753145,-0.4807155808194083,-0.4240294799646601,0.9155532121658325,-0.07606078378043002,-0.05892454526742646,-0.3455018997610863,0.9556878805160522,-0.058390723462749275,-0.12335010352835797,-0.46750001043205736,0.877240002155304,-0.0730917352111083,0.11061608159389091,-0.38874532877667334,0.9604798555374146,-0.0541245398757217,0.04227255085596384,-0.49749352038256006,0.8410035371780396,-0.06649489935321518,0.15945212007693874,-0.40774098126901703,0.9354389309883118,-0.05957402985262664,0.10362473616552574,-0.515262958428052,0.8463212251663208,-0.07999298483590414,0.15468487932200395,-0.4290754007683899,0.9380748867988586,-0.06156886543924424,0.032439713841121896,-0.47627782058486773,0.8257420659065247,-0.07814104641830368,0.13032766502132204,-0.39960334598697267,0.9248890280723572,0.049557444086026387,-0.01739999522851145,0.04255374939093972,0.9997770190238953,-0.049557444086026387,0.01739999522851145,-0.04274903802006761,0.9997413754463196,0.06338128620333588,0.1667871746041767,0.059488581958726326,0.7943109273910522,-0.3644296608135411,0.041966636418674735,-0.07315560402065588,0.8798992037773132,0.026102077107192746,0.383984646507131,0.15719762682818356,0.7867209911346436,0.014899072449172934,0.37199951467586767,0.008641877032305173,0.8676417469978333,-0.16055480711883505,0.4201086728880458,0.16306123235625705,0.6077765226364136,0.004472636925928445,0.41774506144906387,0.008159742380051616,0.7290741801261902,0.039368670287681644,0.430011874669895,0.05719852768509685,0.819245457649231,0.08271848015954981,0.46816091678630967,0.012032706903663993,0.8678489923477173,P8,P8/rob_1_frame687.jpg
-0.017869255254428208,-0.4932273620634585,-0.35613522774333417,0.998265266418457,-0.016543293481277845,-0.5222451355149866,-0.3449261583464021,0.9948557615280151,-0.013789653652874564,-0.5245273438987487,-0.3449351213840196,0.9953517913818359,-0.010608626990022806,-0.5283979161071777,-0.34502110165437744,0.9938676953315735,-0.02511958210908319,-0.5154819761167175,-0.35207931127286024,0.9961288571357727,-0.027781482611283922,-0.5142043579672778,-0.3520860031335249,0.9965537786483765,-0.030699377201455692,-0.5133563167157769,-0.3522034148706409,0.9953649044036865,0.0008574909698941113,-0.5639507579001387,-0.20636082104013964,0.9902868270874023,-0.03343719990465164,-0.5034019103583682,-0.23663613705911352,0.9927880764007568,-0.009165780717263362,-0.4744839875793029,-0.2953765802305443,0.9946967363357544,-0.018874981077226967,-0.4674932238049734,-0.30461100321553436,0.994625985622406,0.03656087934944398,-0.45175932101026683,-0.08150494152019566,0.9996379613876343,-0.046856367817092834,-0.34817442806975074,-0.15438452076771195,0.9995455741882324,0.07512165167606473,-0.23201159493743587,-0.05001109343969598,0.911919891834259,0.005094047121582087,-0.15191432179518755,-0.1406422475161796,0.9302878975868225,0.12022438698843962,-0.0014709115308196392,-0.18657724751157947,0.8769166469573975,0.09834581494780216,-0.00020732601041000318,-0.21010676241328108,0.9249588847160339,0.1432150246013467,0.05472465758657904,-0.22375379832053618,0.8365102410316467,0.1290668900005038,0.05102426142268845,-0.2549844078669362,0.8965491652488708,0.14202184556647535,0.06427771453103433,-0.2685998095237766,0.8426648378372192,0.13545133064188541,0.051910993795850485,-0.2818842276964707,0.8990515470504761,0.12997860532014718,0.043597999467650334,-0.20878749250079537,0.8215836882591248,0.12373708659986983,0.0320557159663504,-0.22233392743605868,0.8800585269927979,0.027281985908582513,-0.0049179092375424465,0.04255004901797596,0.9997208118438721,-0.027281985908582513,0.0049179092375424465,-0.04279625879452067,0.9996825456619263,0.05214050433828206,0.2928640501697246,-0.021011650363318042,0.8077787160873413,-0.05257397468242567,0.3020496631285941,-0.0991215232690281,0.885554850101471,0.04722811081619653,0.6321144561974964,0.10375864811659184,0.8007940649986267,-0.09110797956638785,0.6377683889946869,0.060226538128531175,0.8756946921348572,0.02202883473010715,0.68072267202313,0.10994742280781243,0.6252750754356384,-0.08889885441242994,0.6915524548689364,0.07601919241811844,0.7275354862213135,0.06907699532952176,0.7328409918293904,-0.08229841368973137,0.8285547494888306,-0.10604332032178045,0.7487111652412679,-0.052686813648087485,0.8738217949867249,P8,P8/rob_1_frame688.jpg
-0.02252112673001398,-0.4699464080745046,-1.0917381523994358,0.9982619285583496,-0.024021406420672804,-0.5089927524242455,-1.080220713099414,0.9948144555091858,-0.021578179654990218,-0.5181040336387547,-1.0801900562990572,0.9952309131622314,-0.019822426628025552,-0.5231309474122771,-1.0802815257720169,0.993732750415802,-0.03091197313614075,-0.5052160550286685,-1.1059935645653018,0.9961376786231995,-0.03306095472977225,-0.5065352993002274,-1.1061406370585163,0.9965684413909912,-0.03517947989429122,-0.5081362655410774,-1.106298028670805,0.9954227805137634,-0.01855778352050059,-0.5354234226847155,-0.8388064752329698,0.9902614951133728,-0.046678585225472406,-0.5141896811984388,-0.9515897880837998,0.9931109547615051,-0.014248499357942463,-0.44822336000998564,-0.979290311104143,0.9946607947349548,-0.0233946451689358,-0.4398218939279183,-1.01245405628217,0.99457848072052,-0.011938519469627241,-0.4425279075803187,-0.4534554038447183,0.9995595812797546,-0.08616043647439818,-0.3210376125928861,-0.7072326476615456,0.9995152354240417,0.029830068603291026,-0.18373031214821528,-0.2682387127609079,0.8793324828147888,0.015945543610367825,-0.09103376568927077,-0.6678344514070572,0.9357419013977051,0.08507212006173528,0.059335034862930104,-0.5035856342149267,0.8635350465774536,0.11949028941383509,0.05629179640660607,-0.8453074701569768,0.9311114549636841,0.11067555764068478,0.10272101961871956,-0.5512645227840641,0.8240763545036316,0.15049192868173808,0.10827310642318905,-0.9162831726350882,0.904800295829773,0.12512553028463158,0.10889145208267127,-0.6422103755899591,0.8315045833587646,0.16031212335809053,0.11097150596831123,-0.9475309679764435,0.9072359204292297,0.10958754178488812,0.0849446839504486,-0.5477967477541731,0.8126925230026245,0.14722908334181312,0.09219251259425641,-0.8578099344932965,0.889584481716156,0.03888835162371957,-0.006754214083816083,0.05206926360036778,0.9997335076332092,-0.03888835162371957,0.006754214083816083,-0.05223822039040554,0.9997044205665588,0.012602950515266593,0.40229506490827577,-0.10876698397043873,0.814621090888977,-0.0804190990298182,0.42508869653034936,-0.15125933802367367,0.8921686410903931,0.012678089731827135,0.8355523961349769,0.11902864659048988,0.8067306876182556,-0.1754855363790822,0.8528674771991882,-0.012881972951662614,0.8862515091896057,-0.012992472213916443,0.9204082154386398,0.12992974394347123,0.6453181505203247,-0.16912364919133424,0.9101261650444953,-0.005586131913872969,0.7521597743034363,0.023533802998005924,0.969895103836657,-0.14572897897599293,0.8324300050735474,-0.22926207255772965,0.9733647323005565,-0.27355481233256623,0.8847337961196899,P8,P8/rob_1_frame689.jpg
-0.04543941201899087,-0.5023216045483655,-0.8422687019839654,0.9981327652931213,-0.04475942714725774,-0.5252628506182737,-0.8267175285690836,0.9944506287574768,-0.041687038605041096,-0.5275685159167837,-0.826652497688301,0.9946179389953613,-0.03825166783670937,-0.5299219010587977,-0.8267736749492524,0.9931188821792603,-0.05350058504513649,-0.52347468458233,-0.8441248298699665,0.9960108995437622,-0.05702745701051312,-0.5233764055188374,-0.8442506783631994,0.9964655637741089,-0.061196486025421146,-0.5238396818498214,-0.8443953033783484,0.995448648929596,-0.035090892252302205,-0.5297584995217324,-0.607234092659247,0.9890228509902954,-0.07116572004940414,-0.5094027347232793,-0.680912844083347,0.9932153224945068,-0.03808405303131179,-0.4835186123159808,-0.7443604976973265,0.9939894080162048,-0.04941289042760172,-0.4785054641499558,-0.7658668511216836,0.9941444993019104,-0.01300750425198619,-0.4399459071502169,-0.28970975740849825,0.9992815852165222,-0.08199830771036942,-0.35439274587717634,-0.5638157213443546,0.9995304942131042,0.04029372908607498,-0.2467328404424119,-0.11519721349945025,0.8398388624191284,0.0024106764320555333,-0.14522274969552162,-0.5913409575635172,0.9407048225402832,0.09322199658392907,-0.054533247954128304,-0.23632489985331795,0.821982204914093,0.12309223720483564,-0.013266666050823597,-0.7381954328099448,0.9360954165458679,0.12571032550947195,0.00836168896959341,-0.2629684409793338,0.7832898497581482,0.16055845107231717,0.030539051172279872,-0.805778958848912,0.9106139540672302,0.13164535510518366,0.006203762841086852,-0.33905667812922147,0.7916112542152405,0.1670798577085509,0.03119961837256804,-0.8224125758540609,0.9128182530403137,0.11398516611156709,-0.020923640095428492,-0.27277457114281856,0.7761773467063904,0.1517715883723109,0.017407392893672685,-0.7451396317640557,0.8955511450767517,0.03527197119780549,-0.011079430229569922,0.038538902825631126,0.9997220635414124,-0.03527197119780549,0.011079430229569922,-0.03854264095636626,0.9997047781944275,0.030225666441860297,0.33586856209704863,-0.22053579126864298,0.8264036774635315,-0.08050140674610022,0.37719467931374595,-0.1312141019033455,0.8995991349220276,0.007849547885232441,0.7403137450568478,-0.039023792192741574,0.817699670791626,-0.16188856156629733,0.7406583171322061,-0.025201398338694402,0.8959373831748962,-0.020693696396548368,0.8010591823887278,-0.030311222694389992,0.666741669178009,-0.14888192744581455,0.7988043510885761,-0.023068965059646066,0.7719427943229675,0.03078630590843876,0.8516682288551763,-0.24473472083396952,0.8410173058509827,-0.1928496723141357,0.8664289564937843,-0.247528690193286,0.894324779510498,P8,P8/rob_1_frame690.jpg
-0.030604492184241803,-0.4707100933909847,-0.8576979628435718,0.9977408051490784,-0.028199210328790185,-0.4984716227636421,-0.8364969085636127,0.9935246706008911,-0.024310498308931124,-0.5026944292908019,-0.8363965267500169,0.993478000164032,-0.019955263615813516,-0.5061898287550519,-0.8365107200901236,0.9919139742851257,-0.041053227939723644,-0.4956799792515445,-0.8460135016867285,0.9953507781028748,-0.047244041587570215,-0.49616464647923897,-0.8461073839584369,0.9959012269973755,-0.05345706200353242,-0.49693484219290807,-0.8461997316160885,0.9949760437011719,-0.016803888514525623,-0.507510950915102,-0.594678744496612,0.9870548844337463,-0.06662793228148164,-0.490519252721452,-0.6324331841141826,0.9929355382919312,-0.022725783616776754,-0.4547345805171628,-0.7527329792314371,0.993135929107666,-0.03737223044601937,-0.44763599751902833,-0.7634171428375107,0.9936053156852722,0.009881244504429239,-0.44222576079758785,-0.31185248819743966,0.999201238155365,-0.09455817892896884,-0.3532802522384307,-0.505431097511101,0.9995332956314087,0.06513737067528097,-0.2450565608124491,-0.2814725235904158,0.8362067341804504,-0.02402451846588099,-0.14581523627499662,-0.5810799425753612,0.9455575346946716,0.12518356894580726,-0.06078227138928601,-0.5089789446675266,0.8224979043006897,0.11643879642183246,-0.048171896327718816,-0.7223822399950532,0.9408265948295593,0.15760960287972933,-0.014226775020423146,-0.5736031674836477,0.7816141843795776,0.15337677622549303,-0.007410922094395042,-0.7991038705564119,0.9158889055252075,0.16170088395508223,-0.011929728591681475,-0.6366996368705452,0.7906588912010193,0.16687650526866687,-0.013725588123764584,-0.8124613318493814,0.9178949594497681,0.14657789432550453,-0.02661237425838087,-0.5439031497430424,0.7776966691017151,0.15205718867949972,-0.027034302852577935,-0.7284349383777903,0.901236355304718,0.04383629566738637,-0.00743042072005755,0.025324697657626898,0.9997228980064392,-0.04383629566738637,0.00743042072005755,-0.024927974535115957,0.9997132420539856,0.030346496479873974,0.327756912331867,-0.2108595822570127,0.8388339877128601,-0.09030188170680545,0.36361578763937186,-0.09443469327506973,0.906964123249054,0.007557477736816723,0.7143994936216805,0.05457360092713914,0.8294645547866821,-0.16439395108188606,0.7095255593773742,-0.010625013261326583,0.904246985912323,-0.013193754081678144,0.7739047855729024,0.07147394444870361,0.6891962289810181,-0.15501601485237032,0.7654884204570768,0.01636232588754339,0.7871789932250977,0.025724961112198956,0.8281349771110948,-0.14684667746397728,0.8500117659568787,-0.188570441475095,0.8334263263788431,-0.20649164186221916,0.9018926620483398,P8,P8/rob_1_frame691.jpg
-0.04123269653702189,-0.45257377721303227,-0.7585363775930863,0.9962555170059204,-0.03594084290434742,-0.47855889998349,-0.7410591651114806,0.9903245568275452,-0.030449732669814513,-0.4819539054210421,-0.7410093065237721,0.9898554086685181,-0.024645606488918826,-0.4852356847610172,-0.7411231991800082,0.9882415533065796,-0.05246820929658569,-0.47496890391949836,-0.7466847868834411,0.9928444623947144,-0.05886201770465829,-0.474958327855439,-0.7467931248841839,0.9936680793762207,-0.06632640819390244,-0.4754457155470499,-0.7469769173251488,0.9930132627487183,-0.01915023027896701,-0.4895917789106554,-0.5165682521563271,0.9804339408874512,-0.075248962406024,-0.4696050619516297,-0.53476574792507,0.9911048412322998,-0.029668525921225954,-0.4394119099283653,-0.6598171738005422,0.9906781315803528,-0.04814251022180726,-0.43267122439404226,-0.6649207912678571,0.9915802478790283,0.00757539472462379,-0.43721804319470103,-0.2593136037086841,0.9990656971931458,-0.08932721453536638,-0.35859389436192535,-0.44262494485195436,0.9995400309562683,0.06522356467362536,-0.2474505704087225,-0.3475339753718182,0.8171311616897583,-0.024195723831199223,-0.15703064404469896,-0.5369273532196288,0.9495736360549927,0.12386206304123017,-0.06798765012161773,-0.5697910058551331,0.8083241581916809,0.12099461656381705,-0.05081958754615136,-0.6362266852319013,0.9443641304969788,0.1666197569160258,-0.022825901349288476,-0.6622064310958414,0.7693032026290894,0.16126346927962815,-0.0008753248312683425,-0.7065016091739599,0.9193921685218811,0.16937611028357136,-0.017438507642127912,-0.6515031432070311,0.7792949676513672,0.17384223104922236,-0.008719742630747374,-0.7154970404661546,0.9211814999580383,0.151424707971807,-0.02891433701695718,-0.5784636450072966,0.7686417102813721,0.15905102777799404,-0.025094333778295803,-0.6395844522590258,0.9043150544166565,0.04119332513888484,-0.00446798712989678,0.02449686670144492,0.9997233152389526,-0.04119332513888484,0.00446798712989678,-0.024088996680549476,0.9997197389602661,0.02446110305205081,0.3368073801485576,-0.24080340305428596,0.8481943011283875,-0.0824070914099853,0.3643474509592093,-0.12122483481539556,0.9142661690711975,0.005489599368238702,0.7070281016402441,0.02323821926057024,0.8396105170249939,-0.16155773270904528,0.7140408319820108,0.016783733184551855,0.9119816422462463,-0.01593972827828292,0.7637129610149623,0.04068735156999311,0.7084428071975708,-0.1546975998629927,0.7678822409910472,0.027905333846585223,0.7994545102119446,0.025348159315721167,0.8233608958160675,-0.1707266470016091,0.8576287627220154,-0.18386407380210523,0.8304045544796214,-0.19970348500217777,0.9089864492416382,P8,P8/rob_1_frame692.jpg
-0.03607790595185907,-0.4606789281997787,-0.7260390847886983,0.9958579540252686,-0.03379258721855564,-0.4849284080917223,-0.7107409718716203,0.9893130660057068,-0.029900699557686934,-0.48812658657496694,-0.7107251673374809,0.9886397123336792,-0.025742754819435124,-0.49173069648853907,-0.7108716339560022,0.9870495200157166,-0.04529930226669897,-0.48013574650113655,-0.7242326349881942,0.9920805096626282,-0.050411773253986616,-0.4798628436095006,-0.7243147002430034,0.9929403066635132,-0.0555998862629572,-0.4801131806689697,-0.7244223739140917,0.9922587275505066,-0.023133485394387903,-0.4915955550442139,-0.50426850948588,0.978596031665802,-0.06558252021947106,-0.47218150195288017,-0.5624968080989248,0.990140438079834,-0.02805579487465141,-0.44461323892412596,-0.6346355477251234,0.9899131059646606,-0.04146691402847249,-0.44013590737029895,-0.6515564566850327,0.990278959274292,-0.0005956280981122759,-0.423850306876301,-0.23230850198889896,0.9990048408508301,-0.08162437591957675,-0.3719133960778681,-0.4559616128240872,0.9995046257972717,0.06219570152125847,-0.23663444385407845,-0.14176858340947432,0.8086912631988525,0.013362649098586258,-0.19464306438923337,-0.49119494813608305,0.9517654776573181,0.12657390778768932,-0.10937954658067933,-0.31770086478299003,0.805212140083313,0.13047754320388086,-0.08604782837974694,-0.6100592435897744,0.9445878267288208,0.16611093606854282,-0.07519188826675288,-0.3583248773670499,0.763508141040802,0.16615082772690523,-0.05255404827589522,-0.6781938157497348,0.917578399181366,0.16816721583116387,-0.0730024109329896,-0.4297746829823564,0.7746288180351257,0.173911107537997,-0.05133076043026527,-0.6936640459597259,0.9191998839378357,0.1527169737084666,-0.08207793224288566,-0.35310912755239177,0.7644897699356079,0.16147640433557586,-0.06262466362299225,-0.6182246519270529,0.9008627533912659,0.03675099317049918,-0.002518583515253043,0.02461595280956359,0.9997106194496155,-0.03675099317049918,0.002518583515253043,-0.024285557755637316,0.9997040629386902,0.019202382204959557,0.309825495002036,-0.1907675517470251,0.8585326075553894,-0.0770714023440668,0.32765841854963307,-0.11646921127272229,0.9204038977622986,0.004796084497712149,0.6681829111158433,-0.0016074063314933389,0.8506526350975037,-0.15273877889460535,0.661455926675808,-0.0019480517839453747,0.9194280505180359,-0.017477406045687253,0.7227842804344731,0.006756983078051327,0.7289027571678162,-0.14363122593530392,0.7153872513599101,-0.0008832944226507845,0.8140195608139038,0.02628137672355283,0.7709600501726446,-0.1985438262537632,0.8663816452026367,-0.17859313738960733,0.7762681762216037,-0.21870874262010995,0.9160801768302917,P8,P8/rob_1_frame693.jpg
-0.03753272725829979,-0.4810539986718294,-0.47875610737828433,0.9959516525268555,-0.03612927117357526,-0.5028354936057543,-0.45291308571012223,0.9897687435150146,-0.03176480241396223,-0.5050636727658863,-0.45287700662353125,0.9890641570091248,-0.027304122756773234,-0.507307506580539,-0.45293033029049284,0.9875935912132263,-0.04976031699361425,-0.4965477853105296,-0.46690728690118094,0.9923264384269714,-0.055582788524797845,-0.4949219842108139,-0.4669200470753086,0.9931336045265198,-0.06163787843800195,-0.4938301535926447,-0.46696933477665153,0.9924895763397217,-0.021529919743695548,-0.4963579726244645,-0.23996288141421668,0.9794790148735046,-0.07040277274183056,-0.4783437050732511,-0.30266309530750807,0.990537166595459,-0.027190055768884454,-0.4605884731335621,-0.390299318938996,0.9904249906539917,-0.043663318265703334,-0.4542639111724863,-0.4080214885744757,0.9906384944915771,0.009124829055819341,-0.40922147491775884,-0.016513983963054552,0.9990429282188416,-0.08232542285262462,-0.38742253156681594,-0.27410996349375033,0.9995173215866089,0.06650720980591186,-0.24327080367932663,0.024108662265953738,0.8000303506851196,0.006157538212190706,-0.2132887158162538,-0.35084738811070326,0.9546995759010315,0.13473818460428313,-0.12798470956973423,-0.17311310373867314,0.8066702485084534,0.12323136125419872,-0.12135186506312061,-0.45045848480205086,0.9450722336769104,0.1677721147523289,-0.10101728418714737,-0.2191096789562466,0.7622997760772705,0.1638561681516695,-0.09119447768327804,-0.5184468124553492,0.9155892133712769,0.16807330378253701,-0.09893064919497459,-0.28550019228151813,0.7743080258369446,0.1704219911686158,-0.09615586168115682,-0.5229449980556611,0.9169824719429016,0.15252366590244731,-0.10848276063108783,-0.20820209458220837,0.7638781070709229,0.1576826899136516,-0.10619669186309234,-0.454139040842285,0.8976011276245117,0.0380602565017883,-0.0015202137163590774,0.04023549164071449,0.999715268611908,-0.0380602565017883,0.0015202137163590774,-0.0398005450024781,0.9997077584266663,0.02135600631612816,0.3070053051052243,-0.08980369004618985,0.8684512376785278,-0.07535706322437959,0.32040748313755507,-0.11308676802690083,0.9268149733543396,0.009648444635677642,0.6412685435829195,0.06889074816278104,0.8621217608451843,-0.1497913579459491,0.6404970626398147,0.014765744559136844,0.9263876676559448,-0.006785436620862267,0.69090260415713,0.08503874852133307,0.7486909031867981,-0.1459834447684153,0.6831074015523445,0.020909549277208523,0.8254565000534058,0.02898063841436376,0.7402775475851572,-0.14101294927239744,0.8755000233650208,-0.16719183258449152,0.7433212364042339,-0.19993706888881518,0.9226134419441223,P8,P8/rob_1_frame694.jpg
-0.03296702085482754,-0.4657494350415876,-0.5741684437054443,0.9956446886062622,-0.031047727434255944,-0.48905453420770967,-0.557970781580105,0.9893328547477722,-0.02722416697339464,-0.49172457498660455,-0.5579731907008568,0.9886040687561035,-0.023229191446165375,-0.4942944943403603,-0.5580893184876006,0.9873397350311279,-0.04473969981503352,-0.4850198694369097,-0.5802506977849836,0.9919264912605286,-0.05040962675303308,-0.4847002321954785,-0.5803036576089662,0.9927156567573547,-0.056741776069869125,-0.4848457594219042,-0.58040006327159,0.9920873045921326,-0.020364297714267142,-0.4885809582334992,-0.36779458527675835,0.9788439869880676,-0.06351001707532114,-0.4749819207481607,-0.4650016276272325,0.9901776313781738,-0.021948600852684682,-0.4487351626465264,-0.4904739554885775,0.9905266761779785,-0.0371706507386886,-0.44450515493206183,-0.5187247345626446,0.9904720783233643,0.005318889461685756,-0.4044097907682332,-0.14280846220049168,0.999057412147522,-0.08171317014507731,-0.39193430186940753,-0.4092849120209416,0.9995169639587402,0.07351538138508927,-0.24657448891959813,-0.17757694392997103,0.795089602470398,0.012839674457886098,-0.23155235522343165,-0.4696797726340716,0.9576192498207092,0.143358813586455,-0.15864386810499959,-0.2615149370892594,0.8049142956733704,0.12404011511098831,-0.15673176121412802,-0.5603303316099143,0.945544958114624,0.17774684819179976,-0.14680618371705234,-0.3175879167389187,0.7581168413162231,0.17198259805148722,-0.13593590422486254,-0.6277891017600757,0.9149424433708191,0.1810325622367014,-0.146772701021859,-0.3583832121462314,0.771426260471344,0.17480135099610677,-0.14317306629324206,-0.6357740712428104,0.916336715221405,0.16947988908344885,-0.14603787836003007,-0.21974982766543744,0.760235607624054,0.15874893026930753,-0.14664693675210833,-0.5644839007812057,0.8949053883552551,0.03717138572468065,-0.0023600400204705427,0.05363749637954653,0.9997033476829529,-0.03717138572468065,0.0023600400204705427,-0.05339580848582763,0.9996950626373291,0.021919201413002708,0.30897675960723553,-0.03837214356884437,0.876076877117157,-0.07341460663906828,0.32643610685303776,-0.11051997633026861,0.9327720403671265,0.005253394043283134,0.6362701051223335,0.10678446106637156,0.87186199426651,-0.1537146028842102,0.648082799986551,0.020470082104393664,0.9325976371765137,-0.012115386595276553,0.6868454712165737,0.1078225369068923,0.7648695707321167,-0.14793981794467828,0.6917468478022203,0.029153752749889628,0.8349729776382446,0.02507686456506728,0.7363712773141674,-0.07165120680985199,0.883308470249176,-0.17794072116348034,0.7496372844799972,-0.1862814034500893,0.9284458160400391,P8,P8/rob_1_frame695.jpg
-0.03255441930891731,-0.4725650555513341,-0.5795371512734944,0.9954540133476257,-0.03260953786903128,-0.4903787740353881,-0.5579707906494173,0.9890373349189758,-0.02933914364679631,-0.4911286391454773,-0.5579660131810981,0.9881578683853149,-0.025778310937313236,-0.49185307706880904,-0.5580887269954492,0.9870836138725281,-0.04318669479519964,-0.4884228548155273,-0.5762005042261367,0.9915662407875061,-0.047514528327586694,-0.48806434727553094,-0.5762505294522573,0.9923375844955444,-0.05239125743497689,-0.48785871872175335,-0.5763471843485031,0.9917110800743103,-0.02165389489898576,-0.4809580013417541,-0.35532586454525117,0.9777585864067078,-0.06066172631030122,-0.4720698571409119,-0.4376200068887058,0.989574670791626,-0.022924148706999083,-0.45179815094816517,-0.4937347678552786,0.990220308303833,-0.03511569509300982,-0.44892851129982475,-0.5171939535308339,0.9896459579467773,0.00136805371732729,-0.38845484351518456,-0.11328144346480494,0.9990155696868896,-0.07491650727891622,-0.4081571228641178,-0.39732616786888597,0.9994588494300842,0.06667059695974581,-0.23858100331898693,-0.08390989397401612,0.7787635922431946,0.02069390014926439,-0.2638384122766558,-0.4683991821432934,0.959163248538971,0.13883753302965296,-0.16860791228788535,-0.28976263341375497,0.8045457005500793,0.1252515186593262,-0.16244000327157895,-0.5641302897421534,0.9436706900596619,0.17250218069949053,-0.15925907800150607,-0.33209350990684117,0.7566720843315125,0.16823483544367554,-0.14723880977722484,-0.6304336533726584,0.9107601046562195,0.17579855487341245,-0.16077712843077674,-0.4002353302096863,0.7710984349250793,0.1698089520300822,-0.15096018121552124,-0.6360611162207414,0.9120711088180542,0.16477057866401967,-0.15959926533241003,-0.32197597701956016,0.7588561177253723,0.15539600132520892,-0.15038625328585314,-0.568010620580893,0.8883630633354187,0.035162364246344134,-0.0007791616513531918,0.059772273249307374,0.999688446521759,-0.035162364246344134,0.0007791616513531918,-0.05957424521331052,0.9996688365936279,0.017050231666773365,0.2993815131098043,-0.04992595052636935,0.8843058347702026,-0.06894143425659022,0.31815767430255326,-0.11063398570572047,0.9385241270065308,0.005310452161009067,0.6153258376681823,0.10752903600104823,0.8816724419593811,-0.14780717057438858,0.6257983640898362,0.017113793464415536,0.9386603832244873,-0.012137335939709532,0.6626808933136054,0.11481707379299448,0.7811640501022339,-0.1422783367830139,0.6655694849023861,0.022822074740283724,0.8461818695068359,0.021024058745018694,0.7147706174795347,-0.0653600801490991,0.8911930918693542,-0.17694735832977063,0.7263330384093449,-0.17801370110360876,0.9343971610069275,P8,P8/rob_1_frame696.jpg
-0.023894341173411913,-0.4336356510621984,-0.7149920762001608,0.9959062337875366,-0.02466542859603542,-0.46206171801387774,-0.6899383918347325,0.9901279211044312,-0.020909844530451867,-0.4669150075878148,-0.689942521559538,0.989332377910614,-0.017006330024077237,-0.4720174366791175,-0.6899836338945411,0.9883668422698975,-0.03673470343407768,-0.4533328358042654,-0.720053269681093,0.9924067258834839,-0.04196490744361365,-0.45164285379359465,-0.7203254616921486,0.9931013584136963,-0.047610919267139874,-0.44945804445847776,-0.720561287469843,0.9925381541252136,-0.01694950007974,-0.48704414921699174,-0.43969081382987935,0.9799619913101196,-0.06469269381602057,-0.44962797955233647,-0.5858692034628402,0.9906162023544312,-0.016560812846561433,-0.42145635295881784,-0.611939046681136,0.9911951422691345,-0.03125338750129885,-0.41160332267456057,-0.6512381859440107,0.9906793832778931,0.020984179576949386,-0.4563270712012442,-0.14276598878059174,0.9991132616996765,-0.088152612594976,-0.3408481928441869,-0.5470619329155959,0.999512791633606,0.05611149549646465,-0.2546580008216719,0.05482259759809916,0.7688330411911011,-0.00044674993118906236,-0.14992244745169947,-0.5758705233320874,0.9631450176239014,0.10047497176213833,-0.056019100608653886,-0.022109429425189744,0.7973310947418213,0.09682577433855703,-0.028784736632914035,-0.6652061479896064,0.9485554099082947,0.12391911129407605,-0.017880290740734207,-0.036041845789088145,0.7512081265449524,0.12373296548941395,0.01272010713983935,-0.7462246301643817,0.9175870418548584,0.12665200291232395,-0.010909808370658506,-0.11027513232323366,0.7655154466629028,0.13386681706043957,0.007351218342061744,-0.7656798869980715,0.9188179969787598,0.11166603288335088,-0.029588492027878905,-0.05363951619316203,0.7513800859451294,0.12337891863445397,-0.005318654085592301,-0.6731607376170449,0.8958833813667297,0.03819292775417575,-0.006880799540346109,0.10827544406628795,0.9997180104255676,-0.03819292775417575,0.006880799540346109,-0.10822493968923662,0.9997000694274902,0.029545530562365828,0.3168249056365521,0.07731451196454889,0.890521764755249,-0.0703192281315093,0.325240421862422,-0.2277764663566397,0.9441699981689453,0.00851635547634249,0.6053150297309297,0.35730169448349114,0.8889713287353516,-0.18209540755556589,0.5704114586031109,-0.05680246933974724,0.944397509098053,-0.011015147172038487,0.6643516031433033,0.3763064106684467,0.7960307598114014,-0.2012979498862377,0.6142897230229899,-0.045610221693124176,0.8594049215316772,0.05146228829313565,0.7117369284882368,0.19952222985759177,0.8980436325073242,-0.19470123842989412,0.6990742060318876,-0.24453156118210675,0.9404805898666382,P8,P8/rob_2_frame67.jpg
-0.08575252067074289,-0.4840677809712428,-0.3282725794819723,0.9956492781639099,-0.09349019906190108,-0.5043161809255511,-0.2934691021268408,0.9895724058151245,-0.08975544677318388,-0.5076071318441057,-0.29355616471790685,0.9887436032295227,-0.08719044311956674,-0.511075963880559,-0.29362730214132327,0.9882078766822815,-0.10054760236704166,-0.49726546318607473,-0.3323515632836837,0.9922475814819336,-0.10286291141090588,-0.49562997851593615,-0.3324498936820491,0.9929560422897339,-0.10563869817973563,-0.493098552928071,-0.33280539300234263,0.9924843907356262,-0.07471818233866506,-0.5042119161486747,-0.03463033106375846,0.9790326356887817,-0.10973094043470258,-0.479813357409881,-0.2109652780972801,0.9903905987739563,-0.06951290607867132,-0.476423400024523,-0.22083170820278344,0.9906274080276489,-0.07844181705751359,-0.46360454149109426,-0.2716211618076788,0.9897437691688538,0.030855913745887812,-0.4496280284357334,0.2645865945919982,0.9991751909255981,-0.10908762375662674,-0.3465376575548119,-0.3268695872357763,0.9995273351669312,0.14552508340759027,-0.33940198054829873,0.3963280698051919,0.7753052115440369,0.03959116867661244,-0.2760418982047786,-0.6290629394015461,0.9624968767166138,0.3103356950764042,-0.3330754823433073,0.16740132470275235,0.8126304745674133,0.20396008229929305,-0.3230636599642851,-0.9692866060174689,0.94960618019104,0.3587955295221652,-0.33509903029683447,0.13245372270242314,0.7686346769332886,0.23981544702517368,-0.32717242833662435,-1.0909064352898297,0.9195348620414734,0.3630452957231766,-0.34128257758655517,0.04118730052975816,0.7827200293540955,0.23052611645018384,-0.35662099295082716,-1.0854070692593236,0.9205974340438843,0.34839594433461574,-0.33908024709054546,0.12129433987884113,0.7687405347824097,0.23330130226929097,-0.35136501155798644,-0.9744818914883239,0.8959717750549316,0.0480471322237446,-0.009970056373299414,0.22618357863574134,0.9996923208236694,-0.0480471322237446,0.009970056373299414,-0.2263769529886765,0.9996490478515625,0.007793116003070841,0.2976562568786257,0.09715420830045737,0.8912795782089233,-0.07917437476940002,0.3307268205898371,-0.5218723261224751,0.948072612285614,-0.01277679205284463,0.6366223986405867,0.23001957217304292,0.8959928750991821,-0.29693399043073926,0.6258568350719553,-0.28152182726769326,0.9487888216972351,-0.05309661226814641,0.6987539895136197,0.2332473670316849,0.8083941340446472,-0.32329697869409635,0.6415219417291922,-0.26968706146442945,0.8660528659820557,0.04174301939592119,0.7335623495852475,-0.028071288790707655,0.9040318727493286,-0.33811294339325654,0.7940311125757622,-0.6120651891750186,0.9449352025985718,P9,P9/eric_1_frame102.jpg
-0.08574891790230472,-0.5096293689658826,-0.0812174810916213,0.9958579540252686,-0.10564637313235155,-0.5230221096047938,-0.04499356723331844,0.9902845025062561,-0.10626307556715245,-0.526381058883894,-0.045137134161193165,0.9894568920135498,-0.10716866054135535,-0.5297575727187932,-0.045353562907924326,0.9891191720962524,-0.10968062517843158,-0.5099818258709642,-0.10061264151483562,0.992813766002655,-0.113260841229035,-0.5046686254610425,-0.10054852311424195,0.9934369325637817,-0.11748503917941917,-0.4990464909391695,-0.10075915206019215,0.9930404424667358,-0.11081214008054453,-0.5190785559508263,0.18050219652797997,0.9803265929222107,-0.12680435725843314,-0.4795443936531469,-0.071085884883632,0.9911167025566101,-0.07240280882746164,-0.5009639031343772,0.01356186749284077,0.9909971356391907,-0.08320501064384184,-0.48714712613953987,-0.05971274756960193,0.9900988936424255,-0.01654208103752519,-0.410361494324589,0.468080917398644,0.9992097020149231,-0.09463191998018795,-0.38187605937866326,-0.2767146350828018,0.9995100498199463,0.1302604556293419,-0.3445209900698871,0.5880392558765996,0.7543579936027527,0.09603366479607567,-0.3257125372993778,-0.4844797229555699,0.9651774764060974,0.284215963347165,-0.3937724708459019,0.4727183098663085,0.8201121091842651,0.248195411682745,-0.3877079582195693,-0.5037466417201423,0.9520936012268066,0.3179113097886015,-0.41222116109962564,0.4614092618081445,0.77621990442276,0.3288524736659047,-0.4128426044101068,-0.5849983727240807,0.9222738146781921,0.3215892966852011,-0.41978099254707596,0.39812315691382083,0.7901750802993774,0.3332007115767101,-0.42638130184455125,-0.5513693596825311,0.9228116273880005,0.3175786712982489,-0.41296951998364556,0.43902288570559844,0.7751578688621521,0.3026127371262262,-0.41392422353866687,-0.4919946715226046,0.8966898918151855,0.04466713171247782,-0.0036160446356624317,0.24384286035226332,0.9996898770332336,-0.04466713171247782,0.0036160446356624317,-0.24427577613518076,0.9996291995048523,0.051069800897577705,0.31320641813194844,0.20159862698949163,0.889378011226654,-0.05008680752702172,0.3503270083927354,-0.5657336689588015,0.9528228640556335,0.040635677560241876,0.647515251109464,0.4228130934216954,0.9037525057792664,-0.28059548871291606,0.5895332534700687,-0.39593022989424403,0.9536237716674805,0.011696439776659861,0.699155045158501,0.43427948414895245,0.8223563432693481,-0.315077898236549,0.5835519781855978,-0.37959764115829486,0.8766927719116211,0.12886244133857966,0.7585642795354746,0.2165169775363465,0.9105970859527588,-0.30907338488931746,0.7646344656687688,-0.6143922293976902,0.9498918056488037,P9,P9/eric_1_frame105.jpg
-0.0485103596188982,-0.5216231912514012,-0.2205900562391262,0.9959903359413147,-0.07217691275873614,-0.5360138092217547,-0.18680311903105157,0.9907436370849609,-0.0750351358766841,-0.5380580890784249,-0.18692247975821946,0.9897292852401733,-0.08050370705202155,-0.5406279927501608,-0.18706924385464407,0.9897367358207703,-0.07215148181927215,-0.529117275475672,-0.27021635152543677,0.9932829141616821,-0.07662993153825018,-0.5260156966508654,-0.27024532517860617,0.9938116073608398,-0.079993249881576,-0.5232519969645396,-0.270419550093699,0.99351567029953,-0.10130223237435913,-0.5270163121997146,0.01739898512509904,0.9801640510559082,-0.10297201866765784,-0.5047273193469853,-0.3621023764173794,0.991696298122406,-0.04191455439189858,-0.5032780621943999,-0.13483995403560833,0.9907196760177612,-0.04475378090446382,-0.49518366992019186,-0.2449528004965942,0.9901878237724304,-0.04660349875439167,-0.404763581659956,0.29917119958751437,0.9989342093467712,-0.08528181290106905,-0.3842904498040129,-0.5291687118487144,0.9994181990623474,0.08519311100980616,-0.38784710456663707,0.4551671674830457,0.6943703293800354,0.11143784053662734,-0.36550196448912753,-0.6576546652300728,0.9676055312156677,0.21540442341512928,-0.4443081563319288,0.29885250855245454,0.7866602540016174,0.25532854719868037,-0.47245721894915316,-0.6148339804213396,0.9553318023681641,0.24327566067863124,-0.4756438995021057,0.2820239482084422,0.7480431199073792,0.2852218505464293,-0.5048666533195304,-0.7096731157091248,0.9274198412895203,0.22065652520816192,-0.46523667052255063,0.19870577534018588,0.763533890247345,0.27637448798628494,-0.5279285322541617,-0.6824077016390583,0.9277145862579346,0.22372171940572333,-0.46428270389579057,0.2539357628175401,0.7493687868118286,0.2726972660588526,-0.4986899989983949,-0.605152222609445,0.9015838503837585,0.03559312755393497,-0.00467676508726787,0.25508095938517905,0.9995815753936768,-0.03559312755393497,0.00467676508726787,-0.25544695043565757,0.9994127750396729,0.0479174816928405,0.2892502032765811,0.21208294739313535,0.8767160177230835,-0.033204764022348496,0.32001474609861685,-0.4533274458307084,0.9564515352249146,0.037291638552953525,0.6041151075345279,0.37226923705947085,0.9092651605606079,-0.27900383264905715,0.5498160686197503,-0.32016666149226725,0.9578779339790344,0.0014804330331934508,0.6580283928012918,0.3751681343607181,0.8336219191551208,-0.3211013059669797,0.5450448567000755,-0.3121242417856083,0.8860445618629456,0.13357041779181,0.7087847180106213,0.21151940696651952,0.915903627872467,-0.31490772321927324,0.7238409065623075,-0.5108235444921053,0.9542378187179565,P9,P9/eric_1_frame106.jpg
-0.05327001322503185,-0.45257700637425585,-1.1362093812955931,0.9963792562484741,-0.06694386654876244,-0.4757020479305901,-1.082201626231194,0.9916443228721619,-0.06370781917731501,-0.4809396771827658,-1.082074434426915,0.9907166957855225,-0.06096658611142771,-0.4865947922359372,-1.0821709298257733,0.9907395243644714,-0.08323631418945106,-0.4654037710938552,-1.1534902825653763,0.9939404726028442,-0.0905176778025259,-0.4632895378114159,-1.1538392522270002,0.9944141507148743,-0.0981643139528308,-0.4612961073684907,-1.1544370243325597,0.9941495060920715,-0.07279571765485694,-0.4931531747213422,-0.5605320049287322,0.9820593595504761,-0.12873161822338003,-0.4544715180178949,-0.8334549939418642,0.992512047290802,-0.036937909940976885,-0.4471579158354908,-0.9222756305174401,0.9916249513626099,-0.0580093032255704,-0.4341703254511279,-1.0127872865370844,0.9911445379257202,-0.007305597617354277,-0.46311835761755116,0.15481096849231912,0.9990391135215759,-0.12750581822510015,-0.3254410137417352,-0.9692104344055675,0.9994673728942871,0.16511478977548763,-0.4011283621617652,0.0645996213552512,0.7185717821121216,0.12714054568787012,-0.26166783618924233,-1.1365142156948778,0.9704926013946533,0.38704069485586906,-0.31684374369628693,-0.3778817834021507,0.8060018420219421,0.3737597261469717,-0.29423642859501337,-1.2863669436298124,0.9590639472007751,0.4481142043316327,-0.3227623484687148,-0.46174421613853045,0.7699228525161743,0.4462992977202327,-0.2905526396354092,-1.4544758813522127,0.9329962134361267,0.4633974892850243,-0.32134759667343193,-0.5971894613474571,0.7842108607292175,0.4496242031073714,-0.3050638145251826,-1.4562047205302324,0.9331888556480408,0.43443491671603335,-0.31702432374635703,-0.4458377500932743,0.7707216739654541,0.418328409980907,-0.3013944190953929,-1.2897122643296473,0.9074413180351257,0.04806689906986021,-0.006776341651166703,0.2996031957154478,0.9996055364608765,-0.04806689906986021,0.006776341651166703,-0.299744046685775,0.9994271993637085,0.04214763337004292,0.2935158708677715,0.19392533068581339,0.8751922845840454,-0.11154589049767606,0.30742574870590844,-0.5643753344165093,0.9599247574806213,-0.016574590199602543,0.6155536226085311,0.6768159370085446,0.9120625257492065,-0.38695330556770985,0.5973842880545884,-0.3096651910104582,0.9617175459861755,-0.05776285074568619,0.65974484346672,0.7122572870307013,0.8414663672447205,-0.42842906952819954,0.6088949994690612,-0.29129598099849263,0.894094705581665,0.05990263988718384,0.69387425262084,0.45966049567057027,0.9199809432029724,-0.4232191992263803,0.7387427037440742,-0.6287975793836198,0.9583396911621094,P9,P9/grant_1_frame376.jpg
-0.08064781338563273,-0.47473298018236754,-1.092697535064145,0.9967392086982727,-0.10268723883591072,-0.5058294964979003,-1.0261056456696074,0.9924768209457397,-0.10012040079178235,-0.5132192566268864,-1.0264448314197059,0.9916398525238037,-0.09797904134299823,-0.5210161227897528,-1.0267377116642151,0.991662323474884,-0.12142159843302225,-0.4881068747877251,-1.1083631780942496,0.994544267654419,-0.13119796260951555,-0.4827436663818158,-1.108473247195507,0.9949702024459839,-0.13966380615744173,-0.4778788448807696,-1.1085505615944264,0.9947320818901062,-0.10938981528589793,-0.5253897900232544,-0.41940725355124503,0.9838460683822632,-0.16066555598695242,-0.4679191707584509,-0.8621271261220719,0.9932591915130615,-0.06803775178809525,-0.46695581672116115,-0.8735348241157673,0.9924582839012146,-0.09177576626925905,-0.4487769569235983,-0.9796116758410822,0.9920251369476318,-0.0021512523664953278,-0.4471406350806595,0.0363268795672502,0.9991340041160583,-0.1458256806175659,-0.33905452345482184,-0.9396782899965718,0.999515950679779,0.1697598907777083,-0.42432623669841607,0.057354471007179345,0.7401073575019836,0.13564794663678928,-0.2737833801416116,-1.239628479051211,0.9733346700668335,0.3831689140387521,-0.40242473015975905,-0.4571551359192012,0.8240596055984497,0.3251476998663744,-0.3563700391311166,-1.3643631241785785,0.9630149006843567,0.4547006947216741,-0.41052154293692844,-0.5575728646117746,0.7908388376235962,0.39991005855146083,-0.3770507263707056,-1.5306949111349475,0.9392608404159546,0.45224193056850853,-0.4139840641358515,-0.6813855563154673,0.8038445115089417,0.37924084377106637,-0.3991444381677518,-1.5241127123727403,0.939403772354126,0.4221054429397743,-0.40636493795673756,-0.5274525464998037,0.7914458513259888,0.36290106906264097,-0.38382097370318796,-1.3630460359827914,0.9156315326690674,0.06092083666690917,-0.001831561483651189,0.2869512900674821,0.9996411204338074,-0.06092083666690917,0.001831561483651189,-0.2870306828104586,0.9994732141494751,0.09880572347510123,0.21140038686373822,0.048310213916476316,0.8830868005752563,-0.0893697089213784,0.14616548987088157,-0.7934549805940251,0.9636967778205872,0.016845643651893488,0.664637677968014,0.5183515194411843,0.9183249473571777,-0.4060927164521548,0.5406596332111483,-0.6307847786303565,0.9653728604316711,-0.01906032707900774,0.6556770222670029,0.5524528224605316,0.8530765771865845,-0.44347796934904965,0.4094878577367506,-0.6247716304709495,0.9025524258613586,0.1430676349201957,0.7360203166814073,0.26328828302333457,0.9257729649543762,-0.4278150697331004,0.8749389949275418,-1.0157964772106676,0.962267279624939,P9,P9/grant_1_frame387.jpg
-0.00661484964019008,-0.5234209443237486,-2.039634077451387,0.9969990849494934,-0.02986395023028628,-0.560139549828724,-2.009617578849978,0.9931210279464722,-0.031588445286987864,-0.5681353317043875,-2.010022687397578,0.9922751784324646,-0.034343426354327036,-0.5764583789309733,-2.010608991422491,0.9924268126487732,-0.04186556932588694,-0.536767863918502,-2.124905681339888,0.9950267672538757,-0.05141649428420506,-0.5282761733035347,-2.1251929622139736,0.9953673481941223,-0.062329725797647034,-0.5196393238536702,-2.1253646423980643,0.9951798915863037,-0.07465020844270824,-0.5616779905349785,-1.6212901618853237,0.9852253794670105,-0.11883295412119885,-0.48827114748211914,-2.132825847002394,0.9936188459396362,0.0015016954781737468,-0.5026907645478672,-1.862480980133853,0.9931237697601318,-0.017684779812224095,-0.47733109093991305,-2.010801119364357,0.9926424622535706,-0.06374952901819742,-0.5058017592988422,-1.0610233197031245,0.9991876482963562,-0.1115622578343564,-0.27475302890667824,-1.9582554432089667,0.9992021918296814,0.2367470750873331,-0.523817651069887,-1.060464852972212,0.7543139457702637,0.21933489830326686,-0.24455391765662562,-2.1829558533976803,0.9742368459701538,0.5083566661422103,-0.5087733651267672,-1.5937756792686817,0.8330304622650146,0.45093571815535394,-0.46099049813508153,-2.4001318936313134,0.9647578597068787,0.5847934215006104,-0.5463828652662831,-1.7388269103713345,0.8009222745895386,0.5173662316521109,-0.47192761910810216,-2.6562216365350184,0.9405579566955566,0.5846861213855538,-0.5468523538829174,-1.8881528363407079,0.8135162591934204,0.48986966613015287,-0.5175373550903214,-2.6339378320743365,0.939560055732727,0.5611448810482376,-0.528623380279614,-1.673841607952561,0.8008356690406799,0.4687149423141325,-0.4989852664235646,-2.4068209423133307,0.9103380441665649,0.0429731899475369,-0.05009108479694736,0.3322087482044043,0.9983556866645813,-0.0429731899475369,0.05009108479694736,-0.3319806089267546,0.9984423518180847,0.12823750552633603,0.14875475530974439,0.796785651458728,0.8247612118721008,0.08853200898836615,0.28715307559931913,-0.08152431186325139,0.9554059505462646,0.10376275418802765,0.5156784312102283,1.823380615754193,0.8617627024650574,-0.14758229909970413,0.6640206378228849,0.6358012136956259,0.956253170967102,0.07868226333226784,0.5761873955271937,1.9182816963833553,0.7908785939216614,-0.1791348089708004,0.7542800774371381,0.6925520927092588,0.8789747953414917,0.19296660361378098,0.5623361653916745,1.682680404317084,0.8802443742752075,-0.4333928579292707,0.7762721470566942,0.3347375132980429,0.9475563168525696,P9,P9/grant_1_frame393.jpg
0.0001428438856029481,-0.5007127626023399,-1.317637679876122,0.9972892999649048,-0.02063137983283903,-0.5298855874169535,-1.290104578992774,0.9937871694564819,-0.02392755088197719,-0.5359952797684283,-1.2903294903682085,0.9930006861686707,-0.024476164309284773,-0.5327917056229113,-1.2906148684507734,0.9931678771972656,-0.026251609287413123,-0.5133795699691917,-1.394247991322472,0.995511531829834,-0.03331390389821514,-0.506945943299363,-1.394412435990776,0.995809018611908,-0.041773823345279716,-0.4995234033770648,-1.3944664766586083,0.9956479072570801,-0.060893225811213605,-0.5265722286482468,-1.008410629921744,0.9866268634796143,-0.08795319987346704,-0.4752793507041148,-1.4866095315766146,0.9942156672477722,-0.0018753969869703044,-0.4806564745756031,-1.1901128525826274,0.993775486946106,-0.013803519523178327,-0.465277646358461,-1.3276060926928819,0.9933273792266846,-0.0938859051666826,-0.4446111168648828,-0.618796847812043,0.9992388486862183,-0.08915711446486317,-0.334166934292291,-1.495657859441339,0.9992093443870544,0.12560979016049245,-0.49275004826819785,-0.5635588849829024,0.7524306178092957,0.18677143860118325,-0.36585659869128434,-1.7019934908189107,0.9761047959327698,0.34181442430110376,-0.5490664630781007,-0.9058521266338768,0.837105929851532,0.357037324287566,-0.5298362695008944,-1.7543742275362715,0.9672678112983704,0.4114375406320635,-0.5861100247005169,-1.0032799407862307,0.8064643740653992,0.42318480500200134,-0.5584021820015559,-1.9559451443296827,0.9439744353294373,0.41334708079169014,-0.5944343779450391,-1.1136558370135101,0.8180341124534607,0.42029990046794335,-0.5857519472095067,-1.9153147688686685,0.9424707889556885,0.3892969706300872,-0.5762882494552106,-0.9694399533093316,0.8061074614524841,0.40074801781502944,-0.5745052945275411,-1.7486316710685523,0.9121133089065552,0.023752112266922296,-0.02505795313224594,0.25261788260114937,0.9981845021247864,-0.023752112266922296,0.02505795313224594,-0.25291040287799454,0.9982548356056213,0.026768789317672036,0.23941033951179225,0.8360949151214189,0.7701470255851746,-0.007547034755929419,0.3124971684466028,0.04736312264684656,0.9541186690330505,0.0011338475363984687,0.5222404587840273,1.6287398945509899,0.8005238175392151,-0.1887988152886623,0.6178315870295201,0.6059219296785242,0.9534357786178589,-0.023109663181430012,0.5703332465798522,1.7021217019162325,0.7276004552841187,-0.23706146730400632,0.6594608632016721,0.6539074877824467,0.8711935877799988,0.07756128784031252,0.5744621703842995,1.5075463418315151,0.8311091065406799,-0.15832715631422484,0.7031878153827814,0.34087637740789767,0.9429676532745361,P9,P9/grant_1_frame399.jpg
-0.022974870406222873,-0.5120615096348194,-0.6227487483881742,0.9975451231002808,-0.04600960111457397,-0.5359607014783068,-0.5928652829547253,0.9943841099739075,-0.04905085578726042,-0.5398715520298786,-0.5930706051422735,0.9936546087265015,-0.05198347009220172,-0.5428367989825941,-0.5932383626255516,0.9938316345214844,-0.04852603092616324,-0.5225690870932743,-0.7065611437329923,0.9959468245506287,-0.05311041122030431,-0.517243344389141,-0.7066242470311727,0.9962082505226135,-0.058389738543441976,-0.5116725527958215,-0.7067623446130576,0.9960696697235107,-0.08052210560029797,-0.5278172005794105,-0.3834269902298357,0.9879142642021179,-0.08776655340616897,-0.48650575487047193,-0.9273290458531248,0.9947772026062012,-0.023699139524523814,-0.49622298716606444,-0.526570133472545,0.9943684339523315,-0.02871564904260638,-0.48249585781447574,-0.6779653504194779,0.9939655065536499,-0.07227935550972413,-0.4211686404720143,-0.10170370053333962,0.9992944002151489,-0.08980680329744246,-0.36223934846040523,-0.9896284863870369,0.9992613196372986,0.06229592728818893,-0.4871069252636288,-0.04569128922863786,0.7151238322257996,0.13941464365665,-0.3864858111311376,-1.2197817542067644,0.9774973392486572,0.2444800136288647,-0.5597086210684475,-0.4176544826562731,0.8151128888130188,0.2591594352586672,-0.5411963834795767,-1.2608501103366314,0.9694651365280151,0.3053290241784778,-0.6045667221160661,-0.4959600342361738,0.7903470993041992,0.3163117005585644,-0.5651745220082072,-1.4131414751926261,0.947454571723938,0.31182190764927603,-0.6085145968725659,-0.6326050241395003,0.8019306063652039,0.3164670941193939,-0.5944321567660198,-1.3772683987382133,0.9457638263702393,0.2893036240622209,-0.5891700578594088,-0.5286892962677527,0.790020227432251,0.29821308009117103,-0.5823661507984894,-1.2533305483656745,0.9150400161743164,0.01886626465789106,-0.015257147863999445,0.2718589064550398,0.9983205795288086,-0.01886626465789106,0.015257147863999445,-0.27249647610076055,0.9983727931976318,0.026682695892450092,0.2309751646316799,0.38376733590926115,0.7438482046127319,-0.07832038153059731,0.26996273341962235,-0.3939819965055524,0.9557850360870361,-0.06969563353005391,0.5327132463066414,0.803523550256962,0.7735960483551025,-0.34725744988632723,0.5799049194822036,-0.33246665161086064,0.9559885263442993,-0.10807865380395185,0.5725777752770042,0.83773209142522,0.706539511680603,-0.37919913681417167,0.5690603406840019,-0.33254819944908726,0.8787212371826172,-0.028644168004624812,0.6088420381302008,0.6261283556489624,0.8172893524169922,-0.30085625699846297,0.6528058492352456,-0.6295039091646856,0.9460062384605408,P9,P9/grant_1_frame405.jpg
-0.007647153320038042,-0.5065279291062342,-0.13979465207228234,0.9976913928985596,-0.029425697346388353,-0.5303463066728394,-0.1295849038933696,0.9948137402534485,-0.03578954112064902,-0.5332151162704978,-0.12971118701356577,0.994106113910675,-0.04185176587747068,-0.5360329998782644,-0.12977434444834898,0.9943315982818604,-0.019390864385562544,-0.5218218547538672,-0.2252138880465276,0.9962632656097412,-0.018691743252509163,-0.5187043205896176,-0.22531042200679322,0.9964897632598877,-0.017977890411656653,-0.515516683815841,-0.22547356614585745,0.9963774681091309,-0.07374591326257994,-0.5214078429657193,-0.019444256904656173,0.9888509511947632,-0.04001817624640351,-0.49497179332018654,-0.4581079805075305,0.9952296018600464,-0.01768274826575001,-0.48867881414033887,-0.08237983701019741,0.9947336316108704,-0.007834982594476908,-0.48002349131716837,-0.20789894036051676,0.9943674802780151,-0.13634271766580358,-0.4300006440116829,0.22996783237786494,0.9993178844451904,-0.027178476919616397,-0.3531090666428059,-0.6490323105565036,0.9992868900299072,0.014700466418794049,-0.49829893682687115,0.3573862465556829,0.6647172570228577,0.14181605510310324,-0.4256483768381487,-0.7375047882202286,0.9772400259971619,0.1892308186394786,-0.5619347711211168,0.16996696760962815,0.7814852595329285,0.23224245251116846,-0.5688128594454259,-0.5582717192771158,0.9703633785247803,0.21274465624658123,-0.6397926088243875,0.1368034327775991,0.763960063457489,0.2849410732431513,-0.6040686301533187,-0.653611903221076,0.9494391679763794,0.2326379226670864,-0.6080263479026724,0.05066459732648487,0.7762694358825684,0.2774822571874762,-0.6286855043818809,-0.620295765040908,0.947610080242157,0.2174274343644881,-0.5880417067945684,0.11916096652536233,0.7655981779098511,0.259416992508873,-0.6145021717058285,-0.5441252793693019,0.9167032837867737,0.0026776148899723008,-0.010714205985579497,0.2699772775474479,0.9984434247016907,-0.0026776148899723008,0.010714205985579497,-0.2706285206301541,0.9984771609306335,0.036079984359757664,0.23768092913992625,0.3527613792891243,0.7215424180030823,-0.07317455159543967,0.283938491629184,-0.39973489007767155,0.9546464681625366,-0.014378781799352773,0.5501920125367,0.6346226048705207,0.773399293422699,-0.3273659787524966,0.576247196736633,-0.36081863922476864,0.9584658145904541,-0.05027754075368498,0.5541284264586115,0.6550765016710194,0.7107229232788086,-0.3634813319107203,0.5785113078283816,-0.36371443578714524,0.8866144418716431,0.04367532270753671,0.5960306103360499,0.4702380814090795,0.8167712688446045,-0.3201542997949,0.6199698895045928,-0.5849837979476608,0.9486817121505737,P9,P9/grant_1_frame411.jpg
-0.12294153535894366,-0.456938693612183,-1.0201072676860634,0.9979216456413269,-0.12609545691423,-0.49152274003767865,-0.9749264481413746,0.9953316450119019,-0.11888985552090979,-0.4991703204997753,-0.9750819939639574,0.994694173336029,-0.11262234306722414,-0.506908297261791,-0.9752876054295724,0.994897723197937,-0.14872609036559173,-0.47827791696466987,-0.998686233007703,0.9966363310813904,-0.1564923627741502,-0.476506390186461,-0.9988492672811667,0.9968399405479431,-0.1642785330664779,-0.4751164534695678,-0.9990421483802842,0.9967390894889832,-0.10689763632453242,-0.5233489504705516,-0.6160160696304122,0.9899647831916809,-0.18030253421711995,-0.47784283796849086,-0.6811798738396587,0.9957062602043152,-0.10126899570885539,-0.44907440273048727,-0.8716001075308677,0.9952600002288818,-0.12897038018526874,-0.43489314887482466,-0.89806637901235,0.9949303269386292,-0.010589632346388931,-0.4662111341930929,-0.18903600691811243,0.9993860125541687,-0.1646649371319312,-0.31435650277180754,-0.6666186880796614,0.9993571043014526,0.11933274390157886,-0.32049376966910076,-0.06610798420133862,0.6960312724113464,0.012710896525202195,-0.17916979904351743,-0.7161505650308146,0.9792219996452332,0.22122616943602974,-0.18244685212685935,-0.3409882690177572,0.8012102246284485,0.20342676355940126,-0.18624798979399299,-0.7929333426489616,0.9729599952697754,0.2818221790747453,-0.16170373620895775,-0.41295040987027387,0.7842365503311157,0.2606355329089563,-0.16954296752466996,-0.8976599700852578,0.9535332918167114,0.27888103650234564,-0.16006820504763916,-0.4995681444528219,0.7953729629516602,0.26217890263550525,-0.18619920788539754,-0.9166629839741828,0.9518309831619263,0.25348983912268314,-0.16365421021875215,-0.38214771020601235,0.7852563261985779,0.2374871265681167,-0.19365112582376376,-0.7992707116515789,0.9228196740150452,0.059656102075295654,-0.012575248586388577,0.15188010552651407,0.9985970854759216,-0.059656102075295654,0.012575248586388577,-0.15211838535909686,0.998624861240387,0.10067216617364942,0.3040047892076911,-0.10379052427336843,0.7427378296852112,-0.08917964060676606,0.324180708460301,-0.48962053979159853,0.9587221741676331,0.005085941882552835,0.6203880946993431,0.33646626097546933,0.7914341688156128,-0.270004975673241,0.5636515256667624,-0.33918178722061515,0.9621902108192444,-0.03728542484737011,0.6643783575318422,0.3700453305482838,0.7324579358100891,-0.29430157548985864,0.5722557557288911,-0.3361887871258654,0.893788754940033,0.08749527404791717,0.715841452476239,0.11548509760558148,0.8317903280258179,-0.32245638566710916,0.694193089824709,-0.6080234855384467,0.953406810760498,P9,P9/jess_1_frame402.jpg
-0.1097144333083973,-0.48115826509695336,-0.6395329512490643,0.9981115460395813,-0.11606288885884768,-0.5128068185876716,-0.5804596088749453,0.9957817792892456,-0.11034519450209997,-0.5186841836951331,-0.5805956170788394,0.9951985478401184,-0.10458943430916405,-0.5241190334569066,-0.5807356376276291,0.995391309261322,-0.134941177353524,-0.49715244921654184,-0.5881332184876185,0.9969543814659119,-0.14236741047129284,-0.4926971517326254,-0.588229874847345,0.9971335530281067,-0.1496755366162398,-0.48907482733708185,-0.588307652609935,0.9970471858978271,-0.09858161655227908,-0.5236929532931943,-0.22447889135083277,0.9909434914588928,-0.15791617286715987,-0.48510785280307733,-0.294053183320505,0.9961240887641907,-0.08936803810451571,-0.46991809239472054,-0.492427012896487,0.9957258701324463,-0.11386494690121204,-0.4500374378406338,-0.49907515974644084,0.9954231977462769,-0.004340379810883302,-0.4610746013232493,0.08197736310737544,0.9994460940361023,-0.14694662768409764,-0.3244903172946926,-0.3132104583862176,0.9994142055511475,0.10966103825709543,-0.354995969774019,-0.11489422910762986,0.7095175981521606,0.0068562229410097635,-0.21814090390533417,-0.4848742365935519,0.9805328845977783,0.190560713817711,-0.2692044227406635,-0.73923663548347,0.8103101253509521,0.14794477563733582,-0.23632865755542848,-0.6369797110068988,0.9747142791748047,0.21896667534902273,-0.24942145335268676,-0.8657706128325908,0.7955449223518372,0.19965309887350213,-0.22528905065765226,-0.7443524781058903,0.9563083648681641,0.2045730567605107,-0.25532582462771425,-0.9239604162845896,0.8062469363212585,0.1900855081491883,-0.24341523024569617,-0.7589045843177752,0.9547297358512878,0.18938982927268894,-0.2598186735446272,-0.7809968125140785,0.7967761158943176,0.17472244530553677,-0.24708379948817652,-0.6421619630813719,0.9268140196800232,0.052796851830191935,-0.006279679843715713,0.12067740699068515,0.9987343549728394,-0.052796851830191935,0.006279679843715713,-0.12070225266484583,0.9987465143203735,0.08170456223471977,0.2879658902704973,-0.35376582598130935,0.7644491195678711,-0.09312935424246548,0.3115204124199393,-0.4384441016271169,0.9622063636779785,-0.016803340340184013,0.6024789975792992,0.04362572450582631,0.8090929985046387,-0.28362653926599746,0.553786928898177,-0.19031695100522864,0.9653527140617371,-0.05705333248050363,0.642564277817626,0.073194674493167,0.7525473237037659,-0.3041526155047513,0.5678125434433234,-0.17601125678226354,0.8985438942909241,0.04998265484886048,0.6997936905106598,-0.17828782526775552,0.844814658164978,-0.327423855816506,0.6741365967553294,-0.4310044683062034,0.9571442008018494,P9,P9/jess_1_frame403.jpg
-0.10620056755297284,-0.5391324939010032,-0.6097440871202865,0.9982966780662537,-0.11671681770482303,-0.5542232622460666,-0.5507900161649051,0.9961994290351868,-0.11264942127199531,-0.5557694922758972,-0.5508281321868248,0.9956719279289246,-0.10852713379718419,-0.5570702263390274,-0.5509186577388843,0.9958476424217224,-0.12792531040060132,-0.5416671100981931,-0.5905578316283243,0.9972562193870544,-0.13200114397369772,-0.5346516527798908,-0.5906641395957098,0.9974172711372375,-0.136409301612907,-0.527491473690862,-0.5908165044229151,0.9973399639129639,-0.10184898838380069,-0.5356030147905416,-0.23464739248265332,0.9918389916419983,-0.14296287513173506,-0.49921161878706233,-0.4376821603948983,0.996509850025177,-0.08706314821409532,-0.5198551421092574,-0.4807774847198175,0.9961477518081665,-0.1017456582306276,-0.5048297119710395,-0.5294652930264865,0.9958750605583191,0.0012304328325971254,-0.4321891602229638,0.09211309305766995,0.9994767308235168,-0.12564698474663213,-0.3580769478759615,-0.5414589856998592,0.9994634985923767,0.13795389384492088,-0.34477386066312415,0.06522133384145908,0.6945172548294067,0.04233568391931531,-0.2860031238027578,-0.4900134732812484,0.9821816682815552,0.2740399040948262,-0.3649073092258397,-0.6746064392546514,0.8144691586494446,0.18921289583335657,-0.3139613251413726,-0.8348636652486858,0.976830005645752,0.3158388866325787,-0.3744440322076127,-0.7431547298212252,0.8013389706611633,0.2645263832487921,-0.3063634321782275,-0.9318380710271289,0.9597741365432739,0.3157768488364853,-0.3858644211997274,-0.803693990542384,0.8123791813850403,0.25316125752543733,-0.33973053525239266,-0.9187750949002913,0.9583010673522949,0.3024663170881168,-0.38078029973428495,-0.6749692859164422,0.8037135601043701,0.2228293412175802,-0.33591660043928395,-0.8302697416328546,0.9320797920227051,0.04815572253713556,-0.006194250603855358,0.15252509564770247,0.9988418221473694,-0.04815572253713556,0.006194250603855358,-0.1528671720553612,0.9988494515419006,0.06839403979036729,0.29315255794550327,-0.025992522912782617,0.7814190983772278,-0.07490880246395935,0.3057345178165515,-0.40206100085259566,0.9657148718833923,-0.01943986600239184,0.5738457923352757,0.3195947292534256,0.8252981901168823,-0.2659438724441699,0.5204806816148259,-0.10024276780514768,0.9682986736297607,-0.0676665597782582,0.6215720148024977,0.3409113378481151,0.7722195982933044,-0.28838676481937503,0.5221279091766966,-0.07647419596900332,0.9029439091682434,0.04699844467369172,0.6685120943176248,-0.007863092909357442,0.8567014932632446,-0.31281853930709613,0.6648091823444048,-0.2899583807153671,0.960452139377594,P9,P9/jess_1_frame411.jpg
-0.08097735167749605,-0.508657582825645,-0.7168839084407027,0.998464047908783,-0.09688119421537492,-0.5365080926758237,-0.6509901616343808,0.9965755939483643,-0.09493022040123518,-0.540479538792803,-0.6510055611551537,0.9960971474647522,-0.09323547053532977,-0.544822379215328,-0.6511086927991572,0.9962576627731323,-0.10764049326638765,-0.5257787900854696,-0.6985438817810744,0.9975283741950989,-0.1134374346919256,-0.5211547203039439,-0.6986369310026825,0.9976729154586792,-0.11977411176409654,-0.5163049497285498,-0.6987760784639986,0.9976036548614502,-0.09492731104551913,-0.5314636460739813,-0.27133371222628955,0.9926375150680542,-0.135846094997841,-0.49108600228484506,-0.5129286925813775,0.9968569874763489,-0.06713032330825466,-0.491780460478136,-0.5734514176067304,0.9965196251869202,-0.08064488254497901,-0.47502179405344525,-0.6330751517158233,0.9962731003761292,-0.00961306306019391,-0.4309100172834096,0.08550995858869831,0.9995139837265015,-0.1142642936509496,-0.3594407912151078,-0.5734220230817372,0.9994943737983704,0.13855600936342657,-0.37706702249819457,0.13826311750090892,0.6957548260688782,0.05191940904385053,-0.312885882982518,-0.8186257331541016,0.9837846755981445,0.2632185911500713,-0.43600006051190526,-0.26069971611628884,0.8274078965187073,0.2099933328414627,-0.37302379555311754,-0.9018388745380777,0.9788350462913513,0.3037399972406249,-0.4499467593950741,-0.30261711133749264,0.8139299750328064,0.2890792521743872,-0.37055748956744583,-0.9982812074920778,0.9628861546516418,0.30309552478821405,-0.45915404257483705,-0.38648796775851824,0.824494481086731,0.2613371409052841,-0.3992091507076059,-0.9780815507555327,0.9614969491958618,0.29021931832463577,-0.45092292347976753,-0.3036036588124141,0.8167209029197693,0.2521023442494823,-0.38903395497789595,-0.8935803172089275,0.9368701577186584,0.040466278815864974,-0.0026203513547060917,0.16149433543390604,0.9989417195320129,-0.040466278815864974,0.0026203513547060917,-0.16175311760871827,0.9989138841629028,0.0633717366909489,0.29828051599749617,0.009812041202354774,0.791227400302887,-0.07425413158553386,0.3020687981076279,-0.3806219040540713,0.9684732556343079,-0.02661022141164273,0.5856858352477393,0.32378600989857925,0.8376745581626892,-0.27294562069624567,0.5262108795706086,-0.0612345829214714,0.970572829246521,-0.07168577242392583,0.6405599959890728,0.3434944620515135,0.7883710265159607,-0.30590209998940016,0.5326784776500019,-0.03279705412411066,0.9064633846282959,0.06244024124875793,0.6835680986359632,0.14198720568039203,0.8663312792778015,-0.31500722967061584,0.6781045292464404,-0.216394266545914,0.9630574584007263,P9,P9/jess_1_frame412.jpg
-0.05306520854258276,-0.5225850671514459,-0.44167399441731303,0.9986163973808289,-0.07004415774394802,-0.5456143050264655,-0.3721471459301398,0.9969165921211243,-0.06943414279334606,-0.5482452941153523,-0.3722087166925901,0.9964848160743713,-0.06905353261378742,-0.551124214133327,-0.3722923590503388,0.9966301918029785,-0.0790753352084265,-0.5390322507004732,-0.4351088433379465,0.9977746605873108,-0.0846938046052855,-0.5361138564832147,-0.43506979359241843,0.9979045391082764,-0.09057653391689448,-0.5327615207203822,-0.43511613395539805,0.9978423118591309,-0.07779538242405931,-0.5387320869915613,-0.039502409853635366,0.993367612361908,-0.11035248356137674,-0.5078332767421831,-0.31827859623514965,0.9971705675125122,-0.043745102909785435,-0.5042174301006401,-0.3156241123824893,0.9968613386154175,-0.05574076527582223,-0.49245386903538907,-0.39547265252666564,0.9966389536857605,-0.003015918709606772,-0.42264338556790976,0.271475853308355,0.9995359778404236,-0.0972266756188809,-0.3710514060757637,-0.5164029231669646,0.9995180368423462,0.12095004519174278,-0.3749480912963984,0.25370512307745924,0.6711776256561279,0.06863906600524156,-0.3372092587090102,-0.7686388120528647,0.9852244853973389,0.24674954944641608,-0.46261614323962424,-0.11418371551608959,0.8308176398277283,0.19059631499148677,-0.4084239600398165,-0.7488764449285661,0.9804762601852417,0.28869986213399,-0.4844568107271005,-0.16300597196089195,0.8179337382316589,0.26719693499674263,-0.4285958501348,-0.8317704158023072,0.9652513265609741,0.2871233909494366,-0.498147441779146,-0.23446740576312294,0.8286674618721008,0.24927689691529842,-0.46402280795401374,-0.8142528597527762,0.9638824462890625,0.2718521440467523,-0.4870188885003496,-0.1612171116073268,0.8221859931945801,0.22603321002215843,-0.4451085493694191,-0.740175692228997,0.9403760433197021,0.039875882343933876,-0.004724245204987302,0.20334158765802793,0.9990354180335999,-0.039875882343933876,0.004724245204987302,-0.2033951187669871,0.9989798069000244,0.06203736196714543,0.2924828187159545,0.04036675687047989,0.8010556697845459,-0.04992365152127703,0.3049843300873611,-0.38317058448472074,0.9713078737258911,-0.020524186712247476,0.5834366801001304,0.2429933833867992,0.8492938280105591,-0.2573693324792885,0.5150525859627485,-0.0975841717946527,0.9723867177963257,-0.06158384561307151,0.6410846908755672,0.24941064978409241,0.8021344542503357,-0.29035807811832526,0.5106686278305246,-0.0711386866567269,0.9080110192298889,0.07257500071434822,0.6782945042760958,0.09093200145339252,0.8752597570419312,-0.29531864419378767,0.6674434688499492,-0.20977845383168914,0.964981198310852,P9,P9/jess_1_frame421.jpg
-0.053344422232640964,-0.5340254694509995,-0.5136161622708151,0.9987521171569824,-0.07196397744490451,-0.5547232450131427,-0.4506097658687508,0.9972212314605713,-0.07153033511309878,-0.556583867329789,-0.4506580318841841,0.9968293309211731,-0.07131080744165759,-0.5585813686580121,-0.4507626333111927,0.9969627857208252,-0.08042812243173135,-0.5494086705453488,-0.5207331190657087,0.9979951977729797,-0.08569418028172732,-0.5467436898188568,-0.5207296106326035,0.9981116056442261,-0.0912767990387604,-0.5434765867907989,-0.520794566765523,0.9980559349060059,-0.0808034245330445,-0.5443299630231718,-0.12810781604255875,0.9940148591995239,-0.11027556574922578,-0.5182396004771163,-0.4375930279641118,0.9974517822265625,-0.04536875137500724,-0.5149779355203715,-0.389334906505297,0.9971623420715332,-0.056171417387884934,-0.506436354402865,-0.47813808478321895,0.9969629049301147,-0.013955243760286487,-0.41886197975981154,0.20656092870829518,0.9995401501655579,-0.08198316022491267,-0.37536457648265803,-0.5897155298168476,0.9995336532592773,0.12042004971156338,-0.3842624139217635,0.21779859030574775,0.6577368378639221,0.10108176691745814,-0.367916248180976,-0.860124553089387,0.9865806698799133,0.23412325436364756,-0.5012081876304055,-0.12734527063725645,0.8355613350868225,0.21696461069639944,-0.4810903560605559,-0.7893508366356663,0.9821765422821045,0.27003477370115775,-0.5266466081248009,-0.17843655206948583,0.8211477994918823,0.2626171441891464,-0.5068937538388405,-0.84043492578003,0.96799236536026,0.26538509742727673,-0.5420290574120562,-0.2411395191284212,0.8316924571990967,0.25710699963597267,-0.5360058045172434,-0.8656943410053495,0.9666767716407776,0.25237983711093914,-0.529373237032999,-0.17084514234770182,0.825935959815979,0.23992910970711878,-0.5195842826454029,-0.7609394952290861,0.9446056485176086,0.03436700684364453,-0.004416164990491832,0.23412583556800354,0.9991128444671631,-0.03436700684364453,0.004416164990491832,-0.2342792543356477,0.9990251660346985,0.06300795013672522,0.3018516508820334,0.09510142967759318,0.8089978694915771,-0.045061713357827174,0.30979434246847803,-0.36986936783041796,0.9738511443138123,-0.02781756416375746,0.5831178211215273,0.2834346325008872,0.8598197102546692,-0.2616753303822854,0.5121003186874664,-0.08082243898746298,0.9746717214584351,-0.06724302985851455,0.6331027682944971,0.31027692744210167,0.8146682381629944,-0.2939959183161254,0.5053891873619014,-0.054914633999002385,0.9127770662307739,0.07221668486942653,0.6731148440044477,0.2130437612796559,0.8835848569869995,-0.2974451090223445,0.6740090934824965,-0.2209866032275193,0.9675911068916321,P9,P9/jess_1_frame424.jpg
-0.03223894557080494,-0.5351110012262694,-0.6302953650526252,0.9988762140274048,-0.0503878276063774,-0.5574006431235953,-0.5499803034913597,0.997498095035553,-0.049931502531037175,-0.559353091157751,-0.5500140863333459,0.9971442222595215,-0.04967304838733075,-0.5610702144863687,-0.5501054232268012,0.9972650408744812,-0.05959955634372482,-0.5501164873642602,-0.6136671729817806,0.9981951117515564,-0.06549789679775123,-0.5465418211434497,-0.6136325173308069,0.998299777507782,-0.0714856745021425,-0.5424286317773599,-0.6136238405826372,0.9982497692108154,-0.06160701701494477,-0.5472684602963852,-0.1853966942429345,0.9946080446243286,-0.09021194535379014,-0.5189856754864802,-0.4824900918254067,0.9977061748504639,-0.025124012071632028,-0.5181912652827517,-0.4922850109915108,0.9974426627159119,-0.0362586930335286,-0.5081656421645727,-0.572919007225145,0.9972633123397827,-0.0021430541145113047,-0.42067360065346504,0.15928710112846173,0.9995566010475159,-0.06678421187848639,-0.37635151313074355,-0.6672509703918095,0.9995687007904053,0.14560379225225073,-0.44033711433255823,0.07069216277825399,0.6645707488059998,0.12386694649423491,-0.3997763457997065,-0.9090621869580136,0.9878610968589783,0.21805032676620603,-0.5458470908602627,-0.3661052233638458,0.8395354151725769,0.21095972923527245,-0.5219770229242712,-0.8429230836046904,0.9838066101074219,0.24334125072126864,-0.5903389397310504,-0.4377400968611434,0.8214291334152222,0.24326567573129332,-0.5645636324587852,-0.9070080053351105,0.9706528782844543,0.23184892344132302,-0.6031266310672633,-0.47084302064615013,0.8307552933692932,0.22873474097396965,-0.5886299668981247,-0.8995951872626788,0.9694079756736755,0.22362346885983586,-0.5881687130190905,-0.4001879779207169,0.8264194130897522,0.2186320282855135,-0.5714296357005563,-0.8217430899806911,0.948988676071167,0.03272237906646241,-0.003400053081607931,0.24405071607383266,0.9991910457611084,-0.03272237906646241,0.003400053081607931,-0.24432575358830133,0.9990947246551514,0.07064059003543455,0.31589822124299366,0.07023486862822913,0.8157194256782532,-0.018422071248655872,0.32883828192465436,-0.40865784468955296,0.9761397242546082,-0.02234878754165445,0.6107402850548009,0.32165473023655344,0.86903977394104,-0.25139168142991214,0.5407706797639232,-0.08449001499864636,0.976833701133728,-0.06178219491290391,0.6586909732595891,0.3394769506731326,0.8265314698219299,-0.28750764452313404,0.5293610126292632,-0.07662767462680634,0.9184001088142395,0.08015893143591561,0.7102108341227371,0.18548193430890364,0.8904988169670105,-0.2823077566259177,0.7189312227418345,-0.2981833563118753,0.9701478481292725,P9,P9/jess_1_frame428.jpg
-0.005305745179333135,-0.5265721768575343,-0.43866988772378174,0.9989874958992004,-0.022149328186490486,-0.5479641104081228,-0.38147813880936476,0.9977467060089111,-0.02294507223495216,-0.5491810717796433,-0.38153524962623997,0.9974265098571777,-0.023873974661707157,-0.550245587347873,-0.38161958827554654,0.9975364804267883,-0.029202814653829314,-0.5439791280148413,-0.4577992059333511,0.9983747601509094,-0.03494345369394662,-0.5421912087661918,-0.45775822641738273,0.9984687566757202,-0.04092826652480947,-0.5401144290174522,-0.45773488111855476,0.9984239339828491,-0.0456155616740331,-0.5346014066409074,-0.09701437006340491,0.995141327381134,-0.06655499219530085,-0.5189585535099481,-0.4344350705552749,0.9979349970817566,-0.002675741965020556,-0.5037346883763011,-0.32787728260318627,0.9976935982704163,-0.010978552600109149,-0.49763299875967515,-0.426358899688207,0.9975325465202332,-0.01536015458742689,-0.4105210181273395,0.22648256298265826,0.999572217464447,-0.05849054407485471,-0.38606298516866744,-0.6339882301734007,0.999600350856781,0.12744313853755215,-0.45939840900027334,0.23602653194062762,0.6512323617935181,0.12682664229854626,-0.41472745522763593,-0.8371185809134356,0.988971471786499,0.18760547653341003,-0.571421338922566,-0.061508224531613816,0.836710512638092,0.18024449340468504,-0.550664875928432,-0.7169207510518323,0.9851592779159546,0.20397443859400946,-0.6215475279425678,-0.10490817456983238,0.816525936126709,0.20190782857845035,-0.5996193163069398,-0.7970086021805912,0.9728417992591858,0.19180292118490902,-0.6291777084173271,-0.1317483422829973,0.8248739838600159,0.18694188891908597,-0.6155920219782595,-0.7849038643494686,0.9716401696205139,0.1852567190436041,-0.6094100265375536,-0.08933230766783297,0.8215668201446533,0.1811166857922271,-0.6001387867787674,-0.708577962844931,0.9525432586669922,0.022647595015123062,-0.0036083014879438797,0.25781686353612865,0.9992638826370239,-0.022647595015123062,0.0036083014879438797,-0.25813791149222076,0.999162495136261,0.059457620573942105,0.30957754910593754,0.1489132613051915,0.8236781358718872,0.020098949666253807,0.3151448518071177,-0.414040271828445,0.9782474040985107,-0.024381359182156656,0.5954270066192388,0.32530947507233915,0.8767749667167664,-0.2144183537926339,0.5304893025828706,-0.24824438926692946,0.9786914587020874,-0.06050896057652437,0.6512776783298472,0.33376653501019865,0.8351371884346008,-0.2584433792166916,0.52106231060508,-0.2377272569991268,0.9235562086105347,0.06833995570869103,0.6802925783572739,0.18768609546503853,0.8968958258628845,-0.2606240605743778,0.6985522090396904,-0.3828110501683043,0.9724222421646118,P9,P9/jess_1_frame436.jpg
0.0192749735693807,-0.5319038745056023,-0.1069156399248905,0.9990856051445007,0.0007782556242046366,-0.5517187983472898,-0.07305090258583216,0.9979676008224487,-0.0009714022096641144,-0.5520157147929661,-0.0730843012568439,0.9976763129234314,-0.0027276090421289104,-0.5520379154094753,-0.07314953465890413,0.9977781772613525,-0.0024348590302609267,-0.5496350927118988,-0.15497435425839948,0.9985344409942627,-0.006465132315516589,-0.5482936598632772,-0.15492709394763546,0.9986186027526855,-0.010563339242925254,-0.5465771624439414,-0.15488753115387802,0.9985790252685547,-0.023523807464498402,-0.5312945366157079,0.10293756313590781,0.995618462562561,-0.03204757350287028,-0.5242364144702252,-0.26075544126793,0.9981392025947571,0.020861004184596025,-0.5099248487397889,-0.03180037629700175,0.9979129433631897,0.016734157606610626,-0.5062597798725105,-0.13728945555523278,0.9977686405181885,-0.04382540987349494,-0.4051493506900563,0.393124924973041,0.999578058719635,-0.021316892683878923,-0.39219403858304946,-0.45092264778776,0.9996217489242554,0.08457318139183952,-0.46396412321211633,0.6465685070547345,0.6035199761390686,0.13624116370346995,-0.4620702163532011,-0.4474153169277109,0.98871910572052,0.11605578158299128,-0.5883426923299229,0.667356494792297,0.7883808612823486,0.13277596147618048,-0.6122691776801112,-0.1183913304255868,0.9837520122528076,0.11840560137775133,-0.6310286375391108,0.6725318653693835,0.7734571099281311,0.13082885622195337,-0.6562162571954335,-0.15157592493657157,0.9712640643119812,0.1036668356717327,-0.6296786641120962,0.6386260379514473,0.7822880148887634,0.11184438450074351,-0.6567475935796615,-0.1665682077542867,0.9699724912643433,0.10113168899132935,-0.6132066619418227,0.6443473213219504,0.7815908789634705,0.10928323731845138,-0.6422756934572912,-0.1157846579284274,0.951403796672821,-0.004470326892410808,-0.0063277255278092704,0.27247863748608914,0.9993219971656799,0.004470326892410808,0.0063277255278092704,-0.2726556803772397,0.9992256164550781,0.041368264698757914,0.2874353284513597,0.3414368558075078,0.8060153722763062,0.04763878423509949,0.3051094139758744,-0.3504274090517814,0.978407621383667,-0.08303084334934704,0.5710087270925689,0.5013586852664762,0.8726223111152649,-0.11636876506813361,0.573879338895086,-0.3159045095721015,0.9798666834831238,-0.12368780860357631,0.6043313026504662,0.5077011460411266,0.8333740234375,-0.18544476761803338,0.595128591175555,-0.3178000536806657,0.9292073249816895,-0.02828004213143804,0.6531846817595128,0.41677743980920123,0.8938593864440918,-0.06881326063607636,0.679448609785846,-0.45020313765842435,0.9739518165588379,P9,P9/jess_1_frame452.jpg
-0.20181937597547472,-0.1944119022843767,-0.09468894972013109,0.9656907916069031,-0.18264696013770107,-0.21334052435348896,-0.12327908009438601,0.9673600196838379,-0.17909792143892686,-0.21007473891899803,-0.12358387797605873,0.969382643699646,-0.1690040399414921,-0.204650973348095,-0.12365308797176568,0.9662635922431946,-0.18940602435164502,-0.22336635380881292,-0.0787177856722027,0.9619869589805603,-0.18983998973013183,-0.22557947035107132,-0.07857350354070841,0.9660404324531555,-0.19038155571970483,-0.12004910214802143,-0.0793236626230375,0.963470995426178,-0.1530192922071476,-0.20521783617007572,-0.18810927220235205,0.9683891534805298,-0.17889278550570537,-0.14608657949046144,-0.026749777465968804,0.9627331495285034,-0.1580766990749069,-0.049683023385373594,-0.12791259800677865,0.9678518772125244,-0.17118883115732217,-0.0754270040278723,-0.07215040174800984,0.963993489742279,-0.023042831196149752,-0.04669479052053882,-0.22513866859269968,0.9978986382484436,-0.09129136912489641,-0.2137801013532493,-0.023602042060352203,0.9972248673439026,0.07259736626903007,0.05985208279320303,-0.16813480648672288,0.6040865182876587,-0.015269221485291863,-0.19969083458241035,0.10254117779966446,0.9088810086250305,-0.013165843314604839,-0.015701093639970277,-0.23896679455927372,0.7780146598815918,-0.020664572656413003,-0.35588229612946976,0.1376964930996965,0.9156013131141663,-0.04108152138996203,0.00328195224815994,-0.28358441674340706,0.7676868438720703,-0.016810903088503987,-0.3921141297121469,0.1373965163132846,0.9089203476905823,-0.05497099662879239,-0.08649347747269977,-0.2698753595821886,0.7733587026596069,-0.036218828873059085,-0.43569460403590343,0.11226236525168438,0.9068036079406738,-0.03838037194361308,-0.10130762319471392,-0.2332050178799937,0.7709854245185852,-0.03807520663435697,-0.4158266143802719,0.12773468511723532,0.8907085061073303,0.016668920162948166,0.034100619989006285,-0.07606185765403324,0.9993686079978943,-0.016668920162948166,-0.034100619989006285,0.07531679802119479,0.9992514252662659,-0.04618480103479864,0.34197999432772846,-0.41455910055928114,0.8158435225486755,-0.05815340940436222,0.26426420594375855,-0.18897087875122373,0.9544346332550049,-0.10439958197975556,0.8813558482836981,-0.7154390907761863,0.8732059597969055,-0.1483147048927927,0.7838967729390641,-0.414663227309579,0.9597572088241577,-0.09773538088734042,0.9952124372830188,-0.7511259290451788,0.8410800099372864,-0.14178838935167015,0.8944483842283327,-0.44665445667653375,0.9229092001914978,-0.17609499147075663,0.9513584186905157,-0.8955616675376548,0.8888516426086426,-0.21083582618839056,0.8826044785537366,-0.552116327470705,0.9458497166633606,P9,P9/rob_1_frame697.jpg
-0.04291708794428877,-0.36652998148575494,-0.7579446400559661,0.9443978667259216,-0.039841140553410766,-0.37907433689406456,-0.7471326411949877,0.9240509867668152,-0.03805690463994118,-0.377569552811264,-0.7470624016176026,0.9280675649642944,-0.03559654217794255,-0.37643828133367363,-0.7470784550330773,0.9195332527160645,-0.044502939421363616,-0.38397980871948756,-0.7674501921930739,0.9306954145431519,-0.04647623843321036,-0.386007058505921,-0.7674562651860247,0.9372755289077759,-0.04872898927572611,-0.37840894400749514,-0.7678693699390774,0.9244058132171631,-0.03008829049404819,-0.3697172200032673,-0.560527598484067,0.9137136936187744,-0.05380139779110064,-0.3665748933871124,-0.6512597608811745,0.9104657769203186,-0.03612625781114466,-0.3346932810289007,-0.6727732677933975,0.9223416447639465,-0.0431065276623838,-0.34084103299376,-0.700202152304546,0.9101081490516663,0.008450451997459245,-0.3399571065158892,-0.2672163269680972,0.9966458678245544,-0.0599897305305618,-0.34161997672527106,-0.5772882116340741,0.9963535666465759,0.10514370421175051,-0.1884727469693661,-0.13748346268740042,0.622811496257782,0.0644406223565003,-0.2388394200108407,-0.6653542359708249,0.9147288203239441,0.1908813712976206,-0.14756007624111414,-0.20394294327224508,0.7872828245162964,0.21333449732849624,-0.16122600516927862,-0.7146603008092769,0.919482946395874,0.22368965647168285,-0.14629971835521946,-0.2120546022947364,0.7712823748588562,0.25086389897607786,-0.16718780114843332,-0.7486255146792102,0.9104442000389099,0.2397560653267026,-0.16805694530237725,-0.26928232150800785,0.7786553502082825,0.2513156543276783,-0.1811318637382542,-0.7450039394720496,0.9089890718460083,0.2308211391396519,-0.1639577221380118,-0.22987883660550923,0.776461124420166,0.24202350433821576,-0.17860578113548506,-0.7095282922235474,0.892140805721283,0.04573316772982766,0.003592387179024741,0.03979364821851744,0.9994134902954102,-0.04573316772982766,-0.003592387179024741,-0.0397469297194507,0.9992941617965698,0.05313807631297962,0.39394347166593496,-0.35076785782405207,0.8290453553199768,-0.05282858905980946,0.4450334428756034,-0.10129006064217697,0.9532350897789001,0.012597882485713708,0.8604291736721406,-0.42484003515202434,0.8800768256187439,-0.15743631633554805,0.8385321266547189,0.08885790260169786,0.9593105912208557,-0.002730163412396889,0.9275507164129246,-0.4414484939360068,0.8498220443725586,-0.1711916924467097,0.8924134149034754,0.10522453621870109,0.9188994765281677,0.02775918000373171,0.9996146397114841,-0.5923441497860145,0.8950645923614502,-0.181171926660744,0.9825287212801558,-0.11478140279237042,0.9455124735832214,P9,P9/rob_1_frame698.jpg
-0.049454710832077205,-0.49036792478069335,-0.005371782171857717,0.9414291381835938,-0.052601309101312034,-0.5077424920290385,0.004830890122038328,0.92063307762146,-0.05179474853250943,-0.5069060099552286,0.0047680388617546456,0.9239826202392578,-0.05103468363570362,-0.5060673277707562,0.004713287045319332,0.9158621430397034,-0.05603018156852115,-0.5096892966170941,-0.017937187109791385,0.9305012822151184,-0.05756820559551954,-0.5102976272152225,-0.0179157234260332,0.9364275336265564,-0.0594570739361342,-0.5061045096409492,-0.01810534546374099,0.9237697124481201,-0.045739383956635404,-0.4884689359310321,0.10722013801421726,0.9048712849617004,-0.060863751356592714,-0.4881456663377167,0.0035117478857199856,0.9072086215019226,-0.043177868449530706,-0.4653305921065909,0.03936381619168166,0.9174858927726746,-0.04793428769037729,-0.46761885386943675,0.009669414169718482,0.9040760397911072,-0.0010346753759730484,-0.38941848717342364,0.23482706978731405,0.9962913393974304,-0.048788884008640315,-0.40902851352871933,-0.08647736635017608,0.9963639378547668,0.08190282292408041,-0.28506393829409776,0.22774775537494574,0.6132267713546753,0.05958695380223252,-0.29869714402416386,-0.14924310420720746,0.9180962443351746,0.14464103189644964,-0.2569869327289487,0.057804749576664954,0.7853046655654907,0.1825194571251648,-0.2592061843540201,-0.17257457191216063,0.9148171544075012,0.17372297467511955,-0.2589404109860131,0.025785157163567236,0.7671847939491272,0.20377487290777957,-0.2596078512239357,-0.22023463414273659,0.9008010625839233,0.17750041800826055,-0.2717962442820633,-0.01037449463422207,0.7759899497032166,0.20631086713120148,-0.26753594999556746,-0.21099361933337174,0.8989483714103699,0.17245937778473322,-0.2656172334869675,0.03583640397640241,0.7699981331825256,0.1993755316274258,-0.2660557155419657,-0.169401498977956,0.8776982426643372,0.03353353668725352,0.004135254663854575,0.07706750221460676,0.9993276000022888,-0.03353353668725352,-0.004135254663854575,-0.07692075483343072,0.9992119669914246,0.03146462595743989,0.25720254357385497,0.07858503771106239,0.839497447013855,-0.05848279159784154,0.2654743729679615,-0.13112401951073674,0.9542689323425293,0.008553920249525634,0.5565950692413527,0.22936039982190745,0.8868914842605591,-0.13950142671525084,0.5618907356055314,0.025461651516712105,0.9604306221008301,-0.011259469667989517,0.6003662708679972,0.2407864545355448,0.8575101494789124,-0.1471806929709754,0.5989650937241945,0.04102837866670999,0.9125345349311829,0.031100140957717303,0.6571935158609621,0.13823841652104113,0.8999270796775818,-0.1565950398320192,0.6674828467324062,-0.10109594664312399,0.9458091259002686,P9,P9/rob_1_frame699.jpg
-0.0383267414019749,-0.48810682674263056,-0.054531102869816606,0.9461881518363953,-0.042030728706889044,-0.5132995672210267,-0.03392413087464043,0.9268863201141357,-0.04094734307425285,-0.5145597308176051,-0.033955861578859735,0.9294880628585815,-0.03973592506092323,-0.5158901542517672,-0.03397718306998946,0.922364354133606,-0.047190087615373,-0.5122386737633772,-0.05724201175303607,0.9365326166152954,-0.04986597941679882,-0.5129039607051238,-0.05722333252828229,0.9418665170669556,-0.052962527547741486,-0.5128685298876698,-0.057343010269562816,0.9304707050323486,-0.03843122846236455,-0.5024141067741268,0.10860278990121372,0.9105314016342163,-0.05986296133939199,-0.4964265995230729,-0.00020644516890192576,0.9148985743522644,-0.031751804737974496,-0.46529111046959976,0.00401723809209674,0.9231768846511841,-0.03913803941947117,-0.4659348079323457,-0.027354408220268005,0.9109992384910583,-0.0014616904754724254,-0.3838004559995338,0.25152186861221143,0.9964644312858582,-0.056954098748890056,-0.4140639407304462,-0.10978281101977723,0.9966578483581543,0.07735713432510512,-0.2847641748725477,0.29562896734259947,0.622377336025238,0.05232266654293636,-0.31617423395512245,-0.2646743183850059,0.9241324067115784,0.17183660611432078,-0.2664137195193649,0.18257707101845538,0.7900825142860413,0.18365530376150432,-0.27716099225572793,-0.32853071273601775,0.9180054068565369,0.1980994926842238,-0.2749290012054607,0.1616719484123118,0.7692237496376038,0.20587065197912136,-0.287641367878871,-0.3773834911330987,0.9008239507675171,0.20624015553609323,-0.2839202293502212,0.11913371649957774,0.7795381546020508,0.20644416482894903,-0.2985014023888295,-0.37147688800979795,0.8989007472991943,0.1959325709696204,-0.2770116712946959,0.1583302807088136,0.7713446021080017,0.20047930020221288,-0.29156102429979464,-0.3273025948469455,0.8752859234809875,0.0326180167612911,0.0019990954858566056,0.10296048864017288,0.9993123412132263,-0.0326180167612911,-0.0019990954858566056,-0.10308306723261702,0.9992063045501709,0.03543457868721558,0.27417532528174304,0.058750604807452304,0.8490276336669922,-0.05161156777989581,0.2869519338194966,-0.16526571277609137,0.9562663435935974,0.010943834787333611,0.5788191225079059,0.17775413562028647,0.8941937685012817,-0.14163232319516253,0.5860554344310466,-0.007969975147369862,0.9632017612457275,-0.01617623684602516,0.6353665567150635,0.18430390963367468,0.8652816414833069,-0.14867891851189374,0.6298489779494337,-0.005894218675048923,0.9142186045646667,0.02937575845326079,0.6817163848167199,0.07147970426739642,0.9062024354934692,-0.16067108423773713,0.7008950637371381,-0.1364308290709113,0.9493421316146851,P9,P9/rob_1_frame700.jpg
-0.02910958353794179,-0.4925222904348728,-0.25759252309987885,0.9508050680160522,-0.03289266878373224,-0.5183714700908669,-0.228049377472772,0.932807981967926,-0.0313606889734518,-0.5202472755728539,-0.22789757963442772,0.9346281290054321,-0.029409360643674696,-0.5218395810899493,-0.2280067560494788,0.9284859299659729,-0.038970676602463554,-0.5147032505451373,-0.272535362677937,0.9421200752258301,-0.04208570478812869,-0.5140337277709078,-0.27253239267830476,0.9468660354614258,-0.045497964365556275,-0.51356385068624,-0.27243895340416197,0.9366402626037598,-0.028350575060508424,-0.5116990766314583,-0.04105038509491356,0.9153203964233398,-0.05428846899123057,-0.4975100383886213,-0.19918788533267814,0.922034740447998,-0.022289615811094395,-0.4729607928573582,-0.13757655439116406,0.9281218647956848,-0.0312170489912401,-0.4695856389896212,-0.21811592441721128,0.9171349406242371,-0.004393786598732945,-0.3909718315822562,0.12373732039072172,0.9965426325798035,-0.04286137612064139,-0.40763129237630025,-0.2687174667221717,0.9968917369842529,0.07737369756093956,-0.32074507170767225,0.22529703638504905,0.6258010268211365,0.07537538923698044,-0.3449483315674962,-0.3823935855017245,0.9308660626411438,0.19253130615702538,-0.307707930465042,0.11463803223185845,0.7878400087356567,0.19796648262679314,-0.3153399809484644,-0.37816692888229425,0.9230158925056458,0.2163729203473497,-0.3318817988999344,0.0945141536525603,0.7597987055778503,0.2206387655333554,-0.3320666331627589,-0.43152115941779184,0.9026497602462769,0.21939784568703025,-0.34333766605267446,0.03622613658520307,0.772790253162384,0.22006451417589895,-0.3438188059930904,-0.4200605094085012,0.9007018208503723,0.21369035496527145,-0.3309931132957031,0.08308828542467661,0.7636139392852783,0.21395757778932156,-0.33455109571222724,-0.37084425978912966,0.8747763633728027,0.028823692144775,-0.0017550769255093492,0.11025774563145367,0.9991999268531799,-0.028823692144775,0.0017550769255093492,-0.11033933383563554,0.9990831017494202,0.033258248738459006,0.2578551366387855,0.04092619475315037,0.8556979894638062,-0.059214194095517106,0.28702932731158354,-0.16340482833546147,0.9584217667579651,0.006876243434163954,0.5722920062705192,0.18428625932094472,0.9002948999404907,-0.14554768626116618,0.5836994277149731,-0.026865059351616757,0.9659835696220398,-0.01650498224174606,0.6359482783873603,0.19125204631544823,0.8705423474311829,-0.15098016273126832,0.6290841078088442,-0.020550401383620645,0.9154351949691772,0.03187654319528298,0.6730053880839418,0.04926527872044264,0.9116156697273254,-0.15942144168590483,0.702733772973823,-0.17779193083948464,0.9529989957809448,P9,P9/rob_1_frame701.jpg
-0.0339636324659977,-0.49148803058332724,-0.14846390773215973,0.955679178237915,-0.036190429890093925,-0.5176965152241532,-0.11116508987265414,0.9394823908805847,-0.03337521140464492,-0.5213960420481946,-0.11116810216735191,0.9411038756370544,-0.030372431268758084,-0.5247651328169739,-0.1111709194915191,0.935584545135498,-0.045550575123170255,-0.5089154324669608,-0.13228600373946003,0.9478693008422852,-0.049258056744860106,-0.5068085029250778,-0.1322488910989602,0.9521384239196777,-0.053117303427569505,-0.5046678824755072,-0.1322947481677575,0.9429372549057007,-0.028027403714905624,-0.5154858613599907,0.10284058910402237,0.9236747622489929,-0.06140573464804015,-0.4897008527116294,0.014609476963506687,0.9297986626625061,-0.024347373943924343,-0.47247154088708604,-0.062141173237992356,0.9352211952209473,-0.03686440402027427,-0.4665524695426868,-0.08994968353819262,0.9253323674201965,0.014065875971441547,-0.3954039794923196,0.26334398559193184,0.9968519806861877,-0.06264559124623585,-0.40311966528209775,-0.09907034646853217,0.9971890449523926,0.09659744749218527,-0.31823635922124893,0.12143277418304388,0.6335654854774475,0.03843032933384651,-0.33764013837947526,-0.3075849436610575,0.937282919883728,0.1967697186570397,-0.32160147259120403,-0.2630285622675261,0.7977865934371948,0.17661522496778861,-0.3292889266481512,-0.3537462639713343,0.9290591478347778,0.21810666962027767,-0.3427815892596268,-0.3405412608807069,0.7699520587921143,0.20340901114147775,-0.3377734982224061,-0.4121696903892007,0.9076225161552429,0.22034196775950807,-0.35548072181155776,-0.3779846103945468,0.7829765677452087,0.2043929104271009,-0.34634206310124377,-0.4053180749969385,0.9056504964828491,0.2111711779057511,-0.3391354063727578,-0.29504126111317447,0.7729219198226929,0.1963052208649367,-0.33730720670142156,-0.3512349265548795,0.8794059157371521,0.03356191518474811,-0.0023109467051034656,0.10142228572769442,0.9992594122886658,-0.03356191518474811,0.0023109467051034656,-0.10135747752332276,0.9991491436958313,0.03215539777699497,0.28096594856805185,-0.017911188354042082,0.8667862415313721,-0.05676278442052835,0.3048152118003976,-0.16909014236872566,0.9618371725082397,0.009319435386286917,0.596793563866048,0.10752774889934787,0.908046543598175,-0.14833131802282476,0.5951813915426173,-0.03796490055745989,0.9685546159744263,-0.014130996128662166,0.6487023619567424,0.11120053551511734,0.8793908357620239,-0.15255469166848395,0.632811015901393,-0.02195477845486859,0.9135663509368896,0.03371851551492656,0.695222642510908,-0.04601853851645469,0.9181492924690247,-0.16032621701822614,0.7175592463786418,-0.23830813171035045,0.9562587738037109,P9,P9/rob_1_frame702.jpg
-0.03916723557092906,-0.5065803139298143,-0.11287353626127351,0.9601035714149475,-0.03918369114326648,-0.5348847129824682,-0.07415728621971683,0.945526659488678,-0.03497464900698063,-0.539023941131164,-0.07420260523251862,0.946983814239502,-0.030740842048959247,-0.5429468029425918,-0.07426427289716923,0.9420179724693298,-0.05178931125956426,-0.5234792091615904,-0.08333954140706293,0.953074038028717,-0.05613659649613031,-0.5201167329051583,-0.08333445504667769,0.9569161534309387,-0.060572269336587936,-0.517146257708566,-0.08338024756450033,0.9486348032951355,-0.024004484683979956,-0.5356201630174297,0.13666966855317678,0.9312969446182251,-0.06513812041761584,-0.5037809115149476,0.0951157945678126,0.9368113279342651,-0.02589964525258246,-0.4897361619881903,-0.03228609259005894,0.9416841864585876,-0.04159842418893857,-0.48002778162526033,-0.04467448082227617,0.9327763915061951,0.03439992592361187,-0.4066049729732041,0.28695282029670355,0.99715656042099,-0.07323483225023153,-0.3924518773513538,0.00860844983817098,0.9974513053894043,0.1258900569066304,-0.33959503120220685,0.1706492645789273,0.6615297794342041,0.007600071254620284,-0.3665419270002531,-0.3264698182430322,0.940616250038147,0.2097292428482726,-0.34206548509678386,-0.12146432258015874,0.814533531665802,0.0526155113320697,-0.4093153360783439,-0.6198159542457404,0.9310863018035889,0.23024820106782207,-0.3608983173943537,-0.18428860216170592,0.7868446707725525,0.06336768005321426,-0.4162189374532674,-0.7009285251679788,0.905672550201416,0.2301846597488954,-0.3748770817053026,-0.21642892139421763,0.7994285821914673,0.06354331477578593,-0.42075757981567796,-0.6960520547932748,0.9034711122512817,0.221181506562822,-0.36469034925937593,-0.14808327796537912,0.7892730236053467,0.06065544329379836,-0.4136774476226595,-0.6285516229181013,0.8764968514442444,0.0364341442247885,0.0005975327875988379,0.10182082932109023,0.9993284344673157,-0.0364341442247885,-0.0005975327875988379,-0.10204524015226103,0.9992272853851318,0.03509065264563649,0.2973442902039026,-0.04908630021087712,0.8782141804695129,-0.05634888967192889,0.32026527320533876,-0.2228020749509475,0.965106189250946,0.012027842161826778,0.6344852416206405,0.021467857189876514,0.9159888625144958,-0.15520769560647643,0.6264435174678651,-0.13746485150109078,0.9711686968803406,-0.009968451722767661,0.684983645815626,0.014588226370202,0.8884596228599548,-0.15922758012411137,0.6598352951961219,-0.1389877760258849,0.9137723445892334,0.045553708365664726,0.7346048539565059,-0.18339110139767412,0.9246256947517395,-0.1680265049940961,0.749997168223885,-0.3584086789092546,0.9595784544944763,P9,P9/rob_1_frame703.jpg
-0.03582463942454682,-0.5101200265135991,-0.18392087647979843,0.9640766382217407,-0.03796969883977629,-0.5382437108655217,-0.14915554146435897,0.9509545564651489,-0.034080416167332456,-0.5423276338723114,-0.14920647576658885,0.952255129814148,-0.03017646376021581,-0.5463711536433822,-0.14926775673922343,0.9477909207344055,-0.05089611174744473,-0.526168634291826,-0.16333309219697484,0.9577523469924927,-0.05576572607439208,-0.5218666321567439,-0.1633024824433419,0.9612101912498474,-0.060762614691545404,-0.5178358971823712,-0.16339956699326802,0.9537577629089355,-0.026740139878479292,-0.5408494327310073,0.05567138697760305,0.9381152391433716,-0.06649094119671443,-0.5036055169653226,-0.007767801222186934,0.9431177973747253,-0.023591310014799815,-0.4933730901926516,-0.10731922018474795,0.9474705457687378,-0.0397216257565395,-0.4815160927472483,-0.1256042761372938,0.939446210861206,0.024640974605242966,-0.4071894643896298,0.24239933562665392,0.9973981976509094,-0.0664651257418433,-0.39171650027811683,-0.11445899644076857,0.9976838827133179,0.1219209024501317,-0.3473829230203915,0.25639915924555573,0.6692221760749817,0.03899240062179847,-0.3582725375156393,-0.3596559180814326,0.9457017183303833,0.20951839564184224,-0.37507003934660427,0.13090223237476775,0.8226692080497742,0.1451984112690534,-0.3853708975631401,-0.584615356819955,0.9359939694404602,0.22940908068932,-0.41321921706310377,0.10648699958045356,0.7927325963973999,0.17787127049222118,-0.40097302090283365,-0.6700682413424734,0.9094945192337036,0.23149578898115822,-0.43187313693769136,0.06088081771774805,0.8056886196136475,0.16888536139761393,-0.4183483791537873,-0.6373424809252761,0.9071336984634399,0.223018157509125,-0.40071601370767207,0.10440476801630533,0.7958829402923584,0.16972391293488862,-0.3959590858900829,-0.6192590006495158,0.8798254132270813,0.034123523879276016,-0.000950582416032957,0.10700207937050159,0.999375581741333,-0.034123523879276016,0.000950582416032957,-0.10699405813988092,0.9992769360542297,0.035335047274069976,0.29571996933253636,-0.046029304339003214,0.8860934972763062,-0.0516478741840574,0.32086536973057894,-0.2607828693441507,0.9680629968643188,0.013833231981157938,0.6438988279012089,0.022679171625857204,0.9226666688919067,-0.1576051549724745,0.6342159834789058,-0.18787207526702054,0.9736943244934082,-0.008167436244454563,0.6968301809383995,0.019523592096372878,0.8963714241981506,-0.16106409810990763,0.6640693033071949,-0.18814471515429854,0.9173456430435181,0.04816401708382798,0.7402142411798168,-0.17955736799906297,0.9299764037132263,-0.16909860525023204,0.7673861957621565,-0.3764078535857044,0.9629270434379578,P9,P9/rob_1_frame704.jpg
-0.03194058384966077,-0.513377402335026,-0.20982997780471016,0.9676634073257446,-0.03450493149376307,-0.5391171953787148,-0.17128258485133918,0.9558525085449219,-0.030958088980971812,-0.5424972037761743,-0.1713697489196955,0.9570184946060181,-0.02738290842011734,-0.5459465011582046,-0.17143597682176231,0.9530021548271179,-0.04642591291485466,-0.5284291647539923,-0.17552425214158804,0.9619729518890381,-0.05122012095366565,-0.5241529041601287,-0.17547924706236626,0.9650849103927612,-0.05612153854425338,-0.5199871291929624,-0.17589823656924317,0.9583781361579895,-0.02592489127670281,-0.5392143310001106,0.029548509117145107,0.944282591342926,-0.06295584033799712,-0.505243481620279,-0.052926433862859536,0.9488025903701782,-0.02102928871909914,-0.4957157548305612,-0.12473635808502538,0.9527048468589783,-0.035850415463654875,-0.48464180258019157,-0.13310874634079,0.9454829692840576,0.019629503807398332,-0.40170681933889474,0.23065027341934308,0.9976134300231934,-0.06439805041991974,-0.3970395592032571,-0.1457383734804105,0.9979024529457092,0.11644013857116477,-0.3538613831609427,0.25270071469119426,0.6759721636772156,0.03579865347990934,-0.3658758965210175,-0.3967759989758946,0.9509084820747375,0.20210097995014964,-0.39381770332258975,0.10738111572524404,0.8292373418807983,0.16574817839742026,-0.39007732668386386,-0.5534011277381646,0.9417353868484497,0.2249453779790091,-0.43280102923281766,0.07988435858276867,0.7971979975700378,0.19736737929736983,-0.4105740894246189,-0.6385281736597737,0.9162277579307556,0.22473767482904283,-0.44510178963908015,0.03337565055259636,0.8105363845825195,0.19736590506365556,-0.42440502252442225,-0.5861131453297544,0.913882315158844,0.2167219385170565,-0.42164992541806784,0.07964485703060431,0.8009213209152222,0.1893044675065268,-0.40057960386058816,-0.5990602343669155,0.8874807953834534,0.032685972795971054,-0.0012033023183376224,0.11029697597059296,0.9994124174118042,-0.032685972795971054,0.0012033023183376224,-0.11019892919085977,0.99931800365448,0.03263937063022547,0.28700496612060217,-0.060156127186317715,0.8939557671546936,-0.05389044962144946,0.31945022931178185,-0.2754971182224669,0.9708474278450012,0.013822906716247882,0.637191330337485,0.01036155952115025,0.9286081194877625,-0.16018335563541033,0.6309335358278944,-0.21354246685567443,0.9759637117385864,-0.00430549956252998,0.692795330946156,0.007006430737194207,0.9035694599151611,-0.16342822594239495,0.660582013859355,-0.21587280037310438,0.9208660125732422,0.04112309424461999,0.7340165436346481,-0.1629986301429626,0.9347888827323914,-0.17186657591913912,0.7599576514822078,-0.40932918095478965,0.965904951095581,P9,P9/rob_1_frame705.jpg
-0.029617874949160936,-0.513374796523048,-0.183026124465137,0.9708875417709351,-0.03219285877975043,-0.5401372124544156,-0.14387942529722436,0.960256040096283,-0.029140049692652777,-0.544023908997785,-0.1439387209400471,0.9612987637519836,-0.02600749321791721,-0.5480029576295242,-0.14399382531391722,0.9576879739761353,-0.042850998277159685,-0.5286251662701603,-0.16388499048120017,0.9657677412033081,-0.047320064947814544,-0.5243219379169798,-0.16384898881963222,0.9685683250427246,-0.05195167458934709,-0.5202343899985472,-0.1639766320104602,0.9625332355499268,-0.025977917482212655,-0.540972335665661,0.05527705003181668,0.9498211741447449,-0.06099525902174826,-0.505462751728257,-0.04062135132295754,0.9539166688919067,-0.01972796312708592,-0.4962603315898994,-0.1049691260557859,0.9574072957038879,-0.03345604751389519,-0.48516045088121484,-0.13046010458855914,0.9509087800979614,0.02316731636996569,-0.40311941962839715,0.2370470501620754,0.9978032112121582,-0.06385743230823214,-0.3958451067837148,-0.1586321462184583,0.9980935454368591,0.11706706426900187,-0.3695401673436213,0.23233157394965917,0.6738104224205017,0.04417556284166627,-0.3649722402750682,-0.3936888379300568,0.9554334282875061,0.1964382880929127,-0.41787309825973573,0.07386251134487955,0.8320929408073425,0.16357280788096212,-0.4038855053284436,-0.422946572688041,0.946407675743103,0.2181804906353428,-0.45791378376747566,0.045158353623293096,0.7984757423400879,0.19766366272486138,-0.4370568760882243,-0.47707399986779847,0.9210975170135498,0.21767514923475298,-0.46777856857175154,0.003809655266037143,0.8121725916862488,0.19629559958527956,-0.4520773130265583,-0.45845978150670114,0.9186862111091614,0.21062854483989624,-0.44740451155256816,0.0474295940303193,0.8033224940299988,0.18851512150335825,-0.4320720876752003,-0.42442783098321624,0.8927612900733948,0.0316290249770708,-1.763010429185281e-05,0.11194568373954847,0.9994497895240784,-0.0316290249770708,1.763010429185281e-05,-0.11187469991426591,0.9993594884872437,0.03177327877433732,0.29775516091976173,-0.0073427949097654745,0.8987869024276733,-0.052569304925216345,0.32117831976112154,-0.2726701175979,0.9732958674430847,0.011489514251901,0.6437225606865371,0.07173834122666414,0.9333621263504028,-0.1624338537135095,0.6331995303995888,-0.21212941044732136,0.978020191192627,-0.009704672151513192,0.7045317562010744,0.06850152307499933,0.9090561866760254,-0.16745686814705416,0.6657998999778423,-0.2133330151958162,0.9244656562805176,0.047924349129967535,0.7416291205123889,-0.07950505093858651,0.9386042356491089,-0.17337127383498127,0.764386619341234,-0.3981237565716043,0.9686692357063293,P9,P9/rob_1_frame706.jpg
-0.01299946333737311,-0.4814397802691339,-0.6902576976321103,0.9737959504127502,-0.019370416142807254,-0.5167021184636547,-0.6681646155700187,0.9642261862754822,-0.017187644926997214,-0.5214456970464527,-0.6682669673016179,0.9651610255241394,-0.014764893384026761,-0.5263195803084184,-0.6684266897116329,0.9619141817092896,-0.02860538645392035,-0.5040529214278008,-0.700998221023181,0.96918785572052,-0.033638381799534905,-0.5006984456543037,-0.701030507287949,0.9717077016830444,-0.038105848734297884,-0.49769625025933395,-0.7011363378798351,0.9662764072418213,-0.013655442115684436,-0.5283678966257711,-0.47281400722036865,0.9548269510269165,-0.0460297159457009,-0.4903484090722799,-0.6154737366317912,0.9585228562355042,-0.006801965285191737,-0.4679930697706643,-0.6070593501199334,0.961663544178009,-0.0184295370167887,-0.4560524006132451,-0.6482084692136412,0.9558148384094238,0.02952173046002067,-0.44721414244011337,-0.2144130232917923,0.9980201125144958,-0.05776665816210749,-0.3522870921174725,-0.6017619003598768,0.9982823729515076,0.10320313687993474,-0.29844306254308806,-0.2830834366315906,0.6966311931610107,0.05305017806996545,-0.22544259724985982,-0.6750287731119187,0.9597640633583069,0.1689564038038829,-0.19978472094850433,-0.5896337389427839,0.8366536498069763,0.18156818783349332,-0.19619441506713645,-0.703604070475989,0.9515412449836731,0.1854719573365031,-0.19104582390777777,-0.6523821860683882,0.8049038648605347,0.20690783996755113,-0.16657021081024337,-0.7759580170495809,0.9284427165985107,0.1882797027512253,-0.1868846187435364,-0.7024766756124826,0.817603588104248,0.21001147160457082,-0.17995656003110322,-0.7782879379522637,0.9261841773986816,0.17732702991528954,-0.19104466428768213,-0.6202913478028002,0.8072950839996338,0.20276592111647931,-0.18697134612016278,-0.7049063848760269,0.9018227458000183,0.029766837528656536,-0.008940121643638025,0.10937668725132528,0.9994689226150513,-0.029766837528656536,0.008940121643638025,-0.10948933061127325,0.9993690848350525,0.04946145903714948,0.2656558418937513,0.0539616928686938,0.8824957013130188,-0.039347862889362595,0.294485462254586,-0.2316214650897152,0.9742825031280518,0.022620281977150533,0.5874199021149381,0.2915699026872878,0.9304739832878113,-0.16262762455034802,0.5562500463358331,-0.1306670604476095,0.9790019392967224,0.0035093766052196975,0.6417963193784936,0.30601355078850456,0.9036100506782532,-0.18665458673614382,0.5767808149659175,-0.12878470712736542,0.9226815700531006,0.06440835174355476,0.6659018916002463,0.14536672520125662,0.9362300038337708,-0.16826453783524342,0.6796906289942924,-0.3076372935692623,0.9698718786239624,P9,P9/rob_2_frame70.jpg
-0.017973475939148054,-0.4831344175053472,-0.5676381830269395,0.976412832736969,-0.024889869659852078,-0.5176857987270215,-0.5387172154143595,0.9677973985671997,-0.023602579474159467,-0.5218710867033188,-0.5388132495406018,0.9686305522918701,-0.022131651077906104,-0.526077506744169,-0.5389457379021912,0.9657143950462341,-0.03219005812706923,-0.505230924421989,-0.5739256842281643,0.972265362739563,-0.03665934738061724,-0.5010087265324028,-0.5740149401450217,0.9745322465896606,-0.04145923098096878,-0.49637818424718677,-0.5741148475337697,0.9696451425552368,-0.023495153399371135,-0.5227867145676998,-0.33554377820842435,0.9593165516853333,-0.05204907242980058,-0.48417814783112734,-0.4909699705944814,0.9626671075820923,-0.014032773098132235,-0.47372495280510424,-0.48431781312030076,0.9654879570007324,-0.023244074853418346,-0.4588525361393926,-0.5293535463472713,0.9602251052856445,0.011312375785358824,-0.4343306264175748,-0.08443879581504114,0.998203694820404,-0.06233315397965902,-0.3640407659759954,-0.5130381115592438,0.998447835445404,0.08576559470228469,-0.33100747581755474,-0.08615848876769891,0.6937395334243774,0.05816848543022978,-0.28144258864742727,-0.6095182325871957,0.9636048078536987,0.1960942240606381,-0.2627736342495488,-0.31276124815034523,0.8284308314323425,0.18629099665890428,-0.2597319839877796,-0.6440612407266887,0.9560803174972534,0.22001640465125424,-0.2432032919229719,-0.35413481167824845,0.7997961640357971,0.2128338950125168,-0.2353510496292179,-0.7133556157445801,0.9348846673965454,0.21874677198580786,-0.2480877037815344,-0.40476276700681285,0.8118413686752319,0.2189447640515365,-0.2472829195765056,-0.7085926990172602,0.9327512979507446,0.2096594146307017,-0.24757255986828647,-0.3420845793855683,0.8012881875038147,0.20897646731537187,-0.25330077335564766,-0.6422609141382292,0.9094713926315308,0.02934788088433959,-0.009104843996124188,0.12117219798117491,0.9994335770606995,-0.02934788088433959,0.009104843996124188,-0.1214666656111521,0.9992849230766296,0.04405670916893137,0.25753464799249354,0.028437003818500728,0.8667909502983093,-0.04192504775701277,0.29009409005116527,-0.22849823722133597,0.9746321439743042,0.009720237056576531,0.5730634846024638,0.2372330280088806,0.9231749773025513,-0.17410377618495906,0.5322446520090057,-0.1169086971581417,0.9796738028526306,-0.007772099935733228,0.6239009663446596,0.25213794020781954,0.9002364873886108,-0.1968033158978809,0.5400782115071444,-0.11282955366242119,0.9210882186889648,0.05922759488654696,0.6506767161265514,0.1245919754950557,0.9327996969223022,-0.17391694822880543,0.6559363787702176,-0.2709421170349385,0.9705821871757507,P9,P9/rob_2_frame72.jpg
-0.00394550640939523,-0.49486410904592537,-0.5940235281950825,0.9787710905075073,-0.01262423813250653,-0.5304291981366667,-0.5609483728361031,0.9710167646408081,-0.012417354106487963,-0.5346710886575797,-0.5610386409091347,0.9717651009559631,-0.012020954387874429,-0.5381389658978258,-0.5611530119754887,0.9691414833068848,-0.019296986421155668,-0.5182180782205931,-0.6030700077942548,0.9750384092330933,-0.024236682229142124,-0.514023980154577,-0.6031523006121429,0.9770784378051758,-0.029277161631756702,-0.5098141088061661,-0.6031650610203724,0.9726801514625549,-0.02257203971482139,-0.5329324830362986,-0.3427030937199376,0.9633777141571045,-0.0439023617417832,-0.4989934598553691,-0.5304239994518325,0.9663997888565063,-0.0030600758605756136,-0.4820001997273659,-0.5052651414242466,0.9689353704452515,-0.011712932311443587,-0.47132747699048966,-0.5597881799785992,0.9641991257667542,0.0009261338880334349,-0.4376978346331636,-0.06528548291159311,0.9983692169189453,-0.04325099016243405,-0.36118175988740703,-0.5626549002089182,0.9985968470573425,0.08923843805451004,-0.3886690379611082,-0.049076518974245045,0.6807301640510559,0.09421546987176084,-0.33762344695317387,-0.6573735791422514,0.9671245813369751,0.19533260739277103,-0.3866102406148069,-0.2724200353246037,0.8242141604423523,0.2014281835128875,-0.37338307319345243,-0.6533144105780704,0.9602809548377991,0.2288299786666432,-0.3797831268321582,-0.308638327349579,0.7989310622215271,0.2312296443253737,-0.36569994869206895,-0.7241423561275968,0.940895140171051,0.22582525698435985,-0.38387862711421505,-0.36173846223440476,0.8100540637969971,0.2326697981763962,-0.38478627022550843,-0.7161733630362922,0.9389138221740723,0.21500443080567078,-0.3832109505687948,-0.3035924720342381,0.8000859618186951,0.22463901162672054,-0.3845293488579599,-0.6499827034349038,0.9170557856559753,0.022876753537266786,-0.013160588809897329,0.1427057743627295,0.9994515180587769,-0.022876753537266786,0.013160588809897329,-0.14313073730994955,0.9992836117744446,0.045307188166318194,0.2746003223909242,0.09754505028022244,0.8597612977027893,-0.036261003946966026,0.31859679214340053,-0.2729562087741024,0.9767528176307678,0.01361553280886049,0.6047131466576701,0.3212492143142157,0.9240859150886536,-0.18398630051407194,0.5550338054697619,-0.19397690263232353,0.9815388321876526,-0.0034493864635060426,0.6564553023574333,0.33755642527198654,0.9006701707839966,-0.2073740020641984,0.561176406057243,-0.1898436528092541,0.9273529648780823,0.07054302217502971,0.6816080755607246,0.22752317403541814,0.9339808821678162,-0.17942179615361373,0.7003913964746753,-0.3363683190214804,0.9732217192649841,P9,P9/rob_2_frame74.jpg
-0.006721517513968902,-0.4810755948349434,-0.5800478839823856,0.9808929562568665,-0.013761701454696152,-0.5154651757633181,-0.5493578921407994,0.9739128351211548,-0.01334696864358801,-0.5203776103331609,-0.5494649409145095,0.974583089351654,-0.012621068133940587,-0.5246400173521081,-0.5495930687903786,0.9722238779067993,-0.02041325052032178,-0.5042002555800512,-0.5937864397562796,0.9775334596633911,-0.025140519643747188,-0.5012352466332108,-0.5938740036456409,0.9793691635131836,-0.02999591664304171,-0.4979355109913005,-0.593897739777484,0.9754108786582947,-0.0237004095550616,-0.5256498657673107,-0.33460361555058404,0.9670255184173584,-0.04624135040116383,-0.4905266494206531,-0.5327229378310144,0.9697585105895996,-0.005208900037464291,-0.4677483472561205,-0.49129240537555935,0.9720338582992554,-0.014514880802431839,-0.45729547438936413,-0.5488410112996206,0.9677724242210388,-0.003982178954949661,-0.4421097821593982,-0.053147686471563524,0.9985166192054749,-0.050249213976391406,-0.35604994873456663,-0.5640210942446983,0.9987303018569946,0.07131851464822551,-0.3832370897761826,-0.027324972611309922,0.657267689704895,0.08882774981422899,-0.33644644277169605,-0.6618987462074688,0.9703329801559448,0.18404175904142003,-0.34564460717660045,-0.2214954118400173,0.8109232783317566,0.1980676873369062,-0.3832808421983112,-0.6585646463149797,0.9641075134277344,0.22040669392703036,-0.3759956210756223,-0.25846955934832283,0.7884642481803894,0.22502012408977576,-0.37464903843181074,-0.7289700874736015,0.9464128017425537,0.21784874192776685,-0.3840821433058779,-0.30250114672902506,0.7991931438446045,0.22828118518850904,-0.3920798616995865,-0.722354555921469,0.9445835947990417,0.20757796416201527,-0.3845059690630155,-0.2486784935307273,0.7904053926467896,0.2199892450411342,-0.39325568590237797,-0.6556646460277393,0.924187958240509,0.023662384508029474,-0.014185231986313279,0.14542410582212473,0.9994656443595886,-0.023662384508029474,0.014185231986313279,-0.1457681173598125,0.9992753863334656,0.043498469135899366,0.28187506813102114,0.085184105963563,0.857823371887207,-0.034769595218279624,0.3245626708524917,-0.29071341167161846,0.9786418676376343,0.011171510828601053,0.6116409116458806,0.30341752674445766,0.9261588454246521,-0.18517247278468896,0.5595845041686939,-0.21576015422216813,0.9831894636154175,-0.008338762914915941,0.6647321436172989,0.31890957449697976,0.9034152626991272,-0.20999349937022058,0.5653163666930581,-0.21238416182832917,0.9326351284980774,0.06609904553712961,0.6913976211643049,0.20452161243915212,0.9361568689346313,-0.18242120711464413,0.7126774766773137,-0.3612971099994794,0.9755472540855408,P9,P9/rob_2_frame75.jpg
0.002304851366245819,-0.49779894981975353,-0.47930971934474054,0.9828011393547058,-0.006921158764287399,-0.5315715532880195,-0.4497278941083697,0.976516842842102,-0.007011972915599119,-0.5356683919465125,-0.44983955423532346,0.9771140813827515,-0.007026833413086492,-0.5391430357280639,-0.4499487965829241,0.974994421005249,-0.012127640205398908,-0.5219213703065868,-0.496710654259716,0.979777455329895,-0.016216399942638772,-0.5192154034486383,-0.4967494566698219,0.9814290404319763,-0.020449518798327397,-0.5161264839292492,-0.4967956893286715,0.9778670072555542,-0.020468389271327235,-0.5312096529980196,-0.2526207027003307,0.9702945351600647,-0.0366474610595632,-0.5037958092284176,-0.46466611435641014,0.9727804064750671,0.003554430500203831,-0.4812474220706833,-0.3972570991617316,0.9748157262802124,-0.0030576652984830996,-0.4732704013718268,-0.458074746592909,0.9709838628768921,-0.003002233284046076,-0.42298660579052766,-0.012592302567774554,0.9986228942871094,-0.043706433246977545,-0.3756486679551876,-0.5353221187669654,0.9988446831703186,0.06596887376853623,-0.4079491976187819,0.03148875656015031,0.6189336776733398,0.09122240220102548,-0.373507341031531,-0.6652427306808115,0.97319495677948,0.1748012603432385,-0.4739295705818024,-0.19775950532899514,0.7904349565505981,0.18863720908717585,-0.4793106038981624,-0.6505681073524876,0.9675188660621643,0.20444960399693374,-0.47645414501804007,-0.23184923594155765,0.7747113704681396,0.21471915128435798,-0.4745784200018562,-0.7237072301289091,0.9513320326805115,0.201219686662099,-0.483245274429313,-0.2962444007172496,0.7856906652450562,0.21127186968865636,-0.49090096635511904,-0.7125535422112144,0.949638843536377,0.19151224358915742,-0.4837588461460492,-0.24341568597100982,0.779021143913269,0.20308503291813296,-0.49377411380980063,-0.6462668778833152,0.9305028915405273,0.02094144844134192,-0.011936458725819301,0.15570703955533932,0.9995008111000061,-0.02094144844134192,0.011936458725819301,-0.15608002624822673,0.9993040561676025,0.03942130265008312,0.28804497380302163,0.11187744698692376,0.8585168123245239,-0.027832001657232708,0.325213083006696,-0.2905019388727146,0.9804354310035706,0.013905946404721127,0.6120368423554875,0.3371976024684367,0.9291195869445801,-0.18144667432081577,0.5559862302254379,-0.1961371311553911,0.9847067594528198,-0.005426145540875247,0.6646106877757731,0.35303155099657413,0.906603217124939,-0.20814461952098637,0.5632245898468069,-0.19147767229291943,0.9373893141746521,0.06831447356241609,0.6977604476945883,0.23474968661186085,0.9388161301612854,-0.18144183876210956,0.7092682518321707,-0.3468743515376395,0.9776914119720459,P9,P9/rob_2_frame76.jpg
-0.08294328768541409,-0.45471197029440624,-0.6183796612169409,0.9844846725463867,-0.08449384453229151,-0.48816733121183636,-0.6086928222280672,0.9787249565124512,-0.08078395913432554,-0.49600234991355624,-0.6086639645692671,0.9792476892471313,-0.07719325126575538,-0.5038723396277629,-0.6086624526645918,0.9773474335670471,-0.09721159225000293,-0.4722580841947886,-0.6080354723692927,0.981692910194397,-0.10196705833333573,-0.46951292544956014,-0.6081367699825299,0.9831861853599548,-0.10638333188954087,-0.4673510989690082,-0.608334106410134,0.9799865484237671,-0.07053377131648206,-0.5248199103723742,-0.41540609703140374,0.9728109240531921,-0.10831403415974762,-0.47149720173325704,-0.4408791928787485,0.9753384590148926,-0.07013134173294028,-0.4517689492416867,-0.5466252569477004,0.9772819876670837,-0.08444585799260097,-0.43451476441358616,-0.5450179708080107,0.9738326668739319,0.0002303353905146059,-0.4570886844437916,-0.189810182564816,0.9987501502037048,-0.11867984981774954,-0.33409379294808816,-0.33344712502451873,0.9989568591117859,0.02901456821149268,-0.20967113755912645,-0.09065006564656027,0.6499066352844238,-0.05363146586778355,-0.12336353329650417,-0.29179277078856525,0.9738364219665527,0.0488752766996061,-0.10520161404842183,-0.27931663201144646,0.8030052185058594,0.04542958020988161,-0.05612269036256738,-0.38714103912888587,0.9672961235046387,0.06239038979601105,-0.026448340097822674,-0.3215777530345417,0.7839428782463074,0.0671839164361669,0.02644899744768145,-0.4401683347414697,0.9495108127593994,0.05755715922438522,-0.01382590810963357,-0.38222363490784395,0.7947236895561218,0.0776232895433657,0.025589446772347833,-0.4694702963112186,0.9478052258491516,0.05074885526708535,-0.062100498508291475,-0.3078784505077081,0.7855514287948608,0.06870147432013385,-0.0037372968870768844,-0.39744447228529006,0.9274154305458069,0.03632166924163069,-0.01280990816791161,0.04741933303958941,0.9994871020317078,-0.03632166924163069,0.01280990816791161,-0.0475004746627819,0.9993473291397095,0.007885240230930237,0.3221715042944799,0.07597305380727834,0.8642867207527161,-0.07652439778445226,0.3148928007782409,-0.14876550388912949,0.9810366630554199,-0.011795025720949566,0.6236003337953284,0.2610230127191586,0.9310595393180847,-0.15199558962517593,0.6039028452771488,0.004191183868919,0.9853219389915466,-0.029388271606206016,0.6675527174025719,0.26800535005156906,0.9053483009338379,-0.14985065703599454,0.6428203233760943,0.009866171220111453,0.9366633892059326,0.02783396786513357,0.7197526067479162,0.08061677041461945,0.9387906789779663,-0.1905118213703255,0.7206346387884199,-0.2108053125717096,0.9782739877700806,P9,P9/tom_1_frame54.jpg
-0.07827884833524686,-0.46988783804979267,-0.5454693569830141,0.9850748777389526,-0.08340510429717286,-0.49995288547105254,-0.530087980430304,0.9784848093986511,-0.08083856250516291,-0.505997327781548,-0.530134839817788,0.978559672832489,-0.07861404593313924,-0.5122613489950443,-0.5302186714230257,0.9772801995277405,-0.09333510769438244,-0.4820827440478266,-0.537845318536486,0.9818127155303955,-0.09770356201541608,-0.47599025073655704,-0.5379348827678213,0.9833189845085144,-0.10188522290180563,-0.4704421636699813,-0.5380913061664535,0.9806075692176819,-0.07378028272525422,-0.5097092353855723,-0.37849428707971267,0.9710860848426819,-0.10346498006666122,-0.45776217444563544,-0.3918259599506143,0.9758409857749939,-0.06567402736546293,-0.4605694221222195,-0.472823908784752,0.9781584739685059,-0.07871188704597523,-0.4360561976362282,-0.48168287727462983,0.9745051860809326,-0.014953361941258365,-0.4593034135160368,-0.13474833130529923,0.9988230466842651,-0.09684147810876896,-0.3328467703116189,-0.3659204802612326,0.9989920854568481,0.08179488047901153,-0.34029016662454037,-0.0627087500277376,0.6774731874465942,-0.005719325116921022,-0.22095441120640152,-0.46749849237457786,0.9749667644500732,0.1786014153331962,-0.26137238812551694,-0.2228751469038941,0.8166326284408569,0.10698056132972157,-0.2375561607968649,-0.6116421550247414,0.9682320356369019,0.20021882628997043,-0.25982470790219675,-0.25304400960732215,0.7957525849342346,0.12446017565148303,-0.23104132108871214,-0.6788713021451457,0.9500442147254944,0.2040532446225095,-0.25586397856092075,-0.31115219434287794,0.8066631555557251,0.12308022305016743,-0.23672808617762883,-0.6872058319643779,0.9485134482383728,0.19563774951108845,-0.2541139817244223,-0.24997808522952056,0.7975050806999207,0.12180320007249366,-0.23933681752125668,-0.616967378200328,0.9271624684333801,0.03194660480612409,-0.009918666968072564,0.05038050813856474,0.9993864297866821,-0.03194660480612409,0.009918666968072564,-0.05030274329423241,0.9992252588272095,0.014906599171068152,0.2978849652069285,0.003303754388240497,0.8744710683822632,-0.07377145834575552,0.2970991445508395,-0.10353719344232169,0.9819952845573425,-0.006145793851672261,0.5897226539960773,0.17684610454553976,0.936073899269104,-0.14559817159651378,0.5783023610480537,0.05700397386497182,0.9861781597137451,-0.02640689123834275,0.6390487454018406,0.18340894694581955,0.9103185534477234,-0.1430385218381269,0.6083422235614012,0.06429663109671198,0.9379480481147766,0.026643539196578067,0.6815572629122695,0.0140158350246201,0.9423426389694214,-0.18503194034964235,0.6993715595396898,-0.11532075936352229,0.9793152809143066,P9,P9/tom_1_frame55.jpg
-0.059892313934142835,-0.5037234016866912,-0.6007597379386703,0.9865421652793884,-0.07209326013974555,-0.5294655424915232,-0.5717681166632902,0.9805886149406433,-0.07170785275553447,-0.5347234993687497,-0.5718455709491431,0.9806352257728577,-0.07140356346986816,-0.5400126307925643,-0.5719515001301271,0.9795050621032715,-0.07657056780395614,-0.5119447402574272,-0.6040152604862892,0.9836080074310303,-0.07953684198116975,-0.5043552486824875,-0.6040905293400102,0.9849643111228943,-0.08285606344769339,-0.4967190274263734,-0.6042212696034334,0.9825271368026733,-0.0753852922594511,-0.5277321734238081,-0.37466402482136135,0.9738224744796753,-0.09290455183557157,-0.469439627948961,-0.43671647772439837,0.9782309532165527,-0.05141206593318624,-0.4906432689898878,-0.4862456331823699,0.9802623987197876,-0.05810990119829008,-0.4713890976880767,-0.5292993532333715,0.9769684076309204,-0.024513381588642743,-0.46451809906522357,-0.12088986196095802,0.9988860487937927,-0.07383222134262188,-0.32941397761645713,-0.5049752364950972,0.9990276098251343,0.07540431837448221,-0.40475630042354915,-0.045836024229960456,0.6924543976783752,0.04824666032230254,-0.25170071805586114,-0.6297133069839883,0.977319598197937,0.17578211607879843,-0.4066101896455998,-0.2256227438236347,0.8286272883415222,0.1464226351536784,-0.38127556765596093,-0.6951988166566574,0.9711793065071106,0.20562303484710406,-0.42314137678841596,-0.2578922561872784,0.8062413930892944,0.18624609368140982,-0.39678988608326354,-0.7709399808278304,0.9543506503105164,0.20661290704804647,-0.4311538780357195,-0.32367808601519765,0.8171181082725525,0.1859302344609273,-0.4183403680590141,-0.7661387792661816,0.9529144167900085,0.19712350362145378,-0.4193322328598415,-0.25977325440937765,0.808795690536499,0.16902925934590196,-0.40769242849282494,-0.6949045546478317,0.9326009154319763,0.0260212654822731,-0.008192413733695551,0.09627407037983791,0.9993718266487122,-0.0260212654822731,0.008192413733695551,-0.09628744008229219,0.9991863369941711,0.011364343502267282,0.2957556874103744,0.08733018937982953,0.882688045501709,-0.0730134556221281,0.2853894114795443,-0.13585517091187757,0.9834386110305786,-0.00784740470521774,0.5875376164307058,0.318863064809185,0.9409608840942383,-0.14381297207846663,0.5549587368655599,0.044920637501735895,0.987353503704071,-0.029137048928278394,0.6364428310150054,0.3329971864290373,0.9161589741706848,-0.14979758513956679,0.5819670784811947,0.05451682178506983,0.9413101673126221,0.03235419785875681,0.6789597703679505,0.19854993196010726,0.9466620683670044,-0.18207603206398523,0.6965323159216412,-0.13326688007736798,0.9810295104980469,P9,P9/tom_1_frame56.jpg
