NOSE_X,NOSE_Y,NOSE_Z,NOSE_V,LEFT_EYE_INNER_X,LEFT_EYE_INNER_Y,LEFT_EYE_INNER_Z,LEFT_EYE_INNER_V,LEFT_EYE_X,LEFT_EYE_Y,LEFT_EYE_Z,LEFT_EYE_V,LEFT_EYE_OUTER_X,LEFT_EYE_OUTER_Y,LEFT_EYE_OUTER_Z,LEFT_EYE_OUTER_V,RIGHT_EYE_INNER_X,RIGHT_EYE_INNER_Y,RIGHT_EYE_INNER_Z,RIGHT_EYE_INNER_V,RIGHT_EYE_X,RIGHT_EYE_Y,RIGHT_EYE_Z,RIGHT_EYE_V,RIGHT_EYE_OUTER_X,RIGHT_EYE_OUTER_Y,RIGHT_EYE_OUTER_Z,RIGHT_EYE_OUTER_V,LEFT_EAR_X,LEFT_EAR_Y,LEFT_EAR_Z,LEFT_EAR_V,RIGHT_EAR_X,RIGHT_EAR_Y,RIGHT_EAR_Z,RIGHT_EAR_V,MOUTH_LEFT_X,MOUTH_LEFT_Y,MOUTH_LEFT_Z,MOUTH_LEFT_V,MOUTH_RIGHT_X,MOUTH_RIGHT_Y,MOUTH_RIGHT_Z,MOUTH_RIGHT_V,LEFT_SHOULDER_X,LEFT_SHOULDER_Y,LEFT_SHOULDER_Z,LEFT_SHOULDER_V,RIGHT_SHOULDER_X,RIGHT_SHOULDER_Y,RIGHT_SHOULDER_Z,RIGHT_SHOULDER_V,LEFT_ELBOW_X,LEFT_ELBOW_Y,LEFT_ELBOW_Z,LEFT_ELBOW_V,RIGHT_ELBOW_X,RIGHT_ELBOW_Y,RIGHT_ELBOW_Z,RIGHT_ELBOW_V,LEFT_WRIST_X,LEFT_WRIST_Y,LEFT_WRIST_Z,LEFT_WRIST_V,RIGHT_WRIST_X,RIGHT_WRIST_Y,RIGHT_WRIST_Z,RIGHT_WRIST_V,LEFT_PINKY_X,LEFT_PINKY_Y,LEFT_PINKY_Z,LEFT_PINKY_V,RIGHT_PINKY_X,RIGHT_PINKY_Y,RIGHT_PINKY_Z,RIGHT_PINKY_V,LEFT_INDEX_X,LEFT_INDEX_Y,LEFT_INDEX_Z,LEFT_INDEX_V,RIGHT_INDEX_X,RIGHT_INDEX_Y,RIGHT_INDEX_Z,RIGHT_INDEX_V,LEFT_THUMB_X,LEFT_THUMB_Y,LEFT_THUMB_Z,LEFT_THUMB_V,RIGHT_THUMB_X,RIGHT_THUMB_Y,RIGHT_THUMB_Z,RIGHT_THUMB_V,LEFT_HIP_X,LEFT_HIP_Y,LEFT_HIP_Z,LEFT_HIP_V,RIGHT_HIP_X,RIGHT_HIP_Y,RIGHT_HIP_Z,RIGHT_HIP_V,LEFT_KNEE_X,LEFT_KNEE_Y,LEFT_KNEE_Z,LEFT_KNEE_V,RIGHT_KNEE_X,RIGHT_KNEE_Y,RIGHT_KNEE_Z,RIGHT_KNEE_V,LEFT_ANKLE_X,LEFT_ANKLE_Y,LEFT_ANKLE_Z,LEFT_ANKLE_V,RIGHT_ANKLE_X,RIGHT_ANKLE_Y,RIGHT_ANKLE_Z,RIGHT_ANKLE_V,LEFT_HEEL_X,LEFT_HEEL_Y,LEFT_HEEL_Z,LEFT_HEEL_V,RIGHT_HEEL_X,RIGHT_HEEL_Y,RIGHT_HEEL_Z,RIGHT_HEEL_V,LEFT_FOOT_INDEX_X,LEFT_FOOT_INDEX_Y,LEFT_FOOT_INDEX_Z,LEFT_FOOT_INDEX_V,RIGHT_FOOT_INDEX_X,RIGHT_FOOT_INDEX_Y,RIGHT_FOOT_INDEX_Z,RIGHT_FOOT_INDEX_V,Pose_Class,Image_Path,group
0.2066333829416913,-0.455493529844274,-0.3024571765429396,0.9984222650527954,0.2105638317819842,-0.4848854185001439,-0.2825263564686314,0.9977025389671326,0.2101462546389491,-0.4872179897693081,-0.2826800414202061,0.9976690411567688,0.2095104289387763,-0.4902883762132445,-0.2827923508791185,0.99784517288208,0.2071846102519403,-0.4887065519510472,-0.3470089310437775,0.9984050393104552,0.2043729241555044,-0.4936167622650058,-0.347076010941812,0.998402774333954,0.2013961183100604,-0.4992831343925153,-0.3471805485606862,0.9985563158988952,0.1879045862254195,-0.5101620541521901,-0.1626326487143801,0.9942300319671632,0.1785226375235908,-0.5186993567305249,-0.4501179328303242,0.9977498650550842,0.1898364618073693,-0.4410511577234865,-0.2491514634968007,0.9976758360862732,0.1852283977007967,-0.4443747023011257,-0.3333364807156249,0.9988013505935668,0.1308778180947706,-0.3879084622073288,0.0673763985096905,0.9989474415779114,0.1067272711013714,-0.3759919380989501,-0.5706995280574632,0.999941110610962,0.1496146414655081,-0.1750944597716672,0.1501065766436626,0.2352525740861892,0.1400276308531638,-0.0994157214746321,-0.6201109122084046,0.9900387525558472,0.173703905589098,0.0351557273018909,0.0325322395767893,0.2024314552545547,0.180503947104472,0.1130755584886244,-0.5248253822334074,0.9635465145111084,0.1839531151948595,0.0848726976549894,0.029952408729771,0.1806357949972152,0.1907341093317792,0.1759475784748747,-0.5766332642230074,0.9465019106864928,0.1864826580164668,0.094605462119853,-0.018331166765138,0.1895619183778762,0.195165204818466,0.1774681835708696,-0.5744954348800458,0.9418604969978333,0.1814663174934622,0.0814067118123882,0.0058223200501813,0.1984964460134506,0.1899313801816061,0.1580255879396157,-0.5203147527935429,0.8944501876831055,0.0229028162974333,0.0026035664127906,0.2034916166062567,0.9975940585136414,-0.0229028162974333,-0.0026035664127906,-0.2037714984030415,0.999504804611206,0.0809686539597443,0.3136536269310594,0.3178336983548737,0.6908634901046753,0.0429676050569898,0.3522571208439867,-0.3601986035872633,0.9947388768196106,0.0731570628708763,0.6480120727599017,0.5353369551440642,0.8560335040092468,-0.016983859368683,0.7511685974371737,-0.4014089127969316,0.995979905128479,0.0507370243581097,0.6979506042576953,0.5479497596755357,0.778704047203064,-0.0382179915359513,0.8028594877527564,-0.4212839285116214,0.973942756652832,0.1485620667691895,0.7305070969920627,0.464937716970015,0.9205010533332824,0.0673070969483665,0.8356853193369717,-0.6214838523436741,0.994324505329132,P1,P1/eric_DTL_1_frame0.jpg,1
0.2088982831411472,-0.4535526751679274,-0.2523516825149469,0.9984784722328186,0.2128010337494577,-0.4851892632793876,-0.2302362912228733,0.997793674468994,0.2123569053458705,-0.4876737828727313,-0.2304251963732642,0.997747838497162,0.2116827558361856,-0.4908125438645926,-0.2305351189456724,0.997930645942688,0.2094604019742956,-0.4888160266013576,-0.2977932935387239,0.9984652400016784,0.206695330177401,-0.4934541726919248,-0.2978518132412951,0.9984535574913024,0.2037684574260519,-0.4988096448007912,-0.2979863831965576,0.9986110329627992,0.1901875751188431,-0.5091995231747317,-0.102382731937759,0.9943971633911132,0.1809041185537535,-0.5175687916668271,-0.4056186985993514,0.9978249669075012,0.1923687813242123,-0.438859411298843,-0.1967352672895446,0.997779130935669,0.1879828469095152,-0.4420911824788647,-0.2852327336296492,0.9988601803779602,0.1330795731949693,-0.3857757643056325,0.1240313049686531,0.999001443386078,0.1120664350547109,-0.3757381453764216,-0.532938107094434,0.99994295835495,0.152843192052159,-0.1740476129038553,0.1987545932884243,0.2338532954454422,0.1417920981006295,-0.1069326150370566,-0.5818681866392782,0.9889885187149048,0.1752355058045848,0.0348311425358921,0.0633421730445055,0.2049806863069534,0.1808293680344346,0.1126494130234453,-0.4748238579338246,0.9606043696403505,0.1846415177164459,0.0829546265703243,0.0549187040857411,0.1835938096046447,0.1894023459570404,0.1699402652422434,-0.5259511525950882,0.9434238076210022,0.1865219465989574,0.0938089852704146,0.0063047723005984,0.1925399005413055,0.1920260321236709,0.1673440953821307,-0.528137494332319,0.9384915232658386,0.1822563484740545,0.0813675570202036,0.0358186228907631,0.2006546854972839,0.1876162586968754,0.1517039282000449,-0.4715456133605368,0.8894820213317871,0.0195571197550506,0.0020370309034766,0.2053360626764008,0.9976944327354432,-0.0195571197550506,-0.0020370309034766,-0.205530388665979,0.9995247721672058,0.0789534766354802,0.3152826643015702,0.3377292815483105,0.6952469944953918,0.0458948534113779,0.3528100878680625,-0.3729143636720721,0.9947338700294496,0.0716624796294388,0.654002310978822,0.5659950184745824,0.8577871322631836,-0.0128873953010079,0.747807048340166,-0.398648260224079,0.9960812330245972,0.0489769333478779,0.7098347989521794,0.5795814801250483,0.7833259105682373,-0.0351284327692141,0.8008910757431441,-0.4164904610463061,0.9747645854949952,0.147901161958966,0.7291274071155432,0.4916915123332767,0.9214187860488892,0.0683461306777704,0.8317618355909455,-0.6166510805363224,0.9945074319839478,P1,P1/eric_DTL_1_frame1.jpg,1
0.2105877780570219,-0.4522703939699878,-0.2751821436041806,0.9985367059707642,0.2144885244487501,-0.4853847546169219,-0.2501295682414041,0.9978840351104736,0.2140394320232609,-0.4879805240339628,-0.2503775126001185,0.9978286623954772,0.2133519254717188,-0.4912251724814589,-0.2505200861472123,0.998020589351654,0.2111483203794177,-0.4888084194613241,-0.3230246397892136,0.9985210299491882,0.2083847428789664,-0.4933204938671065,-0.323058106420188,0.9984973073005676,0.2054488613049454,-0.4985716837255553,-0.3231967222294655,0.998656690120697,0.1916427520304302,-0.5095873028824686,-0.1158871384056704,0.9945887327194214,0.1822883062516697,-0.5170023304836404,-0.4340288954176185,0.9978700876235962,0.1941653191288211,-0.4373896163997905,-0.2121176020325278,0.9978825449943542,0.1898129473594014,-0.4405643553664998,-0.3090803263101538,0.9989156126976012,0.135017972307261,-0.3840054957243986,0.116371660500091,0.9990594983100892,0.1135569015341996,-0.3763960640416909,-0.5498462351591611,0.9999432563781738,0.156474357118748,-0.1724571905303161,0.1798819066736623,0.241999939084053,0.1389310035171709,-0.1074126243910797,-0.6165243654975437,0.987867832183838,0.1762817900464589,0.0401222161815668,0.0261334098139764,0.2180164456367492,0.1771709829171188,0.1138562014988181,-0.5408997846564054,0.9583986401557922,0.1865301779812589,0.0961765750687508,0.0138080159147081,0.1953063905239105,0.1866371952118111,0.1693807934328658,-0.6000152162802151,0.9413368105888368,0.1882618307544439,0.1109060720686585,-0.0387414920628137,0.2046008855104446,0.1894010893312877,0.1675435165528398,-0.6029063912478634,0.9361859560012816,0.1833198510361056,0.0896350993583888,-0.0029891022638709,0.2114801257848739,0.1847262727464998,0.1514079777853683,-0.5390859375842518,0.8857026100158691,0.0189023141200784,0.0009920307300781,0.2057657652873708,0.9977585673332214,-0.0189023141200784,-0.0009920307300781,-0.2059527129908607,0.9995301365852356,0.0796023606417225,0.317065838071116,0.3337945942443945,0.6987916231155396,0.0464395572839171,0.3546720728300181,-0.3767302554228978,0.9946516752243042,0.0723755313891904,0.6573313653070351,0.5582156791502052,0.8586005568504333,-0.0104097053281915,0.7477390150871622,-0.3911117247901929,0.9961333870887756,0.0492534772093915,0.7154860481604665,0.5714384495325028,0.7863675951957703,-0.0334191697825929,0.8016345388122229,-0.4065268286274909,0.9752560257911682,0.1496970002345355,0.7282784699635728,0.484572405183703,0.9214298129081726,0.0696072679271647,0.8313468280322804,-0.6080909011395834,0.9945952892303468,P1,P1/eric_DTL_1_frame2.jpg,1
0.2108985544609353,-0.4516077616253737,-0.2763779718358766,0.9986013174057008,0.2147055094245556,-0.4858926059229857,-0.2537849273106817,0.9979884028434752,0.214207886791105,-0.4884794242256387,-0.2539830309125735,0.9979273080825806,0.2134499498478189,-0.4917336052189788,-0.254102756586068,0.9981257915496826,0.2113249530822517,-0.4891056282615262,-0.3223194766255829,0.9985836744308472,0.2085192312449598,-0.4934939098303795,-0.3223760776546948,0.9985478520393372,0.2054519975259471,-0.4987411025614913,-0.3225068020805057,0.9987056851387024,0.1911613722169728,-0.5102362169092496,-0.1265556150475108,0.9948301911354064,0.1816865616399545,-0.5169523891331036,-0.4337682896091415,0.997907817363739,0.1945690945320464,-0.4362974353709956,-0.2184880717397724,0.997995138168335,0.1902256903938476,-0.439255374897937,-0.309109061157277,0.9989694356918336,0.1368953561612644,-0.3815238379261577,0.1020404124948454,0.9991242289543152,0.1103649789121843,-0.3793061869147168,-0.5494596585721249,0.9999428987503052,0.1589874059426997,-0.1709186570621059,0.1736207101436831,0.2597391009330749,0.1342780943206815,-0.1157149422200968,-0.6142969568111222,0.9868043661117554,0.1764790148412607,0.0466846296596724,0.0273025136919092,0.2443764060735702,0.1720520958215771,0.1063738815136526,-0.5491288766113461,0.9567548036575316,0.1870556545829845,0.1064873356922733,0.0161974532344967,0.2182676643133163,0.182792424731011,0.1641069312078135,-0.6086047085493207,0.9399320483207704,0.1887174431492828,0.119866734856625,-0.0358096369432256,0.2280748784542083,0.1852921354365229,0.161272467645271,-0.6141944068396689,0.9346792101860046,0.1836227202282174,0.0979470093664949,-0.0011466871446652,0.2330165803432464,0.1809245277402183,0.1427699820151988,-0.5483627457551596,0.8831700682640076,0.0197605979258278,0.0003479261477703,0.2047717451799666,0.9978413581848145,-0.0197605979258278,-0.0003479261477703,-0.204958771241918,0.9995412826538086,0.0803430493160496,0.3163338232518483,0.3311547523007258,0.7034289836883545,0.0465097526493483,0.353712058759655,-0.4000550967965301,0.9946034550666808,0.0728433499286207,0.6583555634464182,0.5498365785655428,0.8591578602790833,-0.0089849091307238,0.7460812337405701,-0.4308098773564558,0.9962120652198792,0.0496288601400305,0.7165599522226492,0.5625599604570695,0.7889060378074646,-0.0324958925061096,0.8017436186147033,-0.4477131948238185,0.975742518901825,0.1479343847109671,0.7266828382799891,0.4691224395402543,0.9211572408676147,0.0696638596028725,0.8281681052970707,-0.6522957236458854,0.9947140216827391,P1,P1/eric_DTL_1_frame3.jpg,1
0.2126674020971048,-0.4547652925550371,-0.2991364706805202,0.9986634850502014,0.2162853399865823,-0.4894138041760574,-0.2763202190693898,0.998081624507904,0.2157619805685822,-0.4918622209955834,-0.2765537198263487,0.9980196356773376,0.2149703222246597,-0.4950025666240674,-0.2767084834220112,0.998224139213562,0.2126246608678342,-0.4928355610839863,-0.3454371050508986,0.9986343383789062,0.2095953289631636,-0.4973325309807624,-0.3454704217760748,0.9985858201980592,0.2061732568544288,-0.5027713208853586,-0.3455910176043854,0.998736560344696,0.1923198031972348,-0.5126895555219266,-0.1361740607772409,0.9950696229934692,0.1819116834682458,-0.5199715766988552,-0.4501852042057636,0.9979003071784972,0.1963323724956114,-0.4392118348716797,-0.2377125174064602,0.9981072545051576,0.1917276669634026,-0.442102415381624,-0.3292352162697878,0.9990154504776,0.1425843310854855,-0.3818554376765735,0.0847487419852961,0.9991964101791382,0.1007461521236448,-0.3802405378679843,-0.5498062155329179,0.9999412894248962,0.1664309110907128,-0.173969726364151,0.1706252882138922,0.298068642616272,0.1275041789321624,-0.1151297420161643,-0.6184683613118557,0.9861626625061036,0.1783408996193204,0.0468697294253044,0.0278487476770115,0.296457439661026,0.1705121311245992,0.099895708829435,-0.5780709652334638,0.9571287631988524,0.1891602933597564,0.1070870782546069,0.0165155569230224,0.2662054598331451,0.1811084887748298,0.1597820968126161,-0.6414761919727694,0.940865993499756,0.1905821011546942,0.1204460448876148,-0.0371293429034158,0.2763406634330749,0.1844239599710329,0.1569275122346975,-0.6506859182379929,0.9356892704963684,0.1852713458174262,0.0982209839078992,-0.000322742600736,0.2783201038837433,0.1794637709700091,0.1315871325704808,-0.5791530495998781,0.8844470381736755,0.0219917808633208,-0.0002767463075187,0.2030510983124412,0.9979509711265564,-0.0219917808633208,0.0002767463075187,-0.2032513769044656,0.99955415725708,0.0853079318548989,0.3118281572075861,0.2923745623532917,0.710654079914093,0.0462442764662959,0.3541581124666826,-0.4402044967694801,0.9945165514945984,0.0747895548840306,0.6594899810661132,0.4955093464796808,0.8600265383720398,-0.0071515595633955,0.7479334359771669,-0.4884967274314951,0.9962679147720336,0.0515252138073324,0.717466756487254,0.5073193848327597,0.7921480536460876,-0.0309301822748858,0.8034593360124962,-0.5070081870771638,0.9760988354682922,0.1497064193735359,0.7282057740222032,0.4113586113432254,0.9209816455841064,0.070610307399531,0.8292050639130102,-0.7187859348998136,0.994803547859192,P1,P1/eric_DTL_1_frame4.jpg,1
0.211238427748242,-0.4587665643533238,-0.3702860440108754,0.9986941814422609,0.2155039817595049,-0.4924481753082053,-0.3478723697415402,0.9981123208999634,0.2151571696746525,-0.4947622217130962,-0.3481044973035446,0.998049259185791,0.2145275938146388,-0.4977782629578695,-0.3482865910869883,0.9982721209526062,0.2110356292389427,-0.4964152388306401,-0.4147694975164219,0.9986404180526732,0.2075006698573351,-0.5013439782109624,-0.4148204190933348,0.9985765814781188,0.2035743182307634,-0.5071615305701276,-0.4149286670781296,0.9987224340438844,0.1918305216284622,-0.5163534142233283,-0.2036999416975932,0.9951919317245485,0.1784938879540598,-0.5254163768729625,-0.5053222343340512,0.997811198234558,0.1951743507076846,-0.4431011087728837,-0.3074724398779807,0.9981924891471864,0.1892860281370191,-0.4466961847857658,-0.3952757920273232,0.9990445375442504,0.1471316501941822,-0.3836095509524996,0.0205793401919057,0.9992607235908508,0.0868105082278776,-0.3814205572869264,-0.5847929013925747,0.9999392032623292,0.1716468065772353,-0.1742656848877554,0.1193757127549246,0.3422616124153137,0.1236891444630358,-0.1136254428280192,-0.6478568329536929,0.9861762523651124,0.1787089888119532,0.0472422234706989,-0.0242513435356634,0.3442090451717376,0.1701256275149865,0.1005363780655318,-0.6329495571659929,0.9585688710212708,0.1889282454011008,0.1075695166113006,-0.0431533651118279,0.3088077902793884,0.1793120575497382,0.1613060484421786,-0.7030116226521378,0.942948877811432,0.188831792451556,0.1205803282904624,-0.0983706177657637,0.3190704882144928,0.1835464752045076,0.1588997344228315,-0.7148998767291681,0.9379405379295348,0.1834542710042196,0.0986864599563137,-0.0522335407446917,0.3189840018749237,0.1794161836136124,0.1350837826562681,-0.6359295791633358,0.887789785861969,0.0255229977552526,-0.0008259695383438,0.1967021248434066,0.9980507493019104,-0.0255229977552526,0.0008259695383438,-0.1968794942713335,0.9995622634887696,0.0894615375215792,0.3104069622097757,0.2434894467798784,0.719552218914032,0.0416957666797811,0.3573974948476389,-0.4428868322991744,0.9942581653594972,0.0749588441257897,0.66474605514841,0.4413603898609806,0.861271858215332,-0.0076388706786102,0.7536723770919761,-0.4846652276398739,0.9962462186813354,0.0515068896836096,0.7230944457620592,0.4524655423772425,0.7959945201873779,-0.0315501973538623,0.8095254201943907,-0.5033275416792639,0.9758894443511964,0.1511420890075366,0.7347142042517306,0.3463950098693868,0.9209505319595336,0.0686887048495297,0.8354339126769824,-0.7238508499580949,0.9947887659072876,P1,P1/eric_DTL_1_frame5.jpg,1
0.2094734111778844,-0.4618845054799775,-0.374178017922092,0.9987561702728271,0.2143197963210154,-0.4950201128541524,-0.3515880946802771,0.9981642961502076,0.2141104215777649,-0.4971548816844833,-0.3517976286680844,0.9981036186218262,0.2136310317640432,-0.4999867594865614,-0.3519770972835721,0.9983386397361756,0.2093634050380628,-0.4994683866053407,-0.4175383679488983,0.9986724853515624,0.2055061833838084,-0.5046876588026209,-0.417578752368497,0.9985982179641724,0.2012969038634312,-0.5107925218290498,-0.4176725474124387,0.9987331628799438,0.191329277472172,-0.5186367176024206,-0.2072821264543534,0.9953535795211792,0.1745705714104202,-0.5310092552901272,-0.5042255310988538,0.9977617859840392,0.193568638127394,-0.4456665939330407,-0.3111780367079684,0.9982986450195312,0.1869255921968813,-0.4498896958809461,-0.3977124206301518,0.9990886449813844,0.1510984970218829,-0.3832152739148368,0.0150839758456588,0.9993255138397216,0.0749598525573981,-0.3841813787918919,-0.5837421347995168,0.9999395608901978,0.176861527302038,-0.1740799707799014,0.1256201721225618,0.3946234881877899,0.1043144208732807,-0.1169055694885309,-0.6470057294529292,0.986495852470398,0.1799808733780102,0.0488636826644654,-0.0161139994972474,0.3996941149234772,0.1673374288503144,0.0922448300303868,-0.6505629343622156,0.9607145190238952,0.1898317416602404,0.1153652287397376,-0.0342156716371736,0.3618497252464294,0.1754408747621183,0.1569321347192091,-0.7229034687519216,0.9458070397377014,0.188972075844935,0.1217681338786304,-0.0907510046166281,0.372042566537857,0.1816970838153081,0.1561350201658057,-0.7333939268719913,0.9410406351089478,0.1837747156986673,0.0992431824159805,-0.0442105487532113,0.3700832724571228,0.1780625497492507,0.1319659005033438,-0.6530717368075044,0.8924813270568848,0.0279035956123525,-0.0001311538169616,0.1920956419016617,0.9981329441070556,-0.0279035956123525,0.0001311538169616,-0.1923113386538163,0.9995684623718262,0.0926290552969786,0.3101368639468485,0.2431376786316479,0.7249857187271118,0.0336876127057869,0.3597279120488489,-0.4448240309831331,0.9939303994178772,0.0748997218127591,0.668312778545348,0.4380706922725966,0.86050945520401,-0.0083192541351482,0.7577590447349344,-0.4874100384281553,0.996163249015808,0.0515075881917239,0.7266272434675969,0.448935693590206,0.7977536916732788,-0.0322257476745733,0.8137845920958923,-0.5062947548696152,0.975522756576538,0.1521574096266278,0.7389430900930909,0.34203501371922,0.9193767309188844,0.0669255824810581,0.8398520342707824,-0.7309213047900022,0.9946826100349426,P1,P1/eric_DTL_1_frame6.jpg,1
0.2443082332864876,-0.3220850876705775,-0.2655930620535273,0.9986532926559448,0.2484185291227912,-0.3476642271354067,-0.2183862964782763,0.9979397058486938,0.2480518287653093,-0.3483961450965546,-0.2186278063972062,0.9978612065315248,0.2475880847270549,-0.3497829800793124,-0.2187522298941293,0.9981735348701476,0.2419336797446341,-0.3553300643631339,-0.3379790581635957,0.9984813332557678,0.2366353401957749,-0.3617905249974931,-0.3382311263122831,0.9984079599380492,0.230430373382712,-0.3698980694740053,-0.3388728519378763,0.9985862970352172,0.220860168961068,-0.3722341225460898,-0.0057289856618916,0.9949436783790588,0.1910651002329195,-0.4045340737635573,-0.4235465823078712,0.9976401925086976,0.2305471530280673,-0.3102124733496353,-0.1671298362377626,0.9982691407203674,0.2213015183037596,-0.3198647916550099,-0.3091830842953711,0.999095380306244,0.1575514894524922,-0.2681813622273459,0.3216215737148117,0.9992650747299194,0.0776490052145578,-0.3662893023335383,-0.6260748011613603,0.99994295835495,0.1562281572366046,-0.0442638060275237,0.4590483614375293,0.3727540969848633,0.0857059315435649,-0.0972912239656128,-0.7172027032443576,0.9865184426307678,0.1982632053259222,0.2116512196113411,0.3130755687090767,0.3852801024913788,0.1888096782907498,0.1969264516315294,-0.6829344219011261,0.9609719514846802,0.2209681543424124,0.2924748007455438,0.3098268550986414,0.3487426042556762,0.1973308088229886,0.2705149099567761,-0.7615703787331508,0.945498824119568,0.2212650118822255,0.2917044845735106,0.2410253396441259,0.3584196269512176,0.2122035454077295,0.2808746552206168,-0.7562469857577486,0.9407313466072084,0.2103677939248754,0.2628484591757458,0.2764035389126527,0.3565851151943207,0.2061300835192962,0.2515457847439351,-0.675064884976772,0.8932264447212219,0.0364848960389806,0.0254819679604518,0.2958801494013145,0.9979988932609558,-0.0364848960389806,-0.0254819679604518,-0.2958713551373035,0.9995558857917786,0.1628888918949817,0.4064997962877833,0.4314051775316535,0.6824364066123962,0.118401113347108,0.4235323427582953,-0.4333344447637874,0.992128610610962,0.1821613169573183,0.7227299748694335,0.7414277305692607,0.8178793787956238,0.1653178471630428,0.8272464280969899,-0.4616265635465678,0.995011270046234,0.1445915052901436,0.7581516341635959,0.7598301881772535,0.7639147639274597,0.143869455311287,0.8778993436226673,-0.4806232475286061,0.9741586446762084,0.2930948219230402,0.8116046024468219,0.6300861103980981,0.8860052824020386,0.3036715605384081,0.9527767751788284,-0.7506603272858777,0.9931603074073792,P1,P1/grant_DTL_1_frame108.jpg,2
0.3653686627975608,-0.408695166816386,-0.5215934823316626,0.9987163543701172,0.3723522500334515,-0.4345183672891691,-0.4788888458265119,0.9980499148368835,0.3711513447299389,-0.4357621023165184,-0.4790646819192943,0.997941553592682,0.3697103029800194,-0.437193328921392,-0.4791335552382242,0.998263955116272,0.3688883961181652,-0.4385567975647272,-0.5883899500306489,0.998545467853546,0.3651656677522935,-0.4426807757522192,-0.5884747729602785,0.99846351146698,0.3607829824178248,-0.4473188221614899,-0.5887546161298255,0.998650848865509,0.335904043512752,-0.453487306215615,-0.2273054586259456,0.9952459335327148,0.3176958340952323,-0.4658001268363377,-0.7192532155163419,0.9978073239326476,0.3424034541049585,-0.3925969905122546,-0.4154153066363859,0.9983994960784912,0.3367106699783416,-0.3977729737914836,-0.5580047147548313,0.9991634488105774,0.2269195728523942,-0.3253359764596757,0.2054064618898555,0.9992448091506958,0.1642885746358667,-0.372486483295528,-0.9298284526882832,0.9999457001686096,0.1947983953323237,-0.0864321115062483,0.3258751402227648,0.3499387502670288,0.1309382732702766,-0.1156840879043526,-1.0348023770078725,0.9872018694877625,0.2110531678142328,0.1272253042815812,0.1975571621305563,0.366932600736618,0.193362818833623,0.1207672734486022,-1.0066099343638983,0.96319842338562,0.2266801056204223,0.1985683590837288,0.1941225026949945,0.3328346610069275,0.1960823947615089,0.1897416437582545,-1.1184893151340982,0.9480416774749756,0.2237549693252684,0.194700076578256,0.1181308752981932,0.3416529595851898,0.2134139332692479,0.193839466814914,-1.1129332738236888,0.9434798359870912,0.2136432507489565,0.1677491382468479,0.1567790824478793,0.3412342369556427,0.2108560841631409,0.1687202799276953,-1.003014691347884,0.8988350033760071,0.0374123772178495,0.0050887623312075,0.3342234508790563,0.9979090094566344,-0.0374123772178495,-0.0050887623312075,-0.3343809951106167,0.9993274807929992,0.1349243375163,0.3255849242294761,0.3162932164074527,0.6393632292747498,0.0624527641053532,0.3506917306496483,-0.4003166857426524,0.987861156463623,0.1015362255351354,0.6296812056491912,0.5390689019429152,0.7864746451377869,0.0404936635478244,0.7116663314673463,-0.186661891044693,0.9932465553283693,0.0527976728451536,0.6923707601287766,0.5393154516943236,0.7474979162216187,0.0144382456661146,0.7353609838940409,-0.1832200375539555,0.9714815616607666,0.211210879349402,0.7084039110969791,0.3133454941251193,0.8622503280639648,0.1715211096415577,0.7878946516446079,-0.4714888399084753,0.9899848699569702,P1,P1/grant_DTL_1_frame112.jpg,2
0.3669840067293167,-0.3957703403635248,-0.4341955633603772,0.9987420439720154,0.3797415798116044,-0.4214527237380757,-0.4468148962299234,0.9980842471122742,0.3791074605394002,-0.4219239180324957,-0.4467572339456244,0.9979625344276428,0.3781332277743799,-0.422664405698747,-0.4467576485833351,0.9983018040657043,0.3738328265792905,-0.429489010706417,-0.4532923389036957,0.9985525012016296,0.3687330038780047,-0.4356552263145508,-0.4533299050802836,0.998467743396759,0.3630450590478865,-0.4423875606103369,-0.4534073870471531,0.9986640810966492,0.3440236922828842,-0.4411861616648906,-0.0814753426611745,0.995355784893036,0.3199944971033395,-0.462708982453414,-0.5650411824547273,0.9978580474853516,0.3417740339198037,-0.3818905364960171,-0.2974952045061582,0.9984593987464904,0.3314754283169491,-0.3907091618968746,-0.445033557339802,0.9991968274116516,0.2461177774856235,-0.3062743287544447,0.3046870126704089,0.9991887211799622,0.1563380983974083,-0.3851222780981068,-0.7758422205754592,0.9999472498893738,0.2157658547834193,-0.079643473255378,0.4430448995943393,0.3357115685939789,0.121572440192528,-0.1248850361482008,-0.8777654772239831,0.987157106399536,0.2158839436034218,0.1338681345076292,0.2758427403267613,0.3597022593021393,0.1841779799932119,0.1194540008436216,-0.8454938372063457,0.9641940593719482,0.223025663532222,0.2055848680778284,0.2699070909282811,0.3256460726261139,0.1857262924899295,0.1880116373386428,-0.9419981659714424,0.9488901495933532,0.2236587876739205,0.2007602542463797,0.1870974993991574,0.3343509435653686,0.2024989960223569,0.1884716087723602,-0.9336056775671108,0.9443843364715576,0.2185663731663989,0.174062008480656,0.2316575222869309,0.3336861431598663,0.2022740965280826,0.1614738287244392,-0.8380804466495062,0.9010176658630372,0.0458718674980887,0.0151055005828,0.3313319083840247,0.9976115226745604,-0.0458718674980887,-0.0151055005828,-0.3312578540888968,0.9991813898086548,0.1362426541066533,0.337134044439665,0.3151010257694035,0.6146750450134277,0.0546080629220625,0.3657057892373379,-0.3753659909783112,0.986937940120697,0.0730606020330361,0.653533687876413,0.5361512723203906,0.7658951282501221,0.0295449271471593,0.7262761798578133,-0.2543486401103312,0.9929803013801576,0.0194567363612192,0.7061977633557104,0.5370144927490041,0.73638916015625,-0.0076408884474341,0.7866517427654172,-0.2612829858987619,0.9717586636543274,0.1875497032864281,0.7250536067466081,0.3533288535734569,0.8462537527084351,0.1679040579842218,0.8127760193694997,-0.5324874229387414,0.9893210530281068,P1,P1/grant_DTL_1_frame120.jpg,2
0.3639143059417928,-0.3912200033778305,-0.3164439173532646,0.9988065361976624,0.3754698465326441,-0.4149687026063861,-0.2785520940048344,0.9981822967529296,0.3752605200511254,-0.4152316676374095,-0.2787221853849134,0.9980674982070924,0.3747962334794739,-0.4157110383493786,-0.2788695416437556,0.998400330543518,0.3698539720825762,-0.4217583627768327,-0.377450633760012,0.9986196160316468,0.3651753836366445,-0.4273978708619109,-0.3776308810684998,0.9985390901565552,0.3596525189759715,-0.4339525016113807,-0.3779103460797261,0.9987308382987976,0.3456018328639996,-0.4317907319278923,-0.0159525998263006,0.9956046342849731,0.3180247570406964,-0.4557882650163074,-0.5327968310355615,0.997951328754425,0.3421551340291284,-0.3760019572803444,-0.1973729946231421,0.9985511898994446,0.3330764419516477,-0.3836963391375632,-0.3561504934748091,0.999244511127472,0.2582574723151681,-0.3090428049461549,0.329475770529239,0.9992319345474244,0.1522494014862034,-0.3776041979321979,-0.703915348496042,0.9999496340751648,0.237656239607242,-0.0937935384545289,0.4667487716676283,0.3539718687534332,0.1241634945902386,-0.1257123961971787,-0.7936817209903749,0.987687885761261,0.2257270261974049,0.1160899126929431,0.263805713183018,0.3853273391723633,0.195413131875619,0.120875233684082,-0.7744712786929555,0.9660452604293824,0.226636213225354,0.1820382098043356,0.2457365739716834,0.3464075624942779,0.1967319322734911,0.1813779927746965,-0.8689908435041047,0.9511556625366212,0.2290254974873505,0.1794816386143408,0.168124914616628,0.3552413582801819,0.2121096960011265,0.1823197441200099,-0.8692216254054252,0.9468794465065002,0.2270937473298597,0.1537983030931433,0.2228265284398627,0.3520559668540954,0.2117269835890262,0.1599396719622164,-0.7690449089660106,0.905527889728546,0.0436501258454315,0.0141412181815672,0.3218544950199492,0.9975826144218444,-0.0436501258454315,-0.0141412181815672,-0.3216221066849125,0.9991746544837952,0.1469273682677366,0.3283615589948075,0.3267556970601702,0.6073333024978638,0.0662118611515982,0.3654098412761291,-0.4230514057798665,0.9871913194656372,0.0781591537476643,0.6449282187750606,0.563645531646368,0.757146418094635,0.0375649004733527,0.7281896238266731,-0.4087147200110434,0.9931403994560242,0.0427822159956799,0.6892412844191416,0.5700598308810424,0.7306849360466003,0.0009071177235012,0.7858036339080253,-0.4265912777702733,0.9726413488388062,0.1946254892562937,0.7135962353955505,0.3666678422419991,0.8386080265045166,0.1836824627820195,0.8023471784151489,-0.7299337479716579,0.9894238710403442,P1,P1/grant_DTL_1_frame124.jpg,2
0.3625392107293997,-0.3909095099894726,-0.2466221737056088,0.998884618282318,0.3763414844281537,-0.412806991884067,-0.199317347694946,0.9982970952987672,0.3771370949038892,-0.4122422188111596,-0.1995598362400589,0.9981874823570251,0.3776887006835229,-0.4120155883858504,-0.1997549553110292,0.998507022857666,0.3671326838194277,-0.4218785466807447,-0.295032710875818,0.9987012147903442,0.3616125829537869,-0.4279701408561089,-0.2951573084372735,0.9986252188682556,0.3547151067212121,-0.4353756779191922,-0.2954251890966975,0.998811662197113,0.3520694095864081,-0.4279309667927178,0.048991407395734,0.9958564639091492,0.3165805492297264,-0.4568654381289097,-0.3829429697424276,0.9980698823928832,0.3421771117210243,-0.3752769825256682,-0.1390861188505558,0.998644232749939,0.330735553407216,-0.3858727744499431,-0.2682586590858103,0.9992946982383728,0.2666682030393427,-0.3076807975604316,0.3912330374878978,0.9992821216583252,0.1434358877428762,-0.3792068458891282,-0.6118176263316459,0.9999524354934692,0.2426547753609079,-0.0942399570423346,0.5205657706853043,0.3739580810070038,0.1149679811407553,-0.128427222263496,-0.7270566297059465,0.9881886839866638,0.2229990114871506,0.118489357914335,0.2974207716146373,0.4125710427761078,0.192876069001842,0.125468569710136,-0.7151020386791074,0.9675613641738892,0.2230326673073025,0.1819115655478665,0.2729488380227035,0.3692995607852936,0.1949760610527533,0.1826209603024984,-0.8051022911955116,0.9528352618217468,0.2256779273535332,0.1784797646137985,0.1993941113756498,0.377773106098175,0.2119178327021125,0.1844255897499331,-0.8036129118816433,0.9487520456314088,0.2221959705056672,0.1541486828146436,0.2588975331092536,0.3719338178634643,0.2100263319007141,0.1618570676230229,-0.7092210119239797,0.9092044830322266,0.0475453203391594,0.014417421229746,0.3189603326036868,0.9976197481155396,-0.0475453203391594,-0.014417421229746,-0.3187579332761657,0.9991901516914368,0.1465587763276921,0.3413752454150819,0.3237442670395748,0.5991883873939514,0.0681509323189916,0.3739370328678319,-0.4704642744147807,0.987110435962677,0.0755372921209168,0.6544208134893815,0.5337793953478287,0.746168851852417,0.0338769596520815,0.73553057515064,-0.4975828885908087,0.993086874485016,0.0394519151336843,0.7047994239154421,0.5369920509984072,0.7241655588150024,-0.0046829942934679,0.7943183326403871,-0.5169011654498279,0.9730047583580016,0.2067236906400865,0.7620468812725196,0.3480023550469715,0.8286405205726624,0.1836872651953491,0.8104510533403787,-0.8184620673497675,0.9892717599868774,P1,P1/grant_DTL_1_frame126.jpg,2
0.3543183759370629,-0.3691911990714598,-0.2457167291920901,0.9984197616577148,0.3669430189669705,-0.3934991758756003,-0.2061671032475117,0.9976310729980468,0.3657208648981304,-0.3951543385202694,-0.2064304413301975,0.9975280165672302,0.3643334894150209,-0.3976587223857002,-0.2066803268726202,0.9980308413505554,0.366340471527551,-0.3982353124773713,-0.3189899254590543,0.9981537461280824,0.3648031436582595,-0.4026062033969287,-0.3191337175821804,0.9980372190475464,0.3628132207357304,-0.4076295556822049,-0.319487906381986,0.9983439445495604,0.3365231134785676,-0.4189376399282358,-0.0044074683041366,0.994106948375702,0.3316601912918505,-0.427289535032913,-0.5221015119049132,0.9971266388893129,0.3273921293786884,-0.3600016134948178,-0.158866773853285,0.9977006912231444,0.3239890315807643,-0.3648402105402371,-0.3017297371313787,0.9988678097724916,0.203938667575894,-0.3349073343959997,0.3051531585322053,0.9990250468254088,0.2104101028938822,-0.3494281801070726,-0.7504288188747056,0.9999524354934692,0.1831328792967824,-0.1245651523511957,0.4035492501626962,0.3411324620246887,0.1747251206100339,-0.0921247332322679,-0.8580128112235669,0.9852631092071532,0.2011237959220799,0.1067551473828229,0.2677552808819714,0.378408133983612,0.215522594712096,0.1298807748947923,-0.75734426699911,0.9646997451782228,0.2029965158910833,0.1582717951131329,0.2922447221871569,0.3403159081935882,0.2230002063292198,0.1884377082170759,-0.8451470755053421,0.9498775005340576,0.2099501365857059,0.1656066149917295,0.2082605923019298,0.3480373322963714,0.2321858430192875,0.186833512535126,-0.8005090722765636,0.9455191493034364,0.2044683448950622,0.1484199022802466,0.227519180495314,0.343054324388504,0.225041517429036,0.167103716869784,-0.7351338334396039,0.9042867422103882,0.0175081520786321,-0.0050998027293549,0.3404592056603823,0.9974550604820251,-0.0175081520786321,0.0050998027293549,-0.3406214785726762,0.999196231365204,0.1071059664660851,0.3173049355577939,0.5970253690858518,0.573054850101471,0.089937681891949,0.3785599587949338,-0.2875248286721615,0.9872981309890748,0.0699354130529793,0.6029177923284034,1.0078453618609986,0.7352336049079895,0.0448786220507066,0.7107687294096884,-0.1436573213013829,0.9933049082756042,0.0409384230268546,0.6260085643348768,1.0385191544302197,0.714552104473114,0.0052273780916158,0.75933371605525,-0.1445068321071602,0.974097728729248,0.1918124266834859,0.6379039796440609,0.9426811515225704,0.82196044921875,0.1972370384965336,0.7718198847959516,-0.3629796004900616,0.9894713759422302,P1,P1/grant_DTL_1_frame58.jpg,2
0.355001850616321,-0.3682002673365259,-0.2101199287396071,0.997917115688324,0.3658304618776544,-0.3928092726655672,-0.176971304921397,0.9969288110733032,0.364849316846519,-0.3942671298586627,-0.1771603228686543,0.9968597888946532,0.3637889997955339,-0.3964363276995992,-0.1772499820310538,0.997503697872162,0.3644445315195684,-0.3971952345609574,-0.2828233241857369,0.9975826144218444,0.3621491729599986,-0.4012796287627023,-0.2829439197623913,0.9974383115768432,0.3592481589488462,-0.4059877913781309,-0.2832642041835408,0.9978489279747008,0.3353311737747382,-0.4158647633610846,0.0042335373817105,0.9921916127204896,0.3263563848084278,-0.4243484022970937,-0.511670388820153,0.9962172508239746,0.32874068063698,-0.3582924245659915,-0.1275869043933482,0.9966640472412108,0.3256563319485627,-0.363148063443859,-0.2656506085725569,0.9983962178230286,0.1979928149756616,-0.3383278977276587,0.3498207296847011,0.9988139867782592,0.2214615437137767,-0.342890159120831,-0.6970829115953054,0.9999527335166932,0.1658542250506043,-0.1319877110424601,0.433674556477492,0.3105268776416778,0.1849541073299812,-0.1010590669857433,-0.792138424167369,0.9827254414558412,0.1888942278509919,0.0873006184779142,0.3069994034698969,0.3462312817573547,0.2164215201318559,0.1221711681011821,-0.7206109668469685,0.9599401354789734,0.1897277391156701,0.1414606852185546,0.3381851728364375,0.3130959868431091,0.2204521529620318,0.1828352057722118,-0.8054266706793265,0.9448097944259644,0.1952672604408605,0.158319495323325,0.2560235167145865,0.3200950026512146,0.2273264683407103,0.1838600319177471,-0.7092644823735674,0.9400052428245544,0.1924080374958886,0.139309600339719,0.2670413165525304,0.3158496618270874,0.2193674752895544,0.1629318429943067,-0.6669475627772689,0.8965643048286438,0.0096267243485944,-0.0044975534923335,0.3426695747432456,0.9972930550575256,-0.0096267243485944,0.0044975534923335,-0.3428076795165976,0.9991958737373352,0.1004476888881635,0.3214522871942729,0.5815291960696751,0.5579863786697388,0.0975160665961274,0.3732902196922379,-0.2852753204914749,0.9878776669502258,0.0782784733034443,0.6066642385690644,0.9537091961878064,0.7338177561759949,0.052515698539245,0.7054692392986941,-0.185710139743006,0.993652880191803,0.0475523269128817,0.645217547147492,0.979955770794788,0.7119991779327393,0.0111791889553299,0.7604507419959454,-0.1918373873123662,0.975389838218689,0.2011440503705036,0.6362843392420046,0.8891208934002717,0.8219135999679565,0.2043808629486051,0.7736418085286311,-0.4108461865763181,0.9899309873580932,P1,P1/grant_DTL_1_frame80.jpg,2
0.3687697268853091,-0.3714100226388864,-0.2281517431992187,0.9977196455001832,0.3803704318596197,-0.3980116702609524,-0.1966964468067286,0.9966535568237304,0.3793954100395716,-0.399565975357641,-0.1968786941233534,0.9966064095497132,0.3781706487613796,-0.4017848225366554,-0.1969728362611217,0.9973184466362,0.3774282087267786,-0.4024870161785105,-0.2957833702427365,0.9973477125167848,0.3743030763300636,-0.406823882731555,-0.295967285666429,0.997199535369873,0.3705639746208549,-0.4119418470385485,-0.2963670753270011,0.9976476430892944,0.3467474303325814,-0.4218007834552227,-0.0184579075455806,0.9916562438011168,0.3341260556559242,-0.4318267424017923,-0.5130298237696689,0.9958295822143556,0.3435053715737837,-0.3595835142189597,-0.1497294227911804,0.9964028596878052,0.3382061925878741,-0.3653248739672743,-0.2808256924671828,0.9982640743255616,0.2223235889276008,-0.3286574446521325,0.3230510162310763,0.9987311363220216,0.2089051238514561,-0.3451687920550155,-0.7342684811559795,0.9999510645866394,0.1797420581100167,-0.1170641530220434,0.4272992085631143,0.2920674979686737,0.1763367896374787,-0.1028838660958438,-0.8261719662835981,0.9818602800369264,0.2104494203057382,0.116437209543467,0.2822851272841291,0.3266645669937134,0.214328960743318,0.1340143979289759,-0.7187833638123357,0.958971619606018,0.2146530501164819,0.1785678960795466,0.2993089012914927,0.2966284453868866,0.2175833052430591,0.1951068334437725,-0.7996524001204217,0.9438061118125916,0.2189938353972412,0.1834691653350716,0.2200005380126316,0.3031825423240661,0.2282149194446737,0.1952383756011155,-0.7636272714600356,0.9389877915382384,0.2131545074560583,0.1640727340858907,0.2423649950984239,0.2996781468391418,0.2221778546212369,0.1751521423625827,-0.6960025286679086,0.8952598571777344,0.0158943860888231,0.0019387111031913,0.3420863420169232,0.9971374273300172,-0.0158943860888231,-0.0019387111031913,-0.3421102780294509,0.9991540908813475,0.1139915262811278,0.328448216365634,0.503124551045557,0.5478469133377075,0.1056525266599684,0.3715460660375234,-0.3066649886813946,0.988164246082306,0.079792948382044,0.6278152895813784,0.8191537367696415,0.730038583278656,0.0535240219252703,0.7091936016250392,-0.2368146733262022,0.9937833547592164,0.044982042799644,0.6737581355741596,0.838032525270019,0.7077597379684448,0.0117325383884431,0.7670445079388375,-0.2451601865082928,0.9759839177131652,0.206612456315221,0.6634642733369307,0.7271837921382124,0.8183143138885498,0.20372223575827,0.7820423261955771,-0.4744466132040448,0.9900283813476562,P1,P1/grant_DTL_1_frame90.jpg,2
0.3781109851514104,-0.3753155920941589,-0.236011838074459,0.9976223707199096,0.3894510792006257,-0.4028189136817952,-0.201608573100201,0.9965394139289856,0.3883894114425754,-0.4043459715133654,-0.2017955324496438,0.9965113401412964,0.386945898894629,-0.4065289133760515,-0.2019078232018478,0.997261643409729,0.3852445741701665,-0.4073464253981782,-0.3047446767984452,0.9972402453422546,0.3812483247701607,-0.4118209179922614,-0.3049001995571911,0.9970985651016236,0.3765343356963558,-0.4171716720803529,-0.3052394683852404,0.9975665807724,0.3523725041256582,-0.426412048222492,-0.0127958856786109,0.9915156364440918,0.3377507941794346,-0.4371532939630653,-0.5047961880637747,0.9956684708595276,0.3523341589826617,-0.3622970947188087,-0.1536431773056792,0.9963075518608092,0.3458707530916416,-0.3683036257286782,-0.289008306749206,0.99821537733078,0.2354009667426288,-0.3186654632369326,0.3358287706640659,0.99864262342453,0.2026689957121973,-0.3507333028172237,-0.7322246586752593,0.9999489784240724,0.1879597774368447,-0.1024185648544539,0.4514475974404208,0.2761197686195373,0.169487272571591,-0.1025845843283217,-0.8296441361755422,0.9813610315322876,0.2195955915023965,0.1327660678027913,0.3022629266601315,0.3084293603897095,0.2127145663025954,0.1401720358680287,-0.7347290892158902,0.9582786560058594,0.2268269713467277,0.1963525973875539,0.3162542178203437,0.2810401320457458,0.2174781469998846,0.2004175038732045,-0.8170891009056283,0.9429958462715148,0.2321512694283383,0.1979683417509709,0.2358605729118978,0.2871799767017364,0.2295759325059652,0.2000753966476988,-0.7957389965662239,0.938117265701294,0.2243890557049819,0.1776667307210455,0.2613429019558726,0.2844591438770294,0.2242817321483267,0.179749900235404,-0.7196130161202233,0.8941936492919922,0.0200598384767717,0.0052133595847986,0.3419527470630296,0.9969553351402284,-0.0200598384767717,-0.0052133595847986,-0.3418525730546845,0.999097228050232,0.1219822461003712,0.3349687897894305,0.4739115853401403,0.5355987548828125,0.1070035942853317,0.3716322090703904,-0.3356135880040656,0.9883581399917604,0.0833126153643909,0.6446980406267507,0.8026154160644919,0.7235162258148193,0.056106522189647,0.7145990941227421,-0.2532873425331255,0.9938557744026184,0.0462822394915141,0.693604592785429,0.8392610016406783,0.7022809982299805,0.0133901935554726,0.7747216006079177,-0.2629053326463104,0.97649085521698,0.2163142969334021,0.6895696769144126,0.6743280984519685,0.8124569654464722,0.2062905766479518,0.7918401363317757,-0.4951673263527849,0.990021288394928,P1,P1/grant_DTL_1_frame96.jpg,2
0.3933104088566062,-0.3428595357984632,-0.5262895920426143,0.9969013333320618,0.406281539954099,-0.371427323195506,-0.518386024653319,0.9955512285232544,0.4051051002151776,-0.3771573341767549,-0.5188315326481778,0.9955595135688782,0.4042228421976438,-0.3834618537759309,-0.5192684980308245,0.9961606860160828,0.3980051126670763,-0.3705943108248418,-0.6366829699797564,0.996683955192566,0.391328379250088,-0.3750575026656986,-0.6370067278039286,0.9965927004814148,0.385278486924158,-0.3797586672753206,-0.6375945169534459,0.9970331192016602,0.3591912156815387,-0.430599413668958,-0.3433121865657179,0.9904555082321168,0.3459010646792517,-0.4112106272004721,-0.903209240597233,0.9951313138008118,0.3691511836542573,-0.3377609602543361,-0.4484327627416007,0.9955552220344543,0.3578042974635766,-0.3436027430609146,-0.6063699053717876,0.9977545142173768,0.2258025614026085,-0.3701637344546898,0.0561824947525138,0.9981743693351746,0.1733444616212545,-0.3231483554522926,-1.0769431448340383,0.9999317526817322,0.1323300164445467,-0.3340162092791814,0.5198484624347022,0.2559582591056824,0.2464847280746671,-0.0273074290558025,-1.1515999762083964,0.9798338413238524,0.1098605055804168,-0.2745662326555361,0.7460184279490876,0.2825793325901031,0.3356757732213577,0.1799884603225394,-0.7479726761192522,0.936806857585907,0.0994436873209947,-0.2717072572441202,0.7940666733759174,0.2584683895111084,0.3519812509745389,0.2374944542680059,-0.7804072518087651,0.9180284738540648,0.1072879589314061,-0.2672860605977514,0.7481792063321444,0.2641578316688537,0.366964705647907,0.2450316225587257,-0.7603686525189028,0.9127260446548462,0.1119935743137773,-0.2579975850168969,0.7303418013133675,0.2617173790931701,0.3558060440725212,0.2275339120020293,-0.7252271455580176,0.8672588467597961,0.0569527341780838,0.0049562226028114,0.4003909422205943,0.9968051314353944,-0.0569527341780838,-0.0049562226028114,-0.4011929068620002,0.9991397857666016,0.208377355369729,0.2852516765863668,0.8413816180989955,0.5361276268959045,0.0443564730047214,0.3232973127660747,-0.5617127539531979,0.9882869720458984,0.2435641597113354,0.624798976019573,1.4430220749182068,0.7267974019050598,-0.0073169986129511,0.6857060782119653,-0.6171848524322872,0.9931708574295044,0.2111170213568047,0.672342991965918,1.4911650787325992,0.7030344605445862,-0.0379869864807392,0.7300985163319661,-0.6420808958845927,0.9748614430427552,0.414472253972372,0.7309835022424752,1.405635583825317,0.815764844417572,0.1285527461136603,0.7998035040896045,-0.9809966880940196,0.9892700910568236,P1,P1/random_1_frame10.jpg,3
0.478197990172227,-0.2912421292948583,-0.5915300096062159,0.9958274364471436,0.4929355857627446,-0.2854456907933765,-0.5640738330288635,0.994339644908905,0.489852974048031,-0.292447936260694,-0.5645739692570485,0.9946867823600768,0.4859820515682432,-0.2974442921061709,-0.5649496549486428,0.9952284693717957,0.4908709043407968,-0.277524628942565,-0.7063017515973763,0.9949662685394288,0.486873197242596,-0.2953905707206068,-0.7063992417975541,0.994810163974762,0.4827587183987276,-0.3107653368213774,-0.7066028143251982,0.9949450492858888,0.437790906898525,-0.3235812050447534,-0.4686973299912616,0.9897735118865968,0.4400547633026543,-0.3486117631994997,-0.9724616346646668,0.993423342704773,0.4409024747587459,-0.2988276922541488,-0.4743708063561554,0.9947933554649352,0.4376386841709747,-0.2986080855992028,-0.6694857039484061,0.9967265129089355,0.2547687180919676,-0.3454975568120013,-0.1009976316978547,0.9979942440986632,0.2517520019046469,-0.2737251496629075,-1.099997150879108,0.9998961091041564,0.129481430081627,-0.2122081568052468,0.0921029871089037,0.2359003126621246,0.2588899623903938,-0.0688642088528801,-1.0583230332758222,0.9803637266159058,0.0900461367006066,-0.0222517153496777,-0.062749536054227,0.2632182240486145,0.319753344683226,0.1088990568168123,-0.6886925588198028,0.9359910488128662,0.0975170928596881,0.0127154012231927,-0.0797108308476642,0.24322110414505,0.3358783996944561,0.1686602112530886,-0.7364559914523773,0.916547954082489,0.1161944832573918,0.0235284919338247,-0.1527112271967251,0.2487571835517883,0.3478183445162344,0.1763684995580575,-0.7120174782259835,0.9118732213974,0.1098341441185179,0.0148450310088953,-0.1046715103136467,0.2471401542425155,0.3364575226046033,0.1551528459193604,-0.6691308558568498,0.8680787682533264,0.0507657722289597,-0.0063252940842645,0.3308138142397638,0.9967690706253052,-0.0507657722289597,0.0063252940842645,-0.3313911443044532,0.9990414977073668,0.1614168111580585,0.2356927409389914,0.4295511583107685,0.5380528569221497,-0.0319567260855613,0.2826550084428318,-0.0307401261055014,0.9863960146903992,0.1078802808422268,0.5275890896895885,0.7765440835436792,0.7270994782447815,-0.1511925179575914,0.6027114793175199,0.2230296028522577,0.9887539148330688,0.0549907986003025,0.5801417876036258,0.799170266803131,0.7021076083183289,-0.1981936191705935,0.6473879703444638,0.2319222008912049,0.9663313627243042,0.2722839387057333,0.5855699824135268,0.6567331603796911,0.8182116746902466,-0.0131285337057644,0.6870446293986152,-0.0247676103065394,0.9840143918991088,P1,P1/random_1_frame11.jpg,3
0.4768685214811156,-0.3029481924118311,-0.8200301918457097,0.995722770690918,0.4931583355974872,-0.3065755325366212,-0.7973645153032659,0.9938470721244812,0.4913124270029168,-0.311275708425777,-0.7976643434316275,0.9942409992218018,0.4888990680866983,-0.3145511954501611,-0.7979685395714264,0.9946953654289246,0.4891286820610599,-0.2944623196847322,-0.905308965350887,0.994848370552063,0.4844451306930462,-0.2993184401016204,-0.9056155736761063,0.9947741031646729,0.4787937062235634,-0.3052672153198436,-0.9058153287066132,0.9949233531951904,0.4441763680582108,-0.3177361929241721,-0.5946903492725237,0.9888350367546082,0.4303807536667484,-0.3539786921210091,-1.146488521279799,0.9934425354003906,0.4397998813748204,-0.2996712059208342,-0.7240870162076213,0.9943435788154602,0.4327415660573179,-0.301256598489979,-0.8747273437826135,0.9966259598731996,0.2859694711781738,-0.3254461242762417,-0.1314173530320862,0.9977970123291016,0.2341468619322285,-0.2824017185526928,-1.3594689776997928,0.9998989701271056,0.2081554988309718,-0.173685369170477,0.1686349211402787,0.2211276739835739,0.2571252098605435,-0.0642207859484688,-1.451014282956708,0.98150372505188,0.1781067094638507,-0.0650449710319102,0.1331929170842557,0.2430087029933929,0.309069341096327,0.1158021766523533,-1.2325492992206577,0.937802255153656,0.1704709039178143,-0.0401427422451586,0.1558543478543881,0.225477248430252,0.3191207221614007,0.15862159718978,-1.3372451874487243,0.918004274368286,0.1942798259612253,-0.0423164472801296,0.0692538352763936,0.230617880821228,0.3306228045772685,0.1589184915791165,-1.3126732324819943,0.9135403037071228,0.1979021461325725,-0.0472787690497251,0.0905840575160778,0.2294394075870514,0.3213057709872687,0.1433346002663759,-1.213901932423744,0.8689602613449097,0.0668491553381242,0.0011322276810731,0.3694601633446747,0.996695637702942,-0.0668491553381242,-0.0011322276810731,-0.3699121547371362,0.9990694522857666,0.1439908450891825,0.2334050823182911,0.5863323875669176,0.5602967739105225,-0.0195924219281874,0.2718133328576311,-0.5583130284689349,0.9870886206626892,0.1059073920570174,0.4936092186885393,1.0725738792621111,0.7427387833595276,-0.1484739894846842,0.5657631609317849,-0.3531705774080049,0.9893093705177308,0.0596751855088336,0.5409385132436961,1.10325211863561,0.7126086950302124,-0.1972429675707409,0.6032146213837507,-0.393499481692854,0.9666298627853394,0.287685773702037,0.5483606122003066,0.9000558122526068,0.8289188742637634,-0.0121323799468527,0.6486622809224317,-0.8749750817447302,0.9848366379737854,P1,P1/random_1_frame12.jpg,3
0.4782842973870507,-0.3105731454924584,-0.8428787627822202,0.9957621097564696,0.4934736905581388,-0.3254938395827979,-0.8125943196728401,0.993657648563385,0.4929832649766836,-0.3286671425537128,-0.8129577600590971,0.9940345883369446,0.4921550083534575,-0.33077400872859,-0.8133783902250098,0.9944449663162231,0.4848267551032928,-0.3162194751880409,-0.9365499824947148,0.9949422478675842,0.4776329177389544,-0.3159205889266157,-0.9368967701725104,0.9949273467063904,0.4691817013676167,-0.3141053773588918,-0.9371827854162406,0.9951097369194032,0.449170453433406,-0.3240940168902758,-0.5918373250568323,0.988720715045929,0.417745001239899,-0.3520160311435333,-1.1721562834946706,0.9937458634376526,0.4443418314341757,-0.3012229482460235,-0.7402140189734401,0.9943341612815856,0.4339003841926413,-0.3042678064217954,-0.9059693732874428,0.996717631816864,0.3247674232284482,-0.31370790175574,-0.1319594620510397,0.9975433349609376,0.2160735364658338,-0.2757758183900906,-1.3489911956078966,0.9999013543128968,0.2520646172866977,-0.1457014462541324,0.2232884053384678,0.2082221806049347,0.2525263816328731,-0.0404691997969844,-1.4349055041046173,0.98282390832901,0.2223299125928937,-0.0504618864009426,0.2377219911199539,0.2245400100946426,0.295139136639711,0.1362513327569302,-1.2283994462406385,0.9403156638145448,0.2123572623154506,-0.0256051647226842,0.2656410364142328,0.2089876234531402,0.2966519456370516,0.1749972094372616,-1.3282348882473138,0.9199289679527284,0.2292109974963311,-0.0310501359713354,0.1810273475728764,0.2137663811445236,0.3139374570197869,0.1745670255262557,-1.3185690193400883,0.9156491756439208,0.2327590195803493,-0.0363012458091354,0.1968569080106666,0.2132488936185836,0.3052190011676454,0.1609350254962769,-1.2180694593585255,0.8713613152503967,0.073481502512305,0.00193854776306,0.3457512954895168,0.9963740706443788,-0.073481502512305,-0.00193854776306,-0.3458669024396907,0.999060332775116,0.15749421766275,0.2409617058883576,0.388191121075621,0.5853687524795532,-0.0269748002345297,0.2769310254009535,-0.670591234297041,0.9875170588493348,0.1293746266533272,0.5202333324917136,0.7596121685853797,0.7563901543617249,-0.1433092946354975,0.5926730123706864,-0.804798795403981,0.9896554350852966,0.0830059229157882,0.5635202899821482,0.7780146056531527,0.7239952087402344,-0.1898088979499048,0.6335676855515822,-0.8531970728647744,0.9666361212730408,0.3049656942317693,0.5692363487478214,0.5667771218771773,0.8382512331008911,-0.0001758817933492,0.6754791691303922,-1.3020123790934282,0.9853139519691468,P1,P1/random_1_frame13.jpg,3
0.4924355023986073,-0.3133472152816176,-0.8223247742009722,0.9959566593170166,0.5036944784778676,-0.3339178344094739,-0.7866754154556618,0.9938993453979492,0.5022552894669825,-0.3366107458297124,-0.7870706754073893,0.9942625164985656,0.5003856429470385,-0.338715042731866,-0.7875104128750667,0.9946234226226808,0.4969995186180013,-0.3278380032351738,-0.9331199235676028,0.9951889514923096,0.4905042104392693,-0.326852206488219,-0.9334867470747068,0.9951918721199036,0.4828774101632726,-0.3232935412142973,-0.9340575971005792,0.9953792095184326,0.4524928370838871,-0.3318943394327196,-0.5603691743233385,0.9891415238380432,0.4280512820745981,-0.3533065182364324,-1.1275054270420926,0.9941166043281556,0.4555944643958498,-0.3019858945158796,-0.7169121334038833,0.994629442691803,0.4475555013863563,-0.3051506255464478,-0.894701491455964,0.9969137907028198,0.3399635285931418,-0.2984863558354411,-0.132124976823282,0.9975398778915404,0.2199622625644907,-0.2729006482139152,-1.3042699462356022,0.9999038577079772,0.2514176102976087,-0.1282667263138536,0.0864539007671943,0.2015812844038009,0.2559398667032196,-0.0314623077020817,-1.399024687130232,0.9837990403175354,0.2662451281781774,0.0417437064263064,-0.0411084394019704,0.2101750522851944,0.302045882819806,0.1393338723913866,-1.2180340747818776,0.941301167011261,0.2570973426846158,0.0873195717641042,-0.0416204238331957,0.1959017515182495,0.3071449549389727,0.1782463297286209,-1.326626824826674,0.9199901223182678,0.2709723390984188,0.0809686332273078,-0.1302801873353517,0.2004657536745071,0.3197078977749634,0.1793680115839174,-1.3173000687026135,0.9157894253730774,0.2640403425812697,0.07026976893609,-0.0888219804930775,0.2009568363428115,0.3125000213451713,0.1641796358839281,-1.2103488107665843,0.8710388541221619,0.0726071253704043,-0.0005938510661624,0.341751942332465,0.9961835741996764,-0.0726071253704043,0.0005938510661624,-0.3418133226301842,0.9990716576576232,0.1728435378209559,0.2260064321835284,0.4234512397301388,0.6083971261978149,-0.0219894585151994,0.2744299191088181,-0.7872563408651772,0.988159477710724,0.1316381352799386,0.5106153390446746,0.8173090228531155,0.7702905535697937,-0.123185948970249,0.5892910933536181,-0.964145012647918,0.9901902675628662,0.0817264081339234,0.5554526522472807,0.8375656479525745,0.7337167263031006,-0.174024942838504,0.626931268364262,-1.0137860964293677,0.9667338132858276,0.2945369380182637,0.5656476147855163,0.6347375695541071,0.8473098874092102,0.0073574826198053,0.6721754414668687,-1.4799042990402214,0.98600035905838,P1,P1/random_1_frame14.jpg,3
0.4689834131659849,-0.3005746331641294,-0.5871048210906823,0.9959150552749634,0.487312897183478,-0.3235655315347458,-0.5576902671356009,0.99389386177063,0.4866271937339401,-0.3262316371377119,-0.5580855158677566,0.9942502975463868,0.4858256922583094,-0.3284786306583938,-0.5583936281846976,0.9945883750915528,0.4812143717474129,-0.3179567485792007,-0.6664052286633866,0.9952077865600586,0.4759526629860964,-0.317447493171632,-0.6666803929231797,0.9952149987220764,0.4702042186543299,-0.316959669995412,-0.66700008504273,0.9954301714897156,0.4450316470860376,-0.3291514107923124,-0.4412470349139102,0.9893178343772888,0.4253737485857862,-0.3441408574903408,-0.8624700960207717,0.994232416152954,0.4348411648826241,-0.2901531946766301,-0.5088859734793666,0.9945428967475892,0.4264535491848998,-0.2929803938871663,-0.6468508446417089,0.996887505054474,0.2951879776928906,-0.3090645477810374,0.0412077632097632,0.9973390102386476,0.2696199014852026,-0.257497063712668,-1.072210902190156,0.9999017715454102,0.1651296486055071,-0.1744059661708868,0.3095388398619432,0.1872291415929794,0.2918029646759987,-0.0480617468110149,-1.1430072562709432,0.9844121932983398,0.1292698788809919,-0.0412642107489329,0.2012665978593303,0.1923374086618423,0.3439470077560527,0.1265779266467874,-0.846705250385591,0.9402830600738524,0.1205303907282892,-0.0075192584556476,0.2629678486890516,0.17999367415905,0.3558300604447221,0.169912362990383,-0.9224748417914224,0.9181089401245116,0.1307075657552235,-0.001658342891908,0.2486223765662411,0.1840792745351791,0.3646225213961014,0.1698468507369471,-0.901500428495072,0.913832664489746,0.1305129482992155,-0.0099740486551967,0.2297521285622563,0.1849531531333923,0.3568692997462981,0.1568749127421446,-0.8303592394084061,0.8679571747779846,0.0614672556471607,-0.000698178927487,0.3343311012832139,0.9959989190101624,-0.0614672556471607,0.000698178927487,-0.3343009682057057,0.9990233778953552,0.1598388943724524,0.2255394315602429,0.1903932431802213,0.6298308968544006,-0.0130181292516195,0.2695025040388598,-0.659112192207885,0.9885517358779908,0.114321825179031,0.496273937029197,0.4634208854440669,0.7816157341003418,-0.1207595556616952,0.5668640298745569,-0.8276310123229338,0.9904207587242126,0.0658459564769115,0.5390278477988883,0.4736104079953304,0.7443639636039734,-0.1677622943368452,0.6034833322873453,-0.856432476507823,0.9666391611099244,0.2812002159089706,0.548727116055152,0.2710455927075599,0.8559034466743469,0.0017294211278136,0.6455140491968411,-1.1960578507486417,0.9863684773445128,P1,P1/random_1_frame8.jpg,3
0.471766441825459,-0.2997498748206542,-0.5805095148339898,0.9957521557807922,0.490562381125887,-0.323923870089902,-0.5476819212996512,0.9937654137611388,0.4892073208557552,-0.3267354403660834,-0.5480997914777226,0.994133234024048,0.4876465359312686,-0.3292164000788214,-0.5483865475034243,0.9944544434547424,0.4867306631254895,-0.319211915108684,-0.6691334999926895,0.9951098561286926,0.4824122432274614,-0.3197933248294025,-0.669419613931455,0.9951121807098388,0.4775431695729581,-0.3208101979102439,-0.6697639009466392,0.9953691959381104,0.4449817852823631,-0.3366057933752511,-0.4251120197898538,0.9892809987068176,0.4295182771807525,-0.3462787688602346,-0.9012669331980792,0.9942391514778136,0.4365285823500566,-0.2889425243455069,-0.4944154164125659,0.9943923354148864,0.430299825399481,-0.2921980977380625,-0.6519219102073062,0.996822953224182,0.3062144703028919,-0.3060161296483033,0.0437668326792224,0.9972431659698486,0.2610156593516256,-0.2581203609389652,-1.1131081719156413,0.99990051984787,0.1919402035912603,-0.1774306440507447,0.2825387344961262,0.1736608743667602,0.2947727379347905,-0.0512299977515768,-1.1904426635188097,0.984891414642334,0.1243981798519,-0.0175629397568655,0.2605593281660766,0.1762262135744094,0.340632513178169,0.1217116239021944,-0.9022131125072462,0.9405175447463988,0.1170946977875323,0.0204862331599437,0.2905676784853463,0.1656496375799179,0.3523744853976321,0.1685805029744866,-0.9871711665124724,0.9182231426239014,0.1225273953546217,0.0297797994743335,0.222287318978063,0.1692764014005661,0.3614499989884923,0.1685142396026719,-0.9680643929262356,0.9139360189437866,0.1198649176650232,0.0197140594104836,0.2317276663660655,0.1705977022647857,0.3528457772087943,0.1552470540749871,-0.88677381108313,0.8673232793807983,0.0606305999582291,-0.0001383697347485,0.3429775751908628,0.9959889650344848,-0.0606305999582291,0.0001383697347485,-0.3428639579075043,0.9990164637565612,0.164551214823824,0.2328236124530985,0.1672986085107334,0.6505110263824463,-0.005488687547925,0.2666829112765045,-0.6886610973569041,0.9890066981315612,0.1238995351372562,0.5015226125005409,0.4290832311771381,0.7932330965995789,-0.1160773752458355,0.5702279693508872,-0.8003526977851053,0.9907700419425964,0.0784996225575757,0.5475598605730818,0.4367989972632323,0.7549884915351868,-0.1719920392838424,0.6134592975122851,-0.836135945904106,0.966795802116394,0.2963937506138915,0.5531578313175461,0.2195142418137061,0.8645537495613098,0.0221340208642838,0.6438112606554561,-1.2215147913696094,0.9869059920310974,P1,P1/random_1_frame9.jpg,3
0.2908430810821691,-0.3459852413239674,-0.0645579452313074,0.9957432746887208,0.3013773701878779,-0.377394506174268,-0.0383245651302335,0.9939133524894714,0.3008394248001405,-0.3791856680906075,-0.0385273175968779,0.9942997097969056,0.3003653203005763,-0.3812434064068545,-0.0387134768581685,0.9945791959762572,0.2997109059837069,-0.3830675738815271,-0.1114960087857203,0.9952433705329896,0.2978341104680755,-0.3879812424685611,-0.1116626190356625,0.9953173398971558,0.2957260047655503,-0.3932505572499086,-0.1119084087157842,0.9955891966819764,0.283467649974415,-0.4112983582512476,0.0830825465629169,0.9888928532600404,0.2773902867841211,-0.4215879540943547,-0.2442016380283656,0.994409203529358,0.2723388086877726,-0.3389998183616682,-0.0127378015002909,0.9942299127578736,0.2694516813823968,-0.3475249280136641,-0.1090758197045719,0.9967964291572572,0.2012176177557225,-0.3346217440815041,0.3177495287270437,0.9970653057098388,0.1876760249418301,-0.3644932211920396,-0.4426313033995395,0.999903440475464,0.148428979888549,-0.130674973569469,0.4260957447400776,0.1605500876903534,0.158689006368437,-0.1029148575041985,-0.5194610091042368,0.984228491783142,0.1568811156074629,0.1250889862804972,0.2959031044532093,0.1642465889453888,0.1639652839662,0.1639613956401498,-0.3475314839122371,0.9363746047019958,0.161235136521828,0.197261924196036,0.3095478509401663,0.1554046124219894,0.164363340042317,0.2235012526447376,-0.385803825093536,0.9132033586502076,0.1635796162777313,0.2054451324341749,0.2474335377790426,0.1593279242515564,0.1687912391516362,0.2344867684246454,-0.3594342151156056,0.9089251756668092,0.1561666583022833,0.1792851981778474,0.2629712208560487,0.1608444899320602,0.1651762714653729,0.2132689870043244,-0.3295223853190258,0.8593697547912598,0.0206442985410083,-0.0010503001644932,0.243547020252575,0.9949164390563964,-0.0206442985410083,0.0010503001644932,-0.2430747920963955,0.9988494515419006,0.0686372739954625,0.3785204930574596,0.358344014396004,0.6362534165382385,0.0404479048194861,0.4153145469301804,-0.314039907429314,0.9895725846290588,0.0445189821940578,0.7656995648192433,0.5647453585468758,0.7871604561805725,0.0241797816087103,0.8572058024135587,-0.3845503372863724,0.9912794828414916,0.0266640602500468,0.8262903549716349,0.5769032046309225,0.7450907230377197,-0.003772761382952,0.9373205106473744,-0.4043011798846106,0.9688552021980286,0.1369980247104239,0.8329363180271319,0.4943055741485785,0.8604689240455627,0.1283470418058258,0.9465743649421297,-0.5855198707974727,0.9874981641769408,P1,P1/rob_DTL_1_frame780.jpg,4
0.2836009345053745,-0.3465974101602763,-0.0502486299000326,0.9951056838035583,0.293755865864588,-0.3781046321460592,-0.0253910736413778,0.9932335019111632,0.2932088501158982,-0.3804213943153485,-0.0255484679078217,0.993763506412506,0.2927807085015919,-0.3829507668128503,-0.0256521287199066,0.9940151572227478,0.2924308131529558,-0.3826403486525501,-0.0990233488788281,0.9947107434272766,0.2907624151194518,-0.3873071542082011,-0.0991557103149441,0.9950130581855774,0.2889123866140527,-0.392282873188274,-0.0994058394620038,0.9953581690788268,0.2766648987314126,-0.4111859848882661,0.0923641623779996,0.9864322543144226,0.2710198378271337,-0.4201512012510168,-0.2375943873951159,0.9938791394233704,0.2652706846056284,-0.3402760147356513,0.0005256210201549,0.9929073452949524,0.2629631278793592,-0.3476407232071706,-0.0968204376815052,0.9962382316589355,0.1909342538304356,-0.3414936116027998,0.3189548809931496,0.9965238571166992,0.1840546013949713,-0.3651770036464397,-0.4320699043442543,0.9999051094055176,0.1376425279655181,-0.1513738624518858,0.410732174250154,0.1459288597106933,0.1567842730730292,-0.1167969792744259,-0.5098079676000338,0.983856201171875,0.1193841513324284,0.048149335257857,0.282329963771485,0.1496736407279968,0.164584558324371,0.1373752160624367,-0.3649093598163263,0.9319360852241516,0.1184345744793629,0.1264740242214749,0.2976359600975278,0.1422355324029922,0.1619818963382099,0.205325193714738,-0.4044180369632948,0.9085977077484132,0.1166683686137711,0.1331688596855372,0.2420649355609962,0.1459033191204071,0.1674987006373347,0.2169107748386884,-0.3729999041928932,0.9040743708610536,0.1186332881291701,0.1158838701379397,0.25333082669622,0.1474204212427139,0.1641849181778768,0.1945372996340227,-0.3453532591305701,0.8511881828308105,0.020053792077495,-0.0011079281757849,0.238241888520618,0.9939629435539246,-0.020053792077495,0.0011079281757849,-0.23779684075615,0.9986352920532228,0.0666461682707154,0.3631843792881054,0.2885609865295384,0.6118456125259399,0.0392477603713697,0.4022071373887358,-0.27783777396312,0.99002206325531,0.0426474012897644,0.743508319826867,0.4197155359573192,0.7749044299125671,0.0241837609801033,0.8353632397524152,-0.3219685571587674,0.9916833639144896,0.0223398399320925,0.8037512173384044,0.4240836514411329,0.7342185378074646,-0.0037952979405053,0.9105136441238786,-0.3384646446652425,0.9706740379333496,0.1305841660160401,0.809198007162252,0.3331234961514372,0.8549782037734985,0.1236568931157222,0.9195617094738096,-0.5089658023345144,0.9880020022392272,P1,P1/rob_DTL_1_frame788.jpg,4
0.2812011213746324,-0.3490339876924954,-0.0784602640699245,0.9934232831001282,0.2910741607924623,-0.381391657489638,-0.0527114325876154,0.9913646578788756,0.2905147275181661,-0.3843185322357439,-0.0528828611863954,0.9921534657478333,0.2900971298242523,-0.3872364433949855,-0.052975336622691,0.9924508929252625,0.2898358676306483,-0.3842434841653309,-0.1288925234482894,0.9932833313941956,0.2882321764866597,-0.3885909116728251,-0.1290096103017045,0.9939953088760376,0.2864868255188939,-0.3930322810857894,-0.1292762111021908,0.9945237636566162,0.274372625750078,-0.4134809469506669,0.0727970347377308,0.9807527661323548,0.2687703839598825,-0.4202755215504211,-0.2703053323016691,0.9924183487892152,0.2630647094075372,-0.3422931067356245,-0.0244479524918683,0.9903348088264464,0.2608149369828973,-0.3481624106873949,-0.1252197157002129,0.9951382875442504,0.1888527131654204,-0.3435832480959674,0.3062037726972448,0.9959279894828796,0.1823606156831855,-0.365077929396589,-0.454242023372254,0.999902367591858,0.1368046793764606,-0.1546390096783981,0.3865157973745854,0.1330438703298568,0.1544869362757639,-0.1216039739248817,-0.5347653074890241,0.98289954662323,0.1255743595751079,0.0540735407853866,0.2508035771167886,0.136714369058609,0.1668246984463721,0.1338146640699429,-0.4097386494348164,0.9269574284553528,0.1259467878214899,0.1329921231576883,0.2643173926414005,0.1305779218673706,0.1656209414574764,0.2018913487383455,-0.4561296493119151,0.9036761522293092,0.1254183755880084,0.1397729887422382,0.2106638442336733,0.134046584367752,0.1722562805729352,0.2132714131673137,-0.4265305233722646,0.8987902402877808,0.1244249113772137,0.1167490492199227,0.2218709202239905,0.1355553418397903,0.1682224907273893,0.1911320566388822,-0.3919497522153185,0.8421198725700378,0.0199790881549808,-0.0005978360925286,0.2366897724812346,0.9929354786872864,-0.0199790881549808,0.0005978360925286,-0.2362634748353642,0.9983837008476256,0.065857274197308,0.3583688603852563,0.2860141940379822,0.587619960308075,0.0392040486562744,0.3968931264318356,-0.2750329213461733,0.9902199506759644,0.0406752193199553,0.735999678037197,0.4369765293229899,0.7624301314353943,0.0244143060867637,0.8245602677698162,-0.3028426033797328,0.9919736981391908,0.0209682463289485,0.7957024392516746,0.4433923484385755,0.7244061827659607,-0.0022813646744214,0.8941488107559995,-0.3186691781023669,0.9721789360046388,0.1258615458679763,0.8014899285037325,0.3482593184855774,0.8481128215789795,0.1204382243018568,0.9097528336773212,-0.4950970416993111,0.9883148074150084,P1,P1/rob_DTL_1_frame795.jpg,4
0.2781022506725847,-0.3560551933821489,-0.1102854671591415,0.992138147354126,0.2879161644415717,-0.3891207665163022,-0.0834871386983681,0.9896657466888428,0.2873610346728589,-0.3920888381784982,-0.0837035542098527,0.990466833114624,0.2869500251325619,-0.395127876146247,-0.0838406850009615,0.9910350441932678,0.2865544164181308,-0.3925223364247472,-0.1609730305811836,0.9921597242355348,0.2848111479357383,-0.3976550991680307,-0.1610775439981928,0.9931038618087769,0.282893132582583,-0.4027559226985809,-0.1613382204769121,0.9939113259315492,0.2710814866856459,-0.4213425319014488,0.0472108269828081,0.9750528335571288,0.2635650086161475,-0.4311094556506063,-0.3017328272321028,0.9910322427749634,0.2600692836586585,-0.3483209161332171,-0.0543680490685327,0.988775372505188,0.2576976439799976,-0.3543693279779841,-0.1566693747985801,0.9945454597473145,0.1862260863332948,-0.3444018434737998,0.2778258014730566,0.9956657886505128,0.1723124902197354,-0.3707555441852571,-0.4701266166873638,0.9998987317085266,0.1492244646293948,-0.1579471073792113,0.3820212483061854,0.1247950941324234,0.1501821159832399,-0.1277459128467363,-0.5555838305618339,0.9825746417045592,0.1535543718197242,0.0772233285841658,0.2476792317448248,0.1280537247657776,0.166049429364462,0.1331552779227597,-0.4567467991975668,0.9266852140426636,0.1494303631706592,0.1580575383010454,0.2562670953921414,0.1230231598019599,0.1669925549393654,0.2035183261258851,-0.5082077837816501,0.9035954475402832,0.1512007581077019,0.1689219459025353,0.2019028363705991,0.1265494227409362,0.1713698021682941,0.2128433511783213,-0.4926267857540264,0.8985496163368225,0.1522679653364569,0.1446777208112484,0.2182091170413464,0.1281803399324417,0.1690335143853709,0.1902834164067358,-0.4450020943903311,0.839847981929779,0.0218728479267032,0.0025767506776935,0.2325300474981211,0.9924045205116272,-0.0218728479267032,-0.0025767506776935,-0.2321894792352222,0.9982624650001526,0.0659095843870988,0.3495118549970541,0.2802101949606377,0.577370822429657,0.0371901943160652,0.3875821715094803,-0.3408362460194133,0.9904952049255372,0.0385412667670309,0.7262640082491656,0.4510207108873291,0.7550082802772522,0.0225459340207983,0.8138649558308885,-0.392625810723534,0.9922699928283693,0.0169365332179027,0.7872070013038867,0.4590983565493173,0.7166726589202881,-0.004241089927523,0.8822822496933614,-0.4122514068918514,0.973392903804779,0.1221301242012941,0.798160663691645,0.3569233711879946,0.8434291481971741,0.1165618506038359,0.8994410448300112,-0.6164740145346794,0.9886751174926758,P1,P1/rob_DTL_1_frame799.jpg,4
0.2779541356974064,-0.365124878377586,-0.1731786706514941,0.9919863939285278,0.2877182819319736,-0.3985921985545324,-0.1448829681194594,0.9896859526634216,0.2872888004502426,-0.4014086008684132,-0.1451336645766008,0.990412414073944,0.2869370371885246,-0.4043610983834759,-0.1453067090508485,0.9910743236541748,0.285474344961416,-0.4027529494423201,-0.2236922018039886,0.9921979904174804,0.2831148904547481,-0.4085094850089888,-0.2237958408166991,0.993139922618866,0.2805091221803343,-0.414224600297037,-0.2240300331916077,0.9940226078033448,0.270370515431159,-0.430299289364343,-0.0050059755137339,0.9743689894676208,0.2591513604753253,-0.442580799398059,-0.3609047569518395,0.9910064339637756,0.2598766127739014,-0.3559430005800028,-0.1132681345773546,0.9887872934341432,0.2567655877532439,-0.3623928179956512,-0.2175569003099553,0.9946169257164,0.1879362125218976,-0.3443991071071374,0.2237948914179887,0.9958035945892334,0.1591232422459808,-0.3763988776682243,-0.5037642473129089,0.9998969435691832,0.1634057811171754,-0.1164272808652047,0.3458097369584533,0.119094431400299,0.1456765771251832,-0.117651519462728,-0.5982528227785073,0.9824973940849304,0.1607088705665646,0.0921645357387319,0.2099541375162217,0.1234578564763069,0.1656606692914622,0.1476950870996236,-0.5311549741625874,0.9268236756324768,0.1579764569199933,0.1695513935227842,0.214275712129741,0.1193124130368232,0.1671832398744444,0.216172787385411,-0.5894813943303678,0.9037015438079834,0.1606729258898086,0.1793705607244743,0.1563241719783245,0.1231073290109634,0.1717024660520422,0.220947865475938,-0.5774318466885429,0.8985549807548523,0.1558935203074853,0.1534893336662304,0.1794922051941225,0.1244505569338798,0.1705473790070988,0.1985074359764523,-0.5218047657657486,0.837325394153595,0.0249761189016491,0.0046324474935713,0.2253916917326994,0.9926433563232422,-0.0249761189016491,-0.0046324474935713,-0.2251881009069209,0.9983088970184326,0.0668235827838171,0.3487533586995258,0.2384215928986772,0.5812860727310181,0.0341548173175046,0.3848402244717063,-0.4296370064872093,0.9909693598747252,0.0360602384502101,0.7289920463333479,0.4022906143494018,0.7574772238731384,0.0201434586753851,0.8166410651731645,-0.541316366480812,0.9926807880401612,0.0137246402315828,0.7901944380643259,0.4087873276455354,0.7149749994277954,-0.006835891505179,0.8843463523314133,-0.5686159510542935,0.9745652079582214,0.1209528216481786,0.8097693614654681,0.2854521113683611,0.8463138937950134,0.1149660458547214,0.9034251155506998,-0.7965620331358468,0.9892964363098145,P1,P1/rob_DTL_1_frame803.jpg,4
0.2719733557799358,-0.3713107414376518,-0.2273325505352844,0.991687536239624,0.2827137145999207,-0.4047564506272957,-0.1991348863743747,0.9893608689308168,0.2827256258132311,-0.4073411839156686,-0.1994045331324145,0.989951193332672,0.2827060700898856,-0.4100795185219556,-0.1996069570914538,0.9909600615501404,0.2786937689972872,-0.4101932972759661,-0.2755046083006465,0.9919300079345704,0.2756123203359373,-0.4167304200317787,-0.2755980535468602,0.9927855134010316,0.2722518470583069,-0.4234132329265156,-0.2758209665705866,0.9938355088233948,0.2653067208017848,-0.4363530772849658,-0.0514187856226013,0.9734060168266296,0.2492386718252584,-0.4537886046612559,-0.3961540657068895,0.990245521068573,0.2539778235987504,-0.3615887913557126,-0.1640301518390217,0.9888150095939636,0.2487103117363222,-0.3690612999150036,-0.264982429130442,0.994538426399231,0.1900840309393814,-0.3432993899864344,0.1763172461523689,0.9960498809814452,0.1477134451734328,-0.3818853210574572,-0.5156673133643429,0.9998824596405028,0.1715122271470631,-0.1261011708491386,0.3095974563761379,0.1356400400400161,0.14052040567868,-0.1137885318721712,-0.6037194021931198,0.9826020002365112,0.1725563249944125,0.1010129555898236,0.1714130485183231,0.149928405880928,0.1623309928156284,0.1475609105313374,-0.5769895284037715,0.9300984740257264,0.172973661908537,0.1769590294367094,0.169197740621878,0.1419667601585388,0.1640940301648817,0.2171126184028332,-0.6440371259008689,0.9078159928321838,0.1735062887007486,0.187384896669437,0.105623861818512,0.1472270637750625,0.1682145099634416,0.2204020688488586,-0.6383822329368956,0.9026987552642822,0.169862612993214,0.1638892284076628,0.1395849198743435,0.1467054039239883,0.1667756531734666,0.1996248239114195,-0.5715597040375751,0.8419913649559021,0.0291456722949111,0.0072073507286556,0.2144628623343363,0.992856502532959,-0.0291456722949111,-0.0072073507286556,-0.214324416702015,0.9982019662857056,0.0666711498226955,0.3499685138748294,0.1614340851200736,0.5827004909515381,0.0279011282832697,0.3844872100485832,-0.3859828228810861,0.9910640716552734,0.0343198500231901,0.7357695129736277,0.2862169002131478,0.7526986002922058,0.0160804935277462,0.8155511752857892,-0.4695239841167789,0.992768406867981,0.0104793788029731,0.8027747101069259,0.2888129891545088,0.7107495665550232,-0.0107305809583119,0.8817288097629643,-0.4947768230108028,0.9749394059181212,0.1229427437495284,0.8342592469139655,0.1548338173780265,0.8440368175506592,0.107580567496125,0.905196388894842,-0.6819890515320638,0.9894225001335144,P1,P1/rob_DTL_1_frame809.jpg,4
0.2565327891608824,-0.3716693122719281,-0.1204648590049575,0.9920498728752136,0.2684589752547247,-0.4022831469350132,-0.0819751175666901,0.98981112241745,0.269067123730007,-0.4042216638386433,-0.0822741242640261,0.9903228878974916,0.2696252622919229,-0.4063835234443754,-0.0824800333183185,0.9914513230323792,0.2626316421035127,-0.4095866016652218,-0.1480076769658043,0.9921897053718568,0.2591108743806531,-0.4167622823759395,-0.1480168410860547,0.9929252862930298,0.2551442940269465,-0.4245680181732046,-0.1481959996369496,0.9940191507339478,0.2537572826077178,-0.4316180195204885,0.0844000747009438,0.974492073059082,0.2333414555139251,-0.4556972255037039,-0.2198034097647109,0.990153431892395,0.2401665431670639,-0.3611533533686154,-0.0505822126759862,0.9894422888755798,0.2334111028278279,-0.3708480325428228,-0.1380808400785874,0.9947469830513,0.1938574506671595,-0.3301405740039638,0.2537599227471233,0.9964029788970948,0.1228081136433123,-0.4045177958387341,-0.3516552663931126,0.9998813271522522,0.1751268616487434,-0.125125414183958,0.365129206939242,0.1806636750698089,0.1146784916531981,-0.1407171611006159,-0.4604047467989875,0.9827597141265868,0.174324782933496,0.0954512945945473,0.186707713144484,0.2166046649217605,0.1418809170950782,0.078566795781236,-0.4886134362830269,0.9344901442527772,0.1741333837362667,0.1692805893156807,0.2077700689219409,0.2031404078006744,0.1445399956823951,0.1559980261474466,-0.5480812017731139,0.9132294058799744,0.1723460311781001,0.1797278609557834,0.1485483927895775,0.2092190384864807,0.1533153826794859,0.1635857431600884,-0.5419984514989236,0.908248007297516,0.1699670255611019,0.1556848750668909,0.1505555314984157,0.2057536095380783,0.1533986452577608,0.139679782688273,-0.4806850758290782,0.8496630787849426,0.0339576912264446,0.0103063187429182,0.2012950506623665,0.9933156371116638,-0.0339576912264446,-0.0103063187429182,-0.2010372770513237,0.9981975555419922,0.0792174483190129,0.3457621697694372,0.0749328784474516,0.5850924253463745,0.0194674715638821,0.3757546770795467,-0.3977144402421889,0.9910621047019958,0.0333236213824541,0.7311026039082154,0.1351079449210299,0.7463532090187073,0.0128868477280891,0.797872558607143,-0.4701776701046659,0.9927313923835754,0.0074963376421451,0.7959636287203214,0.1318507765713722,0.7105721831321716,-0.0131712845651937,0.8622519870807578,-0.4907015901787452,0.9750608801841736,0.119149273175347,0.8424993804610852,-0.0053946226894625,0.8412600159645081,0.0968751370494489,0.8921076435284616,-0.7046690917940099,0.9894707202911376,P1,P1/rob_DTL_1_frame815.jpg,4
0.2765364764032591,-0.3514534892362593,-0.2381051371727552,0.9926024079322816,0.3032015228760347,-0.4268992831274296,-0.2111090722948237,0.9902383089065552,0.3015189313097474,-0.4300623153824409,-0.2112956449752374,0.9905847907066344,0.2997933351428787,-0.4331634005342338,-0.2113409716779761,0.9917880296707152,0.3024372404337282,-0.4286378245567182,-0.2868489503678613,0.9925110340118408,0.2998647169288779,-0.4341757639377176,-0.2869110071766935,0.9930831789970398,0.2973050655493716,-0.4395775220835424,-0.2870653264066712,0.9942190647125244,0.2568538265589041,-0.4052444920336207,-0.0612450558566701,0.976332664489746,0.251475618551493,-0.408110075801277,-0.4038234020819236,0.9909042716026306,0.2626225865511876,-0.3553432114766063,-0.1747751398403823,0.9903906583786012,0.2613978330795261,-0.359891752495929,-0.2736821740295478,0.9952313899993896,0.183020046955856,-0.35137494001683,0.1960890390237998,0.9967036247253418,0.173249591860147,-0.3649154650968464,-0.5693081403080025,0.9998921751976012,0.1580794995938118,-0.091725156186449,0.255057360565567,0.1709358394145965,0.1524571600273175,-0.0937656806017935,-0.6442708638133895,0.9831053018569946,0.1660986874090398,0.1508994865865288,0.0746048226538005,0.2027191370725631,0.163062547980574,0.1630302945301379,-0.5524898309010149,0.9366950988769532,0.1683344878168204,0.2193791934171859,0.0612662016137162,0.1902866661548614,0.1584215616974164,0.228603533967756,-0.6147373812270006,0.9156253337860109,0.1682440903911084,0.2191118042679924,0.0101570119678148,0.196002796292305,0.165404762833671,0.2297705091495208,-0.6068604084557023,0.9104942083358764,0.1651100204181213,0.1954832629090616,0.0425878792366395,0.1933281272649765,0.1650199886777883,0.2099878077854457,-0.545549890345107,0.8537259697914124,0.0124981754754469,0.0038900147886502,0.2314505043496165,0.9938774704933168,-0.0124981754754469,-0.0038900147886502,-0.2316077856311648,0.9983612298965454,0.0701015214869389,0.3667291914400768,0.4367852582343944,0.5568608641624451,0.0540378404282497,0.4015538489136525,-0.2468736143297467,0.9909932613372804,0.0398694335523289,0.7353880314885569,0.7221617764233338,0.727816104888916,0.004466481220254,0.7980580215644719,-0.1214632854531134,0.9929122924804688,0.0281140382188976,0.777279924598503,0.7415526824722476,0.6954739689826965,-0.0318427126182916,0.8632227172965662,-0.1179495700616853,0.9757838249206544,0.1390740990715389,0.8212465702752768,0.6464796035031172,0.828932523727417,0.0718100767151419,0.8933465623589645,-0.2839084010974906,0.9895927309989928,P1,P1/rob_DTL_2_frame18.jpg,4
0.2886398344038632,-0.3746542802568178,-0.2423546359374784,0.9930522441864014,0.3012312979225385,-0.4158599315744016,-0.2174678627626105,0.990848422050476,0.3002628220882253,-0.4193876566176095,-0.2176459738727871,0.9910942316055298,0.2992095939711381,-0.4234297158659942,-0.2177423494271728,0.9923064112663268,0.3004001009114122,-0.4169730683402839,-0.2950377977170245,0.9929848909378052,0.2990142520262517,-0.4210900843814739,-0.2951096490555823,0.993461012840271,0.2975224982785293,-0.4261110537904429,-0.2952672641677263,0.994576096534729,0.2765529096003959,-0.4471169141741857,-0.0825028780445595,0.9778469800949096,0.2729639272539769,-0.4553623033463846,-0.4335903007816349,0.9914921522140504,0.2679649622065321,-0.3654556053579387,-0.1839001560209859,0.9910660982131958,0.2664372916622572,-0.3674986038527496,-0.2856148025487677,0.9955875277519226,0.1817476148457804,-0.3584418215947964,0.1627942290286662,0.996921718120575,0.1698521989693855,-0.3601523412851568,-0.5924807786213682,0.9998996257781982,0.1584969546775057,-0.1098246201493422,0.2262080838873126,0.1648551076650619,0.1538171238539742,-0.08680436694077,-0.664281152238667,0.9825690388679504,0.1742468248748381,0.1470100746164429,0.0635699616072988,0.1914482712745666,0.169230469283608,0.1728468861001209,-0.569643871431561,0.9380044937133788,0.1788636238498743,0.2091117774555822,0.0526757885438901,0.1805674582719802,0.1690828980977727,0.2361518726055808,-0.631807115501157,0.9176830053329468,0.1779791904802216,0.2094187028079401,0.0007652480458654,0.1860420852899551,0.1750919343209926,0.2365161512615244,-0.6246581823691688,0.9126074314117432,0.1746745612701452,0.190517240185842,0.032596715489371,0.1839824020862579,0.1741524190657178,0.2174866374517174,-0.563732648144407,0.8569251298904419,0.0145602505297003,-0.0003920325441887,0.2355777717152316,0.9942870140075684,-0.0145602505297003,0.0003920325441887,-0.2356459497450511,0.9984819889068604,0.0803200010177203,0.3500524103273306,0.4069995559885052,0.5442591309547424,0.0611981398713228,0.3878415651001211,-0.2382854261462452,0.9908322095870972,0.0554001325733018,0.7054271078528899,0.6655031041213775,0.7223179340362549,0.0106600129404301,0.7940771438528662,-0.1277792475168681,0.993126392364502,0.0273464171569597,0.7501452231242374,0.683185099224163,0.6918649673461914,-0.024119725975766,0.8603716003259259,-0.1258380990486447,0.9764332175254822,0.1280576115628765,0.8058067462179039,0.5945378670057357,0.8228476047515869,0.0839815977571694,0.8808103870186449,-0.2868498328302228,0.9897041916847228,P1,P1/rob_DTL_2_frame20.jpg,4
0.2824261283575565,-0.3650059770643775,-0.2153678877746644,0.9935890436172484,0.2950907429677307,-0.4005634797771387,-0.191338157248133,0.9915275573730468,0.2945214990978784,-0.4043239285588492,-0.1914917908186762,0.9917240738868712,0.2937335874560416,-0.4087595583154803,-0.1915694214160442,0.992887020111084,0.2932571889314462,-0.4036648115270486,-0.2676616839314748,0.993500292301178,0.2915002039984909,-0.409454270780714,-0.2677248782099157,0.9939134120941162,0.2893900953819749,-0.4163174666377195,-0.267860643297473,0.9949613213539124,0.2729955322521372,-0.4385820210356299,-0.0617096065348481,0.9794697761535645,0.2660791201606551,-0.4500779307091296,-0.4081610172101583,0.992069125175476,0.2619726950885781,-0.3553864350200589,-0.1588940165510544,0.9917603135108948,0.258995558141203,-0.3597915645146429,-0.2594290899981998,0.9959388971328736,0.1816303342829243,-0.3456627957936726,0.1703175146395433,0.9971635937690736,0.1640749212722987,-0.3757856613267913,-0.5618656724707929,0.9999069571495056,0.1550743717851156,-0.10220878417276,0.2434175846838158,0.1674037873744964,0.1541140735113843,-0.0921168772811933,-0.6369158132136711,0.9830237030982972,0.1750264260364531,0.1451137363230089,0.0939429389387208,0.1929215341806411,0.169989990653884,0.1623546640330846,-0.5511621680972274,0.941502332687378,0.1765905021194311,0.2116418137082424,0.0864516482131975,0.1822478771209716,0.1686116052614197,0.2292081247243325,-0.6105600484915726,0.922350287437439,0.175178290450265,0.2153438803178211,0.0339738133159712,0.1879213601350784,0.1767631718164027,0.2320113181818894,-0.6042116064770964,0.9175755977630616,0.1719796550801354,0.194642057443773,0.0640764065243954,0.1860633343458175,0.1751914529763456,0.2138325958717041,-0.5449652366652168,0.8644014000892639,0.0172816183148947,0.0042904173721287,0.2340756587137676,0.9947133660316468,-0.0172816183148947,-0.0042904173721287,-0.2341084942626999,0.9986013770103456,0.0752075603088262,0.3567105426840079,0.3836932611685326,0.5455254912376404,0.0529555315405732,0.38701817894614,-0.2425799243546958,0.991298496723175,0.0445428374520553,0.7107236167167195,0.6206949105085744,0.730585515499115,0.001839073805286,0.8052946682155254,-0.163574232225783,0.9935981631278992,0.0250660494650053,0.7500649918463131,0.6359946486868353,0.6999444961547852,-0.029820905862226,0.8671585407944482,-0.1654490960717426,0.9777405261993408,0.1292074604510007,0.8043118662681724,0.5523668222986814,0.8277589678764343,0.0840178192979943,0.8875649852606441,-0.320421599812272,0.9903221130371094,P1,P1/rob_DTL_2_frame21.jpg,4
0.2745044662594225,-0.3798875434380557,-0.2418734427191039,0.9941611886024476,0.2864576564059516,-0.4134526947803522,-0.2153284033431868,0.9922592639923096,0.2865910055816237,-0.4150012138355946,-0.215515491815995,0.9924219846725464,0.28660699065631,-0.4170922438904959,-0.2156207619460012,0.9934977293014526,0.2817144360426895,-0.4233407254533801,-0.2878293931549598,0.9940513968467712,0.2784438056299101,-0.4319273046290356,-0.2878829571771542,0.994413197040558,0.2746446862128107,-0.4418839028592704,-0.2879803224072881,0.995374321937561,0.2652489677961286,-0.4451288029106031,-0.0694831540655848,0.9811955094337464,0.25075765627332,-0.4723510345514083,-0.3976722711160693,0.9926958680152892,0.2559070938415477,-0.3661597295614457,-0.1795111442745343,0.992497980594635,0.2507733609080995,-0.376100623156901,-0.2751009969961241,0.9963005185127258,0.1871983351416639,-0.3412819054313141,0.1673281686793903,0.9974194169044496,0.1507356085725772,-0.3838392221644415,-0.5413896606916379,0.9999130368232728,0.1661766999496607,-0.1056769782009348,0.2483709198642172,0.1872006356716156,0.1527221747622043,-0.0992816162368764,-0.6141220309539956,0.9835786819458008,0.1769028252840898,0.1343638072548797,0.0847362236307954,0.2145859897136688,0.1682065239949081,0.1581381003518462,-0.5390230984283289,0.9444132447242736,0.1791119906497207,0.1991074261128524,0.0705950194222293,0.2018784284591674,0.1663184623225362,0.221426376313603,-0.6011601685727685,0.926250696182251,0.1765808802711106,0.2055764736624163,0.0153376769705229,0.2082184106111526,0.1750394423235143,0.224627878289362,-0.6031292072682222,0.9217711687088012,0.1733009953414076,0.1850686043796274,0.0545482961570945,0.2057819366455078,0.1736968362698224,0.2073133782250357,-0.5357980395004006,0.8708727359771729,0.0213820004722107,0.00564118894476,0.2288547912567546,0.9951542615890504,-0.0213820004722107,-0.00564118894476,-0.2288245037468228,0.9987157583236694,0.0850754419892826,0.3474972950851988,0.3922673527927683,0.5649684071540833,0.046945149624527,0.3773028690372513,-0.2547152417652423,0.9919399619102478,0.0409634365229638,0.6947838395804551,0.6417790846702577,0.7461816072463989,-0.0018185125754913,0.7909810375026517,-0.1868239478661174,0.9941095113754272,0.0280675476298059,0.7293557701880787,0.6586071617162804,0.7155280113220215,-0.0287696289364206,0.8517081960157733,-0.1897189816062524,0.9791091084480286,0.1337258064669634,0.7885553725289894,0.5780795435852134,0.8375126123428345,0.0841846246254075,0.8742419631851146,-0.3485804591701341,0.9910326600074768,P1,P1/rob_DTL_2_frame22.jpg,4
0.274481151744496,-0.3841538745553487,-0.2277162522626466,0.9946078062057496,0.2856742074248375,-0.4178665239995178,-0.2017947864564936,0.9928138852119446,0.2850176408543708,-0.4202213065395728,-0.2020057164622958,0.992945909500122,0.2841416625837353,-0.4231278163459581,-0.202120566946668,0.9939609169960022,0.2827314766121823,-0.4243915192844771,-0.2760518989712897,0.9944629073143004,0.2799124951107755,-0.4314028910758941,-0.276090935622001,0.9947729110717772,0.2764907571326696,-0.4396936777970335,-0.2762030052229743,0.9956594109535216,0.2608653904470827,-0.4521740044026994,-0.0612116452255308,0.9824021458625792,0.2495599870774279,-0.4748392469345413,-0.3978938718186052,0.9930692315101624,0.2546666623068926,-0.3737380062628987,-0.1671557726106063,0.9930760264396667,0.2503173606711027,-0.3805290625670423,-0.2651207329850342,0.996582329273224,0.1873186719770422,-0.3411012110836568,0.1643441430696852,0.9976471066474916,0.1439234731926978,-0.3871011243035271,-0.5371080927805756,0.9999162554740906,0.1700737187999693,-0.1179755716137346,0.2488233832066382,0.2085543870925903,0.1386308263859356,-0.1092291371476948,-0.6164902864968325,0.9833686947822572,0.1785697347159434,0.1215221017343636,0.0921845205487267,0.2459644973278045,0.1634452051304881,0.1423381263280602,-0.5548751915768236,0.9462857246398926,0.1793308625022066,0.1843724302990959,0.0800285579207541,0.230048269033432,0.1569039416776455,0.206556788569193,-0.6181953156307478,0.929097056388855,0.1752782811250733,0.1909995535268777,0.0261977965408265,0.2372424155473709,0.1682507106878581,0.2111765311155203,-0.6219080035344576,0.92482328414917,0.1721705048826967,0.1689852462766199,0.0632730706377897,0.2335622012615203,0.1674936151825232,0.1906629275914478,-0.5525743929357486,0.8751100897789001,0.02555906455772,0.0045773340744949,0.2263130532606331,0.9955443739891052,-0.02555906455772,-0.0045773340744949,-0.2263019992491227,0.9988183975219728,0.0866219803178462,0.3386295619187655,0.4149490644647495,0.5865318179130554,0.0397246065030844,0.3674682960739531,-0.3172734550079712,0.992529273033142,0.0394125913857343,0.6850315538931262,0.677907834412396,0.7613455653190613,-0.0061234009611239,0.7814002871966185,-0.2766209198562567,0.994573712348938,0.0261229581889203,0.7197152878201711,0.6958849246662991,0.7292250990867615,-0.0308432296701158,0.8415802724776121,-0.2836082196257524,0.9802706837654114,0.1304182520103886,0.7777737371561878,0.6155500698196837,0.8470929861068726,0.0896984716219858,0.8622974366664797,-0.4637788393923245,0.9917104840278624,P1,P1/rob_DTL_2_frame23.jpg,4
0.2739259590576163,-0.3855315206001862,-0.2047628564351439,0.994752824306488,0.2836702701607978,-0.4153665308401901,-0.17884892933766,0.9930235743522644,0.2832349520580986,-0.4174222766051639,-0.1790512663829291,0.9931495785713196,0.2825269195601672,-0.4201323845642843,-0.179165826512008,0.9941998720169068,0.2796989446887347,-0.4216496959912871,-0.2490544823896472,0.994497299194336,0.2766518564738501,-0.4280867390972357,-0.2491086028314639,0.9947161674499512,0.2729833007671388,-0.436141301281254,-0.249244804212069,0.9955546855926514,0.2593931488247435,-0.4494359549188103,-0.0432863205691078,0.9830947518348694,0.2469866521498211,-0.4719068454634869,-0.3762317034903509,0.9924607872962952,0.255400078223147,-0.3738498154083771,-0.1472796065133501,0.9933840036392212,0.2499848484492579,-0.3820462749504021,-0.2397756832632942,0.9966468811035156,0.1960903066725444,-0.3233159349246619,0.1677885877596703,0.997847318649292,0.1331738907075966,-0.4057828843883388,-0.4953478527185773,0.999894380569458,0.1761167819279854,-0.1059557059761347,0.2606793316854468,0.2497270256280899,0.1187663573515585,-0.1334627408199667,-0.6025501986606268,0.9784473776817322,0.1788594383294011,0.1243035399060479,0.102611898889825,0.3001276850700378,0.1427625925558044,0.1112190661033137,-0.5274817525127019,0.9410676956176758,0.181041430499278,0.1858256360046664,0.088217765796732,0.2801495790481567,0.1343251360367839,0.1723349299412842,-0.5915036036056064,0.9240599274635316,0.1755203836619266,0.1885533339730273,0.043898309192766,0.2878161072731018,0.1490075998522105,0.1821009861739993,-0.5982601062100837,0.9194177389144896,0.1718313293617697,0.1669201156794245,0.0733962439554989,0.2817760407924652,0.1457821877247502,0.1474001915668539,-0.5275987537749529,0.8673961758613586,0.0292458834344578,0.0089204200010796,0.221901861993809,0.9958645105361938,-0.0292458834344578,-0.0089204200010796,-0.2219083889952693,0.998847246170044,0.0849674316040142,0.3416276885600306,0.2128893714522364,0.597917377948761,0.0351228163249068,0.3622627084552391,-0.3800769903135256,0.9927052855491638,0.0376455976108166,0.6851323142084254,0.3267312014235109,0.765247106552124,-0.008342996784359,0.7787791688365238,-0.3911145133559061,0.994782567024231,0.0191859909450211,0.7290745118592865,0.329427735989674,0.7340501546859741,-0.033934313417092,0.8393947561912142,-0.4036319517426522,0.9806028604507446,0.1297711241956291,0.7770806941647451,0.2233866596045189,0.8494483232498169,0.0894760141299653,0.8584224370530711,-0.592241275961628,0.9919859766960144,P1,P1/rob_DTL_2_frame24.jpg,4
0.2431843514928756,-0.2029812504947863,-0.3876459749049873,0.9952491521835328,0.2516517924149191,-0.2200144300646245,-0.3528733686564152,0.993689239025116,0.2510281881313733,-0.2224409396268397,-0.3530895275081524,0.9937927722930908,0.250132786351406,-0.2257094696397497,-0.3532130528237361,0.9947545528411864,0.2495649461189561,-0.2271441189902855,-0.4468616284739993,0.9950127601623536,0.2470412674886954,-0.2329553476059064,-0.4469000446381352,0.9951978325843812,0.2434492934387875,-0.240404467563389,-0.4470664589465408,0.9959659576416016,0.2252714668456088,-0.2667892032581795,-0.1508627219865149,0.9847228527069092,0.2130309650150758,-0.2874942616632854,-0.5773931076677967,0.9931792616844176,0.2236433572038644,-0.213408877236915,-0.301767768636999,0.9940321445465088,0.2211843046777974,-0.2208996530241706,-0.425464410280252,0.9969735741615297,0.1439214561945236,-0.234712103325048,0.1836053328457887,0.9980357885360718,0.1066713626773557,-0.2850176940417093,-0.7481556743905744,0.9999032020568848,0.1599185488914682,-0.0115283606202844,0.2830033744538809,0.2439630478620529,0.1448581166839599,-0.0258654068426231,-0.8107182578809151,0.9794471859931946,0.2075305561910024,0.2226318290866073,0.1184651459681305,0.2932298183441162,0.2035215640198548,0.230551912823455,-0.7520033939161985,0.9452672004699708,0.2285997530137224,0.2999201350714685,0.107597781643165,0.2736137211322784,0.2149748480016322,0.3012949237614574,-0.8360536972274399,0.9295221567153932,0.2232761672302308,0.3029355740443779,0.0466504013846918,0.2806000411510467,0.2190127672517592,0.3138755277806838,-0.8347146911669399,0.925126314163208,0.2131427439300914,0.2749292289401859,0.085088093621228,0.2758386135101318,0.2113239329381971,0.2855500651606996,-0.7490536679030514,0.8768251538276672,0.0289935025754304,0.0203142084217868,0.2865138134350761,0.9961422681808472,-0.0289935025754304,-0.0203142084217868,-0.2866403485045421,0.9989177584648132,0.1264770062973181,0.390402449637612,0.3580010696247376,0.567642867565155,0.0795144370021523,0.4304588460350106,-0.3650581064358522,0.9918261766433716,0.1603894499676275,0.731888205469875,0.6040979014264676,0.7461679577827454,0.1314328586793918,0.8257094239469945,-0.3485359370928679,0.99482661485672,0.1539517954241961,0.7722973283014175,0.6162126206260051,0.7277984023094177,0.117633638754955,0.8735204512219921,-0.3588325977389817,0.9812592267990112,0.2661947559653679,0.8579203116204054,0.4518437325982682,0.8300274014472961,0.2362614995423444,0.971689509994835,-0.588674459459051,0.9916065335273744,P1,P1/rob_DTL_3_frame3.jpg,4
0.4173186795151789,-0.3347821678643836,-0.5365111246500244,0.995602250099182,0.4367326152154034,-0.3606327644947034,-0.4980031937210546,0.9941594004631042,0.4367914792442384,-0.3635341338766165,-0.4982159244613279,0.9941939115524292,0.4368381844736747,-0.3665116405023834,-0.4982213766213757,0.9951263070106506,0.4346622418733468,-0.3642495248237774,-0.6058177286987396,0.995355188846588,0.4326031588450176,-0.3695842945583654,-0.605842046297537,0.995494544506073,0.4305055729519257,-0.3749959976486727,-0.6060716642591975,0.9962194561958312,0.4079609394033516,-0.3938785407410496,-0.280649986711267,0.9859262108802797,0.3958127548295223,-0.4068207624644995,-0.7722940318483931,0.9937304854393004,0.3912060173335335,-0.3323837723091838,-0.4444931860530423,0.9945610761642456,0.3829809755339439,-0.335638156991893,-0.5865763804010912,0.9972367882728576,0.253560109277155,-0.3154892652923005,0.0869608309689006,0.9981764554977416,0.216603342006395,-0.3317713692878822,-0.9451459365605264,0.999902367591858,0.2401593753684437,-0.1013219049709925,0.2158008371214787,0.2286029905080795,0.1899007850570967,-0.0732574177414278,-1.0297307475425654,0.9792081117630004,0.2590115938361298,0.1123042922786653,0.0566879656116438,0.2772695422172546,0.234101012322021,0.1192848423604347,-0.9645591967718956,0.9458802342414856,0.2716273131963615,0.1824921680377667,0.0408231991368915,0.2600854933261871,0.2088712140744924,0.1798651918787918,-1.068988133356694,0.9292598962783812,0.2609691605393207,0.1846187999516443,-0.0352253988668986,0.2667255699634552,0.2322297151955162,0.1846881823069432,-1.0783570672838407,0.9247150421142578,0.2507139852337797,0.1620522612644708,0.0142191730932363,0.2621805369853973,0.2315924397095715,0.1649174919926155,-0.9679175343645432,0.8772689700126648,0.0352453438815868,0.0082079374567846,0.316071777931747,0.9964410066604614,-0.0352453438815868,-0.0082079374567846,-0.3162401676535782,0.9988250732421876,0.1007911154781944,0.3227928437946029,0.3249217192964647,0.5470446944236755,0.0324760325709208,0.3535862577511165,-0.2564312746573872,0.9885991215705872,0.0530284082386546,0.6747502325445272,0.5562161960469622,0.7451993823051453,0.0179366656978843,0.662097168300428,0.0020514656852535,0.9939019083976746,0.0379821352287818,0.695802035722483,0.5588528702959337,0.7315219640731812,-0.0203923089335862,0.7330996353700384,0.0106304719379484,0.9784346222877502,0.1772089767022152,0.7533889081285614,0.3470182383632316,0.8295803666114807,0.1593980725544607,0.7399042206049543,-0.2430390084839714,0.9899073839187622,P1,P1/rob_DTL_3_frame4.jpg,4
0.4101188096989256,-0.3165024776907369,-0.5309888768079304,0.9959830045700072,0.4283126909523757,-0.3388642399137311,-0.4961778749670079,0.9946669936180116,0.4283412947443954,-0.3410773181065924,-0.4964302613671821,0.9946812391281128,0.4281884607576232,-0.3435687925203125,-0.4965272431783601,0.9955400824546814,0.4245729788369048,-0.3436285005992426,-0.5997620676354117,0.9957515001296996,0.4221578279401263,-0.3490618890436605,-0.5998982628150613,0.9958676099777222,0.4195837670876825,-0.3549311815179349,-0.6001190074387693,0.9965364336967468,0.4018516594701068,-0.3691383391512992,-0.2701933590547649,0.9871171116828918,0.3871641731266332,-0.3859330416142277,-0.7391527862787588,0.9942917823791504,0.3820216600084161,-0.3147873251486639,-0.4324162367589865,0.9950626492500304,0.3760527216442951,-0.320090547644103,-0.5686743727939486,0.9974933862686156,0.2856568868405521,-0.303474805834187,0.1144979297860498,0.998317003250122,0.2103043097280839,-0.3242373029371882,-0.9079867154135448,0.999910295009613,0.2473127558265236,-0.0859338068324402,0.2268894380024232,0.2200251221656799,0.1987560428205554,-0.0900700460255181,-0.9735751170383828,0.9800058007240297,0.2506631385506145,0.1116403431928547,0.0340475680340621,0.263244479894638,0.2319326090292384,0.125254112356476,-0.9075288677883396,0.947891891002655,0.2591510801413635,0.1787016064155986,0.017168912039409,0.2472883015871048,0.2264318006992184,0.1879253011010778,-1.007455093491996,0.9315326809883118,0.2552915312240322,0.1836159435327692,-0.0633934695467671,0.2536589205265045,0.2373582622978732,0.1878734216743753,-1.01622860562072,0.927174746990204,0.2501813609556152,0.166367669991972,-0.0108231073229862,0.2498807907104492,0.2341585636023307,0.1717532218659125,-0.9090339320213788,0.8813855648040771,0.043031811122376,0.0054657780324402,0.3184679835203162,0.9966745376586914,-0.043031811122376,-0.0054657780324402,-0.3185334170314725,0.9989043474197388,0.0982381579613796,0.3091506020683278,0.4683519471802411,0.5464320778846741,0.0162332361989852,0.3445740615736732,-0.3712329125816342,0.9887434244155884,0.0478851548595045,0.6392455596624491,0.8103567385692517,0.752615749835968,-0.0099169861052911,0.6899392376663371,-0.2967591776313283,0.9942091107368468,0.0253490590675011,0.6695269734318,0.8276868974754388,0.738886296749115,-0.0487192919120804,0.7560605485013209,-0.3125324629851071,0.9793652892112732,0.1675937070381518,0.7306629985282308,0.6413774535632543,0.8334701657295227,0.1068474787153235,0.7910592510428175,-0.6485726626646664,0.9903443455696106,P1,P1/rob_DTL_3_frame5.jpg,4
0.4140783898495904,-0.3104880215660366,-0.4995913836196753,0.996000349521637,0.4360605261989246,-0.3357499188879852,-0.4657314110283221,0.9947658777236938,0.4361749448015569,-0.3384050613485686,-0.4660861373728239,0.9947097897529602,0.4359409458548201,-0.3416644382217583,-0.4663427428354526,0.9955867528915404,0.4306507343727115,-0.3398095329680147,-0.5743744550984613,0.995837926864624,0.4270569196666397,-0.3448677767442435,-0.5745994209976218,0.995918869972229,0.422912232440125,-0.3504774665677456,-0.5748767212200415,0.9965994358062744,0.4063520275682439,-0.3709821739054373,-0.2512703009812315,0.9872708916664124,0.3840863777891624,-0.3834220664410888,-0.7426324587741986,0.9944950342178344,0.3860387587070951,-0.3053000173444665,-0.4051658784955081,0.9953088164329528,0.3771962176263019,-0.3097409072818475,-0.5481714958358984,0.9976319074630736,0.2988456658817325,-0.3088396576620322,0.1149524366265305,0.9983925819396972,0.2027098559558953,-0.314411542508641,-0.9046717588235756,0.9999141693115234,0.2901173522279616,-0.0722790772349212,0.2506208774337928,0.2170446217060089,0.2127197153118315,-0.0732755323085559,-0.9505061113400376,0.9799752235412598,0.2614413930673181,0.109882459447233,0.0750299329595383,0.2534242570400238,0.2528246303820283,0.151338890492884,-0.8675976462877678,0.9492413997650146,0.2785389925791315,0.1843975505145906,0.0630567658047058,0.2374256253242492,0.2503481415290637,0.218908380470458,-0.9610337698358732,0.9330993890762328,0.2773640272795854,0.1962660191517157,-0.0123015672736228,0.2436422854661941,0.2614113784965357,0.2202592273312769,-0.9742376001094006,0.9289424419403076,0.2661341807679295,0.175411532138433,0.0341413532182005,0.2409622371196746,0.255847881479819,0.2068041923061054,-0.8689514563705428,0.8845105767250061,0.0516299367238147,0.0042737068663668,0.3161798452110189,0.9967904090881348,-0.0516299367238147,-0.0042737068663668,-0.3161321468963041,0.9989701509475708,0.1071463780127324,0.3205647684885492,0.4413591016139741,0.5505790114402771,0.010890653185473,0.3583770100548725,-0.5560452067187133,0.9881885051727296,0.0429584500201397,0.6570656729668276,0.7445732735677215,0.751513659954071,-0.0135594647021771,0.724655140795655,-0.6297215147968488,0.9941888451576232,0.0227521439128302,0.689142263879558,0.7598119770349309,0.7362613677978516,-0.0537191515846615,0.7931412222357532,-0.6586788366616262,0.9791343212127686,0.1665266695569585,0.7407903622863302,0.5892977188090401,0.8298810124397278,0.104346515615319,0.8319272167720143,-1.0014782127895705,0.9903874397277832,P1,P1/rob_DTL_3_frame6.jpg,4
0.401534688176388,-0.3131888309220248,-0.423795644895823,0.9961795210838318,0.4237292793866967,-0.3370685185030305,-0.3913040692907421,0.9949712157249452,0.4250745053670422,-0.339230960115894,-0.3916136706517134,0.9949113726615906,0.4261008108819055,-0.3421548472164509,-0.391864636303424,0.9957937002182008,0.4157759173343476,-0.3425374121088637,-0.4964750760917766,0.9959903359413148,0.4116422804342668,-0.3481474889440175,-0.496656882911045,0.9960293173789978,0.4073544328228491,-0.3541638257590225,-0.4969091489029199,0.9966901540756226,0.4015284272793006,-0.3695075748136976,-0.1950750688983948,0.9879190325737,0.3749792376624733,-0.3841669596559744,-0.6737407222204294,0.9946107268333436,0.3767424026037754,-0.3073864723051679,-0.3374491569655702,0.9955954551696776,0.3671854803251057,-0.312569387396348,-0.4756753645917911,0.9977574944496156,0.312058955721112,-0.3025293646662662,0.1268905042840908,0.9985228776931764,0.1771578623772559,-0.3304531823993763,-0.8315061782807041,0.9999151825904846,0.2836978624871946,-0.1004591278941867,0.2822832368706728,0.2603907287120819,0.1605548783556933,-0.0652377289178844,-0.8961597655003353,0.981023371219635,0.2781473364154913,0.1025158807481404,0.1249587887690842,0.3044471442699432,0.2372596329321157,0.139976321005133,-0.8425602255352086,0.9527754783630372,0.2863833057302157,0.1627562579323656,0.1050362048706683,0.2820005118846893,0.2439516650250904,0.2119495711703761,-0.9347887299575686,0.9374564290046692,0.2849893410740823,0.1736106307305293,0.0120547019041013,0.2890691757202148,0.2547156882622084,0.2119414801649093,-0.9476714407690584,0.9336259961128236,0.277274952647484,0.1540957997951163,0.0827501804825104,0.2850861847400665,0.2512410830216955,0.1929910931822977,-0.8425394200925798,0.8917590379714966,0.0570196754009793,0.0093271473555625,0.3089923201669626,0.9967983961105348,-0.0570196754009793,-0.0093271473555625,-0.3089550919096661,0.9989646673202516,0.1128385107405976,0.3232892231482531,0.3222243649555555,0.5599551796913147,0.0044380128200214,0.353535713298917,-0.5003429138301243,0.9874917268753052,0.0359353338872517,0.658411541791669,0.5437321346643922,0.7484575510025024,-0.0192282263310511,0.7309367141155388,-0.5776163986658157,0.993752121925354,0.0123284287762689,0.6905679908399609,0.551200758799937,0.7324468493461609,-0.0618240951828533,0.7974011454158298,-0.6053256361914423,0.977840006351471,0.167931611786294,0.7435273781582756,0.3727908855678174,0.8253452777862549,0.0921787062101418,0.8332861994833952,-0.9165735649360036,0.989744246006012,P1,P1/rob_DTL_3_frame8.jpg,4
0.2768911861836121,-0.4398211607434879,-0.4643535303426784,0.996513307094574,0.2842208432229037,-0.4741869399029794,-0.4367039420505726,0.9954156875610352,0.2837541221679647,-0.4774387896694348,-0.4369579515157016,0.9953601956367492,0.2832376234073079,-0.4814553659591313,-0.4371595677430092,0.9961693286895752,0.2807835384643489,-0.4779677328565211,-0.5179930279135683,0.9963467121124268,0.2778957707667063,-0.4830540893084822,-0.5181214367738937,0.996374785900116,0.2747568018594563,-0.4889296206258734,-0.5182912536372056,0.9969800114631652,0.2591567772449389,-0.5084170417760894,-0.2732022947686137,0.9889628887176514,0.2500764206751223,-0.5137900605465985,-0.6401798402156844,0.995062530040741,0.2551455972109507,-0.4296228982207016,-0.3933365476035395,0.99598491191864,0.2501584657874228,-0.433922282360583,-0.5006293637675927,0.9979568123817444,0.1883697961394101,-0.3818957696719876,-0.0046793207211407,0.998641312122345,0.1354708520687414,-0.3496281428340386,-0.742872733835201,0.9999193549156188,0.1759477256264439,-0.1045694140101802,0.0997139952770032,0.2834006547927856,0.1389939462802923,-0.0232965169143096,-0.8152443419486385,0.9821446537971495,0.1779880609225398,0.1298734481756656,-0.0462587653842973,0.3200877606868744,0.174815723332032,0.2112020698713,-0.772286236977934,0.955476701259613,0.1828661659552254,0.1943346960589918,-0.0574526680586816,0.2933691740036011,0.1769061667168483,0.2671037549244996,-0.8559502810547772,0.9408785700798036,0.1864476278305605,0.2035715440443507,-0.1250325662946008,0.3005165159702301,0.186311510033509,0.2640686364077186,-0.8558892703269726,0.9371545314788818,0.182646020747858,0.1845284880325676,-0.0805022787424172,0.2965933084487915,0.184390553129002,0.2455484665613084,-0.7707836550823258,0.8960811495780945,0.0339168437228565,-0.0008005180151843,0.2311825325889916,0.9969965815544128,-0.0339168437228565,0.0008005180151843,-0.2313692540492675,0.9990376830101012,0.1063622373735306,0.3324099022730197,0.3607867186175771,0.5843828320503235,0.0219851717133455,0.4028112162869023,-0.4536359057398799,0.988269865512848,0.0705808771757698,0.7301602015991575,0.6627745135049053,0.7623661756515503,-0.0018283945999585,0.8423419703711468,-0.4297508941022738,0.994109034538269,0.0481826716454,0.7831357945264185,0.6840561346143157,0.7410608530044556,-0.0324298999560359,0.9177618021937998,-0.4429123893068691,0.9782800674438475,0.1466883461544017,0.8149278900960271,0.5643612911727846,0.835642397403717,0.0831629631896389,0.9588907416708732,-0.6957986072910317,0.9903996586799622,P1,P1/tom_DTL_1_frame16.jpg,5
0.275234504989021,-0.4398971229612264,-0.4334495853289435,0.996817946434021,0.2831905369126005,-0.4742251967773278,-0.4059040075730029,0.9958176016807556,0.2827250238218884,-0.4775142291880742,-0.4061569022849957,0.9957669973373412,0.28220203590907,-0.4816594496275594,-0.4063564157449078,0.9965113997459412,0.2797773237198652,-0.4779783136503209,-0.4853813015160608,0.9966638684272766,0.276921715206609,-0.4830624726750385,-0.4854879541257246,0.9966802597045898,0.2738059864181602,-0.4889322674612057,-0.4856375205365978,0.9972357749938964,0.2581705270207941,-0.5098615645842051,-0.2459226204510355,0.9899278283119202,0.2491826956617341,-0.5142153647796327,-0.6044466594956739,0.9954530000686646,0.2537771648063258,-0.4301892628556259,-0.3641013496261479,0.9963472485542296,0.2491206052707396,-0.4345525139778243,-0.4688302561141461,0.9981382489204408,0.1875967204100915,-0.3812070875033622,0.0132526814029531,0.9987626075744628,0.1324470460783794,-0.3519859208729268,-0.7037074905325138,0.9999223351478576,0.1762517619776879,-0.1054200329817395,0.1306002690506607,0.3201955556869507,0.1311527086887649,-0.0273002108170152,-0.7662738895421327,0.983110010623932,0.1776742363511952,0.1164635508079526,-0.0154891554793824,0.3582143783569336,0.1730469087519003,0.2097162848337289,-0.7173501231152026,0.9580240845680236,0.1839227275751797,0.1955396748884881,-0.0291258297197939,0.3271557092666626,0.1759644977616536,0.2655255459384472,-0.7968817598871928,0.9441131353378296,0.1856143335726611,0.1785115225263925,-0.0964649433144793,0.3346448242664337,0.1854613604323705,0.2624770725823676,-0.7985008355164329,0.9405037760734558,0.1818895694799804,0.1650386769420866,-0.0489443579083682,0.3291617333889007,0.1834900729391709,0.2440587548289811,-0.715679891597453,0.9003735780715942,0.0342896107420339,-0.0019688698142581,0.23039239877168,0.9972004294395448,-0.0342896107420339,0.0019688698142581,-0.2305690129657099,0.999092698097229,0.1057432326984025,0.3310173914143788,0.3163487288573195,0.605628252029419,0.0224724356545808,0.4008946867009706,-0.4191573938461304,0.9888665676116944,0.0702857731331869,0.7280363189833302,0.5645020427625144,0.7746894955635071,-0.0022195391626798,0.8398192433607802,-0.3855677286312489,0.994395673274994,0.0475601405567457,0.780436872569704,0.5806626879626456,0.7506536245346069,-0.0313199317405437,0.9135490001459562,-0.3972364362528021,0.978745937347412,0.1493406875757367,0.8121612160604413,0.4666185744080257,0.8451005220413208,0.0831138677016269,0.9571960174415888,-0.6308123275073503,0.9909312129020692,P1,P1/tom_DTL_1_frame18.jpg,5
0.2716803317632165,-0.441233348006471,-0.3958667993430615,0.9970292448997498,0.2802663559360566,-0.4768204283987234,-0.3682624998214969,0.9960806965827942,0.279797592926735,-0.4804019663034716,-0.3685054849960739,0.9960409998893738,0.2792194482285422,-0.4848472688274535,-0.3687072054353201,0.9967552423477172,0.2766155502684159,-0.4801463770264695,-0.446861107139482,0.99687922000885,0.2737248267774515,-0.4851457120527008,-0.446952706083845,0.9968764185905457,0.2706059142321483,-0.4909095132912344,-0.4471125863830846,0.9973975419998168,0.2553488126479517,-0.5139254811265154,-0.2115508856316746,0.9905858039855956,0.2464677428774745,-0.5157939571103622,-0.5653033098395522,0.995637834072113,0.2510556361601956,-0.4323817608755795,-0.3278222645909213,0.996612310409546,0.2463516755342734,-0.4372594389131862,-0.4311934680191231,0.99826580286026,0.1882630938874637,-0.3799934119507249,0.035131431814503,0.998863697052002,0.1206314530906347,-0.3579660441491311,-0.6639756764834699,0.9999231100082396,0.1798535271485744,-0.1343530461967874,0.1628771437929319,0.3590620458126068,0.1218593118686167,-0.0301375049072199,-0.7332836081023861,0.9841720461845398,0.1779815439362267,0.1067443626395966,0.0323520559783861,0.3994980454444885,0.1663462037836478,0.2091994944235007,-0.7185279853933709,0.960723638534546,0.1892843549865653,0.1884897485293334,0.0218932180239488,0.3637498617172241,0.1705790997815449,0.2657318530239331,-0.7996226707953028,0.9474045038223268,0.1843766463049198,0.1768639436542413,-0.0435827873179814,0.37168088555336,0.181301135712315,0.2626514103912489,-0.8005933510833682,0.9439195394515992,0.1807908339654361,0.1600277124375209,0.0008724874694153,0.3640879690647125,0.1797529135309553,0.2442294734885656,-0.71697872200355,0.9048448204994202,0.0353946212282662,-0.001746928596113,0.2265849631035044,0.9972962737083436,-0.0353946212282662,0.001746928596113,-0.2267137167497986,0.9991172552108764,0.1019478988619635,0.3360548532916291,0.2714269619042501,0.621467113494873,0.0221877139046186,0.3955641912839694,-0.4233884323928514,0.989327073097229,0.0690622612225183,0.7313366030803867,0.4894028846478774,0.7822514176368713,-0.0031316262486189,0.8374114138789861,-0.4302791225888532,0.9945878386497498,0.0460691999733838,0.7816857178337575,0.5019038526348312,0.7549930214881897,-0.0318746790240649,0.9089476960062074,-0.44759795392734,0.9788695573806764,0.1511579315587811,0.8111056657098744,0.3815991197992319,0.8512781858444214,0.0820687085171622,0.9554441202513552,-0.6885818984416758,0.9913169145584106,P1,P1/tom_DTL_1_frame20.jpg,5
0.2668332510378956,-0.4360678946479424,-0.3837723105317079,0.9972256422042848,0.2762702269975998,-0.4713828951499815,-0.3562665583216816,0.9963462352752686,0.2758571047632858,-0.4749483007631594,-0.3565061344649247,0.9963096380233764,0.2753110536081515,-0.4793970755282589,-0.3567102791862579,0.9969887733459472,0.2723597926414105,-0.4750362684313493,-0.4320518447888955,0.9970853328704834,0.2694312295051037,-0.48029988444883,-0.4321606097514784,0.9970709681510924,0.2662989289051867,-0.4863789933310488,-0.4323170510181791,0.9975613355636596,0.2517020518948182,-0.5095642298082377,-0.1998065849162734,0.9912327527999878,0.2426298702529534,-0.5121678555825394,-0.5406022640032963,0.9958508014678956,0.2468136559928883,-0.4277893768568575,-0.3160369345203447,0.9968702793121338,0.2417025172669367,-0.4330817724201039,-0.4157371004014559,0.9983885288238524,0.1887713938985452,-0.3751156403694659,0.048273208187222,0.998957097530365,0.110136986701544,-0.3669448558213986,-0.6424707786042585,0.9999246001243592,0.1810647745527539,-0.1282136366011795,0.1785254819234448,0.3981189727783203,0.1090941897262856,-0.0392120768049106,-0.7167880367322664,0.985178530216217,0.1738487107096957,0.1233565180923837,0.0485791809145881,0.4393426179885864,0.1550193942367392,0.2049368647552107,-0.7162800505989847,0.963302493095398,0.1801107054601019,0.1916276823642589,0.0382397557786349,0.3988664746284485,0.1586650567718829,0.2634386221632716,-0.7974779551093046,0.950557827949524,0.1766002524890278,0.1845429184111286,-0.025087932681168,0.4069056212902069,0.1700258096134583,0.2614105873042864,-0.7991068773996506,0.9472165107727052,0.1742279491014477,0.1627610377467172,0.0183910274082619,0.3977126181125641,0.1685665237400416,0.24313894240683,-0.7150281403581712,0.9094752669334412,0.0366372848774045,-0.0003051717871772,0.2209024942471503,0.9974455237388612,-0.0366372848774045,0.0003051717871772,-0.221024400058932,0.9991573691368104,0.1010098524175753,0.3337962492021397,0.2002845425801051,0.634548008441925,0.022394993591283,0.3884087496556125,-0.4610337704925898,0.9897001385688782,0.0667191865406807,0.728938326546361,0.3763548984703484,0.7865670919418335,-0.0037442189041342,0.8303168286548877,-0.5306090825958951,0.994763195514679,0.0421914114040308,0.779659832412294,0.3849996767070758,0.7570807337760925,-0.0319873790981227,0.901839321383885,-0.5526051808226579,0.978946328163147,0.1467658549193378,0.8083251288115344,0.2615355068232191,0.8552247285842896,0.0806122136034705,0.9468737718023714,-0.793859334486975,0.991664707660675,P1,P1/tom_DTL_1_frame21.jpg,5
0.262785824064161,-0.4339304638428722,-0.3959779957903946,0.997347056865692,0.2728787958898533,-0.4686523747442296,-0.3681742612418439,0.9964975118637084,0.2724576655408622,-0.472246625554454,-0.3684148955771315,0.9964725971221924,0.2718898906233361,-0.4768042782279722,-0.3686181123134101,0.997135043144226,0.2688085175745466,-0.4728990155767428,-0.4419231331543698,0.9971897006034852,0.2658164064370393,-0.478367766523893,-0.4420488670935669,0.9971615076065063,0.2626643587030458,-0.4844004020389251,-0.4422127210560144,0.9976290464401244,0.2482798989586633,-0.5074150621427582,-0.2077346074253961,0.9916776418685912,0.2386648998128754,-0.511309518267198,-0.5357403196741756,0.995888352394104,0.2425667043755321,-0.4261015674448711,-0.3269406344765539,0.9970679879188538,0.2373352647566818,-0.4314823532639538,-0.4237783803156406,0.9984736442565918,0.1898646780710852,-0.3715257974603736,0.0390873559877639,0.9990420937538148,0.0985969673514843,-0.3746577450545384,-0.6239572398158016,0.999923050403595,0.1821048353792697,-0.1258478399894786,0.1687438347708143,0.4403603971004486,0.0959157599897141,-0.0571392942695288,-0.6844489888586373,0.9859124422073364,0.1659808490175637,0.1284485387266663,0.0360512757943813,0.4797516465187073,0.1444972576292826,0.194137740861599,-0.6935525150914729,0.965299129486084,0.1681600932099566,0.191835950655412,0.0225988739200434,0.4353076219558716,0.1476866959459682,0.2533315720043685,-0.7741092827509176,0.9528983235359192,0.1645047855233709,0.1838278820432392,-0.039256873245657,0.4431707262992859,0.1588022894017614,0.251788616109348,-0.779614235562813,0.949667513370514,0.1622268777413889,0.1628489554560328,0.0070146132068952,0.4326705038547516,0.1564144792423291,0.2319830622009575,-0.6936923515481305,0.9129119515419006,0.0382831477722396,0.0008117862924355,0.2106878826072533,0.9975863099098206,-0.0382831477722396,-0.0008117862924355,-0.2107477507656677,0.9991814494132996,0.1016753145727727,0.3332534021822896,0.1302665477447994,0.6509315371513367,0.0220663333454108,0.3862769226587275,-0.4685331247211063,0.9898098707199096,0.06416715686925,0.7282929051536406,0.2794276051569911,0.7909658551216125,-0.0051087315071543,0.8254494165167039,-0.5129344957005517,0.9947860836982728,0.0380173072132151,0.7794112349570702,0.2853403152409755,0.7603499293327332,-0.0332460095050664,0.8974102945392548,-0.5314048491914518,0.9784556031227112,0.1436627776305889,0.8117032983097837,0.1539819165538293,0.8583680987358093,0.0788455541423098,0.94118580551968,-0.7710037030821194,0.99178546667099,P1,P1/tom_DTL_1_frame22.jpg,5
0.2564174669752199,-0.4309324424328771,-0.505480570605809,0.9975370168685912,0.2676253942367466,-0.4650075298872703,-0.4735381881460183,0.9967171549797058,0.2673576942897457,-0.4685756046943561,-0.4737588276714058,0.9966903328895568,0.2669197574453165,-0.4731718931118115,-0.4739657210255318,0.9973196387290956,0.2631632253255615,-0.4700111362265014,-0.541673053593478,0.9973655343055724,0.2600485046373393,-0.4755911114407494,-0.5418314849555873,0.9973328113555908,0.2567506094787369,-0.4818021167757368,-0.5420080828263838,0.9977722764015198,0.243655629389036,-0.5045904655867033,-0.286991943674817,0.9921683669090272,0.232418592588367,-0.5102672569718762,-0.5881137654623964,0.996109426021576,0.2364271917544725,-0.4234767347667881,-0.427277901513228,0.997298002243042,0.2308047381756984,-0.4289622656984856,-0.5170779188131944,0.9985907077789308,0.1913483750649802,-0.3688081577527551,-0.0204580678731752,0.9991222023963928,0.0871474374989047,-0.3811518961063698,-0.644374742080619,0.99992573261261,0.1790575729473613,-0.1250069267614539,0.1168592745686424,0.4818794131278991,0.0840881327481608,-0.0715844536489256,-0.7054068260708125,0.9868925213813782,0.1581326658939314,0.1296581998639557,-0.0277160631451109,0.5204532146453857,0.1299413709919452,0.1941940481423523,-0.7653180310843669,0.967814028263092,0.159103307304664,0.1915084236237087,-0.0482755191388195,0.4741475582122803,0.1319502526320851,0.2534408009717076,-0.8534667289166575,0.956034779548645,0.1572062278574519,0.1851431377312672,-0.1142633101258847,0.4815800487995147,0.1433748842405598,0.251672666001585,-0.8616407414143589,0.95297372341156,0.1549140133696606,0.1641605506650925,-0.0582811449430994,0.4701384902000427,0.141744750048593,0.2312373382712848,-0.767421842166043,0.918148636817932,0.0408045121188827,0.0019363234185001,0.2050674448065973,0.9977297782897948,-0.0408045121188827,-0.0019363234185001,-0.2051135214336007,0.9992164373397828,0.1046635097056676,0.3341762155958813,0.1058759893941353,0.6692509651184082,0.019024108053994,0.3871885676458275,-0.4680109335415502,0.9900704622268676,0.0612055552808597,0.7297181428444589,0.2759592396669605,0.7957445979118347,-0.0079440471384774,0.8251629310365418,-0.4884733223619419,0.9948977828025818,0.035204268040343,0.7789557423594091,0.2834281005322175,0.7651395797729492,-0.0361078496979405,0.8976333928064716,-0.5051922783551926,0.9784448146820068,0.140490991416425,0.8138440640869508,0.1448906691549236,0.8618439435958862,0.075652296117841,0.9407674766550448,-0.7535033316513859,0.9919933676719666,P1,P1/tom_DTL_1_frame23.jpg,5
0.283255445334238,-0.4357139144203905,-0.3046898026248874,0.9947580695152284,0.276023136962474,-0.4739101263119548,-0.2850814284784566,0.9926685094833374,0.2728025437275415,-0.4775297531865694,-0.2852015346739198,0.9930362701416016,0.269408533099024,-0.4812141674103519,-0.2852289634888313,0.9942266941070556,0.2764119695790041,-0.4657882670170267,-0.3584382068320451,0.9935691356658936,0.2731069465992599,-0.4648071239285398,-0.3586990654427021,0.9936575889587402,0.2699999753987976,-0.4635474060907834,-0.3589530329366553,0.9949389696121216,0.2353397202876965,-0.4897296342688175,-0.1596300189702861,0.985833466053009,0.2355284392160096,-0.4637075838585753,-0.4942382694589817,0.9939368367195128,0.2761650831144197,-0.4750911660456128,-0.2474918247694904,0.995458722114563,0.2749315189636808,-0.4615645008244597,-0.3436559747213863,0.9971615672111512,0.1477882453483987,-0.3886303324114021,0.0717792688012267,0.9989234209060668,0.1937489551600003,-0.334800618453216,-0.6152619601374959,0.9998977184295654,0.2106939398307992,-0.1455477642474856,0.157762431387228,0.4558481574058532,0.2637756149316754,-0.2040078745445234,-0.5587620198477354,0.9649972915649414,0.2701868494612215,0.089602531721999,-0.0002715418074407,0.4966180920600891,0.337755388217819,-0.075307208554186,-0.2629284687935821,0.9234387874603271,0.2920771599303111,0.0765443539151804,-0.0045706573600593,0.452945202589035,0.3467022281297892,-0.0188716757882632,-0.2855972855375344,0.9160677194595336,0.2828018253685401,0.1220734736302316,-0.0594588067418527,0.4607773721218109,0.3461121966098132,-0.0105150844393149,-0.2723994947915123,0.9106629490852356,0.2792071584441911,0.1164366486880588,-0.0324091728139202,0.4517540037631988,0.3438697078607265,-0.0648099216446258,-0.2477196114460454,0.8725783228874207,-0.0103749288924969,-0.0268994469228421,0.2310141609066549,0.9973700046539308,0.0103749288924969,0.0268994469228421,-0.2307797272868226,0.9992223978042604,0.1680178509526377,0.0338997362786582,0.3868115659484561,0.6093012690544128,0.1234480614999716,0.2858769455020328,-0.3805667491742682,0.9848476648330688,0.2254836870569184,0.3141869551794543,0.6356490304714544,0.7253194451332092,0.1050952271126657,0.6552316850169594,-0.3132351671629103,0.9844993352890016,0.2167517197602788,0.3837457786659322,0.6577843282784778,0.702520489692688,0.0866410336229765,0.7306348265973839,-0.315150246477425,0.962638020515442,0.3258577395768314,0.3063386786437426,0.5794970644448543,0.7911421656608582,0.1960440768476907,0.7047448468805041,-0.5162981448075936,0.9743112921714784,P1,P1/tom_DTL_2_frame0.jpg,5
0.2218344231405727,-0.3550768862487535,-0.2950694251823033,0.9792032241821288,0.2167033369442268,-0.3766122331562246,-0.2836812122889529,0.9708869457244872,0.2151805618118419,-0.3802704490825898,-0.2839339402585062,0.963042974472046,0.2135392062288257,-0.383995445475825,-0.2840978682558973,0.9752622842788696,0.2163519272982918,-0.3705351204271781,-0.349408510586695,0.977772057056427,0.2148204887539887,-0.3701456278663524,-0.3495041014103869,0.9698213934898376,0.2134058257828339,-0.3696103012049024,-0.3498210153354286,0.9802096486091614,0.1993108155672993,-0.4020924105343571,-0.1700071180463298,0.962945818901062,0.1962542555498834,-0.3953413565531682,-0.4657116344929545,0.9789025783538818,0.2131547673249523,-0.3740663632226161,-0.2396584456017421,0.993296444416046,0.2110141826301455,-0.3749612214786744,-0.3259403429436759,0.9957275986671448,0.157479440876041,-0.363318949518627,0.0721212459884403,0.9984692335128784,0.1650816750782003,-0.3084982325579037,-0.5517514526424845,0.9998875260353088,0.1662454600792217,-0.1288845864255409,0.2079861622379291,0.429378479719162,0.1678029791031538,-0.0470379047663924,-0.52784566989275,0.967946708202362,0.2075085690949658,0.0662403572832459,0.0806589820314776,0.474953681230545,0.1823248428434117,0.1924440689394519,-0.4390568428489028,0.9290840029716492,0.2126075284721147,0.1125984549456763,0.0648928583154263,0.4342204928398132,0.1915128424021116,0.2589866529572217,-0.4929733613125932,0.9212796092033386,0.2227404716370254,0.1239244221268326,0.0028526086855823,0.4422904849052429,0.2026453267170932,0.262958105370757,-0.5059491670009358,0.9162428975105286,0.2183118437570529,0.1058456863308786,0.0490416966687162,0.4321558177471161,0.1952547143998126,0.2413459609263854,-0.4399129864829513,0.8801067471504211,0.0093106409836679,-0.0087470679896094,0.2107634174648548,0.996740221977234,-0.0093106409836679,0.0087470679896094,-0.2106633595693925,0.9990551471710204,0.137841471422546,0.3266069293200752,0.1565882600578542,0.5870485305786133,0.0808976770786009,0.4382779479711254,-0.3981651776191547,0.9824388027191162,0.0880687260500777,0.7112200038705738,0.3220368441673746,0.7020659446716309,0.0689150954691387,0.8763691813666373,-0.3508039290516875,0.9833441972732544,0.0617940416039402,0.7505827573844949,0.3295525570551938,0.686176061630249,0.0454118003981073,0.9502668216152732,-0.3494499099639607,0.9585840106010436,0.1323670975289386,0.8273689235568817,0.1647915523032965,0.7606261372566223,0.1176536460438631,0.9930546911286334,-0.5454330277939644,0.970672369003296,P1,P1/tom_DTL_2_frame10.jpg,5
0.2702090974915592,-0.3732085897840586,-0.5545496744360562,0.9811881184577942,0.2924843250064379,-0.3916313761787267,-0.5175160331180166,0.973626434803009,0.2926251703166,-0.3858957374805563,-0.5178154275384756,0.9665045738220216,0.2927525120630231,-0.3783700914960439,-0.5180681483040342,0.9776150584220886,0.2860885033577916,-0.4033476804496584,-0.5890593662258077,0.9798117280006408,0.2813682227400712,-0.4129383510680591,-0.5890073932072306,0.9724908471107484,0.2617704692819209,-0.3809022452243942,-0.5891664133720764,0.98188978433609,0.2404197648286195,-0.3137516135500139,-0.3228836929376538,0.9664825201034546,0.2309424613383538,-0.287634543642278,-0.6442059185543403,0.9807192087173462,0.2616217730626081,-0.3738397243706771,-0.475919482656181,0.993947207927704,0.2581606212544646,-0.3697632968123993,-0.5688664745994944,0.9961352944374084,0.1864706724182857,-0.3352729182591583,-0.0389331687870326,0.998591423034668,0.1349804062448353,-0.3405758148449463,-0.7359739787250503,0.9998819231987,0.1554168723275467,-0.0568037614865917,0.0507061762493047,0.4490246474742889,0.0978149089076111,-0.0513891464635902,-0.812912495855695,0.9703086614608764,0.1345563001325187,0.239534221530975,-0.1302736390044905,0.4873804748058319,0.1160319229734415,0.2263823785218519,-0.8092134615002876,0.935041069984436,0.1400290903923262,0.317428586850708,-0.1551421984572757,0.4477323591709137,0.1144516134705126,0.3036836861643469,-0.8899963333147177,0.9273602962493896,0.1444620277351338,0.32003901414329,-0.2239738373580781,0.4559788703918457,0.131079917560623,0.3047435588996809,-0.8884461713029272,0.9227063655853271,0.1400231237013718,0.2946994197687403,-0.1673425407182527,0.4465583562850952,0.1290790348544953,0.2762405191919793,-0.8084092928759894,0.8889155387878418,0.0340873521319938,0.0153846415715601,0.2142396521204041,0.9969984292984008,-0.0340873521319938,-0.0153846415715601,-0.2143323909847458,0.9990688562393188,0.0760685971422099,0.4570827570765463,0.1124703384099886,0.5607638359069824,0.0253824210839663,0.4853687976553247,-0.4119723752061665,0.9781280755996704,0.0671125155104541,0.8356751078106444,0.3131040313087248,0.6775318384170532,0.012480394004016,0.8917323263461034,-0.2552391998231535,0.9814049601554872,0.0408421173470065,0.8859045964835962,0.3219907894126806,0.675905704498291,-0.0106039482079257,0.9721958231762862,-0.2680433456932684,0.9552220702171326,0.14041708232255,0.9900924416396796,0.1566607016779163,0.7477712631225586,0.0785134487608053,0.9900483195302532,-0.4146883972268244,0.9682723879814148,P1,P1/tom_DTL_2_frame11.jpg,5
0.3060952751580246,-0.3989638445202284,-0.3710123428166099,0.9830307364463806,0.3125271693798977,-0.4400883204560152,-0.3433435955119461,0.9762188196182252,0.3116285021380027,-0.4399257366766163,-0.3435396795407864,0.9697919487953186,0.3105939898479143,-0.4416921064803034,-0.3437161705338296,0.9798210859298706,0.3091043044438565,-0.4659352227732841,-0.414923793632528,0.9817897081375122,0.3063614331031275,-0.4815993554627643,-0.4149281732522944,0.9751747250556946,0.3033527111590335,-0.4923207414863876,-0.4150626352626668,0.98365718126297,0.2856137143963546,-0.4830979537772239,-0.2044236700653225,0.9697754979133606,0.2793780578741907,-0.4989361187258433,-0.5151526981893682,0.9825887084007264,0.288814678597564,-0.3877047641259842,-0.3079896143778689,0.99453866481781,0.2854383759348289,-0.3847368417976089,-0.3996827168453967,0.996512770652771,0.1985122974944598,-0.3434198162629687,0.0698614518796399,0.9987094402313232,0.1371472167195904,-0.3827569463214504,-0.6528835952871267,0.999890923500061,0.1662082220973678,-0.0587009657545013,0.1558307418741306,0.4434963464736938,0.0962701508828888,-0.071463408260144,-0.7244041691105377,0.971607267856598,0.1399438728644684,0.2204362514502537,-0.0526863215574579,0.4726966023445129,0.1208111581554204,0.2028667536560785,-0.6892278315010212,0.939031422138214,0.1397794450346415,0.2885318089454576,-0.1364155705034366,0.4349347651004791,0.1202169129050086,0.284867680745091,-0.7629638782427631,0.9310352802276612,0.1457249709561389,0.285867463418786,-0.1262400330109202,0.4440021514892578,0.1357857696557107,0.2830528277822354,-0.7626141233449257,0.926657497882843,0.1437830321846226,0.262329542743633,-0.1596680667482862,0.4358198344707489,0.1346168721906843,0.2574859906237137,-0.687362958670307,0.8940282464027405,0.0318052981740446,0.0123346996417893,0.2249225572174719,0.997223734855652,-0.0318052981740446,-0.0123346996417893,-0.2249960118928525,0.9991263747215272,0.0824999348183632,0.4014245761454788,0.2266428257604598,0.5337395071983337,0.0300505305209669,0.4741628379348226,-0.3081325090771776,0.9758090972900392,0.0492360311735154,0.8462874505012336,0.4109062224334681,0.6612381935119629,0.0172132503021226,0.8819613743845627,-0.1639921921221367,0.9815740585327148,0.0277091243254927,0.9068222475709116,0.4187128178316719,0.6700792908668518,-0.010515121299712,0.9608129706843488,-0.1565715219025604,0.9562792181968688,0.1269195751980547,0.9058332218580464,0.2609375728033987,0.7375296354293823,0.0888058189276587,0.970878412603658,-0.3919024760012259,0.9686721563339232,P1,P1/tom_DTL_2_frame12.jpg,5
0.3049251379755804,-0.4254982851409294,-0.3139816807605652,0.9847161173820496,0.3113911698675174,-0.4583924835030616,-0.2886942436810975,0.9785855412483216,0.3108066026861252,-0.4582717952697024,-0.288851645951801,0.9727967977523804,0.3100284831603924,-0.4589870516408631,-0.2889842714169645,0.9818304777145386,0.3091789282317367,-0.4729697422138306,-0.3576684525890307,0.9836000204086304,0.3072158833594154,-0.4828318131607224,-0.3577201116646181,0.9776408672332764,0.3051698230293815,-0.489082786892281,-0.3578622305188542,0.985281467437744,0.2829466451558721,-0.4998017818936037,-0.1606839567174453,0.972778856754303,0.2812333986082981,-0.5154074848209795,-0.4632029811334703,0.9843177199363708,0.2866621884497946,-0.4224998029020309,-0.2571787109977967,0.9950782060623168,0.2860334065137511,-0.4224146819798112,-0.344694467502915,0.9968576431274414,0.1777388395858536,-0.3495647828838764,0.1167600475494611,0.998807728290558,0.1584971498448631,-0.376345238683223,-0.6201387410583413,0.9999001622200012,0.1471768191412516,-0.083849221657359,0.1759045852254862,0.424491673707962,0.1336844762129791,-0.056587441632634,-0.6865136224406029,0.9725742936134338,0.1408148573520991,0.2319097719279279,-0.0002384217521754,0.4429245889186859,0.1409635933805006,0.2235897281470782,-0.6052007335628117,0.9418802857398988,0.1469471731196447,0.3068895739583797,-0.0370939608951305,0.4087982177734375,0.1395175152398582,0.295485175064802,-0.6705782639275281,0.9332600831985474,0.1544184139234485,0.3111842703821044,-0.0999366717828937,0.4176567792892456,0.1527993117174107,0.3018253302572728,-0.6637953596272572,0.9289699792861938,0.1477508590001078,0.2856753647547855,-0.0686331800541373,0.4117421209812164,0.1493779318932086,0.2756327502264012,-0.6001804414332926,0.8974828124046326,0.0194279857522973,0.0049930338836668,0.2282898768787611,0.9974132180213928,-0.0194279857522973,-0.0049930338836668,-0.2284193441471638,0.9991887211799622,0.0638703561557847,0.4274959949824585,0.3188920375647439,0.5149132609367371,0.0393618469500302,0.4726660289586669,-0.2230694340295263,0.9757304191589355,0.053494175893331,0.8198464484832989,0.5147784021042922,0.6541651487350464,0.0205692227103613,0.8779616302013904,-0.0550704215573126,0.9826362133026124,0.0328638571146802,0.8741575070078434,0.5253423446836917,0.6712700128555298,-0.0101269459014137,0.9480215632398004,-0.0458901263361589,0.9589136838912964,0.1316406717377744,0.8774400765648922,0.3952541898369147,0.7367076873779297,0.0855381425703588,0.9626886801679304,-0.2191385317945815,0.9702804088592528,P1,P1/tom_DTL_2_frame6.jpg,5
0.3015355127656974,-0.4335475560109181,-0.3024875301143366,0.9862343668937684,0.3086501538452528,-0.4644989253854314,-0.2757760565592874,0.9807178974151612,0.3080876631710193,-0.4646249775124283,-0.2759265246971438,0.9755040407180786,0.3073221638143583,-0.4653016982205055,-0.276049734250787,0.983640432357788,0.306415100539684,-0.4741413860010001,-0.3485402304429136,0.9852314591407776,0.3043216111521284,-0.4811116017641993,-0.3486038589060632,0.9798637628555298,0.3022425793561998,-0.4889146350450724,-0.3487441427248178,0.9867455959320068,0.2815900603171069,-0.5086870481938787,-0.1338451265585903,0.9754841327667236,0.2786762532046384,-0.5241848334183358,-0.4614999163723076,0.9858760833740234,0.2828993759588167,-0.4322685109516771,-0.2437076499817062,0.9955649375915528,0.2823838724573706,-0.4337875369719331,-0.3364033081720126,0.9971687197685242,0.1802842097883937,-0.3507882353409815,0.1297892732450379,0.9989027976989746,0.1566842998562823,-0.3747820393449691,-0.6247238668411511,0.999908685684204,0.151138307468244,-0.0812521920427902,0.194482129515668,0.4064854383468628,0.1302020581934735,-0.0508786745336139,-0.6950217600781239,0.9735939502716064,0.1406008315710236,0.235734495274359,0.0276900882601594,0.4163084924221039,0.1355195152138681,0.2239223417153681,-0.6143572841949578,0.9446781873703004,0.1476794792714245,0.3114317342343005,0.0079192770002692,0.3854237198829651,0.1347501002594748,0.3000189716440023,-0.6804695164060564,0.9356339573860168,0.1543344894171751,0.3179531622574152,-0.0602545591848199,0.3942585289478302,0.1468566013479943,0.3056569805787492,-0.6756006212258772,0.931451678276062,0.1482644093326622,0.2911272515936423,-0.01767699537643,0.3903131783008575,0.1427095315497699,0.2814093404217708,-0.6100307369506779,0.9009747505187988,0.0225762070249889,0.0027133586285582,0.2325050119197144,0.9976099729537964,-0.0225762070249889,-0.0027133586285582,-0.2325884066214163,0.9992488026618958,0.0752829385998835,0.4094721268542037,0.2870751538654148,0.4942731559276581,0.0372663249172066,0.4803046874315238,-0.2234977252612847,0.9753203392028807,0.0502715309852411,0.8334863318863623,0.4581413877173996,0.645600438117981,0.0236804808854486,0.8831535807215736,-0.0913597146015181,0.9836127758026124,0.0361509066632011,0.8817939647089952,0.4662081214455505,0.6715917587280273,-0.00503470568415,0.9639790479115016,-0.0857541317104916,0.9613186120986938,0.1345483716763059,0.8790720218854085,0.3364173892638575,0.7343010902404785,0.0926184945599957,0.9619709486744922,-0.2528845874418825,0.9717939496040344,P1,P1/tom_DTL_2_frame8.jpg,5
0.3044407901179669,-0.4365332850456009,-0.3017480697766347,0.987600326538086,0.3099044809530755,-0.4646005502264919,-0.2742540289821698,0.982636034488678,0.3093624445749028,-0.4653985897286996,-0.2744066261171632,0.9779396653175354,0.3086321596199668,-0.4667400849435872,-0.2745336005292083,0.9852685928344728,0.3076824007291058,-0.4766340416888264,-0.349728392665553,0.9866986870765686,0.3055817856582382,-0.4853065490377728,-0.349779339304185,0.981863021850586,0.3031986483185932,-0.4978848408454785,-0.3499064070935002,0.9880620837211608,0.2813498611234526,-0.5196774522748548,-0.1283140023636386,0.97791850566864,0.2786568606503098,-0.5342189078116644,-0.4647842046415605,0.98727685213089,0.284637039842459,-0.4391378385683915,-0.2395578366865497,0.9960038661956788,0.2841945062834327,-0.4412947041068396,-0.3365835249330608,0.9974490404129028,0.183928234575755,-0.3458731439854366,0.1303646232440304,0.998997151851654,0.15376438822207,-0.3793603994389734,-0.6245851345760844,0.999916672706604,0.1531746920851771,-0.0705477228802173,0.1998277691306433,0.399004191160202,0.1213710661646138,-0.0600883480883423,-0.7000757645799398,0.9744518995285034,0.141830922491595,0.2303164563319694,0.0305680041890827,0.4076163172721863,0.1292157279866984,0.2121709369719352,-0.6475031662170594,0.9476660490036012,0.1466572574310905,0.3050995480839144,0.0127004537886868,0.3773746788501739,0.1280268485822582,0.2915580510584361,-0.7195719674782514,0.9385133385658264,0.1538583631068193,0.3083773143740826,-0.0531593811289425,0.3867847919464111,0.1409734950455275,0.2962769647862706,-0.7147918729629688,0.934382438659668,0.1490317293600591,0.2817846630445048,-0.008283279371841,0.3842450380325317,0.1387140639134699,0.2694866524510912,-0.6439282361021433,0.904619038105011,0.0242523554815096,0.0066489098505562,0.2322189435108844,0.997795343399048,-0.0242523554815096,-0.0066489098505562,-0.2322567426298694,0.9993036389350892,0.0680706480067311,0.4187765886387625,0.2714896509236709,0.4731054604053497,0.0336177968773041,0.4620598667565318,-0.25605177359275,0.9750992059707642,0.0501127049071147,0.8238347863513421,0.4411842201207153,0.6349823474884033,0.0212816883576408,0.8759720225295492,-0.1248902220360275,0.9844401478767396,0.0292468442092172,0.8356305019327885,0.4483191399873122,0.6677489876747131,-0.0102934994090563,0.9542735698233812,-0.1195002525557575,0.9632954001426696,0.1302318967921398,0.8798494949999778,0.3129198944648337,0.7290283441543579,0.094753763235698,0.9522743998188804,-0.3287058075573184,0.9731547832489014,P1,P1/tom_DTL_2_frame9.jpg,5
0.1387977421627931,-0.5095972855473686,0.4415801093487871,0.9888348579406738,0.1420935635695081,-0.5361293679432445,0.4056789793174586,0.9843705892562866,0.1389562282140251,-0.5395438431356558,0.4057364094357575,0.9801434874534608,0.1344480868666581,-0.5444937924511957,0.4057555176830691,0.9867395162582396,0.1540756288993755,-0.522225940245826,0.4106528841930473,0.9880262613296508,0.1573322502987379,-0.5188271310061738,0.410553303529208,0.9836739897727966,0.1610511929317697,-0.5146600578231383,0.4105852676929095,0.9892536401748656,0.1316055243263211,-0.5339976041025375,0.2753512663419228,0.980125606060028,0.166631363154048,-0.4949519379975294,0.2963190376582799,0.9885478615760804,0.1305946839933525,-0.4930494028736531,0.4012781462339467,0.996400773525238,0.1404952851335244,-0.483383791024869,0.406449175160846,0.9977014660835266,0.0703647157070007,-0.4180958275245755,0.2136537741243992,0.9990665316581726,0.1687847642747991,-0.3453224891435764,0.190954493522696,0.9999239444732666,-0.0215145517056529,-0.4468310486849402,0.2960702089377729,0.453011006116867,0.1178677482728766,-0.4693204722580339,0.0450179110424034,0.9553178548812866,-0.0229741548468086,-0.5602184749705066,0.3262368274992358,0.4585831463336944,0.0151636587581678,-0.6518444176044623,-0.176111495039727,0.9489585757255554,-0.0384122136564446,-0.6009844453408378,0.3070007937836798,0.4291000664234161,0.0001234308475242,-0.6901250513079117,-0.2298431137201114,0.9404820203781128,-0.0287868555786517,-0.6136291874975099,0.3025298502927523,0.4375922381877899,-0.0099879932712591,-0.7112539957727789,-0.2390745222616472,0.9365948438644408,-0.0195350918361653,-0.5909382140658237,0.323681591177666,0.4324676096439361,-0.0046068438748407,-0.6838741956551758,-0.1873225917662054,0.9090632796287536,-0.0246725408284508,-0.0167375601286473,0.0538304748817222,0.9980098605155944,0.0246725408284508,0.0167375601286473,-0.0540398401539669,0.9993712306022644,-0.0518078677819194,0.3209273691556908,0.0341874688676097,0.5217699408531189,0.0316686181263413,0.4501369159716757,-0.0116593326528461,0.9774646162986756,-0.0517097272617194,0.573846659605546,0.0433240079469067,0.6670896410942078,-0.0005398782374636,0.7529880236723553,-0.0416973744876834,0.9859026074409484,-0.0577337427285385,0.6112483841835682,0.0405492638780715,0.698955237865448,-0.0136147667113757,0.822316257464517,-0.0488926262852979,0.9667916893959044,-0.0231436000398811,0.6451278686744141,-0.0352573770431986,0.7342589497566223,0.013572545914926,0.8621639782002501,-0.1659713909872489,0.9743150472640992,P10,P10/eric_DTL_1_frame39.jpg,1
0.1454805248595478,-0.4493948389150003,0.3339080301261954,0.9899109601974488,0.1472527399376678,-0.4796415797127447,0.301451825848699,0.9859029054641724,0.1428965704936972,-0.4852234856033684,0.3014474494944374,0.9820986390113832,0.1387037253999242,-0.4901151779075935,0.3015295880074151,0.9880305528640748,0.1593928657437753,-0.4680080392407539,0.2905017111483337,0.9891846179962158,0.1626791803119342,-0.4660604127387613,0.290473339273427,0.985265851020813,0.1656886830302684,-0.4638475255805052,0.2904742621780671,0.9902874827384948,0.1307117284692163,-0.491633802607481,0.1953531156567239,0.9820647835731506,0.1639618986773401,-0.4575779664195816,0.143435025809018,0.9896522164344788,0.1330237534485001,-0.4474348871703935,0.3062698644084128,0.9966444373130798,0.1451960320614273,-0.4335131981552943,0.2899284682823009,0.9978597164154052,0.0392649183750004,-0.4336696156062492,0.1610158233246814,0.9990388751029968,0.157170451827943,-0.3418386985550063,0.0596827210332435,0.9999205470085144,-0.0497197607658709,-0.4516825706624647,0.2010965149738235,0.5058252811431885,0.090083679940643,-0.4606074753288259,0.0525685850420688,0.9336421489715576,-0.0099477509477577,-0.6332909121693919,0.2454217046054723,0.5050522685050964,0.0186278774866444,-0.6320543390359961,0.0796104464419827,0.9388800263404846,-0.0209800934744529,-0.6837250606690113,0.2318075661189399,0.4771332144737243,0.0068525074112372,-0.6744736263867245,0.0623110939062934,0.9316841959953308,-0.014817710336262,-0.6948413875179645,0.220536310374903,0.4854436218738556,0.0037638135205505,-0.6758960606062093,0.0544274303505081,0.9286075830459596,-0.009893091176164,-0.6762664133069857,0.2398241837637589,0.4791796803474426,0.0048193782599979,-0.6617440026844698,0.0770059351195496,0.901159644126892,-0.0368890641199558,-0.0180936347844393,0.0612478631041088,0.9981908798217772,0.0368890641199558,0.0180936347844393,-0.0615594625046454,0.9994287490844728,-0.0056494565560627,0.3057606294448453,0.1311383932386034,0.5636624693870544,0.0504964892195088,0.3598701117040258,0.0042239405607504,0.9795041680336,0.0111081695627786,0.6154831396544748,0.2257427131614357,0.6930662393569946,0.0150719556790779,0.6422947698391663,0.0532264709163327,0.986994743347168,-0.0054467747886281,0.6447319525961079,0.2368886027299927,0.7263771891593933,-0.0067723040208923,0.6734072547316515,0.0582429488592478,0.969733715057373,0.0288775373362166,0.6859007637016026,0.199645232541553,0.7274736166000366,0.0508129561977445,0.7397643365308464,-0.0095135652498308,0.972438395023346,P10,P10/eric_DTL_1_frame40.jpg,1
0.1355019646957534,-0.459661146727161,0.2119964072256259,0.9908286929130554,0.1369070651530738,-0.4834235285098734,0.1712854805290472,0.987237811088562,0.1322424784359272,-0.4875206173720363,0.1713073223326912,0.9838011264801024,0.1274774083065967,-0.491239448433688,0.1713715833644045,0.9891215562820436,0.1488201295161598,-0.4742206262661123,0.1682296704776288,0.9901833534240724,0.1518863741697008,-0.4721313160259396,0.1682120664285086,0.9866493940353394,0.1547585991374374,-0.469668249731045,0.1682021042318084,0.9911614656448364,0.1173438673808551,-0.4882057719657331,0.0433502940003711,0.9837278127670288,0.1516022084138951,-0.460365864463053,0.024981957167907,0.9905874133110046,0.1224806927890013,-0.4531272795424282,0.1755478557119154,0.9966982007026672,0.1349886545215658,-0.4421220116697256,0.1701432459006965,0.9978970885276794,0.0264908009821823,-0.4260681748371888,-0.0247953639732271,0.9987936615943908,0.1448169103902684,-0.3553751487790111,-0.0047360792859084,0.9998754858970642,-0.0558773082604463,-0.4692330253943123,0.1292006321330216,0.5503689646720886,0.0812129668308268,-0.4875449601455631,0.0802328645222735,0.8879193663597107,-0.0302458127414733,-0.6250501183518549,0.2842435359690361,0.5390323996543884,0.0184734140400232,-0.639371811232051,0.1796898925605848,0.9227105379104614,-0.0317271649916678,-0.6628902650855181,0.2865121657498125,0.5122209787368774,0.007496268184226,-0.6703546320094601,0.1837640558654877,0.918289840221405,-0.0245850063543058,-0.6697515370164764,0.2738272187152015,0.5210230350494385,0.0012312274733504,-0.6682557347180696,0.1643396202389384,0.9168261289596558,-0.0223319103753576,-0.6566542912023927,0.2827737159688571,0.5133689045906067,0.0022855252217631,-0.6520749319811444,0.1755311825793627,0.8873465061187744,-0.0363616289160026,-0.0147427172657048,0.0093511889164012,0.998327612876892,0.0363616289160026,0.0147427172657048,-0.0098653674829093,0.9994610548019408,-0.0070952793463347,0.2843015862588736,0.0723680159015554,0.6028569936752319,0.0479101074472707,0.309728002247449,0.1108949706478937,0.9783991575241088,0.0146807210011632,0.5747996866538313,0.1147600181348937,0.7164230942726135,0.023818820336403,0.5768801601337511,0.1847658749291909,0.9834075570106506,-0.0028324595465985,0.6209408025258201,0.1216211650173579,0.7503066658973694,0.0049153228421842,0.6155333721763443,0.1948719051862206,0.9681429862976074,0.0438929384671435,0.678028052227058,0.0913059781501883,0.7205331921577454,0.0503534994457531,0.6837308193311497,0.1574486145549279,0.951415717601776,P10,P10/eric_DTL_1_frame41.jpg,1
0.1198394536176854,-0.4682831254017378,0.2395188658617211,0.9916939735412598,0.1215252843740594,-0.4910134045202368,0.1972837516195203,0.9884741306304932,0.1177986338589131,-0.4940519342183584,0.1973117391503802,0.9853774309158324,0.1139369798680499,-0.4968549282512342,0.1973514708418341,0.9901593327522278,0.1319198451797763,-0.482922602179924,0.1966780710038873,0.9911097884178162,0.1356194732513337,-0.4799416514913812,0.1966741698764677,0.9879209995269777,0.1395221774331619,-0.4765052883531387,0.1967062080553103,0.99197655916214,0.1024790831885535,-0.4936344184350198,0.0526998103866037,0.9852863550186156,0.1365576468210051,-0.4654614820768077,0.0501799437345752,0.9914556741714478,0.1084347318875451,-0.4571334585667194,0.1982173987939628,0.9969018697738647,0.1201129946915201,-0.4470217362953073,0.196234035709763,0.9980103969573976,0.0133912519317224,-0.425388720625637,-0.0363877014399333,0.998711347579956,0.1329116830388285,-0.3611196717129334,0.0262787911745663,0.999807596206665,-0.0772387072275479,-0.4740443429975625,0.082627285598137,0.5927721261978149,0.0701201147741835,-0.4710407739256534,0.1123868254299268,0.8389747738838196,-0.0438727857844723,-0.6358181434483482,0.2080592500417258,0.5742675065994263,0.0127111236684353,-0.6309793317991752,0.190666569578182,0.9041920900344848,-0.0429520109712364,-0.6714536511117662,0.207458367676891,0.5477634072303772,0.0002254498236246,-0.667238829550819,0.1999282674482697,0.9021692872047424,-0.0328610040942054,-0.6740098818443839,0.194749677115801,0.5564709901809692,-0.0049888487378723,-0.6690583316906202,0.1883853071611378,0.9022793173789978,-0.0305717083450883,-0.6621534720858434,0.2059708963366604,0.5486432909965515,-0.0044229541848071,-0.6562146784321488,0.1896311124930348,0.8703370690345764,-0.0356650311782445,-0.0092223739619877,-0.0035129061976519,0.9984511733055116,0.0356650311782445,0.0092223739619877,0.0029334233262518,0.9994782209396362,-0.0139673682541935,0.2831973292852542,0.0635400342216661,0.6399791836738586,0.0440494919045206,0.2914431436711848,0.1262821587546438,0.9772658944129944,0.0094585892661568,0.5659481086123682,0.0413642487132946,0.7403830885887146,0.0310097220383525,0.5679948548225514,0.1452603416767096,0.9794834852218628,-0.0025136581504644,0.614455732812364,0.0420773326679708,0.773003101348877,0.018365936994434,0.6085608166475551,0.1507383265476538,0.9661575555801392,0.0404757873326652,0.6552091662379604,0.0116918802193511,0.7201215624809265,0.0664223353204974,0.6611420334402442,0.1213385739690607,0.9296556115150452,P10,P10/eric_DTL_1_frame42.jpg,1
0.1199736178139536,-0.4566381801152695,0.1800955393507078,0.9924246072769164,0.1185594160447164,-0.4806294353201994,0.143242558415142,0.9895653128623962,0.1146202920498289,-0.4843156229735274,0.1432527361420965,0.9867728352546692,0.1109400259830925,-0.4876411225578508,0.1432759334288564,0.9910643100738524,0.129559344723181,-0.4716321132072125,0.1360101202451963,0.991913080215454,0.1329054641179576,-0.4693722877241581,0.1360092875220818,0.989033341407776,0.1361766119967787,-0.4672468082369028,0.1360171785649283,0.9926708340644836,0.0994666347338368,-0.4871781813775218,0.0258740041654631,0.9866603016853333,0.1301110039597677,-0.461600522550416,-0.007606973565185,0.9922143220901488,0.1084846823998947,-0.4483020137195067,0.1482435365592338,0.9970434904098512,0.119719306818364,-0.4378403149651798,0.1377094834187396,0.9980646967887878,0.0101125895019614,-0.4249450027355941,-0.0245655400572494,0.9984499216079712,0.1219998049831804,-0.3640710397016951,-0.0561916072237046,0.9996439218521118,-0.0838040910701213,-0.4702820443356156,0.0818564111856297,0.6295769214630127,0.0632829384792316,-0.4624319767534601,-0.0263825485019074,0.809648334980011,-0.0387822153421808,-0.629104389598289,0.1752962784677227,0.6068978309631348,0.0055779230841381,-0.6097556054099365,-0.0078036300506973,0.8949061036109924,-0.0368395648409439,-0.6579057707401734,0.1747491529458703,0.5802403092384338,0.0002609199091964,-0.6430924724749315,-0.0157917016623332,0.8940383791923523,-0.0275814285613783,-0.6575938035822781,0.1560894273079899,0.5887906551361084,-0.0011779198899669,-0.6434795168914,-0.0245433060196477,0.8956140875816345,-0.027353500348907,-0.6466870870213238,0.1695871420128352,0.5810387134552002,-0.0021075032422448,-0.6324909555443391,-0.0098969827827958,0.8632436394691467,-0.0360128161843879,-0.010507062337324,0.029064181287002,0.9985218048095704,0.0360128161843879,0.010507062337324,-0.0294746906512315,0.9994393587112428,-0.0111219027879917,0.2892688176771221,0.0770055941675979,0.671040952205658,0.0416928866372326,0.2832962631436949,0.0608005380037275,0.9769192337989808,0.0092471919186327,0.567025595178216,0.0933925540695819,0.7576596140861511,0.0448146730685401,0.5579922148325904,0.0951541071201653,0.9766749739646912,0.0010459531030663,0.6139558607992557,0.0944645198566047,0.7895765900611877,0.0338074481494535,0.5979642989805393,0.0997443148479401,0.9645244479179382,0.0219682931855432,0.6298595505026562,0.0486983548871801,0.7062186598777771,0.0703845069419355,0.6510836800160739,0.0534662234305329,0.9144004583358764,P10,P10/eric_DTL_1_frame43.jpg,1
0.1195215689188956,-0.4723331688506762,0.273564250167198,0.9931650161743164,0.1190423869449531,-0.4969008116473637,0.2342871929688642,0.9905991554260254,0.1154239146366202,-0.5007735969265612,0.2343195600742469,0.9880854487419128,0.1118403073876159,-0.5046752946939823,0.2343290735584235,0.9919461607933044,0.1292061363667477,-0.48791917906945,0.2307337737590346,0.9927075505256652,0.1321316656209254,-0.4857904971239812,0.2307698612213579,0.9901134371757508,0.1349370804938798,-0.4836339125014584,0.2308244441724713,0.993385374546051,0.0992158607373869,-0.5014115318459526,0.0954050459752277,0.9879786372184752,0.1283934509670632,-0.4743043734016472,0.0812820063318734,0.9929742813110352,0.1079200609834483,-0.4598100222051426,0.2348147395830338,0.9972900748252868,0.1179288841126472,-0.4498932513362441,0.2294138176905064,0.998214304447174,-0.0001629516339959,-0.4270312327529288,0.0068392604662968,0.9984503388404846,0.1167854058329918,-0.3644226213514044,0.0308345408803254,0.9995349645614624,-0.0929060822182619,-0.4755241721465402,0.0985984741465975,0.6648524403572083,0.0579190483300079,-0.4491240409648078,0.0798833713575472,0.7697868347167969,-0.0452884365168488,-0.6258399061077146,0.1831600149825309,0.6369569301605225,0.006549688393834,-0.6090988579287915,0.1053568147733455,0.8760101199150085,-0.0367953931011415,-0.6544023618912495,0.1818416002047352,0.6094740629196167,0.0035012810647056,-0.6401822807231977,0.1074040275453108,0.8763617873191833,-0.0249588117550079,-0.6474086488965611,0.1665592375472555,0.6178680658340454,0.0015716382155561,-0.6390846691298236,0.1004418113582208,0.8799406886100769,-0.0255410476162036,-0.6360960532515254,0.1791074168802033,0.6107082366943359,0.0001028944433842,-0.6291460810248666,0.1045897103896772,0.8453661799430847,-0.0360182636842174,-0.0086302182909008,0.0123322242386644,0.9986352920532228,0.0360182636842174,0.0086302182909008,-0.0128356009892728,0.9994540810585022,-0.0127575822807443,0.2913532166003608,0.0658950219224298,0.7024745941162109,0.0404479332494586,0.2836714235895181,0.1009365656833573,0.977401614189148,0.0048974247285805,0.574457392052358,0.016090186680037,0.7786614894866943,0.0536926165496332,0.5681219430703432,0.0710568510900762,0.9759517312049866,0.0005599668675087,0.6198963435814302,0.01348109537501,0.8087555170059204,0.0459043150343783,0.607461635135169,0.07196927527324,0.9650754928588868,0.014213251655668,0.6289084299383001,-0.0216443424349268,0.7050727009773254,0.0658633390969843,0.652332753899201,0.039336254056403,0.9018740057945251,P10,P10/eric_DTL_1_frame44.jpg,1
0.1058919000749709,-0.4801398890998665,0.3699398147510345,0.9938403964042664,0.1057204514614453,-0.5046016156356812,0.3268300954837389,0.9915338158607484,0.1015692624636388,-0.5087585055110311,0.3268746731789736,0.9892718195915222,0.0973507186533757,-0.5128385391113524,0.3268775500106969,0.9927459359169006,0.1171672329235311,-0.4948591326295373,0.3307157186026517,0.993428111076355,0.1204031671461162,-0.4924808637618053,0.3307316071595086,0.9910919666290284,0.1233015883037745,-0.4900491755600561,0.3307940528829694,0.9940361380577089,0.0838444423928562,-0.5093000360917449,0.1666178192207823,0.9891729354858398,0.1180645404916717,-0.4780661421075745,0.1833531939294252,0.9936638474464417,0.0925766032121532,-0.4680657999644009,0.3223653054351456,0.9975283741950988,0.1045572612989919,-0.4566579744988612,0.3258951779595832,0.9983658194541932,-0.006291393442201,-0.4244394122767888,0.0198731617920639,0.9985315203666688,0.1049552142230587,-0.3694531815096268,0.1479918250144513,0.9994263648986816,-0.1023873383911076,-0.479114100643388,0.0603754207487025,0.6977711319923401,0.0483640280697378,-0.4394484504149126,0.1901992088563284,0.7403548955917358,-0.0457433663346077,-0.6039822425887588,0.178323858646332,0.6663929224014282,0.0062140620940437,-0.5844206578380066,0.2010359304388982,0.8426374197006226,-0.0324730958472017,-0.6328925539008908,0.1732909999042016,0.6380261182785034,0.0056046488418416,-0.614051655086242,0.207552059863884,0.8441900610923767,-0.0178091191581594,-0.6219327223956317,0.1265625298479907,0.6460736393928528,0.0065360561034359,-0.6108984891598418,0.204772314613048,0.8495135307312012,-0.0197304204620703,-0.6079878744585491,0.1464508197499938,0.6391381621360779,0.0052855052712211,-0.6002065725061679,0.2009184554113732,0.8137000203132629,-0.0353113938611391,-0.0070764253942798,-0.0345443058170222,0.9987472295761108,0.0353113938611391,0.0070764253942798,0.0340812381822651,0.9994774460792542,-0.0208930299795888,0.290148749077394,0.0167482478707806,0.7315468788146973,0.0317737882018857,0.2780740792969934,0.1330785800941217,0.9779930710792542,-0.0013162692816727,0.5723989851043978,-0.1221321957976975,0.7988355159759521,0.0617834187336246,0.5636957509600429,0.0273759933617835,0.9749533534049988,0.0032287025538495,0.6161504753825442,-0.1318335717817407,0.8269655108451843,0.0601751906214686,0.6072420096466292,0.0352180650851996,0.9655449986457824,-0.0053669539198263,0.6240473520699359,-0.161989128942818,0.7141897678375244,0.0631157349298637,0.6500747084940411,-0.0192251999845058,0.8870437741279602,P10,P10/eric_DTL_1_frame45.jpg,1
0.246384781294482,-0.4712827423364913,0.4415876129704784,0.9942018985748292,0.2513673475466755,-0.4851269123203241,0.359737277508441,0.9921331405639648,0.2480955046171356,-0.4864099011139238,0.359776047746339,0.9900839328765868,0.2447393552146041,-0.4873274723605759,0.3599476141037964,0.993236780166626,0.257810187828508,-0.486798784857494,0.3398757464394309,0.993870735168457,0.2586570114457547,-0.488624879172009,0.3397706318401436,0.9917572140693665,0.2590501910605601,-0.4874615303923106,0.3394816002535977,0.9944261908531188,0.2259935693021668,-0.4999267794080217,0.1065600861226575,0.989895761013031,0.2404931012921308,-0.5045767378298268,0.0109354355704516,0.9940151572227478,0.2244315905210335,-0.4528593078618684,0.3689253674539586,0.9975248575210572,0.2317443447280022,-0.4599652964164459,0.3390588059764644,0.9983349442481996,0.0126058314018843,-0.4491928623101765,0.0245087173114084,0.9984788298606871,0.2018011556473493,-0.32154032362674,-0.0967787967702425,0.9993841648101808,-0.106536344721784,-0.4198784545323867,0.3204148053631071,0.7056396007537842,0.1341818870722685,-0.325015253868926,-0.0044152091956955,0.6872639060020447,-0.0377405981105422,-0.4618911623403994,0.7301648842841678,0.6200850605964661,0.0701650287182794,-0.3628484011553924,0.2407510952090022,0.7628271579742432,-0.0448986472546518,-0.4756758882060146,0.774933500886368,0.5915505886077881,0.0620583975070383,-0.3763680986149885,0.272876935916695,0.7662068009376526,0.001418093943948,-0.445146983931632,0.753888779482392,0.59958815574646,0.0502776150250771,-0.3948055483695163,0.2515818189180948,0.7711662650108337,0.0033509675078539,-0.4383354505010349,0.7320790708082004,0.5934366583824158,0.0467213854197643,-0.3917694413740102,0.2429953388898774,0.7388065457344055,-0.0644599506227089,-0.0248432918453468,0.0808690980612193,0.9986482262611388,0.0644599506227089,0.0248432918453468,-0.0811353413933221,0.9994792938232422,0.0070119626729161,0.3083266532942644,0.2528643781245711,0.7038830518722534,0.0906234173970356,0.3565341685186649,-0.0422162179954833,0.9704815149307252,0.0501262929608157,0.6564750126697881,0.3013961779288417,0.7658137083053589,0.0822058188067535,0.7116251927942413,-0.148115424602392,0.9628786444664,0.0383229571548695,0.7011095443910583,0.3024976930119478,0.7965328693389893,0.0563001580049318,0.7671125988106609,-0.1605783377381189,0.9528897404670716,0.117102469611981,0.7142312830790998,0.2580917284895875,0.6817448735237122,0.1633942410590261,0.7973257833984485,-0.2862775840446844,0.8703937530517578,P10,P10/grant_DTL_1_frame392.jpg,2
0.2896526518126735,-0.430211020206289,0.6046643341855953,0.9946922063827516,0.2945558026687151,-0.4502934998003818,0.5227978033534468,0.9928234815597534,0.2900480777957734,-0.4548007048079983,0.5227932613721851,0.9909895658493042,0.2848162626089128,-0.4595376902893259,0.5229188498902053,0.993790328502655,0.3042475151186047,-0.4424464063307476,0.5189325225770446,0.9944105744361876,0.3060272056558835,-0.4415525115848386,0.5188996342548963,0.992526352405548,0.3072048374239864,-0.4399705066777769,0.518830191191991,0.9949178695678712,0.2661312083701248,-0.4687237105845204,0.2494233114081695,0.990850031375885,0.290134211271749,-0.4476614216592064,0.2249998605845064,0.9945523738861084,0.2655601226297939,-0.4281729292410835,0.5263749692943909,0.9975752234458924,0.277328998028273,-0.4184370282385571,0.516278965789541,0.998361110687256,0.0594102093568095,-0.4348165071216895,0.0511579321687291,0.9985203146934508,0.239362412493433,-0.3072986594345074,0.1530759319442925,0.9993345737457277,-0.0436304908908893,-0.4211001888539093,0.3277283269817939,0.7323293685913086,0.1786692849595136,-0.2740679922890118,0.1752206351992104,0.6246175765991211,-0.0390637202615451,-0.4711333684505353,0.7633606122439571,0.6337039470672607,0.0852788173810249,-0.297869123276485,0.2771909053811165,0.6924393177032471,-0.0702037626826633,-0.4872865417492351,0.7781441045789148,0.6003338098526001,0.0663260598611235,-0.3019310225911211,0.2864756727267544,0.7008839845657349,-0.0578441013841638,-0.4901716027744226,0.7839648998178244,0.6075649857521057,0.0540574023558561,-0.3219370272597528,0.2514114405794959,0.705964207649231,-0.0408288545697201,-0.4823836097838567,0.7755815515846435,0.5980815887451172,0.0534450557255089,-0.3231432789820712,0.2665067700255379,0.6763345003128052,-0.0732866735060653,-0.0166405333603505,0.0157229265993154,0.9986262917518616,0.0732866735060653,0.0166405333603505,-0.0160977854104895,0.9994768500328064,-0.0409180525149807,0.2877505193106581,0.1944756670443468,0.7285928726196289,0.0776235542163667,0.340665586017855,0.0753988931624356,0.9687036275863647,-0.020613809317717,0.5918422937223845,0.3570583625087778,0.7687972784042358,0.0499967616625334,0.6432093656593169,0.1384059891408782,0.9568739533424376,-0.0206837448846146,0.619153500662526,0.3442166492472105,0.8047515749931335,0.032112135856461,0.6589817512880193,0.1437492196753159,0.9500649571418762,-0.0192533491231629,0.6041683553040804,0.2703589447234801,0.6485502123832703,0.1148999774900862,0.6865942612260777,0.014203463713976,0.8334788084030151,P10,P10/grant_DTL_1_frame396.jpg,2
0.3021276604365431,-0.4105966615938058,0.7316035431029908,0.9952110052108764,0.3058821388858002,-0.434641435734649,0.6596861180246477,0.9935331344604492,0.3004055484386628,-0.4412963019708923,0.659742434661438,0.9918829798698424,0.2945891143558993,-0.4478339183732046,0.6598524221869815,0.994401216506958,0.3172685745198691,-0.4240106581368983,0.6577234589348205,0.9949626326560974,0.319593593101067,-0.4229120247631958,0.6577190313564727,0.9932681322097778,0.3214462646653508,-0.421652783684668,0.6577906825329067,0.995420217514038,0.2765237307789635,-0.4575238895668959,0.3986309961216087,0.991759181022644,0.3087596328530366,-0.4249336462378504,0.3852658379274872,0.9950904250144958,0.2788570645682781,-0.411319733733381,0.6541007819336986,0.9977869987487792,0.2915825726782807,-0.3992067702888313,0.6473352802336171,0.9985021948814392,0.05951083759653,-0.4346665973384306,0.2003208553174837,0.9986377954483032,0.2551155255494043,-0.3008673934557152,0.2999185958126867,0.9993763566017152,-0.0560705552253962,-0.4164199530235226,0.5561213888182056,0.7582478523254395,0.1612630674129664,-0.253122494352008,0.4658230882082137,0.5710827708244324,-0.0661834681410226,-0.4606297007907647,1.1668532849067474,0.6595790982246399,0.0407031867080353,-0.3016288829366867,0.8186333729796884,0.6297742128372192,-0.0910042023847547,-0.4844708873198939,1.214582687486237,0.623634397983551,0.0196241881270958,-0.3143687536788909,0.8722122544949767,0.6410959959030151,-0.0754891039361778,-0.4888419330515174,1.2222158325579229,0.6302700638771057,0.0072851212150875,-0.3338437270161786,0.8421403043409842,0.6461026668548584,-0.0672004072947217,-0.4797895061424869,1.184292868080616,0.6180210113525391,0.0078382445394208,-0.3322803599005259,0.8168907969306638,0.6200093626976013,-0.0727528605172093,-0.0137960641575969,0.0241500438656775,0.9987362027168274,0.0727528605172093,0.0137960641575969,-0.024671247792295,0.9995169043540956,-0.0560091630719633,0.2909233224607438,0.0781015506446948,0.7530547976493835,0.0845908011530427,0.3410698588490097,0.0328594616905376,0.9703561663627625,-0.0224576222902853,0.6124380796033415,0.1775495903963685,0.7825593948364258,0.0436438546590153,0.6587411540165302,0.0544257604893509,0.9590699672698976,-0.0234186227711994,0.6449884477298274,0.1881833917061615,0.8184995055198669,0.0240065187840206,0.6790927878666912,0.0581614925988807,0.9529274702072144,-0.0236470750149766,0.6225045569411735,0.1382436961197982,0.6396716833114624,0.1267616490911019,0.697908591978729,-0.0320040684023198,0.8318879008293152,P10,P10/grant_DTL_1_frame398.jpg,2
0.2725057807132056,-0.4237603318591195,0.937623173069419,0.9956868886947632,0.2736470650536702,-0.4479944345703045,0.8624360190071335,0.9941778779029846,0.2679495215712425,-0.454003717255586,0.8624974086495815,0.9926925897598268,0.2620636948644464,-0.4597884730078405,0.8625771502221791,0.9949588179588318,0.2882723082668341,-0.4359515352982596,0.8670168556602705,0.9954646229743958,0.2922588455418467,-0.433790203040842,0.8670388346680605,0.9939396381378174,0.2958125154614682,-0.431771030572726,0.867166973366186,0.995876669883728,0.2483656842754869,-0.465862718277723,0.5602578469483603,0.992581844329834,0.2898006613405462,-0.4307574247787459,0.5777097746239738,0.995579719543457,0.2509930960096729,-0.423426911393655,0.8432940896931259,0.9979994893074036,0.2657764148453659,-0.4085631201562876,0.8455400086492428,0.998645544052124,0.05429212819959,-0.4320502072800487,0.2716216940722736,0.9987423419952391,0.2547725109107827,-0.3058380287364736,0.489178980871727,0.9994189143180848,-0.0733961085370932,-0.4123527937322157,0.5643165468277671,0.7821741700172424,0.1369024485332534,-0.2849179110754761,0.7049161513893795,0.5549970865249634,-0.1056664889795713,-0.4987463725865778,1.1098241517230938,0.684355616569519,-0.0232722775106805,-0.3982136871938156,1.0822484007277788,0.6033950448036194,-0.1292279311949569,-0.52919214350182,1.1495205134822826,0.6449991464614868,-0.0490387122538843,-0.4240602965935144,1.141527841885903,0.6153624653816223,-0.1120624885174337,-0.531496961867975,1.1577233390398465,0.6510080695152283,-0.0655488989947324,-0.4422432428200939,1.1197250992421268,0.6213444471359253,-0.1048194851473491,-0.5188640128535483,1.1250155438610552,0.6382731199264526,-0.064419957545342,-0.4349668919899141,1.084241019739439,0.5964992046356201,-0.0727293758771386,-0.0126970724989765,-0.0397231283741251,0.9988133311271667,0.0727293758771386,0.0126970724989765,0.0392903659062404,0.9995362758636476,-0.059739890544227,0.3001825485275751,-0.0911714145453016,0.773634672164917,0.0809918587415611,0.3424110435635352,0.1096231976011546,0.9702656865119934,-0.0337152836627215,0.6337292579481035,-0.1322232883015485,0.7945477366447449,0.0450811374645063,0.6647648079282916,0.0423406806827108,0.959347665309906,-0.01545717031221,0.6763964669720688,-0.1371699049076043,0.8315919637680054,0.0235531324181053,0.6993723256227639,0.0393837090199889,0.9550841450691224,-0.0364851799991323,0.6546492673381267,-0.2057619897118408,0.6445604562759399,0.1265265162498129,0.7169862808114695,-0.0318628417281455,0.8332865834236145,P10,P10/grant_DTL_1_frame405.jpg,2
0.2207591793226713,-0.4717372905675804,0.6929416665140409,0.9961053729057312,0.2298680189375489,-0.4908310441682919,0.6066978682294025,0.9947490692138672,0.2257967474680108,-0.492707566404899,0.6066679993204119,0.9934112429618835,0.2212786199908508,-0.4940834097163394,0.6067012940540896,0.995450794696808,0.2421823598893248,-0.48393402938127,0.6372949255514775,0.9959067702293396,0.2467607604695732,-0.4806238798058833,0.6373113052757626,0.9945343732833862,0.2515463163863689,-0.4764646609932064,0.6373758071311991,0.99627947807312,0.214068757822834,-0.4838794035360642,0.3116695396447398,0.9933106899261476,0.2575247016363995,-0.458416265678653,0.4356102563299081,0.9960106015205384,0.203254928084002,-0.4606315698597065,0.5994397233447021,0.9981693625450134,0.2185874205851013,-0.4504460042513798,0.6354208388621089,0.9987646341323853,0.0494788647845282,-0.4168145494769731,-0.0312613361037096,0.9988182783126832,0.2405660129791487,-0.3287550105796681,0.4810172073027694,0.9994338750839232,-0.133825880291246,-0.4022547410283441,0.0377236659282381,0.8037499189376831,0.0893483983787999,-0.3431417078245778,0.6327702675960077,0.523236870765686,-0.1709156783230113,-0.5351566656957808,0.3198368662842866,0.7142977118492126,-0.0740026308070381,-0.4736458763821182,0.7541227202015713,0.5855473279953003,-0.1930002036398047,-0.5778246163028056,0.2820072774698983,0.6776100993156433,-0.0955787423288636,-0.5136796622115825,0.7829912883834789,0.6005828976631165,-0.1691025070788599,-0.5840008027821324,0.309497941492702,0.6830110549926758,-0.1025031904776375,-0.5194442278254793,0.7380209159441781,0.607394278049469,-0.1627726536273385,-0.5725312621689155,0.3352243860944223,0.6705765128135681,-0.1054189419859234,-0.5018526715857999,0.7376955161274156,0.5853513479232788,-0.0707330023142783,-0.0117972823023241,-0.1637732353142661,0.9988489747047424,0.0707330023142783,0.0117972823023241,0.1632949982172254,0.9995002746582032,-0.0517621769384715,0.3118560062118877,-0.2000852373207858,0.7939713597297668,0.0833126305652605,0.3334992960146866,0.2359606340294895,0.965096116065979,-0.0064674752526229,0.6544910399180965,-0.2463115224432236,0.8095399141311646,0.0499968601829179,0.6430028580010159,0.2207364430877363,0.9520767331123352,0.0004477659923043,0.6959877331817129,-0.2487004195845931,0.8457555770874023,0.0722752657655961,0.6887808686102973,0.2226355677380015,0.9535285234451294,-0.0018971574774957,0.6907121772776423,-0.3256429967867697,0.6575279235839844,0.1077432569790902,0.7090920478949267,0.153176062222637,0.8215704560279846,P10,P10/grant_DTL_1_frame433.jpg,2
0.2158228971582654,-0.46463761261391,0.7261340678542826,0.996481478214264,0.2222330126162393,-0.4828267157652869,0.6418803183562329,0.9952631592750548,0.2178599714568989,-0.4855468555916055,0.6418461000916718,0.9940578937530518,0.2131190706906329,-0.4879917108058191,0.6418224921417033,0.9958940148353576,0.2361580955907147,-0.474849138532548,0.6716948248972848,0.9963037371635436,0.2412577310933564,-0.4718274800912942,0.6717428365708162,0.9950684905052184,0.2465921728579325,-0.46828013361355,0.6718634227961612,0.9966416954994202,0.2016050756041802,-0.483957934455577,0.3375206060083225,0.9939669966697692,0.2498025357442157,-0.4563027330372654,0.4689911838459731,0.9963974952697754,0.197542810559257,-0.4569628802854305,0.6319549526221574,0.9983254075050354,0.2149976268892529,-0.4449063798138581,0.6675799326919822,0.9988720417022704,0.0395129972233511,-0.4137695893424898,-0.0126541571114412,0.9988911747932434,0.2327662963248979,-0.3384697251744172,0.5128260539865419,0.9994478225708008,-0.1566776613700113,-0.3962151421584695,0.0413754688481933,0.8231834769248962,0.0588653622150877,-0.3960052966616143,0.6320323548671104,0.5078539848327637,-0.1892659163518609,-0.5517962275153355,0.270810985163352,0.7417064309120178,-0.0893187157977601,-0.5218793314384651,0.7095544433234574,0.5936023592948914,-0.2073253084073432,-0.5962590293363876,0.2252300020760654,0.7076132297515869,-0.1060918724667543,-0.5729331147926152,0.7305571896985001,0.6077991724014282,-0.1815722180860471,-0.6062877130088087,0.2600472188959556,0.7124366164207458,-0.1119952392997856,-0.5742166710746687,0.6867053961061561,0.6149779558181763,-0.1757776600291629,-0.5911186767514968,0.2865365589468323,0.7003210783004761,-0.1129506450772764,-0.5585811258105066,0.6918341038707817,0.5941831469535828,-0.0725162746604902,-0.0116851925124043,-0.1656448493819088,0.9988840222358704,0.0725162746604902,0.0116851925124043,0.1653101735338717,0.9994693994522096,-0.0449743914020276,0.322420616373222,-0.1982485158457042,0.8129411935806274,0.0884278207329923,0.333380753037941,0.2270576818162138,0.962344765663147,-0.0003286279687193,0.6699575450374653,-0.2263171083834368,0.8243377208709717,0.074075354286727,0.6579459261966195,0.2148830752803326,0.9490434527397156,0.0119496811294113,0.7108409970193832,-0.226029330125899,0.8586594462394714,0.104771631021997,0.7150928683860761,0.2178463902542203,0.9536013603210448,0.0052747852707791,0.6985466132946447,-0.3068201381987885,0.6720240712165833,0.1230498077643787,0.7373069413265831,0.1383070157359551,0.8166825175285339,P10,P10/grant_DTL_1_frame451.jpg,2
0.2069864153735713,-0.4754869205356419,0.6207166470031491,0.9968205690383912,0.2141321962224963,-0.4927436762257696,0.5333231139182893,0.9957264065742492,0.2094980235686686,-0.4950392134074812,0.533315210808802,0.994641363620758,0.2043489896754346,-0.4971404131268975,0.5332892886096832,0.9962934255599976,0.2283909863596719,-0.4860313282448322,0.5684317294429463,0.9966604709625244,0.233800717491197,-0.4830669509072015,0.5684502754065434,0.9955488443374634,0.2394876897035403,-0.479426330834432,0.5685558082618986,0.9969667196273804,0.1935648279680948,-0.4924099805995131,0.2669981767359115,0.9945590496063232,0.2417481897665244,-0.4659799803525616,0.384931485063363,0.9967455863952636,0.1873796437336656,-0.4679629495540463,0.528055691444934,0.998466968536377,0.2057930458409732,-0.4570717534005488,0.5704321645163981,0.9989704489707948,0.0300334230177336,-0.4158742135150191,-0.1459658879444097,0.9989672303199768,0.2278784433657154,-0.3414113793616748,0.4739258193185949,0.9994567632675172,-0.1697609256290148,-0.3960378828882026,-0.0761843026337399,0.8407238125801086,0.0396025606724798,-0.4059899788850101,0.6019152549074065,0.4996462762355804,-0.1950431309414122,-0.5598150218562254,0.2090281178503966,0.7664000391960144,-0.1036038380477602,-0.5316784504902621,0.6398876938733159,0.6018906235694885,-0.2027955544745904,-0.5994685180693516,0.1698677888411336,0.7345523238182068,-0.1201154885754153,-0.5830216466957949,0.6639575095029489,0.6147443652153015,-0.1767498034109165,-0.607940967564229,0.2027392184757943,0.7388971447944641,-0.1165465497056965,-0.5931267995796752,0.6182858085870131,0.6229159832000732,-0.1746072704288811,-0.5921820750434,0.2268084413722157,0.7271953821182251,-0.1154891663436784,-0.5742090078530323,0.6201417748190353,0.6025763154029846,-0.0726479904343549,-0.0109915393002893,-0.2070552514572066,0.9989196062088012,0.0726479904343549,0.0109915393002893,0.2067399305605083,0.999453902244568,-0.0454289964235775,0.3224596701234818,-0.2163607808950005,0.8306161165237427,0.0895193378184801,0.3315981936859576,0.2867602708209431,0.9582584500312804,0.0063807861942425,0.6622217232225319,-0.1830263871065676,0.8396404385566711,0.0889552665506658,0.6485331160911743,0.3624986931892527,0.9452926516532898,0.0159534539045597,0.7115615733759517,-0.1734313404245518,0.870986819267273,0.1122726007823047,0.6912689172073323,0.376393149979059,0.9518399834632874,-0.0014062529584905,0.6964919242053683,-0.2457863099028121,0.6924503445625305,0.1053127010685234,0.7118262748563832,0.313871624480502,0.8118239045143127,P10,P10/grant_DTL_1_frame467.jpg,2
0.2062729172812209,-0.4748375586310973,0.5973798800666568,0.9971232414245604,0.2126325411842192,-0.4947666123506143,0.5082377736689826,0.9961410760879515,0.2077742545261224,-0.4977497057593658,0.5082152100391619,0.9951642751693726,0.2025732081764034,-0.5004806830238786,0.5081855401627079,0.9966503381729126,0.228053303859928,-0.4861459571283357,0.5464597845291512,0.9969788789749146,0.2336299957433525,-0.4829396653308055,0.5464765386726733,0.9959784150123596,0.2394889664163968,-0.4790869125713072,0.5465763373480185,0.9972566962242126,0.189073310649022,-0.4966158444580625,0.2446492426211982,0.99508935213089,0.2405925613314922,-0.4655762778683559,0.3721775038021852,0.9970563650131226,0.1866704656195578,-0.4671308860277997,0.5044073511224448,0.998585045337677,0.2051704635152199,-0.4546115727301805,0.5511860609851932,0.9990548491477966,0.0239037538208741,-0.4176939990257188,-0.1594121873273138,0.9990217685699464,0.2240099013960476,-0.3429233946466748,0.4598372834614621,0.9994545578956604,-0.1736476721544554,-0.395913508706185,-0.0919857721352572,0.8565208911895752,0.0380430060635905,-0.3999023953656019,0.5946615591830089,0.488825649023056,-0.1968518497100592,-0.5726150125456403,0.1962380152381077,0.7885434031486511,-0.0994543076707225,-0.5222150605459167,0.6274922630171769,0.6055412292480469,-0.1902201654888773,-0.611035790829885,0.1558940117017267,0.7586444020271301,-0.1173266216940603,-0.578895858258316,0.6510889439908352,0.6172294020652771,-0.1657664296749237,-0.611003864590449,0.1868253506739137,0.7625698447227478,-0.1120300819133069,-0.5865385876095182,0.6046696960928175,0.6266236901283264,-0.1667810149606573,-0.5949462110440409,0.2129973068987181,0.7512997388839722,-0.1118202660911805,-0.5701619310208165,0.607515514452556,0.6070663332939148,-0.0715740642192295,-0.0100158656014023,-0.2005686501160857,0.9989452362060548,0.0715740642192295,0.0100158656014023,0.2003689230893619,0.9994414448738098,-0.0443406448225983,0.3120807800165761,-0.1987242678922887,0.8465679883956909,0.0894298315806988,0.3216192303332192,0.282826307768172,0.9557049870491028,0.006472857015409,0.6495948167333937,-0.1373114361079619,0.8533828854560852,0.0927233953487426,0.6390347267547972,0.358355101979607,0.9430598616600036,0.0145180618716382,0.6929982150566097,-0.1244896664299178,0.8820822834968567,0.1070570579008112,0.667275677060942,0.3718328249052681,0.9508941769599916,-0.0035529677053624,0.6794031871910874,-0.1815608668086297,0.7100896239280701,0.1113175899151047,0.7212126077111035,0.312359946581393,0.8075103759765625,P10,P10/grant_DTL_1_frame477.jpg,2
0.2120289489503309,-0.4871661148922638,0.5321174980022872,0.9974022507667542,0.2217555092557349,-0.498068614420825,0.4571110045779203,0.996519923210144,0.2189537249643941,-0.4981168149558518,0.4570857249356138,0.995640516281128,0.2157816169879862,-0.4981793987356391,0.4570787512411844,0.9969775676727296,0.2297250062279198,-0.4962798105225194,0.4848207230073117,0.9972732067108154,0.2323075293620539,-0.49449013491241,0.484848156290545,0.9963727593421936,0.2349730189490319,-0.4920649557588392,0.4849483005936378,0.9975244998931884,0.2045938625909636,-0.4869007299252097,0.2196724000693591,0.9955722093582152,0.2361994661796375,-0.4715094273793722,0.3388122519917479,0.9973442554473876,0.1958747960219481,-0.473630071450471,0.4570472670619223,0.998707354068756,0.2058840986147322,-0.4704592710417686,0.4915786431267185,0.9991394877433776,0.0309548707272306,-0.416247898549967,-0.1291483597191166,0.9990827441215516,0.2207352987824458,-0.3431281996860719,0.4379652392936553,0.9994685053825378,-0.1656793144686306,-0.4033591011224028,-0.1311061090565492,0.8707129955291748,0.0335531359509957,-0.3995650780512378,0.541957996168148,0.4694863259792328,-0.1874910821115228,-0.5890933250093664,0.0569100448141297,0.809077262878418,-0.1033281279013554,-0.5403472265864516,0.5586173830025077,0.6046874523162842,-0.1823818766758548,-0.6238900091254693,0.0035774082963916,0.7815250754356384,-0.1099541631525827,-0.5890116917628105,0.5831402256319936,0.6165927648544312,-0.1574007700234604,-0.623710474951786,0.0507872244305106,0.7850040197372437,-0.1062657966797396,-0.5945182952266245,0.5383514167733556,0.6255809664726257,-0.1587178752816482,-0.6075344523125639,0.0771825104239358,0.7741417288780212,-0.1076959168094156,-0.5797658292399683,0.5401885237610179,0.6061543822288513,-0.0732177664418085,-0.0098999540385878,-0.1747723838592963,0.9989716410636902,0.0732177664418085,0.0098999540385878,0.1745823763246776,0.9994129538536072,-0.0451865914655208,0.3069137532370393,-0.177860012706495,0.8608024716377258,0.0877313577556753,0.3197838088608245,0.2438612488851252,0.9547820687294006,-0.0021336684709889,0.6335298084678251,-0.1328364826254263,0.8654126524925232,0.0953153530019763,0.6384097536991267,0.2976527126733802,0.9411629438400269,0.0002103645690927,0.6840254068421329,-0.1235229598834695,0.8922794461250305,0.1037633684772138,0.6803049408640486,0.3078347167576217,0.9502055048942566,-0.0008535340487099,0.6631771371281259,-0.1854645188187648,0.7240948677062988,0.1065570509764969,0.6992421106414107,0.234813418773212,0.8025070428848267,P10,P10/grant_DTL_1_frame503.jpg,2
0.3720868230202538,-0.31368498379708,0.4072645214284662,0.9955644607543944,0.3833994855200792,-0.3349952324708651,0.3057719801115297,0.9940866231918336,0.3778058320090792,-0.3402337526961425,0.3058994349893477,0.9930243492126464,0.3717252394041188,-0.3458888669025811,0.3061253182581281,0.9936407804489136,0.3923839438540807,-0.3307579739116741,0.2675349082443817,0.9951488375663756,0.3933844752940827,-0.3323529093843935,0.2672794812452692,0.993989109992981,0.3945681717769266,-0.3336189388582556,0.2665113138305468,0.9947120547294616,0.3260519102062859,-0.3752002027833496,-0.0217554774059338,0.9888415932655334,0.3647722700369721,-0.3466134337348463,-0.1986546441837013,0.9913742542266846,0.3338535239878754,-0.3189185749962875,0.3158467268417431,0.9959994554519652,0.3417475113691439,-0.3115237579958934,0.2613775201962099,0.9971237182617188,0.081243250291639,-0.4092689616041106,-0.0621926596132637,0.9984174370765686,0.2700989450093862,-0.30945119381179,-0.4057000120425976,0.999397039413452,-0.1222751407925548,-0.4473208603066845,0.5533022839210682,0.8202670216560364,0.254670728297773,-0.2504607923645741,-0.0184158321463415,0.4707091450691223,-0.0006103473022272,-0.4393917612211901,1.2179533357335235,0.7388767600059509,0.218171229398501,-0.3647806676369429,0.8619913042572455,0.5645983219146729,0.0024757098348765,-0.4505945246953104,1.348238326446075,0.714882493019104,0.1890528557605403,-0.4152842598266891,0.968399605870146,0.5812483429908752,0.0358775896840414,-0.4404545444348889,1.2952263468041745,0.7181565761566162,0.1812163128312461,-0.4267643875085413,0.9585716147042926,0.5892042517662048,0.0313388694563326,-0.4357464726077685,1.2196669329449612,0.7084982395172119,0.1765450565692152,-0.4167846918736498,0.8894844380399833,0.5698187351226807,-0.03905200417736,-0.0296097549406012,0.2794750479333313,0.9988948702812196,0.03905200417736,0.0296097549406012,-0.2810938983103154,0.9994524121284484,0.0809241414927477,0.2124139443924174,0.9530665011060284,0.8087714314460754,0.0594442978108562,0.2737060793098969,-0.2460787208450167,0.9577122926712036,0.1175256286351436,0.4575256481320983,1.5202064476224968,0.8558846712112427,-0.0087210901262209,0.4965596400660426,-0.2460536801755385,0.9457329511642456,0.1005854788157401,0.4878105579399189,1.5770624590771285,0.8837525248527527,-0.0757171426934478,0.5214692339621047,-0.244146725182164,0.9521342515945436,0.275767081580997,0.5220598651600525,1.6237049199933336,0.728184700012207,0.1115451987080961,0.6096439119514001,-0.3736684927191063,0.8187157511711121,P10,P10/random_1_frame46.jpg,3
0.4535723999990856,-0.3384884766519606,0.3021922650590318,0.9928069710731506,0.4572744288133729,-0.3581290762114965,0.2150707920007387,0.9923741221427916,0.4508862876737761,-0.3618668367501865,0.2149885288079427,0.9916083812713624,0.4442282146472404,-0.3656408227158617,0.2148302354174538,0.9919000864028932,0.4677642510077271,-0.3529160089308856,0.1790472122307464,0.9925766587257384,0.4686404496658796,-0.3527101349540158,0.1790900563579771,0.9913979172706604,0.4700352828868658,-0.3520550533399654,0.1787508209710308,0.990959107875824,0.3999165564902308,-0.3788605116268926,-0.0427344134029729,0.988006830215454,0.4480603340919957,-0.3533086259095562,-0.2104664754324591,0.985222578048706,0.4176641769231172,-0.3347015927063196,0.2316055548988783,0.9941392540931702,0.4274740472358315,-0.3282218697376837,0.1803375810709333,0.9937726259231568,0.135557954578611,-0.3715563670584356,0.0390193361837142,0.9980048537254332,0.3257748946007345,-0.2820276002082555,-0.4723395162646723,0.9992238879203796,-0.0561519420527548,-0.4093187518955106,0.6167788717369314,0.7715826034545898,0.335984417153919,-0.2599178088955615,-0.9023129945368352,0.4744852185249328,0.0497919419603561,-0.4124676486790174,1.3208038764342172,0.6825146079063416,0.3691715984468716,-0.3593168629119797,-1.2212267809240134,0.5582572817802429,0.0145045498817826,-0.4239860384910239,1.4463260300558334,0.6625186800956726,0.3602834708555381,-0.3890673188158737,-1.297686499863624,0.5822031497955322,0.0525332255492512,-0.4083475772030647,1.3714118470504932,0.6660948991775513,0.3695995151601853,-0.3961734886487797,-1.250520993928927,0.5890336632728577,0.0579662990431537,-0.4132846030272793,1.317305129658242,0.6563773155212402,0.369356613489634,-0.3865983739140068,-1.207947909415915,0.5676720142364502,-0.0338521369586514,-0.023188778306576,0.3404480439144142,0.9988333582878112,0.0338521369586514,0.023188778306576,-0.3414918854557101,0.9994439482688904,0.034165638098489,0.1966221756136366,0.6977666456240431,0.7753533720970154,0.032669102145524,0.2614948183694612,-0.161088626513109,0.958196461200714,0.0431739822686421,0.4253264410022981,1.032288654016007,0.8495638370513916,-0.0826456888717057,0.4907711616255036,-0.036690529531278,0.9491653442382812,0.0081528193076394,0.4541728657649557,1.0579420573268536,0.8798550367355347,-0.1651819609085824,0.5236417561374784,-0.0208812818632638,0.9534482955932616,0.1823294858525355,0.4894040991747787,1.0252952952231842,0.7320269346237183,0.0256946891893017,0.586541563373947,-0.1481705744517319,0.8313552737236023,P10,P10/random_1_frame47.jpg,3
0.4400892835587721,-0.3489523195421841,0.3352140483140354,0.992948055267334,0.4423186808320839,-0.3724241545412692,0.2592041673405084,0.9925374984741212,0.435100569196952,-0.3772127699200233,0.2590651406765696,0.991909682750702,0.427422611792193,-0.3817917087212477,0.2590448337515993,0.9920963048934937,0.4565102511197199,-0.3664992606294728,0.2090998457060763,0.9924156069755554,0.4592588994954079,-0.3664711340229468,0.2090531246242229,0.991323947906494,0.4621322990698689,-0.3661105800237717,0.2089567879659867,0.9905650019645692,0.3871995034585379,-0.3947643785691709,0.0342619385251067,0.98870050907135,0.4373222074063946,-0.3686022094087902,-0.1906371835379978,0.9849405288696288,0.4090624844407931,-0.3463254520986317,0.279003419186598,0.9940741658210754,0.4227237712071139,-0.3387936439359728,0.2114854244486004,0.993370771408081,0.1201990832981074,-0.3674398046528756,0.0948421291760659,0.9979276061058044,0.3558702220850304,-0.2754894422102738,-0.4504991285489076,0.9992148876190186,-0.0608717655115268,-0.4212697044527072,0.5601046952668491,0.7486746311187744,0.360420064396745,-0.2676983722025456,-0.71331626154776,0.5026803016662598,0.0620788455023762,-0.4038762473475824,1.1771277008419307,0.624893307685852,0.2590665651922019,-0.3642111854356497,-0.7408051093944124,0.5594477653503418,0.0628268677535228,-0.4115927576009417,1.2942534371267274,0.6067756414413452,0.2205510570866503,-0.3929449993272007,-0.7643124057400875,0.5840020775794983,0.0914315053551877,-0.4011353580357636,1.23714757569653,0.6104989647865295,0.2168695025160558,-0.3882879243281053,-0.7120274689155374,0.5889288783073425,0.0857572049592941,-0.3904121499153767,1.174924005467686,0.6025435924530029,0.2249519011250004,-0.3756462876660419,-0.7162414286264738,0.5671759843826294,-0.0627449126414036,-0.0231464392580677,0.3028505079738292,0.9988566637039183,0.0627449126414036,0.0231464392580677,-0.3038449714293548,0.9994618892669678,0.0408371958065271,0.1973714902629219,0.470416887972063,0.7296377420425415,0.0425348547340482,0.2527642958732327,-0.0507626903272767,0.9592782855033876,0.0597946498404877,0.4316674562143903,0.5383018470295807,0.8413287997245789,-0.0721736906847255,0.4786679856024776,-0.0073877885903721,0.953150510787964,0.0413389890151974,0.4712859637431074,0.5421317936966749,0.8763139247894287,-0.1423210230369994,0.5045552535546777,-0.0039137906357954,0.955925464630127,0.2316330612933044,0.4815422338245494,0.5024850686349019,0.739892840385437,0.0096514571146011,0.5746421500735324,-0.0996950674973845,0.8453222513198853,P10,P10/random_1_frame48.jpg,3
0.4314229004180783,-0.3538062437692003,0.4010166534901051,0.9935438632965088,0.4350380209636287,-0.3783570581389567,0.3199067808049293,0.9931828379631042,0.4275317183685539,-0.3827906627362402,0.3197584626222325,0.9926197528839112,0.4192963366000473,-0.3872913055456571,0.3197205875770364,0.9927802681922911,0.4501777825045344,-0.3714780107785158,0.2719283356039106,0.9930378794670104,0.4535095507543765,-0.3706839323431814,0.2718165022730707,0.9920437335968018,0.4572109250733261,-0.3695932175424533,0.2717163774594651,0.9913140535354614,0.381439085878713,-0.3976372479485074,0.0681310817337514,0.9897475242614746,0.4367758244239628,-0.371033828560058,-0.1508681216593523,0.986180543899536,0.4012497734664914,-0.35175685164178,0.3331671554172027,0.9945184588432312,0.4134272492539214,-0.3422872871199429,0.2669670754014485,0.9938023686408995,0.1201482316674695,-0.3719212044150434,0.111493142806571,0.9979724287986756,0.35420353013235,-0.2722762855501124,-0.416933007923457,0.9992313385009766,-0.0489988780051554,-0.4053329257695626,0.5923220856889588,0.7590024471282959,0.2647229017406177,-0.2802717508414634,-0.7869870900044381,0.5019826889038086,-0.0083160129821784,-0.3943683164375959,1.2604244135189364,0.5852518677711487,0.1576906190440743,-0.3652657619299118,-0.996801185602788,0.5433521866798401,-0.0213530607578103,-0.4141020182075695,1.3891126955484885,0.5635142922401428,0.1162801577205607,-0.3885489671198269,-1.0423630113825482,0.5714477300643921,0.0097109020855171,-0.4021922627640786,1.334260238576235,0.5677736401557922,0.1164885013623244,-0.3886570932684291,-0.9776951715720428,0.5757265090942383,0.0138793813664281,-0.3965120563529679,1.2596785284526932,0.5609259605407715,0.1273096427416887,-0.3800500046942136,-0.9728678024347356,0.5531626343727112,-0.0588530626841631,-0.0221640686586973,0.2832639103051387,0.9988817572593688,0.0588530626841631,0.0221640686586973,-0.2838605812863108,0.9994783401489258,0.0577609267969105,0.2079792875361271,0.4156308910556189,0.706457793712616,0.0446514653949004,0.2556966544280495,-0.0545255993483252,0.9610539674758912,0.0628861062406535,0.4480785287760159,0.5421950503424737,0.83778315782547,-0.066232147142111,0.4857842793165658,0.0547742856284621,0.956445336341858,0.0387309717884104,0.4844778682959691,0.5479487207482632,0.8726422786712646,-0.1326922859918462,0.5085928416073028,0.0625334334987467,0.9573054313659668,0.2220751065588715,0.4972457746411375,0.4809421123434927,0.7482208013534546,0.0086961227342931,0.5814173473501325,-0.0634867354111941,0.8578913807868958,P10,P10/random_1_frame49.jpg,3
0.1887839816255392,-0.393557186645472,0.3073553278197392,0.9941669702529908,0.1960844354772827,-0.4205811913786088,0.279472458655524,0.9938501119613647,0.1944890733177037,-0.424531755386415,0.2794741383499267,0.9933447241783142,0.1930629934629847,-0.4282240712065152,0.2795080797609605,0.9934884309768676,0.2005518819971453,-0.4136100348571221,0.2466727764516452,0.9937188625335692,0.2016937652816614,-0.4126797544536809,0.2465951822929736,0.9928258657455444,0.2029300203620438,-0.4115494552684937,0.24655226320496,0.9921662211418152,0.1821810450080545,-0.4435430386137374,0.2019892370418778,0.9907623529434204,0.1947493294159601,-0.4215880812922786,0.0474133420700436,0.9875439405441284,0.1764186506378762,-0.3897821603561634,0.2910037731051692,0.995034635066986,0.180330987117897,-0.3809698270873381,0.2447043483731784,0.9943899512290956,0.0643536875932544,-0.4540522879795919,0.2242811758128149,0.9981325268745422,0.1770911462175845,-0.3086431900626319,-0.0838469562334048,0.999298334121704,0.055563364113154,-0.4341274826791908,0.3970702192216249,0.7028839588165283,0.1681502294462082,-0.3467461501666194,-0.2837302908980298,0.494209349155426,0.1091045306201228,-0.3745992675023915,0.5215942672311451,0.5355568528175354,0.1177325222549606,-0.4106926952821267,-0.4048606804749817,0.5188606977462769,0.1155718560481303,-0.368101205597498,0.5483855087950994,0.5202465653419495,0.108976951072847,-0.4156804995438445,-0.4327038354853308,0.5576462745666504,0.1210704418629246,-0.3632665431289085,0.5221146635866647,0.5249747037887573,0.1009138773486163,-0.423790450256693,-0.4249610234938804,0.5619456171989441,0.1215069307256384,-0.3586800892952734,0.5147550922146793,0.5187394618988037,0.0995384586216291,-0.4206451356069045,-0.4018767709425095,0.5360606908798218,-0.036694179170933,-0.0181484995093044,0.1468395700760077,0.998978555202484,0.036694179170933,0.0181484995093044,-0.1472377541836072,0.9995257258415222,-0.0033196167310243,0.3084911294521076,0.1851895514447684,0.7263231873512268,0.0586369345744321,0.3361062321603348,-0.137238726472695,0.9648168683052064,0.0045453688946818,0.6451959506384323,0.2147847049444557,0.8406793475151062,0.0201131627554893,0.6679690542818283,-0.2029673211618829,0.9604724645614624,-0.018936218263671,0.6975999447279454,0.2146708332480525,0.8760945796966553,-0.0052015695080007,0.7180645690570742,-0.2122360679442677,0.9609559178352356,0.051279100817346,0.701482162549711,0.1550744553001186,0.7197865843772888,0.0797633971118865,0.7491680302098835,-0.2985960497258403,0.8665134310722351,P10,P10/rob_DTL_1_frame951.jpg,4
0.1886657228196977,-0.3911796549518112,0.4892824784280046,0.99474436044693,0.1940504897474634,-0.41935231241937,0.4601985769054622,0.9944612979888916,0.1922827752415083,-0.4236879423604828,0.4602331747981925,0.9940066337585448,0.1905745905908942,-0.4281386428982597,0.4602079359806575,0.9941362142562866,0.1987149914538424,-0.412417544554538,0.4329109273968475,0.9943429231643676,0.2000038588502122,-0.4116718870881541,0.4328329478891747,0.9935396313667296,0.2012760793669313,-0.4108096247504839,0.4328810857554459,0.9929455518722534,0.1793269767630889,-0.4436171724242134,0.3456454910713517,0.9916830062866212,0.1922932083089392,-0.4186698670674204,0.218187928244934,0.9887818098068236,0.176996567039446,-0.3850380303529198,0.4575636520261803,0.9955142736434937,0.1814148943826947,-0.3761963892739001,0.4185373824537943,0.99492746591568,0.0619611052641193,-0.45137093608237,0.3307915263872256,0.9982633590698242,0.1747536109692679,-0.3128058387011528,0.0500419202557491,0.9993566274642944,0.0321990927154349,-0.4580926699159111,0.6159272976301832,0.7126467227935791,0.1456758081883487,-0.3276058352754434,-0.0654961698858066,0.4837812185287475,0.0471611854035598,-0.4494955154979372,0.9889078856528408,0.5034762024879456,0.0913677030965736,-0.4045975002327028,-0.0870473583663844,0.4903623163700104,0.0406899986158221,-0.4539736028377203,1.0589967723711406,0.490862488746643,0.078147549100751,-0.4101394535955117,-0.086157632512977,0.5363688468933105,0.0442685407446158,-0.4586364168420149,1.045512876567764,0.4951789081096649,0.0698607017251149,-0.4218893122208906,-0.073072518656948,0.5409694910049438,0.0453498974983346,-0.4535161588591146,0.9943172776882924,0.4893209338188171,0.072158354685574,-0.4192658560444097,-0.0784617205972934,0.5122831463813782,-0.0361114162882857,-0.0168987308299829,0.1458612348656566,0.999069333076477,0.0361114162882857,0.0168987308299829,-0.146256253045572,0.9995691776275636,-0.0051056440171238,0.3030475452491064,0.1851482448208672,0.7514388561248779,0.0575309640062797,0.336053474631485,-0.1467366440189957,0.96829354763031,0.0024505050696947,0.6338119916892503,0.1905904895116666,0.8514861464500427,0.0201416120283071,0.6669326848133686,-0.2597375425747031,0.9643122553825378,-0.0192126087445717,0.6864943793913539,0.1891027993026938,0.884769856929779,-0.0040094047995698,0.7161176935141924,-0.267920346952522,0.9646410346031188,0.0363981722151729,0.6860657030619144,0.1422585566792127,0.7037110328674316,0.0800606361271585,0.7522148794053575,-0.3330260823038471,0.8773943185806274,P10,P10/rob_DTL_1_frame953.jpg,4
0.1870218497746886,-0.3877849554032858,0.4287863859034937,0.9952579140663148,0.1918832278420008,-0.4163842732791643,0.400782348950141,0.9950064420700072,0.1900351322258132,-0.4208505043516174,0.4007975586700592,0.9945971965789796,0.1882190610952826,-0.4255949433662924,0.4007992401466331,0.9947138428688048,0.1966712323860896,-0.4095991331498406,0.3750190706083507,0.9948990941047668,0.1980301711807882,-0.4089864642309258,0.3749490218228984,0.9941766858100892,0.1993281182343075,-0.4082843713305826,0.3749704606492153,0.9936407208442688,0.1769127361818415,-0.4413359334510499,0.2967497181556368,0.9925050735473632,0.1900685324650305,-0.4155903870440386,0.177109239648724,0.989884614944458,0.1754451892866217,-0.3802232788198485,0.4010962118388042,0.9959286451339722,0.1800976821050074,-0.3710130673172405,0.364241111492871,0.9953900575637816,0.0589440848661853,-0.4489087689244774,0.2869731165552721,0.9983770251274108,0.1741428092494076,-0.3163823520167931,0.0339766536860365,0.9993982911109924,0.0138582713372989,-0.4597754641446053,0.554139929470071,0.7342142462730408,0.1386132092435792,-0.2936169171139492,-0.0025034175231191,0.4642423689365387,0.0201155806839348,-0.4591144145588151,0.9157984840223644,0.4951681196689605,0.0869718535684555,-0.3853239615759234,0.0864391694329295,0.4578954577445984,0.0106370208062882,-0.4733358848360696,0.9814204766709126,0.4803285598754883,0.0747117492838646,-0.3973934475616403,0.1025736441436604,0.5080168843269348,0.0205632356063505,-0.4737971444325828,0.9684382546285988,0.4845960140228271,0.0671291306740074,-0.4121246345330368,0.1099812936513937,0.5128242373466492,0.0215600454916407,-0.4665570120285212,0.921260302088054,0.4774505198001861,0.069231358545109,-0.409121364510602,0.0961653840591432,0.4835248291492462,-0.0362101394337247,-0.0151302319346766,0.1359071784209523,0.9991418719291688,0.0362101394337247,0.0151302319346766,-0.1364747340876977,0.9996026754379272,-0.0081111372693252,0.3014667376375447,0.1770123254534666,0.7745214104652405,0.0560787723535611,0.3367384602815444,-0.106419897606409,0.9713821411132812,0.000719366250602,0.6364122853068258,0.1575021718745658,0.8624405264854431,0.0200794289375967,0.6685665503828745,-0.1937877866772312,0.9676520824432372,-0.0182349255668169,0.6869889605876778,0.1557272491508741,0.8937628269195557,-0.000628107931093,0.7124271025046848,-0.1972055788905011,0.9677810072898864,0.0230736037003819,0.6896753487066918,0.1203939042119797,0.6961176991462708,0.0779681579614198,0.7576021107227394,-0.2418256616238027,0.8854317665100098,P10,P10/rob_DTL_1_frame955.jpg,4
0.1788146232082726,-0.3969891028317783,0.4070693276515439,0.9957237839698792,0.1835063915684869,-0.4241820689762066,0.3766953806259764,0.9954999685287476,0.1815331720763816,-0.4288681725914674,0.3767221937520892,0.9951307773590088,0.1795576866862949,-0.4335684003041455,0.3767714770331839,0.9952362775802612,0.1884301123520603,-0.4171555948659265,0.3625996824635012,0.995402991771698,0.1898670693219093,-0.4167265093181886,0.3625194696749608,0.9947522282600404,0.1912611252899777,-0.4162557312475937,0.3625183367259701,0.9942702651023864,0.1685589423548167,-0.4470609919539141,0.2667720244590999,0.9932427406311036,0.1822272921580064,-0.4217975134705508,0.1931200491114063,0.9908843636512756,0.1673892858168361,-0.3905442092033819,0.3737418203722335,0.9963102340698242,0.1719395110831478,-0.3812435288191385,0.3515709527487362,0.99582839012146,0.052465508219717,-0.4461041787663163,0.2022522788632184,0.9985113739967346,0.1677807574580832,-0.3229807206140992,0.1025706210710046,0.999445378780365,-0.0047429021246604,-0.4449681330483926,0.4603728027097361,0.7579463124275208,0.1047875095672809,-0.261848454735392,0.2742729398417114,0.4349502921104431,-0.0014563681625559,-0.4937558622545562,0.7973462364230575,0.528815746307373,0.0532008676446026,-0.3753947174197065,0.6186065011430688,0.4196025431156158,-0.0074937022740375,-0.5294605231061166,0.8540422517039156,0.5109218955039978,0.0449287538840336,-0.3936333079213767,0.6741033654472224,0.4680826365947723,-0.0019585666851591,-0.5325477335757937,0.8514539164398024,0.515009880065918,0.037478103671642,-0.4113128258611115,0.664004409204144,0.4725571274757385,0.0022894633203711,-0.514716249411442,0.807086123366022,0.5036285519599915,0.0383001714592812,-0.4039784162151639,0.6272297535608168,0.4459867775440216,-0.0368333046360782,-0.0141058947033913,0.0923494385143149,0.9992195963859558,0.0368333046360782,0.0141058947033913,-0.0930842692296715,0.9996377825737,-0.0161041146032244,0.2978375613135464,0.1511757283411117,0.7950579524040222,0.0500642605989318,0.331304874498307,-0.0459391413970282,0.9741433262825012,-0.0052651160794323,0.6317940651595794,0.1117477722502972,0.8735598921775818,0.0193605121221767,0.6599792680300474,-0.1252896660636436,0.9706112146377563,-0.0232454697411596,0.6783233738477165,0.1104194934123795,0.9028820395469666,0.0040921362244124,0.6990944074632929,-0.1287033263437443,0.9705104231834412,0.0187555173611522,0.6719509134247911,0.0935446902582433,0.7037525177001953,0.071158637856449,0.752558874573061,-0.1548869010261656,0.8926860690116882,P10,P10/rob_DTL_1_frame957.jpg,4
0.1665822957630583,-0.406902774959766,0.4338288115839435,0.9961363673210144,0.1706320997501007,-0.4306377446594631,0.3968066406516187,0.9959396719932556,0.1684100615961305,-0.4349729480424282,0.3968274370230902,0.9956070780754088,0.1662542582051596,-0.4393481013669996,0.3968826948862464,0.9957022070884703,0.1770016885706692,-0.4241193329723132,0.3903537543359816,0.9958506226539612,0.1791072371752831,-0.4235761631120457,0.3902751985629542,0.9952645301818848,0.1811176526479228,-0.4227425907790562,0.3902711662323996,0.9948306679725648,0.1569013421564627,-0.4524458577363472,0.2553562184342877,0.9939011335372924,0.1734529389914347,-0.4261788831394891,0.2170839876936307,0.9917789101600648,0.1554958509398069,-0.4004085572559439,0.3894522297658676,0.9966422319412231,0.1616746507869105,-0.3921035244419367,0.3782026249007294,0.9962117671966552,0.047067677090175,-0.4434325535276966,0.163915487815272,0.9986292719841005,0.1617458139539211,-0.3288348392566791,0.1443870416165348,0.9994795322418212,-0.0150806922559854,-0.4380390127197148,0.3670329572551975,0.7803487777709961,0.0818920038518575,-0.2653233181646866,0.336700982758929,0.4025549292564392,-0.0249906673035269,-0.5131964271630209,0.7408202175349914,0.5643414855003357,0.0221189012207435,-0.4162014038915514,0.6717953058101986,0.3868063986301422,-0.0320294736505894,-0.550712334569925,0.7762076517913504,0.5445511341094971,0.0140321369662032,-0.4523221995993383,0.7281805040475354,0.4342685043811798,-0.0249802131132,-0.5539160958683736,0.7477039285012763,0.5485877394676208,0.0055515484274931,-0.4704215393121993,0.7206348934879853,0.4386507272720337,-0.0230019069394213,-0.5389404682251729,0.7228337084048723,0.5340455174446106,0.0062165842778563,-0.4585576014197831,0.6805274669718453,0.4141315221786499,-0.0363649010519187,-0.0140953848176806,0.0600880677840548,0.9992873072624208,0.0363649010519187,0.0140953848176806,-0.0608900675288474,0.9996657371520996,-0.0225851581093206,0.2936081755129893,0.089746153037527,0.8144123554229736,0.0438840774444995,0.3278817904628114,0.0056720732243098,0.976482093334198,-0.0108763902704699,0.6206327223689997,0.0428258146922709,0.8843286037445068,0.0159763176758435,0.6476182732052522,-0.0110503008603111,0.9729977250099182,-0.0272364514040966,0.667124746936106,0.0422285303959143,0.911768913269043,0.0016470576859939,0.6839958686311391,-0.0078794883462078,0.9726098775863647,-0.0043988992711708,0.6767336413022345,0.0212049086285499,0.7127374410629272,0.0631545851651189,0.7422186895095706,-0.037736854852642,0.8953322768211365,P10,P10/rob_DTL_1_frame959.jpg,4
0.1570742213328317,-0.4143966078943952,0.393294912000592,0.9965017437934875,0.161193824067268,-0.4360090274388684,0.343563572426225,0.9963321685791016,0.1589525225315043,-0.4394767112005696,0.3435931317585846,0.996030867099762,0.1568637852917902,-0.4428843227707012,0.3437127993782986,0.9961163997650146,0.1680675790864965,-0.4315535632084651,0.369500823022609,0.9962488412857056,0.1703834757612422,-0.4315750542367067,0.3694195898697845,0.9957202076911926,0.1726435544411352,-0.4310100529037883,0.3694720705206612,0.9953303337097168,0.1480677934905556,-0.4550953343122121,0.1888442873578373,0.9944800734519958,0.1653705650645037,-0.4322224989680673,0.1694790005325585,0.9925817847251892,0.1458774689671738,-0.4061004842073809,0.3344462054023263,0.9969311952590942,0.1530454970420519,-0.4010481121686834,0.3574852478113021,0.9965532422065736,0.0456379588283141,-0.4399374113657079,0.1009915769364596,0.9987223744392396,0.1549987601208027,-0.3344945785529247,0.1135019775719131,0.9995025396347046,-0.0220502717393137,-0.433368858286798,0.2364278260389353,0.7997127771377563,0.0672931403846128,-0.2953891221537569,0.2910150194355618,0.3758934140205383,-0.0341273494324656,-0.5359761956396357,0.4306590083264356,0.5980249047279358,-0.0007499488677689,-0.4575004224215715,0.5821706107333251,0.3660654127597809,-0.043755183388267,-0.579366655007659,0.4587633687348074,0.5775821208953857,-0.0100818227588778,-0.4984711973846039,0.6303500486847026,0.4143331348896026,-0.0348808556888685,-0.5852568837549021,0.4559791070060112,0.5815776586532593,-0.0148842974145748,-0.5293873251039922,0.6202326887135958,0.4192208647727966,-0.0317362708329839,-0.5640186868250661,0.4363126523924729,0.5645372271537781,-0.0187721197761665,-0.5029339964369326,0.588380674390628,0.3955470621585846,-0.032639627501324,-0.0139011745577953,0.0390497805164898,0.9993467926979064,0.032639627501324,0.0139011745577953,-0.0399635755532825,0.9996885061264038,-0.025370232187436,0.2897894990512006,0.0537602105615853,0.8315569162368774,0.0389487479287303,0.3216292275474433,0.0294066121986006,0.9781590700149536,-0.0099879370382319,0.6108144106202049,-0.0066099667441736,0.8942449688911438,0.0138603562737801,0.6296759052015333,0.0223628520520628,0.9745190739631652,-0.0232561898120791,0.6568298560589131,-0.0082203291900408,0.9199388027191162,0.0018811251051138,0.6610598478633276,0.0258123729609711,0.9738847017288208,0.0073853955226391,0.6807082221408196,-0.0367615521653261,0.7270941734313965,0.0564626156776933,0.7230253036682707,-0.0066305781668171,0.8946676850318909,P10,P10/rob_DTL_1_frame961.jpg,4
0.1490190018082091,-0.4219979126539943,0.3410950812624774,0.9968302249908448,0.1540176980750274,-0.4406717353549598,0.2981584913958905,0.9966840744018556,0.1520700973630496,-0.4434210110236802,0.2981906602865741,0.9964098930358888,0.1502151459674525,-0.446193430826422,0.2982974835655355,0.9964871406555176,0.160154023143375,-0.4385464051609696,0.3083943849584191,0.9966068863868712,0.1622074464052487,-0.4394736261277334,0.308305301876526,0.996129274368286,0.1641860515231795,-0.4397027384984847,0.3082906002568018,0.9957804679870604,0.1414414813251161,-0.4596184841646665,0.1527786863216376,0.9949941039085388,0.1579567860172685,-0.4394950235346587,0.1665999919796266,0.9933039546012878,0.1382013025621397,-0.4120665318485253,0.2935939841779317,0.997192680835724,0.1445393018297732,-0.4114040128170927,0.3008697575552003,0.9968680143356324,0.0424503083211056,-0.4366955294619298,0.0498769370562124,0.9987888932228088,0.1488840671400474,-0.3400870377773785,0.1029010851452272,0.9995228052139282,-0.0314496394117361,-0.4375923282651058,0.1772760243801853,0.8156202435493469,0.0592734008836225,-0.3341165062225542,0.2660821226631148,0.357914388179779,-0.0450824077138065,-0.550260883892429,0.35181973090054,0.6236088871955872,-0.0143801855483954,-0.4963090690573396,0.5167954486316777,0.3569480776786804,-0.0533157514411308,-0.5968353240575025,0.3709592747134616,0.6031492948532104,-0.0301762753587927,-0.5548241356502875,0.5577234478985201,0.4080379605293274,-0.0446713446038943,-0.6012542524890586,0.3654168004675871,0.6073991656303406,-0.0307394492866434,-0.5767841342610893,0.5420872927878452,0.4143165946006775,-0.0414136985699584,-0.5803970936984586,0.3557791973255672,0.5882667303085327,-0.0325113583648875,-0.553067510434133,0.5193405391809118,0.390568733215332,-0.0291882828451493,-0.0130349509534835,0.0166160246610069,0.9993919134140016,0.0291882828451493,0.0130349509534835,-0.0174512012975977,0.9997054934501648,-0.027850289889656,0.289395270725982,0.0217969298095973,0.8468844890594482,0.0344631075537181,0.3172565868304312,0.0402907031566261,0.979507327079773,-0.0112131509825616,0.6080148869336149,-0.0301110960552568,0.9032561182975768,0.0129019449631569,0.6165888424446484,0.0357399536889321,0.9756956696510316,-0.0230609825334641,0.6529386699930211,-0.0313792813352868,0.9272786378860474,0.0042585570500597,0.6513328455494831,0.0386610886539428,0.9748647809028624,0.0010314059600072,0.6963436738425037,-0.0655152482831465,0.7419316172599792,0.0519052693111559,0.7130882364659988,0.0005707589992894,0.8936591148376465,P10,P10/rob_DTL_1_frame963.jpg,4
0.1342471407684424,-0.420800443581843,-0.0620941381391537,0.996956706047058,0.1434500053597698,-0.4352320283917061,-0.0521899007582014,0.996876895427704,0.1434255754852888,-0.4351631012458489,-0.0522783227257705,0.996588170528412,0.1428020320223447,-0.4353331651637391,-0.0522700976378221,0.9966765642166138,0.1430013245400604,-0.4421323046052377,-0.0609660287009259,0.9967944025993348,0.1425026933519924,-0.4466491411897149,-0.0611117854390171,0.9963138699531556,0.1417220279879963,-0.4505790791229695,-0.0611921095575674,0.9960610866546632,0.136331750682863,-0.4452576562557335,0.0199243258072951,0.9951969981193542,0.1355936194753293,-0.4537958246788898,-0.0206135109251645,0.9937987923622132,0.1273886716317757,-0.4060386192187276,-0.0299966367257391,0.9971254467964172,0.1263366601619368,-0.4177206071141601,-0.0432274995668066,0.9969818592071532,0.096275117949365,-0.3829950674065469,0.0142995153451975,0.9987555742263794,0.0580761735878612,-0.40197351718827,0.0796247679508201,0.9995365142822266,-0.0265667250645304,-0.4268850091947718,0.0849707206659818,0.8050329089164734,-0.0230859769067036,-0.4116751583835848,0.1487240680797139,0.4007611870765686,-0.0466038027404311,-0.5321110950088586,0.141289688282244,0.6331212520599365,-0.0558328421972738,-0.553615637436695,0.4386650801279271,0.4059692621231079,-0.0592094725567173,-0.589818530178772,0.1322817082885716,0.6140148043632507,-0.0573718515816182,-0.6013031159634425,0.2845956955276995,0.4507765769958496,-0.0495667975167718,-0.5932178454216621,0.1174671615661317,0.618493914604187,-0.0558952983347119,-0.6101356789156871,0.2155574155540384,0.4572221040725708,-0.0483606451722312,-0.5727501185000737,0.1366909643580816,0.5965114831924438,-0.054421071742518,-0.5917426009180315,0.2919872776023527,0.4337981045246124,0.0082895435547401,-0.0059696143285403,0.0094506408215256,0.9993268251419068,-0.0082895435547401,0.0059696143285403,-0.0097257291151725,0.999664068222046,-0.0089209394773388,0.297830707266721,-0.0380273513043348,0.8405493497848511,0.0054867244137615,0.3152822171854207,-0.0012976044731359,0.977382481098175,-0.0025566663431943,0.6146642214816865,0.0046657725917153,0.9045413732528688,0.0039198678808271,0.6208602483969349,0.0302029614664383,0.974358320236206,-0.0124496021806507,0.65841231004041,0.00466886552016,0.9282559156417848,-0.0054312482404609,0.6590015353463451,0.0326652074353829,0.97024405002594,0.0225105661131239,0.7082366027966894,-0.0924720554059002,0.7587834596633911,0.0257697004095872,0.710809592076851,-0.0638328217580026,0.8971682786941528,P10,P10/rob_DTL_1_frame965.jpg,4
0.1848966916669435,-0.4255949802400463,0.0784450605559929,0.99715656042099,0.1875524207783408,-0.4384879334186066,0.0521492704938659,0.9970739483833312,0.18418543385882,-0.4414764994098019,0.0520685321920965,0.9968206882476808,0.1803546628530745,-0.445440050760655,0.0521185577828859,0.996867835521698,0.1937798372952736,-0.4341227413828054,0.0330357445161142,0.997031271457672,0.1952821555487551,-0.4333442684897218,0.0329594019281396,0.9966230988502502,0.1963547860954733,-0.4331991450108306,0.0328784917696188,0.9963902235031128,0.1664265973661283,-0.4581361248449048,0.0041358176940956,0.9955881237983704,0.1862947654341141,-0.4357566178889406,-0.0848013696364146,0.9943762421607972,0.1692508530269073,-0.4281780559550639,0.0726725908692282,0.9972579479217528,0.177390477606333,-0.4205203024301796,0.0460391977667334,0.9971455335617064,0.0511480216035676,-0.4317744907327894,0.0754480010222436,0.9985376000404358,0.1526112088034243,-0.3418418069393513,-0.1360445234994343,0.9995406866073608,0.0251543595292975,-0.4500798469708297,0.344066412385352,0.7506506443023682,0.0645906719678564,-0.3087774234503896,-0.1030774796744194,0.3838396072387695,0.0232928683036382,-0.470246755539152,0.6192930289978481,0.577905535697937,0.0258625621062865,-0.4424004624095128,0.0058334401657136,0.3837229609489441,0.0117276574715311,-0.4827369070449331,0.6571409878741764,0.5621826648712158,0.008714344108146,-0.4798482471118377,0.0054969174359797,0.4306787252426147,0.0230973335110269,-0.4803495494363948,0.637708006928996,0.5670693516731262,0.0118950841377045,-0.4814419167762422,-0.0130747967166498,0.4367801547050476,0.0294515421200436,-0.4726271472207035,0.6176034250758186,0.546053409576416,0.0155449854602847,-0.4675324270945941,-0.0013301230398388,0.4159405529499054,-0.0322115157177517,-0.0096924152512499,0.0937818396525358,0.9993383288383484,0.0322115157177517,0.0096924152512499,-0.0938826393657424,0.9996864795684814,-0.0111743551130639,0.3010660200667826,0.187315548708479,0.8245248794555664,0.052437756874707,0.327950343121397,-0.0250132785031012,0.9762284755706788,-0.0080592414482756,0.6095582071384505,0.2944559969548699,0.8735620975494385,0.0165735595740426,0.6151685891754495,-0.0143152425167514,0.9736507534980774,-0.022963636596579,0.6501116342890466,0.3028236028815558,0.9105587005615234,-0.0026658419264525,0.6639436433091226,-0.0137150547722453,0.9699462056159972,0.0414485182160855,0.6853080191683208,0.2461181311203953,0.7025869488716125,0.0731627339620664,0.7037768913766823,-0.0870796020269045,0.8861621022224426,P10,P10/rob_DTL_2_frame53.jpg,4
0.1265108954244113,-0.4870308351046188,0.7753424823730795,0.993172287940979,0.1234703573138528,-0.5161925403675389,0.6809578287137893,0.9938645362854004,0.1157951819036237,-0.5228032984472137,0.6807943232623204,0.9934269189834596,0.1080590999230952,-0.5294365740596849,0.6808830247065332,0.9937123656272888,0.1453468181888855,-0.4971809124129036,0.6847724119493959,0.9925628900527954,0.1536841748850219,-0.4899793816580485,0.6848873816551293,0.9915531277656556,0.1621212878047686,-0.4825750483430568,0.684751355226734,0.9922611117362976,0.0955445632271159,-0.5235523650350042,0.4028839073616932,0.9939618706703186,0.173705117359096,-0.4564491829094513,0.422855524462932,0.9927724599838256,0.1116780135633669,-0.4773282131528974,0.6996545665414688,0.9955711960792542,0.1351314650403491,-0.4571167863014439,0.7036421307537422,0.9955822825431824,-0.0002608401519731,-0.468236525688305,0.2321538680265807,0.9985243082046508,0.1981400753211517,-0.3069046280952242,0.2353943133979097,0.9995394945144652,-0.115821344881531,-0.5774876598417369,0.038112092248113,0.7729447484016418,0.2442313461228109,-0.335338152407144,-0.0509915090466923,0.4260829091072082,-0.1367434624437238,-0.6707069982776805,-0.2702536124809204,0.60366290807724,0.1019090102934542,-0.5288905205992576,-0.0938115357300166,0.4039873480796814,-0.1525484805482573,-0.7012969135914364,-0.3776071279485217,0.5878236293792725,0.080560441455553,-0.5754178103249845,-0.159413748602655,0.4442251324653625,-0.139617968296094,-0.6930081436377857,-0.3588379023530788,0.5924606919288635,0.0609004112079023,-0.5826131688280094,-0.1758060387022263,0.4488863348960876,-0.1315012334116466,-0.6837413563638087,-0.278413645251341,0.5692282319068909,0.0625737889578363,-0.5703518260615866,-0.1077953973728852,0.4292108118534088,-0.0745793846670797,-0.0478519023461229,0.1131209254837673,0.9993805289268494,0.0745793846670797,0.0478519023461229,-0.1132070343190025,0.9997091889381408,0.0194959457363085,0.3652352505485762,0.2191551977952514,0.7747257351875305,0.1002016785782281,0.4105249972021136,-0.0495540323928289,0.9738079905509948,0.1048083630785652,0.7354491789242137,0.3816642846291923,0.8254064917564392,0.1353157113636399,0.7882118511668136,8.001558467088286e-05,0.9722034335136414,0.1010916936033361,0.7776571689325821,0.3969313824324266,0.8778960704803467,0.1342540314070315,0.8044461632046147,0.001840429531862,0.9690755009651184,0.1997318582707711,0.8246056589138034,0.2888465933076839,0.666977047920227,0.2378715841772649,0.8699958461344377,-0.1387157930136488,0.8826093673706055,P10,P10/rob_DTL_3_frame40.jpg,4
0.2701475747799084,-0.374841443776486,0.6614756357324065,0.9937939643859864,0.275277104945403,-0.4031506267243213,0.5993585572699409,0.9944292902946472,0.2707935156155632,-0.4095271102438603,0.5994475581269999,0.9940310716629028,0.2663358563431167,-0.4149075971529371,0.5996921821172913,0.9942913055419922,0.2873155833733414,-0.3906065335716535,0.5732130578982942,0.99326092004776,0.2904486702750585,-0.3893576333238609,0.5731211901867049,0.992348611354828,0.2930467251014557,-0.3880383667734561,0.5729259017676582,0.99299156665802,0.2546969404167247,-0.4263168438003559,0.3920164269563135,0.9944922924041748,0.2834261603421174,-0.3969445712882755,0.2756004818575295,0.9934573769569396,0.2499175943926583,-0.3753722825421944,0.6057932764464306,0.9959206581115724,0.2643383005686259,-0.3628954962876775,0.5691339945793369,0.9959468245506288,0.0764562932286885,-0.4131056293196081,0.2727346756546676,0.9986108541488647,0.253222093521961,-0.3158059985952503,0.1168207706317815,0.9995676279067992,-0.0675764466599982,-0.4034561392817256,0.2685432487536733,0.7948212027549744,0.1727447800813346,-0.2895927216478433,0.1780298905911881,0.4602203667163849,-0.0888865893720543,-0.5245072853866831,0.3508822632951549,0.6356580853462219,0.0402145024011739,-0.3977929462848659,0.4717342806796613,0.4185757637023926,-0.1008654201102137,-0.5543590339703413,0.3603344324424953,0.6175508499145508,0.0201866566527442,-0.4225326600037168,0.4949897339515596,0.4533293843269348,-0.0853875720234293,-0.558904164397616,0.3546414797840565,0.6218031048774719,0.0010332015360453,-0.4342837362649961,0.4791602041127716,0.4580248594284057,-0.0804204684220673,-0.5443492669654735,0.3514855008349709,0.59882652759552,0.000728715911607,-0.4271553666588032,0.475441294742788,0.4372879266738891,-0.065637640008941,-0.0137571149299585,0.1436897763696762,0.999337375164032,0.065637640008941,0.0137571149299585,-0.1440402065471275,0.999699592590332,-0.0433370204511152,0.2997882832904309,0.1917250044433204,0.732384979724884,0.0403127028660538,0.3244483669155382,-0.1463986115897877,0.9693479537963868,-0.0247286527950289,0.5795672698091316,0.2806774244973869,0.7858072519302368,-0.0072264630988889,0.6111121687719803,-0.1855288760259465,0.9660533666610718,-0.0437601596220076,0.6171007283635882,0.2873148559624904,0.8492711782455444,-0.0313646936217409,0.6350076152261049,-0.1925770592830392,0.9652876257896424,0.0531567674169966,0.6239254681228146,0.2229279133340325,0.6413072347640991,0.0835305349097952,0.6800143217078579,-0.3220939519353398,0.8748276233673096,P10,P10/rob_DTL_3_frame41.jpg,4
0.2809193732082088,-0.3726395299251222,0.6359738950077606,0.9943637847900392,0.281104275644281,-0.3972089219671169,0.5720555249651051,0.9949501752853394,0.2764710292110366,-0.4026744430733146,0.5721148937777968,0.99458247423172,0.2718765926279894,-0.4076816189938398,0.5723019333201572,0.9948222637176514,0.2921274698798319,-0.3871365690613995,0.5556513535481254,0.993895947933197,0.2948634788344891,-0.3862092572718011,0.5555565515131721,0.9930649399757384,0.2972475491255731,-0.3855158945075937,0.5554113137698127,0.9936529397964478,0.2557163932648931,-0.4194291319781857,0.3521796436782745,0.9949660897254944,0.2860897171938532,-0.3945004603125172,0.2722333611517744,0.9940704107284546,0.260044375435903,-0.3735483557453259,0.5732366608685763,0.9962350726127625,0.2741668866951386,-0.3611011434766274,0.5484112648642945,0.996289849281311,0.0842434903669569,-0.4028816141569118,0.2360094309345105,0.9986423254013062,0.2599679525150299,-0.3192807516508757,0.1818885819288846,0.9995700716972352,-0.0772230962095732,-0.4002702839831196,0.2982946243515732,0.8133895397186279,0.1623683599459821,-0.3454078377243572,0.4436114620147574,0.4430216550827026,-0.1060506939022615,-0.5128832672815499,0.4446909144010266,0.6634543538093567,0.0503390257176788,-0.4277835719939754,0.9248106913668448,0.4029341638088226,-0.1213297643426518,-0.5426455097097885,0.4590380782732985,0.6428188681602478,0.0311559749938966,-0.4533699594909609,0.992974209340772,0.437912255525589,-0.1093668844720927,-0.554123699216905,0.4553803353764558,0.6470417380332947,0.0072501758255121,-0.4808226925951349,0.9710503198021208,0.4431324601173401,-0.1024972845344183,-0.5386031544656059,0.4464263301914564,0.6229100227355957,0.0065890833662594,-0.4722313222906821,0.931852542071364,0.4238390922546386,-0.0636932900083615,-0.0134206000698746,0.0968894107783505,0.9993053674697876,0.0636932900083615,0.0134206000698746,-0.0978458620121911,0.9996748566627502,-0.0462535196261505,0.2937688529935723,0.0621272666051158,0.734102189540863,0.0512708040594198,0.3151835128458242,-0.0737514525283241,0.96528959274292,-0.0248182153271527,0.5933117397571352,0.0623126605756342,0.7755274176597595,0.0029277073887263,0.6060097414487771,-0.0338024338523043,0.9540166258811952,-0.0484068251802134,0.6326901457113874,0.0638266881828833,0.8445653915405273,-0.0203395244206852,0.636373320173062,-0.0295374509032936,0.9523966312408448,0.0457087284911124,0.640797215674295,-0.0034651468781324,0.6313742995262146,0.0816527191556592,0.6959826000642972,-0.1258573415554664,0.8568643927574158,P10,P10/rob_DTL_3_frame42.jpg,4
0.2692240096585769,-0.3902524580145639,0.5557403558178096,0.994881272315979,0.2704043574537068,-0.4138554768844906,0.4946346877317119,0.9954203367233276,0.2654854373006574,-0.4189427898516165,0.4946742697268502,0.9950820207595824,0.2609008685888939,-0.4234987621594057,0.4948234959652058,0.9953011870384216,0.2827252376986749,-0.4043737581170038,0.4792151087721564,0.9944682717323304,0.2859147421668148,-0.4033553472490427,0.4791261233670433,0.9937110543251038,0.2888724273778666,-0.4021421485146322,0.4790182148048962,0.9942483305931092,0.244713652925763,-0.4318753495059466,0.3141858752751419,0.9953905940055848,0.2773221048607142,-0.40456979482715,0.2245453563922529,0.9946242570877076,0.2486395941718988,-0.3900316031817975,0.4945874010059691,0.996533989906311,0.2628039370481963,-0.3787037441774277,0.4711299253438343,0.9966148138046264,0.0767060330459078,-0.4034716802144332,0.123916420571858,0.9986234903335572,0.253621676182431,-0.3251459180605178,0.1350395644607303,0.9995619058609008,-0.0927530395455113,-0.3945792780873973,0.1896996115577672,0.8298242092132568,0.1154157426122164,-0.3505403926301939,0.3460857671634326,0.4306376576423645,-0.107832467348985,-0.5321713494176357,0.2906211048892873,0.6851330399513245,-0.0148815813283091,-0.4778413489553279,0.6979320057968714,0.3945768177509308,-0.1292141107848019,-0.5485307255927758,0.2934714318760923,0.6612788438796997,-0.031065029293507,-0.5144144880412815,0.7510965943171612,0.4288667440414428,-0.1125311676745377,-0.5532697143568293,0.2941923321918253,0.6654939651489258,-0.0501910493443403,-0.531679058936524,0.727539253492961,0.4348061680793762,-0.1008093090672243,-0.5603754511051183,0.2931518337239033,0.6409145593643188,-0.0431535822771713,-0.5188243668033784,0.7003882061796789,0.4154933989048004,-0.0634529650651689,-0.0126183378800903,0.0810711386447874,0.9992644786834716,0.0634529650651689,0.0126183378800903,-0.0819148648547925,0.999647617340088,-0.0482118225863707,0.294036247896558,0.0549109006370812,0.7432668209075928,0.0479237841960808,0.3167414963163262,-0.0581292502195926,0.9654512405395508,-0.0261229526149595,0.5913173515539226,0.0212973927887452,0.7819579243659973,-0.0008408104774755,0.6004908070132828,-0.0411596392720787,0.9516379833221436,-0.0504099991612979,0.6333720572120536,0.0180143083877811,0.8502511978149414,-0.0254219914646919,0.6365539416169583,-0.0405788978486226,0.947880208492279,0.0478988073221432,0.6389197172493749,-0.0521042355542717,0.6424378752708435,0.0801053855888077,0.6919110763321182,-0.1304896882035293,0.8563439846038818,P10,P10/rob_DTL_3_frame44.jpg,4
0.2670701237959543,-0.3979951019496259,0.5660216857226366,0.9952923655509948,0.2699381284056654,-0.4200682812217283,0.503156146560978,0.9958004951477052,0.265412634559964,-0.424998964287835,0.5032118594167964,0.995480477809906,0.2611516814532209,-0.4293771156359529,0.5033425198330275,0.9956862330436708,0.2818249216418197,-0.4112041222496754,0.4853685781006274,0.9949362874031068,0.2852778476868379,-0.4106420685055684,0.4852812169533289,0.994232714176178,0.2883468422494027,-0.410141150617694,0.4851603009909671,0.9947319626808168,0.2463657860893548,-0.4370365953148087,0.2909213057780966,0.995672643184662,0.2770486987613402,-0.4150794068191449,0.2062013079665124,0.995055615901947,0.2461439514786589,-0.399124738356231,0.4993246696667299,0.9967110753059388,0.2601822353947901,-0.3899730862196385,0.4729304182442293,0.9968538284301758,0.0767156915673246,-0.4012182283520897,0.1135977398124698,0.998342514038086,0.2458170462349367,-0.3308832899128143,0.1154625846717218,0.9995311498641968,-0.0901514716639931,-0.3922697268950783,0.2147667676520759,0.8417096138000488,0.1123339159210047,-0.378227121525492,0.2756935417984451,0.4267790019512176,-0.1013638215908143,-0.532754075197445,0.3366131347059845,0.6954821348190308,-0.0061117002832775,-0.4963151639358579,0.5085126304857835,0.4030942320823669,-0.1184714390070362,-0.543697223994327,0.340101458538863,0.6688364148139954,-0.02213776805438,-0.531219882430346,0.5376233390767311,0.4379631578922272,-0.0976054281005866,-0.5475546216654575,0.3235593583845909,0.6738571524620056,-0.0362560835938123,-0.5609260883665882,0.5199553308286387,0.4451228678226471,-0.0857402421317078,-0.5329896632574337,0.3328853091438731,0.6498685479164124,-0.0381734955449704,-0.5388431514008692,0.5093956898423027,0.4230045974254608,-0.062900894582328,-0.0130649400761526,0.0800185477268555,0.9991391897201538,0.062900894582328,0.0130649400761526,-0.0807847583713237,0.9995940923690796,-0.0488682455025648,0.2955595810855383,0.0662602579825037,0.7513371706008911,0.0455752132353859,0.3173974953474814,-0.0554371619164721,0.9668449759483336,-0.0275133172150169,0.5866929346532708,0.0445486138366517,0.7889278531074524,-0.0033667299954649,0.5965158525598911,-0.0476397558481739,0.9520497918128968,-0.0505557730767871,0.6303917261945361,0.0419404869269683,0.8573048710823059,-0.0273679130164095,0.6343383994803965,-0.0484916170646146,0.9470941424369812,0.0446694450646319,0.6373066448633901,-0.0368453423702709,0.6505904197692871,0.0744720098803053,0.6888331138307346,-0.1349543098286587,0.8578830361366272,P10,P10/rob_DTL_3_frame47.jpg,4
0.2637716044458019,-0.3970473290229058,0.5668766677557902,0.9956688284873962,0.2658177648055986,-0.420494516697546,0.5015989383208642,0.996146321296692,0.2608170285792631,-0.4258418009346839,0.5016417097275979,0.9958431124687196,0.2560248506493892,-0.4306965039635986,0.5017497191868223,0.9960408210754396,0.2783846738643376,-0.411541219244185,0.492103770805782,0.9953532814979552,0.28195229243076,-0.411312440966542,0.4920446368985535,0.9946978688240052,0.2852468352764902,-0.4111100080102916,0.4919201801590391,0.9951677918434144,0.2397567948466153,-0.4398223600928379,0.2844285194972133,0.9959312081336976,0.2765345243912966,-0.4159471722190517,0.2165369018032,0.9954342842102052,0.2426855128755847,-0.3978598161912552,0.4964754833408181,0.9968426823616028,0.2569431006123872,-0.3895251780992169,0.4803141653003389,0.997040867805481,0.0726224998318783,-0.4020999080940731,0.0768011899679433,0.9982502460479736,0.2460035397246157,-0.3317103173161096,0.1512380092118699,0.9994593858718872,-0.0850706747872862,-0.3940007670784561,0.1820660304888924,0.85462486743927,0.1291383222013546,-0.3334364127536638,0.3639477073128841,0.4016106426715851,-0.0884637317551661,-0.5402695198617364,0.3488610155678516,0.707766056060791,0.0244831755783744,-0.4570752921802488,0.6604852613893182,0.3841513991355896,-0.0957610254667452,-0.5565427538554457,0.3579943853064501,0.6773729920387268,0.0096307304077822,-0.4954588782177865,0.7092141867293025,0.4200776517391205,-0.0744729884241005,-0.5598946290377541,0.3539845977175906,0.6826964616775513,-0.0100759515028505,-0.5213866008322292,0.6877050015905928,0.4277361929416656,-0.0665050017518274,-0.542602773751506,0.3517113122861596,0.6586577296257019,-0.0110902145840366,-0.5110187789878139,0.6626962336711967,0.4055610299110412,-0.0652142717581367,-0.0129353620491543,0.0360361977662688,0.9990327954292296,0.0652142717581367,0.0129353620491543,-0.0367282711315925,0.9995154738426208,-0.0498768861583737,0.2926746050930507,0.0282808944573728,0.7660164833068848,0.0487792421485006,0.3146815747999206,-0.003215002508005,0.9665718674659728,-0.0262385836301569,0.5858731493211146,-0.0122057100395596,0.7968512773513794,0.0034621101111596,0.5935674244242307,0.0013770600008043,0.9489676356315612,-0.0474335748474493,0.6297985786285512,-0.0143202492783264,0.8640275597572327,-0.0165207843725917,0.6311748938256069,0.0029925320458357,0.942900776863098,0.0259402435304625,0.6581667459370895,-0.0783853004433028,0.6557275056838989,0.0768329611962356,0.6906118040424747,-0.0726551559492841,0.8516145944595337,P10,P10/rob_DTL_3_frame48.jpg,4
0.1491528112161841,-0.4456491326604579,0.4833147112443365,0.9960936307907104,0.1512060584132653,-0.4634216720169931,0.4495100838164421,0.9965258240699768,0.147538037255987,-0.466956873579853,0.4496172178580321,0.9962521195411682,0.1437934474213654,-0.4703820575761939,0.4496859788371064,0.9964300990104676,0.1608434197926344,-0.4557750962485525,0.4350060865097243,0.9958115816116332,0.1635322846078943,-0.454876767328388,0.434972060915563,0.9952203035354614,0.165969972220884,-0.4542685653779951,0.4349272997362817,0.9956436157226562,0.1311276750758752,-0.4704478906684173,0.3063650746087085,0.99632728099823,0.1565968304488482,-0.4551627242774932,0.2397477523284693,0.9958816766738892,0.134472741441114,-0.4436218815496589,0.4411631220237271,0.9971346855163574,0.143108854241317,-0.4335202282948112,0.4203685154559144,0.997314751148224,0.0148333402155228,-0.4183698334228727,0.2142909073888466,0.9983296394348145,0.121511696142902,-0.3699258161023671,0.1335063280611854,0.999456822872162,-0.0639617732683888,-0.4648589982892563,0.323641603315547,0.8653339147567749,0.055461674120987,-0.4596337849465156,0.1657418299466037,0.4171501696109772,-0.0749079887939572,-0.617419381818754,0.436988354631632,0.7293309569358826,-0.0276679540360819,-0.6093072720410193,0.2268125034878907,0.4302245080471039,-0.0787734205040617,-0.6649458171449543,0.4526636397644785,0.6992779970169067,-0.0393039974484927,-0.6479388758380091,0.2325727659716737,0.4638459980487823,-0.0706091411060745,-0.6731369798676634,0.4409140741937121,0.7043370604515076,-0.0402557381227253,-0.6503375249596534,0.2259891905778001,0.4718942046165466,-0.0665237629867761,-0.6524794072768576,0.4357033671994599,0.6819786429405212,-0.038095401245976,-0.6331758492688301,0.2275874840839803,0.4477459192276001,-0.0391374627933669,-0.0122440679151157,0.067212820085224,0.9991088509559632,0.0391374627933669,0.0122440679151157,-0.0678791361534152,0.9995412826538086,-0.0272109375158086,0.2889790606784149,0.0597613535949069,0.7863929271697998,0.0301182404349149,0.307978562073168,0.0050816467261443,0.9681710600852966,-0.0034341007426596,0.6024366750119129,-0.0967843719198164,0.8129998445510864,0.0118031547725223,0.6198813797649906,-0.1478136246058286,0.9519954919815063,-0.0095244602879212,0.6536035383799178,-0.1127753919418994,0.8758108615875244,0.0019575585313629,0.6563724321024358,-0.1604034493408832,0.9466323256492616,0.020062634855086,0.7419669860925924,-0.1881680569144866,0.6721052527427673,0.0320958949169364,0.7482961902258128,-0.2401650871095285,0.8576432466506958,P10,P10/tom_DTL_1_frame60.jpg,5
0.1476093984712844,-0.4566589425759635,0.6488767603695114,0.9964802861213684,0.1495460557251154,-0.4776720769364789,0.6200920101544177,0.9968702793121338,0.1458771548279483,-0.4819434973617628,0.6201531038624525,0.996623158454895,0.1421263821596078,-0.4861725642084527,0.6202651016100319,0.9967835545539856,0.1591952287562815,-0.4666659058798554,0.6131261755628828,0.9962263703346252,0.1619055033630519,-0.4638880250377977,0.6130643730083444,0.9956929087638856,0.1643452644228606,-0.4616371715712163,0.6131337513598908,0.9960752129554749,0.129935374172105,-0.4846226713281849,0.4849661074592116,0.9966889023780824,0.1562611358659781,-0.4595491755888524,0.4525081146621159,0.9962891936302184,0.1332829903914851,-0.4506026466544462,0.6061005320476011,0.997411608695984,0.1429125815379873,-0.4393737205840455,0.5951836756504396,0.9975769519805908,0.0259563640596496,-0.4174272125898267,0.3290301549267906,0.9984508752822876,0.124938360744505,-0.3682131517158003,0.3722126852040215,0.9994975924491882,-0.0660417224478273,-0.4417631535420937,0.3554446553423415,0.8761773109436035,0.0449467163161384,-0.4567801553280906,0.3758896049272613,0.4279433488845825,-0.0804058766039469,-0.6110197495714236,0.4273616520358122,0.7514963150024414,-0.0325330419206714,-0.603252918430745,0.36327842817471,0.4802303612232208,-0.092193816748302,-0.655008991472734,0.4190404143234532,0.722832977771759,-0.0475481829845961,-0.6410486140062657,0.3540213801687912,0.5107124447822571,-0.0829177627955036,-0.6655661082692844,0.4102909890199728,0.727724015712738,-0.0490801774906462,-0.6449964460026256,0.3448476659299598,0.5184090733528137,-0.0771168288269324,-0.6455763710484381,0.4255593654973325,0.7069429159164429,-0.046262955667635,-0.6282220365224126,0.3606836290936775,0.4948129057884216,-0.0391800727971821,-0.0111958761021672,-0.005995598862942,0.999186396598816,0.0391800727971821,0.0111958761021672,0.0056858069821053,0.9995776414871216,-0.028643335337612,0.2922887799196616,-0.0278257999596934,0.8066109418869019,0.0282164325307786,0.3086124516293554,0.0296004830185049,0.97009938955307,-0.003779658163365,0.6069748056040613,-0.2878626980478588,0.8304795026779175,0.0110852074417822,0.6275001649642408,-0.2140300879811347,0.9558025598526,-0.006573842475007,0.6578492508071144,-0.317510934061685,0.8879034519195557,0.0042058521236947,0.6634043036447262,-0.2424604813987546,0.9512128233909608,0.0074162179388022,0.7401445577665856,-0.3865258910176901,0.7007070779800415,0.0232817975955013,0.7523507173481041,-0.3296271365915976,0.8684138059616089,P10,P10/tom_DTL_1_frame61.jpg,5
0.1427760997083995,-0.4702394299812304,0.6322519641566295,0.9968292713165284,0.1425017839849335,-0.4918037332283155,0.5973303837396485,0.9971807599067688,0.1386979156281002,-0.4956431774600226,0.597376073454262,0.9969581365585328,0.134976998500711,-0.4993313576850965,0.5974749939043477,0.9971023797988892,0.1531705541419206,-0.4810465113325524,0.5997374332387487,0.996600329875946,0.1563932315852914,-0.4777811605829115,0.5996871301937277,0.9961195588111876,0.1593298825433923,-0.4749910715831436,0.599767996552699,0.9964643716812134,0.1249912673977228,-0.4941458855890861,0.4419931612282303,0.997015416622162,0.1541768811960198,-0.4683069768478098,0.4526378001184701,0.9966567158699036,0.129462915331053,-0.4603204147333672,0.5825812115550509,0.9976617693901062,0.1404786611654254,-0.4501046381352473,0.5840576547212608,0.997813642024994,0.0265525554681716,-0.4152582904910669,0.2794490072617771,0.9985636472702026,0.1259598006296369,-0.3700696545341279,0.3994877092106528,0.9995247721672058,-0.0725502098863934,-0.427682344150245,0.2584899374770092,0.8874495625495911,0.0417926037517141,-0.4578506860432487,0.445737455520281,0.4343560934066772,-0.0930147661386259,-0.6059223567521933,0.2984276497127802,0.7736492156982422,-0.0373319568370481,-0.5993444573341263,0.4709158151932953,0.5220226645469666,-0.1033831375117656,-0.6465038725540257,0.2776312663632988,0.7465161085128784,-0.053665808016649,-0.6349288491256269,0.4696015483344902,0.5495065450668335,-0.0925757900067663,-0.6599514645384391,0.2736888871968727,0.7510630488395691,-0.0581532477348358,-0.6424558525571606,0.4574597062912064,0.5570862293243408,-0.0872366585210265,-0.6409735540100487,0.2975917940890302,0.7316221594810486,-0.0556019873015526,-0.6265087226707644,0.4671855383282522,0.5338557362556458,-0.0390271783260483,-0.0100637141304547,-0.0449032194071797,0.9992499351501464,0.0390271783260483,0.0100637141304547,0.0445680542992272,0.9996026754379272,-0.03072291743873,0.2965256268164711,-0.0602831259033067,0.8251644372940063,0.0262715859027716,0.3108965059076474,0.0808715600577456,0.9718913435935974,-0.0058543162872168,0.6174437945735504,-0.2958369541763014,0.8465022444725037,0.0143869370297103,0.6370960498024792,-0.1761985806273852,0.9590153694152832,-0.0083586449553922,0.6729964547268988,-0.3218946190608947,0.8988046050071716,0.0124741792684143,0.6774680139423366,-0.231860374878188,0.9552388191223145,-0.0034406573051288,0.7388758775618265,-0.3863796406006587,0.7271552085876465,0.0211862763073411,0.751358485030024,-0.2993935657668669,0.8774071931838989,P10,P10/tom_DTL_1_frame62.jpg,5
0.1375871118226157,-0.4814273254605901,0.5837601132366104,0.997144103050232,0.1365809892158533,-0.5028872976356569,0.5473629540955351,0.9974609017372132,0.1326362992906842,-0.5059815775612763,0.5474179660694227,0.9972602725028992,0.1288000426056114,-0.5088241721830696,0.5475006386823894,0.9973900318145752,0.1478744834985575,-0.492831020436367,0.5514002585566627,0.9969376921653748,0.1513632589284885,-0.4893103424802137,0.551349665215216,0.996504545211792,0.1545961955400991,-0.4860677732498822,0.5514216889240005,0.99681556224823,0.1198713120325562,-0.5000467355847862,0.3958999666328585,0.9973104596138,0.1513251703168491,-0.4750648482364827,0.41269249317442,0.9969884753227234,0.1244818014938999,-0.4693596867742637,0.5341795223452667,0.9978896379470824,0.1367796509303902,-0.4602351224114338,0.5374832454485783,0.9980285167694092,0.0293701195978766,-0.4128861176479744,0.2076364651667514,0.9986727833747864,0.1261586725051705,-0.3718500130526369,0.3805145535920588,0.9995542168617249,-0.0777124329340201,-0.411972344459224,0.1980707445410353,0.8976987600326538,0.0364713037934312,-0.4594714059803718,0.4468353544168654,0.437759131193161,-0.1003964546678278,-0.5947849546669159,0.2747306592276652,0.7939350008964539,-0.0458267858876156,-0.5944028313334385,0.4836149903820132,0.5590168833732605,-0.1102578701764799,-0.6331530006218703,0.2605312955066158,0.7682400345802307,-0.0621364884623746,-0.6269446452972969,0.4885272282527368,0.5840435028076172,-0.0996304405478967,-0.6485885209545482,0.2623285521587351,0.7724080085754395,-0.0664617110133425,-0.6386062116623169,0.4750418271614664,0.5915222764015198,-0.0943875564116305,-0.6310307314605705,0.2779226351165499,0.7541683912277222,-0.0638257316444794,-0.6231535470357688,0.4793373123161079,0.5687087774276733,-0.0383143153844745,-0.0100349793909253,-0.0567023824839438,0.999312162399292,0.0383143153844745,0.0100349793909253,0.0562942720684241,0.999630093574524,-0.0326354005989537,0.2968743926797782,-0.0455596988880882,0.8418096303939819,0.0243632788065962,0.3091551861950471,0.1130804152535733,0.9731095433235168,-0.0089563912121344,0.6165239192942926,-0.2656346392304025,0.8609849214553833,0.0200845402689051,0.6357550448935884,-0.11262926183479,0.9616068005561828,-0.0104214329841947,0.6710461319620911,-0.2890414829520328,0.908563196659088,0.0215982753704627,0.675500997188871,-0.1422089571693322,0.958467960357666,-0.0083245267731049,0.7349181708745497,-0.3480554564274916,0.7515748143196106,0.0193397355846897,0.7465298066929891,-0.2067456909598552,0.8854210376739502,P10,P10/tom_DTL_1_frame63.jpg,5
0.1324017681915115,-0.4944955220348503,0.5275370288439258,0.9974281191825868,0.1320933393424461,-0.5139379725885219,0.4850723039308283,0.9977134466171264,0.128238638328892,-0.5160676883025129,0.4851134189827069,0.9975326657295228,0.1245376680333779,-0.5180050647256839,0.4852069942023834,0.9976494908332824,0.1434125110045379,-0.504579131421345,0.5250506015782356,0.9972419738769532,0.1470530619617835,-0.5004138908394847,0.5249386015385195,0.9968518018722534,0.1505361884423177,-0.4964327225647512,0.5251379765601422,0.997132420539856,0.1158258502601485,-0.5064552969865321,0.3132660239255321,0.9975764155387878,0.1485204515673311,-0.4803778004993315,0.3924834497395421,0.9972877502441406,0.1198685811794059,-0.4798831006772635,0.4697199435593802,0.9980961680412292,0.1321228894118177,-0.4715645802559075,0.5285311336330363,0.9982228875160216,0.0287325614255691,-0.4105478204955434,0.1252400538340794,0.9987764954566956,0.1253269011361758,-0.3744780911756487,0.3858897387244792,0.9995850920677184,-0.0830117294759542,-0.4010363039699469,0.1136346268682803,0.9071494936943054,0.0317196688845097,-0.4558589822248441,0.469554208125658,0.4368700981140136,-0.1066814229891852,-0.5829343064388197,0.2119391878370937,0.8130515217781067,-0.0471923842260022,-0.5831053626439615,0.5115875987672298,0.5885177254676819,-0.1157546134857707,-0.6205251607582679,0.2007108430623336,0.7891077399253845,-0.0652225877142927,-0.6155274173291727,0.524195496445797,0.6117269992828369,-0.104143634888635,-0.6369545595956637,0.2092907848563291,0.7928436994552612,-0.0692862499326884,-0.6317410830708294,0.5075540582713334,0.6192074418067932,-0.0988984975751883,-0.6209799328080303,0.2192241813901851,0.7757076621055603,-0.0663731055938117,-0.6177589752465336,0.505549138832456,0.5970968008041382,-0.0378703926989047,-0.0097918903980858,-0.0740894993784052,0.9993688464164734,0.0378703926989047,0.0097918903980858,0.0735432243515542,0.9996566772460938,-0.0328744961491453,0.2979180828724945,-0.0309197117889022,0.8566246628761292,0.0228939602189108,0.3083833806550382,0.1440038421918499,0.9737882018089294,-0.0118759178351765,0.6148058151887161,-0.2560083232131223,0.8742753267288208,0.0248925475000657,0.6339148600489727,-0.0818030458906894,0.9639515280723572,-0.0122583098043057,0.6686200093796748,-0.2791576584735141,0.917381227016449,0.0288782010531859,0.673054102824835,-0.105717989589043,0.961215615272522,-0.0138925341765134,0.7328233395672373,-0.3422159454595886,0.7747793197631836,0.0174388942876372,0.7451195103979255,-0.1706326321607632,0.8935496211051941,P10,P10/tom_DTL_1_frame64.jpg,5
0.1438193627843109,-0.512429686160949,0.341226458203042,0.9976818561553956,0.1538430017714933,-0.523250850473379,0.2920588299089862,0.9979395866394044,0.1516571959304106,-0.5248103534164246,0.2920854470549084,0.9977766275405884,0.1494561470461988,-0.5262993136503321,0.292073578425907,0.9978814125061036,0.1625055882740792,-0.5129325320455504,0.3009360989655673,0.9975149631500244,0.1662709690043125,-0.507378740917341,0.3008952860084866,0.9971640110015868,0.1698225980534136,-0.5019943686501707,0.3009733920596352,0.997416615486145,0.1435029823700493,-0.5133058702431077,0.1204760821759171,0.997816562652588,0.1680587103374184,-0.4825434892831239,0.1561402941827908,0.9975566864013672,0.1278377883975569,-0.4965617946225706,0.2895777046521641,0.9982800483703612,0.1381689645068038,-0.4841139299823079,0.2981632032457951,0.998396635055542,0.0350591446460203,-0.4270376931147988,-0.0200550322180366,0.9988672733306884,0.14181856792472,-0.3531637390780308,0.1642637743937895,0.9996153116226196,-0.0564430978718854,-0.3511575916994785,0.1254967449617054,0.91230970621109,0.0602047551106674,-0.3037936168465279,0.1913540364484868,0.4130024909973144,-0.0442341766596058,-0.4856119953164052,0.4160959225870754,0.8136762976646423,-0.014715732742161,-0.4562968889399395,0.2066420523728627,0.5706931948661804,-0.0548105214091061,-0.5296531613058544,0.4346544730457483,0.787007212638855,-0.0307919070836022,-0.506015768507465,0.2231894083766799,0.6001641750335693,-0.0464809546732052,-0.5391880338604859,0.4453781575155717,0.791300356388092,-0.0327743753837058,-0.5281358094496298,0.2092549688642207,0.6077975630760193,-0.0419366078954271,-0.5237908440031637,0.4289414735682144,0.7730976343154907,-0.0296200545083804,-0.5065269340682782,0.202464047701282,0.5835645794868469,-0.0387095625776915,-0.0123950376052959,-0.0572111697979571,0.9994133710861206,0.0387095625776915,0.0123950376052959,0.0569896329652649,0.9996755123138428,-0.0218180599675004,0.3085314106411173,0.0126142790727745,0.8702362775802612,0.0460194744514467,0.3110778133574469,0.1796774145199848,0.974523901939392,-0.0003088461620278,0.611890077142478,-0.0712403619864326,0.8856648802757263,0.0248191940773329,0.6282164235658105,0.1134202767763876,0.9658830761909484,-0.01899512983135,0.6661960363701418,-0.0752588165038094,0.9250138401985168,0.0034137144165143,0.672732858331299,0.1106711110421739,0.9627955555915833,0.0312831170574181,0.6913645113994827,-0.102003666546835,0.7897740602493286,0.0652451407652373,0.7324854710386134,0.0843639894180157,0.8946667313575745,P10,P10/tom_DTL_2_frame47.jpg,5
0.1468780863065707,-0.5063206629692556,0.3482990798739557,0.9979090094566344,0.1537144747715873,-0.5201612984249869,0.2961565062309212,0.998141586780548,0.1513648595423978,-0.5217711237493449,0.2961515123315324,0.997994899749756,0.1493170721282902,-0.5228624206649121,0.2961658589673487,0.9980883598327636,0.1625456518109553,-0.5096295976110901,0.3131684409973556,0.9977582097053528,0.1663014105489692,-0.5039484164272291,0.3131454055539321,0.9974427819252014,0.1698690753654957,-0.4985100022598981,0.3131754555496763,0.9976698756217957,0.1431311029755752,-0.5094068061921152,0.1165696851355777,0.9980295300483704,0.167043625237319,-0.479440321147049,0.1845168895013368,0.9977971315383912,0.1282758399498062,-0.4956898924287557,0.291426965978564,0.9984431266784668,0.1410890888555587,-0.4799075538378404,0.3108660801803016,0.998551070690155,0.0329672412483185,-0.4272220884849507,-0.0410434807024835,0.9989634156227112,0.1399345455032237,-0.3538700777400884,0.1983200995781227,0.9996378421783448,-0.058854345555095,-0.3444588578433892,0.0023472357750506,0.919898271560669,0.066005782678662,-0.2994310320399728,0.2977440177736171,0.3836891949176788,-0.0511601610540252,-0.4870047219969513,0.1526976100500894,0.8283120393753052,-0.0035866589540861,-0.460363740947761,0.407152039838469,0.537106454372406,-0.0611474979680737,-0.5288102414363699,0.1492650547485295,0.8021185994148254,-0.0202362040504231,-0.5014066082377474,0.4433069476862388,0.5697312951087952,-0.0529759197786121,-0.5386139587318515,0.1651009262089044,0.8061684370040894,-0.0223287922266775,-0.520187855577806,0.4223954991589224,0.5766506195068359,-0.0482972422471974,-0.5211938520731774,0.1640595105542842,0.7876701951026917,-0.0218643884499907,-0.5007183161162083,0.4027547526610537,0.5549845099449158,-0.0384828154911768,-0.0126006762173187,-0.0588177212207047,0.9994578957557678,0.0384828154911768,0.0126006762173187,0.0585464882559968,0.9996925592422484,-0.0224474334202493,0.3054522891122692,0.0254766501592164,0.88185715675354,0.0447820566739589,0.3089405134021023,0.1921478708653445,0.9739301204681396,-0.0009479171568151,0.6075041080048897,-0.1111829347337443,0.8956244587898254,0.0222820862774807,0.6163119609361297,0.0836936402840454,0.9664952754974364,-0.0189663102821482,0.6623713011948001,-0.1225908772583155,0.9317996501922609,0.0008382245690845,0.6664317743949416,0.0737960275767899,0.9636620283126832,0.0153545374987659,0.7288248028302259,-0.1480097962807755,0.8035953640937805,0.0608184779378228,0.7270161452573709,0.045382959164503,0.8942965269088745,P10,P10/tom_DTL_2_frame48.jpg,5
0.1453875315651249,-0.5017260268916357,0.3802379076923408,0.9981138110160828,0.1523017944366902,-0.5172787219407479,0.3304675364643052,0.9983236789703368,0.1498866988276515,-0.5190998709212074,0.3304564735977351,0.9981912970542908,0.1477558470526674,-0.5203047463969188,0.3304996906141543,0.998274862766266,0.1612174879117292,-0.5067449764746447,0.345294909752479,0.9979774951934814,0.1648781760924008,-0.5015806579514334,0.3452681289949639,0.997693657875061,0.1684231208275032,-0.4962713727740768,0.3452907719530346,0.9978982210159302,0.1413236378163728,-0.5072500753540431,0.1494377763226543,0.998220682144165,0.1655380401649066,-0.4789520097705229,0.212790977084451,0.9980137944221495,0.1277369434629918,-0.4928267984102191,0.3240723088105448,0.9985908269882202,0.1396703570605946,-0.476805698717059,0.3413589429698824,0.998690664768219,0.0316228736412376,-0.4255566963514602,-0.0052487388808642,0.9990495443344116,0.1385608521151324,-0.3561321800486588,0.2121605086288313,0.99966162443161,-0.0623672407379396,-0.3401763081661844,0.0324137572539628,0.9268814325332642,0.0668393973652042,-0.3030263976518295,0.3187641155524861,0.3625893890857696,-0.0612914128823998,-0.493341724563298,0.1546590757923809,0.8425039052963257,-0.0055656563345981,-0.4695717908384151,0.4458576024671579,0.5171222686767578,-0.0743583536500168,-0.531942134925938,0.1494978175166754,0.8172332048416138,-0.0195633720994546,-0.5148408109653284,0.479094045483395,0.5519324541091919,-0.0660391929282098,-0.5424040435961318,0.1643540835641639,0.8210009336471558,-0.0270854317338505,-0.520473562867306,0.4583414870644555,0.5580510497093201,-0.0603928207697278,-0.5258770979208958,0.1647921299782605,0.80268794298172,-0.0268256698798419,-0.5030270774697108,0.4421654210351595,0.5378041863441467,-0.0383388094866561,-0.0125729909589437,-0.0479523651073972,0.9994977712631226,0.0383388094866561,0.0125729909589437,0.0476265708705887,0.9997087121009828,-0.0228904501999228,0.301241971641439,0.0433613365421014,0.8918878436088562,0.0438647831751939,0.3074922326410542,0.1713427549889322,0.9739949703216552,-0.0005911593608979,0.6040810763989735,-0.1053437331969949,0.9044185280799866,0.0214949198678676,0.613032515863657,0.0357799289387649,0.967624008655548,-0.0177849229104837,0.6592761026985962,-0.1172186860100866,0.9378615617752076,-0.0004036365888559,0.6632963196754355,0.0237751275252271,0.9648980498313904,0.015450629329484,0.7371824756985803,-0.1427565807517376,0.8167837262153625,0.0594141737316943,0.7244285134833816,-0.0101419394995736,0.8966240286827087,P10,P10/tom_DTL_2_frame49.jpg,5
0.1432678386693167,-0.496030960547084,0.4260070806027148,0.998296082019806,0.1485424566055269,-0.5135397076725431,0.3800205729804581,0.9984860420227052,0.1455496737984797,-0.5159604570306483,0.3800047976836429,0.9983662366867064,0.1421524020741826,-0.5174445087736868,0.380043362701447,0.998441219329834,0.1586260492340236,-0.5022411595165538,0.3888210985912204,0.9981724619865416,0.1620398120127046,-0.4981130993145668,0.3887929263733145,0.9979167580604552,0.1653152331684983,-0.4933989768152904,0.388798595173259,0.9981014728546144,0.1349178681329288,-0.506734857314959,0.2067704657199905,0.998390257358551,0.1622699996468134,-0.4789158514541327,0.2447189442694703,0.9982064962387084,0.1267531929159379,-0.4889236310409478,0.3726049810046142,0.998720109462738,0.1384348145227202,-0.4716063061196742,0.3822925020248696,0.9988131523132324,0.030714331117313,-0.4229046723664384,0.0649709249696241,0.99911367893219,0.1375715536342068,-0.3591949766511263,0.2220935182729206,0.9996780157089232,-0.0648399914375733,-0.3329020518177751,0.0905382434100831,0.9328135848045348,0.0606516644482979,-0.3401862307039972,0.3193400491869883,0.3553590476512909,-0.0698544171823929,-0.4917310612679925,0.2087764478821587,0.8543975949287415,-0.0129296451339509,-0.493714568642502,0.4331643699871495,0.5201258659362793,-0.0852991485220098,-0.5290911727808115,0.2062598585855983,0.8297279477119446,-0.0408735077450694,-0.5157476479903087,0.4575196818212991,0.5545942783355713,-0.0758393529298268,-0.5396891087982093,0.215139317941042,0.83330899477005,-0.0472085920951339,-0.5282887226553387,0.4404319432977766,0.5602962970733643,-0.0694779859618378,-0.523930589340454,0.2163855520742887,0.8151497840881348,-0.0426972007696292,-0.5131101099797816,0.4304434891653176,0.539232075214386,-0.0380927609601876,-0.012016080803506,-0.0310021443932816,0.9995214343070984,0.0380927609601876,0.012016080803506,0.0306502135543047,0.9997122883796692,-0.0231676123548749,0.2967550921233755,0.0419332154559009,0.9004200100898743,0.0428059386594732,0.3069353406539558,0.1302980109054563,0.97440767288208,-0.0010359302443977,0.6009471344284463,-0.1000962480982738,0.9117246270179749,0.0210271536606907,0.6120460721136637,-0.0030626300093932,0.9686540961265564,-0.0178144328679191,0.6561497937664849,-0.1116231873368744,0.9430886507034302,-0.0008773756277691,0.6616386808884749,-0.0153940825446585,0.9662242531776428,0.026451565340888,0.712350047373539,-0.1396779136378159,0.8268775343894958,0.0594381976965483,0.7242465107721563,-0.0557614476931708,0.8985385894775391,P10,P10/tom_DTL_2_frame50.jpg,5
0.1432571992167409,-0.4460533687243938,-0.2100398038090558,0.99827378988266,0.1500569166352924,-0.4792298867156868,-0.1796767414369075,0.9982417225837708,0.1502176905117636,-0.479698544019252,-0.1797917398217867,0.9980865716934204,0.1502450773095278,-0.4805472440196042,-0.1798401028133798,0.9982147812843324,0.1444721031498292,-0.486370747111908,-0.2222418432804105,0.9980807900428772,0.1408125059572996,-0.4917496072264992,-0.2222683142776125,0.9978204965591432,0.137146570843419,-0.4978007521728301,-0.2224608649799396,0.9980126619338988,0.1308072539868563,-0.4982553381280749,-0.0041058328273706,0.9975353479385376,0.1140124020135959,-0.5175108735293225,-0.1959974267667127,0.9980948567390442,0.1298285975257761,-0.4306218094483283,-0.13948043769832,0.9986905455589294,0.1232183199949436,-0.4384546661931511,-0.1953284417243003,0.9988666772842408,0.1202754893757451,-0.3660432751518717,0.1420372220392684,0.9991313219070436,0.0087427845541891,-0.4234846122543558,-0.2348464425131683,0.999703884124756,0.1341648405051033,-0.1910179138432984,0.1258461442937867,0.9123716950416564,0.0071901682614101,-0.1946966410920157,-0.2944764557401561,0.4194031357765198,0.1157064876884561,-0.0649583444089737,-0.141050599566949,0.842409074306488,0.0819454854272576,-0.0582867809230596,-0.3321252785085856,0.56733638048172,0.1122841264510811,-0.0156548983211019,-0.1962179021179278,0.8119965195655823,0.0897102531271085,0.0001538544944458,-0.3864533297951713,0.5975983142852783,0.110403915214346,-0.020262392705036,-0.2308916377362465,0.8165246844291687,0.1001781152101033,-0.0093020915768931,-0.399843322497356,0.6026222109794617,0.1089351455508152,-0.042055306197224,-0.1644000832845018,0.7975043058395386,0.0985148469509862,-0.0299355724843304,-0.3328035814583052,0.5822204947471619,0.0371626634985648,0.0114083747238344,0.1206010492073408,0.9993294477462769,-0.0371626634985648,-0.0114083747238344,-0.1204203239614793,0.9996045231819152,0.0578378351363565,0.2861715692198564,0.0331024108283409,0.9010645747184752,-0.0233475067512599,0.3119031810282853,-0.2200234109058946,0.976205348968506,0.035924559284568,0.5987127289000918,0.1095151671100446,0.9136741161346436,-0.0445149429959973,0.6125446317148194,-0.1173254922537346,0.9710964560508728,0.0144823247251098,0.645855001953359,0.1081826554873008,0.9413369297981262,-0.0694949005906312,0.6736859193806365,-0.1207866514546088,0.965492069721222,0.1100749247647713,0.6602672025211365,-0.046922775282811,0.8385562896728516,-0.013048442702043,0.7032198188310923,-0.3333999856720357,0.907480001449585,P2,P2/eric_DTL_1_frame10.jpg,1
0.1609641105479569,-0.4432677791150645,-0.3057651659419583,0.998318076133728,0.1691821642021915,-0.4719644752820194,-0.275744616780164,0.9981306791305542,0.1694148848822239,-0.4724518612694149,-0.2758897682320598,0.9979965090751648,0.169313293814553,-0.4734028947781287,-0.2759706703595221,0.9981126189231871,0.1631983367065919,-0.4799852664687755,-0.3168060939394575,0.9980283379554749,0.1592386768524244,-0.4861806473471999,-0.3168179332751837,0.9977866411209106,0.1549348391374486,-0.4934696719146766,-0.316883468184052,0.9979576468467712,0.1507745085221844,-0.4919470017921116,-0.0899724413793905,0.9972805380821228,0.1322144961379834,-0.5175697160886191,-0.2720228199437685,0.9980725049972534,0.1465601833606537,-0.4269697375954428,-0.2299297061214231,0.9987002611160278,0.1402760074642826,-0.4356544882968645,-0.2828385015893453,0.9989163279533386,0.1419162936139862,-0.3523438333442893,0.1082253186728962,0.9991881847381592,0.0195660270504917,-0.4311888463269639,-0.2958040989724765,0.9997310638427734,0.1510245696434318,-0.1943444897844367,0.0817421074040712,0.8987923264503479,0.0196678572966621,-0.1899699748228529,-0.3471885500683371,0.4772314131259918,0.1368402083186874,-0.0501193762172779,-0.2341170938044454,0.8365303874015808,0.089411590221002,-0.0367390134186676,-0.4078430216539432,0.6101197004318237,0.132765025249252,-0.009456400335496,-0.291212529522579,0.8029205799102783,0.0985181322063261,0.0152807555665411,-0.4720974585277521,0.6368318796157837,0.1285602074330772,-0.0170107336535644,-0.3328267481942617,0.8079062700271606,0.1087134147214622,0.0035049217319563,-0.4829214516261872,0.6413004994392395,0.128242817564215,-0.0363362368254771,-0.2607905790439662,0.7890125513076782,0.1071310097686423,-0.0141128469533882,-0.4091038212168469,0.6220541000366211,0.0389935996470742,0.0116183347926512,0.1312000055836159,0.9990882873535156,-0.0389935996470742,-0.0116183347926512,-0.1308563808230877,0.9995285868644714,0.0883621945543609,0.2962034373747365,0.0598884389091064,0.900376558303833,-0.0091005924201485,0.3328991594849912,-0.2749746712928987,0.9780517220497132,0.0600692316945947,0.6205605759278942,0.1873364401592704,0.912644386291504,-0.0255542195537076,0.7129350197090044,-0.2572283142667501,0.9733453392982484,0.0388728742994418,0.6781524864164049,0.1877224294115259,0.935994565486908,-0.0415402527207063,0.7631586777520727,-0.2715306204890701,0.9658288955688475,0.1302828307812404,0.6989796717975497,0.0465726019850697,0.8468950390815735,0.0402383443531977,0.7881003312711988,-0.5006877202624209,0.9156078696250916,P2,P2/eric_DTL_1_frame11.jpg,1
0.1636140087902531,-0.4442965599205906,-0.2608308721064606,0.9982828497886658,0.1711954208137225,-0.4717459046332115,-0.2291916986400359,0.997909426689148,0.1714311882660579,-0.4729340892408524,-0.2293450070212894,0.997782289981842,0.1713183652049024,-0.4746029179501861,-0.2293943782737765,0.9978927373886108,0.1648070754511999,-0.4776080003716956,-0.2750441963226303,0.9979299306869508,0.1607679503245992,-0.4831648487040877,-0.2750783706957719,0.997681438922882,0.1561945380471758,-0.4898791008933992,-0.2751828883125837,0.9978427290916444,0.1528010942389027,-0.4924080045058737,-0.0422435960614248,0.9966948628425598,0.1342419685963899,-0.5130687945593562,-0.244461317603042,0.9978989958763124,0.1485809759165698,-0.4284900788213291,-0.1849995902636519,0.998671054840088,0.1407501624138497,-0.4344180822794433,-0.244398148596242,0.9989556670188904,0.1456265596824182,-0.3537615010003809,0.1184130494015226,0.9992234706878662,0.0173480489678459,-0.4294621432643292,-0.2702626716387326,0.9997544884681702,0.1465272985173633,-0.1989050325510616,0.0366797260563281,0.8757522702217102,0.0072347564701302,-0.2016143935241494,-0.3407364209290874,0.5288483500480652,0.1208176913614831,-0.0850248282431657,-0.3333275775825358,0.8197195529937744,0.0762311488003207,-0.0684916951853805,-0.4477953250983539,0.6473931670188904,0.1073975221958215,-0.0505015669019509,-0.4044090829722441,0.7863951325416565,0.0882296878581881,-0.0264395931995884,-0.5192779923804451,0.6705625653266907,0.1037458653974528,-0.0637580086701574,-0.4362440595217162,0.7915675044059753,0.0975067203469384,-0.0416997010892332,-0.5340891299776502,0.6744697690010071,0.106432066385955,-0.0799279645917693,-0.3573605268826221,0.7717065215110779,0.0943476746345857,-0.0562675100052022,-0.4516062440015199,0.6547823548316956,0.0400965121819701,0.0123872576680436,0.1376756744601281,0.9987547397613524,-0.0400965121819701,-0.0123872576680436,-0.137311946604527,0.9994892477989196,0.0846466774922797,0.2958111710355169,0.1821481436781908,0.8984618782997131,-0.0088391658907197,0.3341014723373797,-0.2983859778565143,0.9798930883407592,0.0548964567789128,0.6311016615018336,0.3850362023957615,0.9108366370201112,-0.0279731235413887,0.7126177818489179,-0.2842306726762791,0.9756513237953186,0.0315766147162879,0.6827673599683084,0.3935247535069855,0.929080605506897,-0.0437997282262283,0.7610713273890289,-0.2993153541017051,0.9673413634300232,0.1126075661317859,0.7176671347864345,0.2478124602055362,0.8541024923324585,0.0431099298164409,0.7937670337512317,-0.5439133096600779,0.9233498573303224,P2,P2/eric_DTL_1_frame12.jpg,1
0.154091040541177,-0.4361692832906858,-0.2183588753325513,0.9983873963356018,0.1629538661877229,-0.4630487274052605,-0.1863492946510949,0.9980178475379944,0.163857934552221,-0.4636956405906443,-0.1865101891482241,0.9978956580162048,0.1645514829903466,-0.4647328293128457,-0.1865609933970496,0.9979931116104126,0.1560694448205662,-0.4697610411134081,-0.2287592842381173,0.9980533719062804,0.1520688761787588,-0.4755451925348641,-0.2287700086211461,0.9978100061416626,0.148269224396483,-0.4821312287892248,-0.228823041126499,0.9979508519172668,0.1505206547918013,-0.479947652399129,0.0079129899711629,0.9968713521957396,0.1291831578020749,-0.5039768832739944,-0.1799541552898168,0.998014509677887,0.1426925452215038,-0.4204543531845552,-0.1397789057379297,0.998763382434845,0.1350189472715732,-0.427936637341795,-0.1951563851327579,0.9990400075912476,0.1397712577864936,-0.3517868474435374,0.1575727273049124,0.9992756247520448,0.0151601948617397,-0.4330674351977107,-0.1858051975346415,0.9997763633728028,0.1282594807801354,-0.202134781421978,0.0414443422752,0.856945276260376,0.0009713473357779,-0.2207846272675576,-0.300665208633469,0.5743797421455383,0.1146199631795044,-0.1290343390177395,-0.3632262276765269,0.812036395072937,0.0562257263393519,-0.1139981214740164,-0.4968406545433891,0.6801820397377014,0.1123781933544213,-0.1194903856662273,-0.4426885581043148,0.780720055103302,0.0726711220627207,-0.0904273651615568,-0.5722307095967321,0.700553834438324,0.1108790223627644,-0.1400982220862351,-0.4667507671757862,0.7858960032463074,0.0793776279280483,-0.1125248845131692,-0.5891122110621408,0.7039843201637268,0.1097941058233301,-0.1453217154136919,-0.3855207824085585,0.7652426362037659,0.0735435635603778,-0.119130701935154,-0.5047083839523292,0.6838037371635437,0.0393462949961363,0.0104685504277597,0.1323341569212907,0.9984930157661438,-0.0393462949961363,-0.0104685504277597,-0.1319176454608435,0.999431014060974,0.091286810892112,0.2848305852121939,0.1562463683888443,0.902108669281006,-0.0129853589875709,0.3283251175665879,-0.253105128801758,0.9816434979438782,0.0592853094375486,0.5967606225253873,0.3632991132287468,0.912380039691925,-0.0291645714989271,0.6828472289647164,-0.2055852582184807,0.977770447731018,0.0353809184316138,0.6443585970939132,0.3730361054747774,0.9272597432136536,-0.0408811180922321,0.7264356068585367,-0.2164550242038155,0.968874216079712,0.1159879114254683,0.679421406748501,0.2257923822356132,0.8629456758499146,0.0378190623480823,0.755656761697412,-0.4517927829999488,0.930326282978058,P2,P2/eric_DTL_1_frame13.jpg,1
0.1839701910306318,-0.4533123292278112,-0.4814192506175497,0.9984989762306212,0.1914645991417066,-0.4838508104744655,-0.4553020729618497,0.9980707168579102,0.1921579927809248,-0.4846194322643357,-0.455455577354471,0.9979615211486816,0.1925822745228229,-0.485711591664529,-0.455606222197506,0.9980690479278564,0.1849210069798507,-0.4906635145336415,-0.5162080909524235,0.99815434217453,0.1809060736663535,-0.4966022648225856,-0.5163059755344123,0.9979389905929564,0.1767861854559567,-0.5032500577144174,-0.516387205596833,0.9980632662773132,0.1757378305845892,-0.5007499315146768,-0.2874948732065274,0.996837317943573,0.1536613536122838,-0.5245021045444892,-0.5616958575049699,0.9980815649032592,0.170654745517974,-0.4334639127374747,-0.4102564367683987,0.9988343715667723,0.1639696213634126,-0.4404615762347201,-0.4902132140328712,0.9991070032119752,0.1460281787872243,-0.3733414113335169,-0.0408666008708717,0.9993351101875304,0.0463307680552794,-0.4031880701220443,-0.6068370215087727,0.9997956156730652,0.1666819198577241,-0.1711046375116605,0.0563400046931567,0.8650122284889221,0.0700262528713171,-0.1771282315795355,-0.6450060379962531,0.616671085357666,0.1657314809919671,0.0362671960473117,-0.1002438046682598,0.8221356272697449,0.1455588355716273,0.0705174355040833,-0.6752727049141102,0.7113876938819885,0.1734943725279255,0.0923901617124672,-0.1326517086009799,0.7867622971534729,0.1550887402101197,0.1278659224204629,-0.7521879269747757,0.7290615439414978,0.1704587878122654,0.0969873118911612,-0.1770705220980516,0.7921431064605713,0.16291567308736,0.1247737123382719,-0.7709439326759442,0.7320372462272644,0.1653926715014364,0.069062270424553,-0.1244905855056174,0.7720864415168762,0.1583665382028165,0.1018471635483227,-0.6817809769250335,0.7123136520385742,0.0376408796754465,0.006692791518287,0.1674524742003366,0.9985153079032898,-0.0376408796754465,-0.006692791518287,-0.1675848619190906,0.9994441866874696,0.0841233924005249,0.312576862488405,0.2008544172740975,0.8981645107269287,0.0127712198062488,0.3481480253122652,-0.3994865560126423,0.9826534390449524,0.0685642374422287,0.676173431610138,0.3901505351208179,0.9085211753845216,-0.0205026877203809,0.7522101748990286,-0.4440010387263641,0.9794405102729796,0.0446011490627186,0.7279946291417664,0.3981175230805377,0.9164819717407228,-0.0367119974142623,0.8057096452251538,-0.4661531523564052,0.969473123550415,0.145011247537683,0.7489282918354945,0.2802854144981731,0.8686797022819519,0.0509515487975867,0.8395423275950981,-0.7040879147398126,0.9366896152496338,P2,P2/eric_DTL_1_frame7.jpg,1
0.1859746370689925,-0.4505140914152621,-0.4153239406114195,0.9985901117324828,0.1940815160727217,-0.4832537398098437,-0.3919978013813265,0.9980892539024352,0.1944946902895754,-0.4845460985246725,-0.3921390569817154,0.997986912727356,0.1946732419353297,-0.4863389092768018,-0.3922717497145459,0.9981064796447754,0.1887490061579059,-0.4886505663743201,-0.4557401046291111,0.998230516910553,0.1854209049668843,-0.4938701098660139,-0.4558316955976614,0.9980339407920836,0.1815497276867159,-0.5002085347186687,-0.4559320714340402,0.998138964176178,0.1755639026915205,-0.5048716821050138,-0.2403059207267454,0.9966527223587036,0.159033508870348,-0.5231812495188708,-0.5276092034762793,0.9980656504631042,0.1717356031777926,-0.4316560564771291,-0.3492629079717999,0.9988688230514526,0.1656346551854234,-0.4385031156627513,-0.4333368839501895,0.9991562962532043,0.1485181806513666,-0.375772118787935,-0.018716305605025,0.9993916749954224,0.0388797952917734,-0.4019694826533239,-0.5836927511225564,0.9998128414154052,0.1694415158159311,-0.1666876976091578,0.0738130362831216,0.871536135673523,0.0564967852917793,-0.1480624458113154,-0.6253214806151625,0.6544227004051208,0.1652026426599413,0.0475140835084499,-0.0398272448727833,0.8339337110519409,0.1373046298688106,0.0700062628670058,-0.6446611292819676,0.7393840551376343,0.1738849463635932,0.1018569587517308,-0.0683340379044091,0.7964471578598022,0.1467641882321686,0.1362184142618686,-0.7185185894048388,0.7547119855880737,0.1687054897778024,0.104808293770184,-0.1162554998369487,0.8019393086433411,0.1576023048437764,0.1304032757600034,-0.7359928649455385,0.757301390171051,0.1645394961390316,0.0820560569524479,-0.0641742919875235,0.7826282382011414,0.1551564327258617,0.108249297955679,-0.6490337100291652,0.7378421425819397,0.0373623917317808,0.005303586451063,0.1767309263967541,0.9985169172286988,-0.0373623917317808,-0.005303586451063,-0.1768622078421537,0.9994683265686036,0.0909072711472698,0.3150907552633508,0.2944288412739111,0.8939529657363892,0.0067962528381091,0.3563373905769076,-0.4175718519171143,0.983593761920929,0.0676474782835921,0.6678647877916515,0.5494261848706951,0.9041717648506165,-0.0190617043287251,0.7583163240988701,-0.4589375428040568,0.9810135960578918,0.0462504579714281,0.7152005733689415,0.5647948829931146,0.906948745250702,-0.039200744253591,0.8166346533205858,-0.4794514777563581,0.9692574143409728,0.1344548441167349,0.7557876775945578,0.4539688596174991,0.8718451261520386,0.0573109554249593,0.8537032435521416,-0.7237955992521466,0.9423155784606934,P2,P2/eric_DTL_1_frame8.jpg,1
0.1826133205049793,-0.4474671478474111,-0.3879860214976521,0.9986789226531982,0.1910256649296697,-0.4798601303593532,-0.3640357735192051,0.9981212019920348,0.191393844377346,-0.4810212011761092,-0.3641690777169216,0.9980251789093018,0.1914912926193507,-0.4826455884101397,-0.3642788943896421,0.9981459379196168,0.1855693754460957,-0.485483018856662,-0.4247742008246996,0.9983078837394714,0.1821413836662968,-0.4906852557759843,-0.4248526903862886,0.998127579689026,0.1781078385159899,-0.4970281993281566,-0.4249714710479371,0.9982151389122008,0.1724199845240113,-0.5005285901544192,-0.2089667452015157,0.9965336918830872,0.155638397781671,-0.5196975338922285,-0.4820450636187863,0.9980873465538024,0.1679010097015135,-0.4281544054858232,-0.3210339881945176,0.9989128708839417,0.1616741295042416,-0.4351795491988494,-0.4009814629374157,0.9992095828056335,0.1511169242863013,-0.3685241395990219,0.0053161422407383,0.9994421005249025,0.0363347014342062,-0.4092045328920587,-0.5432076094108772,0.9998297691345216,0.1703306567353397,-0.165832670764966,0.0829936693078687,0.8768137693405151,0.0462663014318413,-0.1455325778180417,-0.5902556831175183,0.6885160803794861,0.1595553173756814,0.0307737800241208,-0.0623880199021204,0.8446163535118103,0.1239135603956784,0.0497739384094324,-0.616800396839105,0.7648669481277466,0.165624718715201,0.084890286951294,-0.094739516636036,0.8059053421020508,0.1359452949421562,0.1182022188787038,-0.6900904700489007,0.7782506942749023,0.1618331700325389,0.0835203895492679,-0.1468943389165287,0.8113868236541748,0.1485565966612741,0.1076680639180069,-0.7078544100308334,0.7805206179618835,0.1583720708371871,0.0615286950680587,-0.0894044986786297,0.792793333530426,0.1466914622960348,0.0853606621194316,-0.6210274642033417,0.7617932558059692,0.0383009071171143,0.0066605873410141,0.1747936612855066,0.9984863996505736,-0.0383009071171143,-0.0066605873410141,-0.1748252070305145,0.9994925856590272,0.0969100903348084,0.3081021067459333,0.3121250637699455,0.8934605121612549,0.0011984884430129,0.3534763819625018,-0.3912859562927654,0.9846810102462769,0.0686531610277435,0.6551550254229656,0.5797245265642677,0.9026979804039,-0.0193808936641693,0.7538149988367963,-0.4209111900979007,0.9825372099876404,0.048882724262843,0.6981055879537788,0.5962644291730722,0.9026282429695128,-0.0381915901789681,0.8071165636067952,-0.439927215055949,0.9697758555412292,0.1361524973900595,0.7399391187772033,0.4890578701345076,0.8760776519775391,0.0560690323761076,0.8379736743711943,-0.6826926492770286,0.9474852085113524,P2,P2/eric_DTL_1_frame9.jpg,1
0.2585748717416427,-0.3751219271063301,-0.2814573320811601,0.9985259771347046,0.2683082325545626,-0.3969615149817629,-0.2251671854642027,0.9977476596832277,0.2689261412040477,-0.3957369607400605,-0.2254383219081965,0.997594714164734,0.2693571408621574,-0.3947530893682782,-0.2255223327635597,0.9978039860725404,0.2594152690916153,-0.4126694944806738,-0.3040310980126411,0.9979798793792723,0.2534571695562836,-0.4229444061907308,-0.304104336764515,0.997797191143036,0.2468306797712005,-0.4347281055005119,-0.304453578178715,0.997958242893219,0.2454780732322549,-0.4165057495453117,-0.1441246799642219,0.9958107471466064,0.2101826552373017,-0.469424790922969,-0.296974619356639,0.9979444146156312,0.2385622095142947,-0.3625111728374935,-0.1695902936084464,0.998879611492157,0.2260413864257954,-0.3803946551671068,-0.2717383244463478,0.9992299675941468,0.2062627647525428,-0.2754908863315967,0.3618814235380604,0.9994526505470276,0.0454461761583595,-0.4838789899905497,-0.4887283137369639,0.9998452067375184,0.1877167258592502,-0.0470937592791821,0.3805206858899687,0.8554114699363708,0.033547304868108,-0.1964793844135008,-0.6197552132842414,0.7192620038986206,0.1811146104852797,0.1460985740698329,-0.0151813557626078,0.8369738459587097,0.1545415350754856,0.1289211987920007,-0.6753818936290477,0.7873492240905762,0.1671375607309722,0.229470727447096,-0.0495258937576918,0.7937641739845276,0.1607788429125196,0.2058357504839279,-0.7782102564453677,0.7982560992240906,0.1767178594835879,0.220450693594462,-0.105558325740566,0.7987932562828064,0.1731012051560356,0.2139806159072295,-0.7865755312355075,0.8000714182853699,0.1778740845111997,0.1879120099444912,-0.0249012442262576,0.7793445587158203,0.1714957285416137,0.187447971985063,-0.6723829169139083,0.7817782759666443,0.0610789530902832,0.0441225070127016,0.2875785726690689,0.998421847820282,-0.0610789530902832,-0.0441225070127016,-0.2871112135517284,0.9994648694992064,0.1645843700465605,0.4464500023934908,0.1842069694970217,0.8493933081626892,0.0691587238185045,0.4210150156011442,-0.5738312813402944,0.9825780987739564,0.1448550747882136,0.7864010693663946,0.3270996298341472,0.8596802949905396,0.1021065163639981,0.8445308053509544,-0.5436001382077638,0.9799140095710754,0.1141019033911434,0.8494339896148152,0.3256379449175093,0.8682375550270081,0.0772421333806123,0.905140724305124,-0.5588103483347115,0.9637236595153807,0.1909552880182168,0.9304471389668152,0.1324503189488394,0.8471035361289978,0.1466250497980116,0.9850279144859646,-0.9161966857172432,0.9478521943092346,P2,P2/grant_DTL_1_frame142.jpg,2
0.2762165456516572,-0.4061376286668639,-0.0721256198904864,0.9986425638198853,0.2850916824358732,-0.4272314749856923,-0.1122339144669663,0.9979472160339355,0.2827922056167778,-0.4273945547184283,-0.1129290045782627,0.9977997541427612,0.2796870880399021,-0.4277896038309431,-0.1125613374936066,0.998001754283905,0.2910634039855299,-0.4341647300652324,-0.1066034859015129,0.9981518983840942,0.2913667755270439,-0.4397390652794043,-0.1066793360907132,0.9979794025421144,0.2909687464552424,-0.4464054679263376,-0.1067421854771425,0.9981362819671632,0.2754835925282458,-0.4422227736991148,0.3133334577640419,0.9961862564086914,0.2685156296876003,-0.4688333719011902,-0.2953004094315195,0.9981251955032348,0.2604408749094819,-0.3923042486433843,0.0011444594582329,0.9989814162254332,0.2651125161820416,-0.4000298807403497,-0.0849182053101104,0.999299705028534,0.2006787847318902,-0.3052111404984828,0.5532662528615673,0.9994999170303344,0.0833753167817111,-0.4426613535894469,-0.3190242451126971,0.9998598098754884,0.2184647009506157,-0.1037908425640533,0.4487057335581854,0.8350799083709717,0.0442832175373271,-0.1755536378037248,-0.4968482028789658,0.7466453909873962,0.1542143246424657,0.0792665956614908,0.004549484853265,0.8321996331214905,0.1390331265627256,0.0679849372461505,-0.5482481182836958,0.8072946667671204,0.1370198426963143,0.1482366431742354,-0.0691815954068222,0.7867544889450073,0.1408000671280924,0.1287738863356389,-0.6462362497341151,0.8159178495407104,0.1576174381480243,0.1434398436116288,-0.1128347414543514,0.7909738421440125,0.1558425510245593,0.1312057668359883,-0.6646322980091753,0.8172792792320251,0.1589508238524446,0.1171460851984325,-0.0210400591492743,0.7707182765007019,0.1554026856615936,0.1096830985327278,-0.5508507913525825,0.7990518808364868,0.0647060471414507,0.0265760073021184,0.2759970804147684,0.9985520243644714,-0.0647060471414507,-0.0265760073021184,-0.2757049567587978,0.9994847178459167,0.1434098102964635,0.3410082227996736,-0.0845735160487787,0.8064477443695068,0.022550432889058,0.3235172641197699,-0.6468514068198354,0.9768757224082948,0.0680981172684758,0.6553602715493556,-0.0632111008992249,0.826283872127533,0.0105414306854345,0.6790370414029737,-0.663866623764183,0.9725385904312134,0.0285738070663531,0.7088975189296329,-0.0791590687972244,0.8479044437408447,-0.0136989020568396,0.711278447969235,-0.6776221158321853,0.9518266916275024,0.1890314677828837,0.7392931036552879,-0.382880156614075,0.8281919956207275,0.1348083623220417,0.7510881330960023,-1.0389223713955205,0.9446584582328796,P2,P2/grant_DTL_1_frame146.jpg,2
0.2887047067369507,-0.4169888454110897,-0.332556290891119,0.9987210631370544,0.2957875538013616,-0.4361253311052644,-0.2791532266845469,0.9980546832084656,0.2919289396846213,-0.4354449655129414,-0.2793321525284743,0.9979000687599182,0.2865609944736084,-0.4347751899294219,-0.2792774186059689,0.99811452627182,0.3038915721959513,-0.4437606141904103,-0.3700046573693788,0.9982337355613708,0.3037729867497781,-0.4489065090029299,-0.3701091416808351,0.99806410074234,0.3022728298877309,-0.4549587839806842,-0.3704918827209312,0.9982325434684752,0.283278318268798,-0.4465907515698293,0.0392897538111362,0.9963749647140504,0.2720774868185575,-0.4738294434645738,-0.4178935549599624,0.998230278491974,0.2730386292218291,-0.4025119069593607,-0.217339260352338,0.9990592002868652,0.2761347627047225,-0.4112953282182003,-0.3407967901478277,0.999355971813202,0.2351842746520624,-0.3069914999600737,0.3147298232645664,0.999532163143158,0.0692524281574814,-0.432818133650123,-0.5555187326559515,0.9998720288276672,0.2246985802669005,-0.116956057225068,0.292407783638832,0.8248183131217957,0.0252076754470109,-0.1845545751841316,-0.6413026176040904,0.77154141664505,0.1562347962944274,0.0602237943953324,-0.1528744930598453,0.8263975381851196,0.1203940158049534,0.0449465457595923,-0.7047640098779897,0.825737714767456,0.1462312587806687,0.1250524304261365,-0.2466009553993846,0.7759405374526978,0.1277292108866267,0.102972998274808,-0.8118474606072323,0.8325048685073853,0.1503925092987219,0.118972632751706,-0.3010929783186901,0.7807778120040894,0.1451286519817234,0.1021503754519277,-0.8412318468525283,0.83365398645401,0.1515517471607871,0.0932462733975795,-0.1910989599426323,0.7592616677284241,0.1458819583833449,0.083074768150607,-0.710969698405736,0.8158615827560425,0.0663537105606241,0.025257284258304,0.2647913059220144,0.998609185218811,-0.0663537105606241,-0.025257284258304,-0.2643999286447925,0.99946528673172,0.1250650591532123,0.3357002776223487,-0.029844534869794,0.7711111307144165,0.0182122667440572,0.3379792248644214,-0.5019598480792049,0.9697619676589966,0.060078195932051,0.6679432854722882,0.2259049351734815,0.8034515976905823,-0.009596190276737,0.6859040536650298,-0.3910644189137013,0.9689350724220276,0.0156288709066517,0.7019408381193345,0.2214212415397891,0.8256078362464905,-0.0263164550318362,0.731012960682587,-0.4083231601324765,0.9433557987213136,0.1678548108738817,0.7390661243824951,-0.2453150338491201,0.816485583782196,0.0977649225549826,0.7479921992893338,-0.7316505131911913,0.9439573287963868,P2,P2/grant_DTL_1_frame150.jpg,2
0.290665596190542,-0.4148158725570839,-0.5253871623342312,0.9988052248954772,0.2947423567825818,-0.434944418836229,-0.4635557816720376,0.9981866478919984,0.289719786856018,-0.4340345186782708,-0.4637158105062294,0.9980302453041076,0.2820610996073322,-0.4331501661176862,-0.4636606035737076,0.998242735862732,0.3042098797131181,-0.44310150352638,-0.5560063963717714,0.998348832130432,0.3039901484464376,-0.448249399220317,-0.5560937296821062,0.9981828331947328,0.3021216651552687,-0.4542358975391986,-0.5564490934721819,0.9983472228050232,0.2836263011202384,-0.4462328933692585,-0.1274439427935956,0.9966006875038148,0.2684627604388112,-0.4734017763589434,-0.5498913651300524,0.9983554482460022,0.2752985519008518,-0.3997807825637386,-0.3944458028010524,0.9991340637207032,0.275796784872806,-0.4099406124891954,-0.5160767626098592,0.9994101524353028,0.2400429771717189,-0.3111314968483095,0.223477155733812,0.9995537996292114,0.065917241900508,-0.4280493635270623,-0.6584458475287044,0.9998833537101746,0.2243485289088211,-0.1240511560745862,0.1072682348821746,0.8198298811912537,0.016371898178659,-0.2043811353388595,-0.774441314366664,0.7941670417785645,0.157892320420804,0.0247300468459933,-0.4054841192078686,0.8223974108695984,0.1044572727640793,0.0054492312496528,-0.870608994837906,0.8425500392913818,0.147050380610108,0.0822177328998129,-0.5114492484486896,0.7690878510475159,0.107567062277848,0.0603602831211578,-0.984437192106401,0.8478689193725586,0.1423996214247187,0.069521783114915,-0.5688281653325755,0.7742598652839661,0.1310786367516838,0.0569199098903024,-1.017261359231422,0.8488355875015259,0.1429228537623431,0.0464959419301983,-0.4464702776967851,0.7521361708641052,0.1316912308569452,0.0341906620570681,-0.8791997308053631,0.8316510915756226,0.064069372121383,0.0211043712994244,0.2760680773311814,0.9986659288406372,-0.064069372121383,-0.0211043712994244,-0.2757739784339489,0.9994838237762452,0.1206333974014918,0.3211401792931679,0.1256749087334044,0.7496963739395142,0.0095819937101842,0.3414376905832684,-0.5422231386497292,0.9697303175926208,0.0422840696348815,0.6049053475038509,0.3689891570670974,0.7877177000045776,-0.0106693564704988,0.6691515243495465,-0.4838077897307647,0.9691734910011292,0.0026585399987868,0.6821297038153006,0.3688251535530568,0.8189156651496887,-0.0432015902135154,0.7092889927501778,-0.5015486772957208,0.9430617094039916,0.1627409912510827,0.7177278137126519,0.0758738012161758,0.8143180012702942,0.0943678357893255,0.7631762219157799,-0.8818916032917102,0.947012424468994,P2,P2/grant_DTL_1_frame156.jpg,2
0.2964715248460494,-0.414592863031052,-0.2685237052870893,0.998831868171692,0.3008434619938688,-0.4348931969228977,-0.2176980295124098,0.9982621669769288,0.2955760468395939,-0.4337710170026423,-0.2178537440958012,0.9980943202972412,0.2872704338602532,-0.4326930118185935,-0.2178262642506518,0.9983121156692504,0.3088523253272746,-0.4439768517419106,-0.2953350194564694,0.9984116554260254,0.3072224899921673,-0.4494157367723609,-0.2953993751295002,0.998244047164917,0.3037328492402461,-0.455507247699061,-0.2956862930369823,0.9984201788902284,0.2888157325855053,-0.4446499853917754,0.0895599405275953,0.9967443943023682,0.2679693967753682,-0.4739631637979873,-0.3107075280742863,0.9984488487243652,0.2805834355062066,-0.39897303580689,-0.1667504919269066,0.999185025691986,0.2778075626251245,-0.4101278920368197,-0.2658617008228257,0.9994522333145142,0.2489248019322345,-0.3087247033705151,0.3683795253884676,0.9995721578598022,0.0625428202929693,-0.4281524372067847,-0.4323049168796644,0.9998941421508788,0.2243415339985638,-0.1274515762725813,0.2237167828510854,0.7991065979003906,0.0070478040909542,-0.2116754769285426,-0.5712254747874814,0.8145095109939575,0.1611761277193543,0.0075758310857584,-0.2765371440555645,0.8104780912399292,0.1050226846230548,-0.0090315820103649,-0.7088625142193787,0.8578269481658936,0.1453133122113239,0.060927473835582,-0.3790867243193672,0.7566387057304382,0.1056306727926447,0.0446376177210667,-0.8193982712843677,0.8620378971099854,0.1380617923208475,0.0382018325401206,-0.424924331591603,0.7617751359939575,0.1296330783503518,0.0365089215644127,-0.84097101188125,0.8628528118133545,0.1412866025333898,0.0153441572612257,-0.3127681079395062,0.7387056946754456,0.1323508867816235,0.0168150506971336,-0.7130192425105372,0.8464778065681458,0.0666679018248972,0.0182292958893242,0.2624933091002458,0.99873149394989,-0.0666679018248972,-0.0182292958893242,-0.2619778100824176,0.9995086193084716,0.1183763097511958,0.3026564236706856,0.0690301540139616,0.7210695743560791,-0.0081781544309765,0.3189185003579934,-0.5851591997190745,0.9686875939369202,0.0380604298086876,0.6057604774056687,0.246369012924941,0.7657751441001892,-0.0218589776360505,0.6740758626723699,-0.547866734899013,0.9691243767738342,-0.000824286415553,0.6816636770404532,0.2440677324933873,0.8033084869384766,-0.0513672656662967,0.7254302190754348,-0.5656506884415745,0.9420630931854248,0.1550882934815493,0.7132371203709887,-0.061573985534373,0.8064777255058289,0.1020300232708235,0.7676255349197707,-0.9507323765607292,0.9492143988609314,P2,P2/grant_DTL_1_frame160.jpg,2
0.3020019818636369,-0.4161788719131015,-0.1986857163018548,0.998892903327942,0.3075105170954157,-0.4352328125742595,-0.1605047272446414,0.9983848929405212,0.3020490421916063,-0.4339194848173945,-0.1605963710412133,0.9982216954231262,0.2933717423133798,-0.4326595172264535,-0.1605909596419445,0.9984301924705504,0.3131132806726709,-0.4439511421663448,-0.2209870753555488,0.9985183477401732,0.3098411340700435,-0.4488653388396277,-0.2210440700433698,0.9983582496643066,0.3044050738971282,-0.4542252355870136,-0.2212831004334589,0.99853253364563,0.2942753652241136,-0.4412511500774498,0.1857870134686721,0.9969740509986876,0.2658424196571589,-0.4712611550790656,-0.1914145994843642,0.9985640048980712,0.2855654354159678,-0.3993264284708842,-0.1342410931860511,0.9992430210113524,0.281574784217891,-0.4107025358530912,-0.1955528391938414,0.9994957447052002,0.2611857086684863,-0.3059516302702394,0.4089212162878218,0.999600887298584,0.0640350259592101,-0.4249597691265832,-0.422646678624214,0.999904215335846,0.2269750040255347,-0.1344896944838022,0.2538361938675594,0.7860453128814697,0.0043380307242715,-0.2178413966537428,-0.4664764550748517,0.8327683806419373,0.166091754688202,0.0040021201338405,-0.2623698628248955,0.8066881895065308,0.1048995440672446,-0.018618659549826,-0.6338746184671223,0.8714247345924377,0.1462837718841578,0.0498760863112422,-0.3674985971507231,0.753646731376648,0.1052067823182664,0.0340557393982196,-0.7424128035561287,0.8745180368423462,0.1374557066531692,0.0242177616827998,-0.4118136765029483,0.7582163214683533,0.1293535765957303,0.0242577145012818,-0.76502265275172,0.875165581703186,0.1411577498902442,0.0050812769910046,-0.2971041001553137,0.7339733242988586,0.1320800603108964,0.007200230179308,-0.6392848331509927,0.8593695163726807,0.0686882908826767,0.0218480534059916,0.242026878397621,0.9988186955451964,-0.0686882908826767,-0.0218480534059916,-0.241516537678521,0.99954491853714,0.1219789970549067,0.2902505495202054,0.011345061666346,0.6999133825302124,-0.0132556398058471,0.2967432594369081,-0.6731621848300334,0.9689409136772156,0.0418646039221516,0.6020609752435515,0.1429118509248631,0.7453678250312805,-0.0155678418695303,0.6539605479679373,-0.7314364935825857,0.9693278074264526,-0.0041878576639666,0.6701682541480211,0.1341197270770776,0.7852991223335266,-0.0477254454764743,0.7177044621843944,-0.7568645779794527,0.9409393668174744,0.1592988063404272,0.697980584909284,-0.1734497904237985,0.7982142567634583,0.105028556133394,0.7472188260888046,-1.1504271931694705,0.951602339744568,P2,P2/grant_DTL_1_frame162.jpg,2
0.2944410399733355,-0.4178968213701833,-0.2261033357548923,0.9989300966262816,0.301396657906942,-0.4378054013816551,-0.1623110351750295,0.9984703063964844,0.2957462666732029,-0.4365873536117289,-0.1624847920772147,0.9983086585998536,0.2869427973029992,-0.4354070192759561,-0.1624516058577135,0.9985030889511108,0.3065395737519301,-0.4465755376315871,-0.2360333737788921,0.998595416545868,0.3026233594677079,-0.4514892615654767,-0.2361095485056667,0.998444139957428,0.29657136823685,-0.4568566952061406,-0.2364017207834323,0.9986159205436708,0.288182212457715,-0.4439031188159626,0.1660957866243341,0.9971214532852172,0.2575002504538322,-0.4730300159733265,-0.1892057617711258,0.9986584186553956,0.2784856932402336,-0.4005160563977729,-0.1129954315916032,0.9992808699607848,0.2751149882896878,-0.4121807254282165,-0.2046645304817194,0.9995309114456176,0.2612778972476943,-0.3073137141028542,0.3718775642382353,0.9996219277381896,0.0538799707760073,-0.4279926970093807,-0.3811105981704012,0.9999131560325624,0.2190217570879516,-0.1437835093701969,0.2020002980453924,0.7710622549057007,-0.0114228703623192,-0.2291841921307684,-0.4814333009356536,0.8492149710655212,0.1590202175343655,-0.0306170852818156,-0.3897498057700355,0.8041107654571533,0.0860008124716159,-0.0429470812561426,-0.696777597555175,0.8837350010871887,0.1337135416850568,0.0147415457309025,-0.5027826837034823,0.7534602284431458,0.0838166383984318,0.0101484126965486,-0.8104650119031866,0.8858878016471863,0.1251960747602607,-0.0127774557210504,-0.5447017533681705,0.7577242255210876,0.111646909228306,-0.0008901919595621,-0.829062222091664,0.8864129781723022,0.1302178375334923,-0.0293471147668508,-0.424251000840427,0.7326948642730713,0.1145437924211444,-0.0170857080976981,-0.7014026214113273,0.8712553381919861,0.0658931418523678,0.0222268611334411,0.2341970874393123,0.9988744258880616,-0.0658931418523678,-0.0222268611334411,-0.2336785277197018,0.999573290348053,0.1136787338479409,0.2975949728051916,0.0140971554854589,0.6845034956932068,-0.0244700626071062,0.2893206667193003,-0.6449027688770467,0.9696204662322998,0.0378446031868686,0.5953917872689513,0.1990151141349114,0.7304542064666748,-0.0147356697000854,0.6457553542393792,-0.660046368661995,0.9700577855110168,-0.0028109061782915,0.6644602560471958,0.1942968750626149,0.7740070223808289,-0.0473442753719767,0.7130046038766445,-0.6814750778458547,0.9410187602043152,0.1506860827710635,0.6949197835754197,-0.1506409174614646,0.7928556799888611,0.1041540084041672,0.7422907414691523,-1.063576107719712,0.9539374709129332,P2,P2/grant_DTL_1_frame166.jpg,2
0.298751487562293,-0.412991441267476,-0.1965578454050024,0.9989985823631288,0.3053194260930252,-0.4338026827909795,-0.1249128938334953,0.9985925555229188,0.2993978239340338,-0.4326514528179689,-0.1251143870898828,0.9984434247016908,0.291450458248358,-0.4315197505907117,-0.1250015023137139,0.9986211657524108,0.3109823656525285,-0.4426191398716764,-0.2177624829705183,0.9987032413482666,0.3065434849538868,-0.4476401981599046,-0.2178475700539618,0.998565137386322,0.2998455748694514,-0.4530927876165856,-0.2181989494299063,0.998724639415741,0.2928876149686164,-0.4397152680400466,0.2304243586842409,0.9973635673522948,0.260898926535631,-0.4687032995845805,-0.1141457430028219,0.998770833015442,0.2835491908477395,-0.3951549797015758,-0.0651410651139361,0.999336302280426,0.2789186607973318,-0.4067104965739234,-0.1759283426355225,0.999569833278656,0.2674410414900117,-0.304439637121437,0.4025184070992776,0.9996505975723268,0.0601955301156369,-0.4253920400113773,-0.268917440442515,0.9999213814735411,0.2236531128442369,-0.1507250656613868,0.0867596001867807,0.7673782110214233,-0.0087091345107978,-0.2267620526835261,-0.5233052243090381,0.8640493154525757,0.160166170510959,-0.0448147359327279,-0.5990583654092969,0.8125696778297424,0.0856650460277771,-0.0556792587196854,-0.818103650541427,0.8950215578079224,0.1301395403357245,0.0003640377302614,-0.7281981758650898,0.7659657001495361,0.0837123781614267,-0.000730689830856,-0.9468423418918256,0.8966044783592224,0.1234296788440521,-0.0287348644581949,-0.7609812060433679,0.7696614861488342,0.1112786190807213,-0.0128474960073733,-0.9550517848647714,0.8970320224761963,0.1301680316369058,-0.0448963683125169,-0.6322439019098809,0.7439901232719421,0.114082611294727,-0.0293399044495719,-0.8220070655122504,0.8827320337295532,0.0673847284047107,0.0224775558066335,0.2358201256020493,0.9989521503448486,-0.0673847284047107,-0.0224775558066335,-0.2353715743491828,0.9996017813682556,0.1208500956427211,0.2958313159319537,-0.0413101791705056,0.6804670691490173,-0.0141614305177477,0.2917153366466994,-0.6760343915714921,0.971120834350586,0.0442031066610216,0.6004098348080251,0.0736919235105876,0.7227744460105896,-0.0096445455450854,0.6486924529558791,-0.6697137511324736,0.9714708924293518,-1.8407301324960325e-06,0.6433757840792714,0.0646852909960932,0.7669497132301331,-0.04110203660998,0.7110017548403323,-0.6891455655010336,0.9428259134292604,0.150717622709112,0.7048819940809904,-0.2309867150783426,0.7922727465629578,0.1109789802278489,0.746795685970408,-1.074161856987318,0.9568120837211608,P2,P2/grant_DTL_1_frame168.jpg,2
0.4144794992922195,-0.3501089716079897,-1.0580912533616675,0.9981452226638794,0.4297565555739949,-0.3768280938014952,-1.0303789388044,0.9968633651733398,0.4291396114489256,-0.3792632347508299,-1.0304720440648718,0.996475338935852,0.4285033225836386,-0.3816988627979398,-1.0306918643323086,0.9966283440589904,0.4196847652894772,-0.3819102632324041,-1.1715743884323802,0.9981050491333008,0.4123879014452385,-0.3875782721161619,-1.171928717271186,0.9980458617210388,0.4053864971943953,-0.3927472841218606,-1.1724870704924308,0.998272180557251,0.3776228981999321,-0.4140733989184428,-0.7780301427647921,0.994304656982422,0.3575352642896555,-0.4143365708878779,-1.3960940360340537,0.9981595873832704,0.385199356167172,-0.3394999820627528,-0.9350697000703508,0.9980718493461608,0.3731581599918678,-0.3526098011715884,-1.1190863326341152,0.9990729689598083,0.2454423758549411,-0.3536758494454506,-0.3102471859985165,0.9988218545913696,0.1374544691285608,-0.3487414098112394,-1.5251723022337886,0.9999043345451356,0.2857559794436693,-0.2666360000566515,0.2083491148292721,0.7081754803657532,0.1925512118549472,-0.0370039133766063,-1.7093211470508387,0.8759275674819946,0.3091759188199194,-0.2380531026041953,0.3614056388338037,0.7473256587982178,0.2868422074825066,0.1367836659066266,-1.6322649232492348,0.8983607888221741,0.3060976000510476,-0.2383718037200105,0.3978895405426181,0.7040974497795105,0.3026844363543805,0.1892666419709497,-1.7493093693256911,0.8958739638328552,0.3161855341475455,-0.2460985661436173,0.3204231108288459,0.7078858017921448,0.317450596655301,0.1897748937067388,-1.7548489235675724,0.895974338054657,0.3208874193867667,-0.2394705571302118,0.3262794873808378,0.6854783296585083,0.3075871450478031,0.1710000578861935,-1.6289745081919342,0.8773004412651062,0.0694092758277438,0.0049821056307905,0.4074541228722937,0.9984919428825378,-0.0694092758277438,-0.0049821056307905,-0.4080061786151583,0.9994884133338928,0.2095358937660032,0.2503455020607424,0.5199963937973868,0.6863779425621033,-0.0105524166179098,0.2827923374081738,-0.4737397450453681,0.9722018837928772,0.1962605309989745,0.560646129643745,0.9997773690004592,0.7381565570831299,-0.0556168935649713,0.6102605173241455,-0.2420849674571925,0.9730522632598876,0.1531797945343714,0.6030791652380407,1.0302551463840866,0.7734463214874268,-0.0964670005604539,0.6490916736265577,-0.2447393719907922,0.9437341094017028,0.3719952488461247,0.6385675782650098,0.8019163738827622,0.8049359321594238,0.0807709010211591,0.7210360150329618,-0.6814437336640022,0.9593967795372008,P2,P2/random_1_frame15.jpg,3
0.4493007881580205,-0.3035141242798174,-0.78420763554503,0.9957638382911682,0.4637703448104678,-0.3370089551284223,-0.7513409586924944,0.992462396621704,0.4648161118073224,-0.3380634613110761,-0.7515072033567048,0.9930337071418762,0.4651726172188554,-0.3387233031945852,-0.7517217470325076,0.9925473928451538,0.4538597078461455,-0.3444809589867215,-0.872907702953031,0.9944166541099548,0.4488607601463304,-0.350963233375428,-0.8731119063708271,0.9950011372566224,0.4442587449312872,-0.3586095539703169,-0.8734876246488499,0.994528591632843,0.4207259187803281,-0.3618098304677083,-0.5419188793917593,0.9883028268814088,0.3998363294212401,-0.3813399760999589,-1.0654696580171912,0.9944189786911012,0.4227644839685063,-0.3051723681073763,-0.6743101059347104,0.996029257774353,0.4106235534191596,-0.3083138052011428,-0.8320203881657653,0.9976179003715516,0.3072144356410085,-0.3301317495952032,-0.1874426601034158,0.9984531402587892,0.1709798686196645,-0.3112185504535696,-1.2222490501822785,0.9998748302459716,0.2614533903428213,-0.1548207471645992,0.0565925072547562,0.661794126033783,0.1478357027470719,-0.0888476328964573,-1.386177096331095,0.8868936896324158,0.2603473162928181,0.0182604953717162,-0.0537730524530489,0.7077409625053406,0.2069408843585297,0.0759115031507272,-1.286585868654372,0.904864490032196,0.256659379885564,0.0609002504014145,-0.0705367704615473,0.6668175458908081,0.2118176168798402,0.1291913169579405,-1.389871837295231,0.9007524251937866,0.2585465103274512,0.0608973151023675,-0.1522281776369607,0.6712907552719116,0.2370365054879633,0.1312839183331213,-1.3786843452454407,0.9007143974304199,0.2505136642171389,0.048606951146989,-0.0964950542284889,0.6510917544364929,0.2313246803877662,0.1120958684625363,-1.2790883143520952,0.8817681074142456,0.0722011850882393,0.0019613134541671,0.309593095250593,0.9974297881126404,-0.0722011850882393,-0.0019613134541671,-0.3092905259590496,0.9990301728248596,0.1828687637190165,0.2181239401040784,0.2489380257087848,0.6812860369682312,-0.0445316553325369,0.2708898097326896,-0.5870077745638425,0.9710152745246888,0.1300644683574258,0.5131986126442248,0.6934020914728464,0.7429962754249573,-0.1358225244176139,0.5816217676578682,-0.5553506076970476,0.9712490439414978,0.080991738620743,0.5665935702276931,0.8626132089269646,0.7709647417068481,-0.1834147960531103,0.6222218901179166,-0.5750470313491796,0.9365307092666626,0.2773580413839096,0.5832208385250923,0.1963885509957164,0.8079078793525696,0.010156434903842,0.6680315012730642,-0.9469484866519978,0.9573118090629578,P2,P2/random_1_frame16.jpg,3
0.436974708204517,-0.3252283427482522,-0.8650772611058115,0.9959285259246826,0.4562976589464147,-0.3578717864477058,-0.8369648112080756,0.9925386309623718,0.4575414559967692,-0.3607035834205372,-0.8370936730646439,0.9931938052177428,0.4579610644770318,-0.3635517929776579,-0.8373038068747409,0.992637574672699,0.442359090475283,-0.3584729220650473,-0.947400674652939,0.9944967031478882,0.4336366917644508,-0.360658168679271,-0.9477046040752592,0.9951068162918092,0.4234855413385426,-0.3605437419871981,-0.9479899457515172,0.9945885539054872,0.4194240529098865,-0.3794764159757757,-0.59761152569875,0.9881833791732788,0.3782906891533684,-0.3848689715816898,-1.09587253740317,0.9944034218788148,0.4113004169126429,-0.3201909976513132,-0.755999357747403,0.9961059093475342,0.3943539292790378,-0.3215639861282016,-0.9015236785528672,0.997670829296112,0.3595171974581986,-0.3097848259859868,-0.2064974010100154,0.9984520077705384,0.1465833609330765,-0.309781332544351,-1.2257574450587878,0.9998775124549866,0.2592181151887413,-0.1270755873544435,0.0448170166980573,0.6480241417884827,0.0979309243242991,-0.111690997702036,-1.353404770389637,0.8972914218902588,0.2340475386323632,0.0505058062675938,-0.0937520018776336,0.6928264498710632,0.1794834078077834,0.0678715068975029,-1.3294802319593797,0.9119055867195128,0.2279615678187263,0.0936173807859156,-0.1157017653129789,0.6495043635368347,0.1762271247191978,0.1137316949293266,-1.4530489312233592,0.9069088697433472,0.2291486788349893,0.0921852015431969,-0.2135858742236578,0.65450119972229,0.1936903780589386,0.1107832301886559,-1.462439697824525,0.9066522121429444,0.2248866800392332,0.0743128859620942,-0.1419249553826392,0.6365193128585815,0.1936256505176854,0.0957063270561771,-1.3298867894690027,0.8874219059944153,0.089980510301,0.0074567182147588,0.3103850058504279,0.9973652362823486,-0.089980510301,-0.0074567182147588,-0.3102646468989733,0.9990500211715698,0.1505868450477786,0.2265241154565573,0.3931533718081763,0.6945830583572388,-0.0634974543134265,0.2698977640115622,-0.703915109086336,0.9731375575065612,0.1049614426594823,0.5001631577181522,0.745125724042802,0.7602822780609131,-0.1508201805834572,0.5692493276810464,-0.6878453434753469,0.973508358001709,0.0638719776223885,0.5445033690684088,0.7696881121845738,0.7801725268363953,-0.1974072022175203,0.6092749408690293,-0.715725380633308,0.9391328692436218,0.2791522204749361,0.5574032648358052,0.543575893271083,0.8205368518829346,-0.0182817733064234,0.6571001568640309,-1.1732862153440573,0.960509479045868,P2,P2/random_1_frame17.jpg,3
0.4562299371188322,-0.3184212758645587,-0.8391433944001997,0.9961608052253724,0.4779971521922068,-0.3493780617707592,-0.7961567027876991,0.9929022789001464,0.4800879608662255,-0.3525677491934032,-0.7963378762713289,0.993564784526825,0.4816354531901625,-0.3560469876285626,-0.7966417823739855,0.9930151104927064,0.4633414895949216,-0.3506797486886299,-0.9190898848748008,0.9947953820228576,0.4547923870966399,-0.3546923705678966,-0.9194465850530475,0.9953755140304564,0.4449001652165256,-0.3585734834934058,-0.919742531224204,0.9948771595954896,0.4418566139721906,-0.3744437499972787,-0.5172749579440908,0.9887521266937256,0.394222615002097,-0.3816510937857792,-1.0612472540050106,0.9946986436843872,0.4303892781254981,-0.310953431411838,-0.712898472607453,0.9962967038154602,0.4141523785374039,-0.3154350089135833,-0.8733466757871857,0.9977984428405762,0.3819007771071918,-0.2831174829224859,-0.1090639369102626,0.99849671125412,0.1502304405113463,-0.3142403388525469,-1.191226064007317,0.9998860359191896,0.2741608591448416,-0.1074994191772839,0.1295271094022778,0.6282961964607239,0.0733175003415032,-0.1274237400243855,-1.319617309893775,0.906653881072998,0.2216643625322429,0.0533282074039522,-0.0075417268190559,0.6649608016014099,0.152190896802851,0.0571402662228582,-1.2963042353029248,0.9177533984184264,0.2074171736847562,0.0972124663350891,-0.0168873646101152,0.6207032203674316,0.1423679331301476,0.1046081271354887,-1.4206184995220903,0.9117957949638368,0.2031943279735645,0.0975454227860408,-0.118294795635645,0.6260877847671509,0.162883874185152,0.1018080001211303,-1.416524373386951,0.9112844467163086,0.2016726884186022,0.0792751348844925,-0.0566749376418164,0.6107696890830994,0.1640314649932136,0.0870064734799464,-1.290397013659436,0.8909624814987183,0.0885454616035627,0.0090418698816579,0.3329010035656116,0.9972681999206544,-0.0885454616035627,-0.0090418698816579,-0.3324862707243771,0.9990922212600708,0.1844324292598836,0.234730828207219,0.281314643479723,0.7091493010520935,-0.0470897301495758,0.2788870854814096,-0.9596647172427798,0.9754522442817688,0.1302771373495521,0.5325724155311703,0.5974879700567391,0.7741660475730896,-0.1427964767927028,0.6117971375161623,-1.0898285786440618,0.975839912891388,0.0789966733491951,0.5806588379583192,0.6053055072266426,0.7877794504165649,-0.1948026552316175,0.6565169851539989,-1.129184452954889,0.9431289434432985,0.3053207933883003,0.6009470025119369,0.3517850906294988,0.8316280245780945,0.0101016293088084,0.6945751184959041,-1.707287880767275,0.9639453887939452,P2,P2/random_1_frame18.jpg,3
0.4288876927435886,-0.3128571579693149,-0.7504452826413424,0.9962937235832214,0.4523139346811873,-0.3398685664167662,-0.6824825602928316,0.9928461909294128,0.4557839863039309,-0.3426516846118561,-0.6827125923883653,0.9935749173164368,0.4586616608029712,-0.3459285382672251,-0.6829268101891618,0.9929736852645874,0.4356667537543339,-0.3427478223452803,-0.8184276410724854,0.9948750734329224,0.4276066030840735,-0.3478030593367593,-0.8187084765898629,0.9954338669776917,0.4187964594858943,-0.3534593054211525,-0.8191655097077724,0.994928240776062,0.4300997266494172,-0.3652861575262713,-0.3754787011096268,0.9882456660270692,0.3786332904988077,-0.3765761802179517,-0.9078249926151096,0.994644284248352,0.4069295445007742,-0.3086529936062843,-0.5951166866950099,0.9962353110313416,0.3890390964359858,-0.3109989783376759,-0.7625886842127872,0.997830092906952,0.3808699589178272,-0.2682046401707674,0.0061138444397903,0.9985489249229432,0.1442604346312381,-0.3353167511410929,-1.085296368695315,0.9998942613601683,0.2787927717476884,-0.1200074345433495,0.1944621884531226,0.615559458732605,0.0561380447089183,-0.1551407353034316,-1.152775107731968,0.9148271679878236,0.206839707479575,0.0175116957058287,0.0165892960779782,0.6508526802062988,0.1229829599910772,0.0202499408396013,-1.1813912058449976,0.922831654548645,0.1945147050902296,0.0581332156687196,-0.0072181063979674,0.6063463687896729,0.1252463809253608,0.0639523489889075,-1.305544884896902,0.9162971377372742,0.1888373732795199,0.0550981889370426,-0.1069209244427295,0.6122270822525024,0.1455785560975964,0.0567567130976225,-1.3070540957580037,0.9155656099319458,0.1853677170141447,0.0388121010733587,-0.0318155255579272,0.5982853770256042,0.1438072233012235,0.0414208007760746,-1.176805323942744,0.8939676284790039,0.0841145863856113,0.0097932655876847,0.3289808198474672,0.996936023235321,-0.0841145863856113,-0.0097932655876847,-0.3284676459832401,0.9991273283958436,0.1826773101219525,0.2296611185363647,0.5234064047975624,0.7242031097412109,-0.0529290607351305,0.2689116709313166,-0.9309255918669084,0.9775813221931458,0.1331299386377207,0.5062230863326653,0.9736212883703924,0.7870244979858398,-0.1230250655508154,0.5823039450988067,-1.0845242357547638,0.9779831171035768,0.0723065796483879,0.5480980209392808,0.999778131865974,0.795766294002533,-0.1714884989165912,0.629255663673481,-1.1312112625712716,0.9469143748283386,0.2905388391638572,0.5752091253364723,0.8034801014725289,0.8413763046264648,0.0168700965897553,0.6642355657746107,-1.6408814697993113,0.9670788645744324,P2,P2/random_1_frame19.jpg,3
0.4511786588346353,-0.3037538375913254,-0.4812194582193957,0.9965718388557434,0.4718674563352573,-0.3275554008201669,-0.419581770958785,0.9933692216873168,0.4746612525424024,-0.3301183431635157,-0.4199709647991524,0.994063436985016,0.4770000134770717,-0.3330459809703568,-0.4202068230042864,0.9934862852096558,0.4548152777057511,-0.3318230900296345,-0.5148404549797989,0.9952402710914612,0.4457633727613026,-0.3377477722597771,-0.5150569499818488,0.9957475066184998,0.4360406898289346,-0.3444631404212619,-0.5152931352681159,0.9952698349952698,0.4476130819856455,-0.3514978706011809,-0.1198751780701942,0.9890620112419128,0.3972160284883643,-0.3674990721335625,-0.5066113553339706,0.9949938058853148,0.4284843306578249,-0.2975899936366037,-0.3438028617377174,0.9964280128479004,0.4094908600866863,-0.3026714607054159,-0.4673077163819758,0.9979651570320128,0.3953994198746989,-0.2499451970425542,0.1725569178138022,0.998647689819336,0.14679643297025,-0.3382925585951968,-0.5740199312759041,0.9999025464057922,0.2827602658908091,-0.1335558616181095,0.2778792668485211,0.6075889468193054,0.0294738696566246,-0.1823696461821339,-0.7692718641368964,0.9224185943603516,0.1475400846346414,-0.0247443418871109,-0.160336169080851,0.6516910791397095,0.0635235389501696,-0.0448391600498833,-1.095657884489729,0.9289376139640808,0.1017854899092221,0.0037851137055782,-0.2337354322256022,0.609732985496521,0.0600318824372778,-0.0069326808663676,-1.2486314409087074,0.9225720763206482,0.0976046080324996,-0.0156075266804896,-0.3214563843460408,0.6148646473884583,0.0815989581967068,-0.0195671708787311,-1.2530758193463172,0.9218161702156068,0.1083551107177633,-0.0263030797353795,-0.2063572531595263,0.5996594429016113,0.0838993852225677,-0.0302925537329667,-1.0980118874052038,0.9006978273391724,0.0841895716039224,0.0135206182183667,0.3144481150297959,0.9968749284744264,-0.0841895716039224,-0.0135206182183667,-0.3136224968334304,0.99918794631958,0.216080721086614,0.2414900189174739,0.4791922093559643,0.7427394986152649,-0.0417215535208928,0.2771834671539136,-0.976922199848325,0.9796501994132996,0.1416025154078516,0.5101825906865644,0.8904098288690322,0.7982068657875061,-0.1071120061630105,0.585190406136167,-1.188080611545531,0.9799885749816896,0.0787512590188141,0.5471656544148945,0.909904780233558,0.8023040890693665,-0.1632862282993716,0.6362680500553631,-1.2531416280703125,0.9506223797798156,0.2993863232200122,0.584173968806706,0.6892810330395678,0.849345862865448,0.0343849274550515,0.6687284975390274,-1.7837721537110272,0.9699742197990416,P2,P2/random_1_frame20.jpg,3
0.4549368088054331,-0.2992944686583371,-0.3114182781222586,0.9968562722206116,0.4718997353515206,-0.3225474543353308,-0.2488201356606907,0.9939327836036682,0.4735766717957116,-0.3244222728906884,-0.2492229763123822,0.9945738315582277,0.4748742213574964,-0.3267232246727323,-0.2494363814337357,0.9940398335456848,0.4567704261001079,-0.3278928504454801,-0.3434612851834033,0.9956372380256652,0.4479274362720587,-0.3337934641702452,-0.3436541702715607,0.9960927367210388,0.4383916978606357,-0.3404807705109583,-0.3438993790264537,0.9956578612327576,0.4430682666201394,-0.3445804571431866,0.0719304294990833,0.9899694919586182,0.3975899411077206,-0.3630507437397316,-0.3438934148377007,0.9953896999359132,0.4304368240961934,-0.291987531464476,-0.1779182466314888,0.996658742427826,0.4127445256239028,-0.2982149827329048,-0.3022389402873992,0.9981083869934082,0.3952621665957173,-0.2409523874103291,0.3548464056911238,0.9987393021583556,0.1559567334915235,-0.3388387165112578,-0.4482337699019553,0.999910831451416,0.2759885790151616,-0.1291284262096925,0.374167798142149,0.5892840623855591,0.0371204337825651,-0.1822446530334759,-0.6871927319978878,0.92909836769104,0.1446331569639622,-0.0226372879645367,-0.0739334781126301,0.644195020198822,0.0757815303560301,-0.0471114815872769,-1.0527138104802485,0.9346179962158204,0.0958280392039859,0.0053778928791385,-0.1343409337466536,0.6060587763786316,0.062556892842598,-0.0105319836051785,-1.2033456840142476,0.9285339117050172,0.0913433561280378,-0.0151781188826128,-0.2177000787493561,0.6101576685905457,0.0846116246408295,-0.016891162847903,-1.2002881507097438,0.927743434906006,0.1041635894051593,-0.0236341134577385,-0.1167711912935224,0.5941197276115417,0.0903707742561454,-0.0273668574067966,-1.052747274414981,0.9071836471557616,0.0818898912825479,0.0135944172161172,0.3100777219237361,0.996911883354187,-0.0818898912825479,-0.0135944172161172,-0.3092781982422547,0.99924898147583,0.218950172711982,0.2391079378593246,0.4084597234683251,0.7575250864028931,-0.0375366374409492,0.2742846586467207,-0.9773769506943258,0.9814805388450624,0.1477767035419415,0.5068533310018387,0.7460556642377512,0.8051002621650696,-0.1079236074281905,0.5869374916019894,-1.246628027466675,0.9817594885826112,0.0943377012706181,0.5446343067485117,0.7579821718899523,0.8063791990280151,-0.158878476725608,0.6361439186678963,-1.3089743683268635,0.9539342522621156,0.2969856183560528,0.5769297763076273,0.5329052943411797,0.8551657795906067,0.0331678208210997,0.663626255664494,-1.803904286606881,0.9725514650344848,P2,P2/random_1_frame21.jpg,3
0.4521734711875729,-0.2979347173031443,-0.3784191458878155,0.9970923662185668,0.4744115673597782,-0.319190643363367,-0.316696628261628,0.9943918585777284,0.4772346669980614,-0.3203735317033127,-0.3171084555146373,0.9949890375137328,0.4797764158230163,-0.3218895010402191,-0.3172554613146013,0.994491159915924,0.45853494096366,-0.3255845324263535,-0.4031527278591931,0.9959408640861512,0.450029577990011,-0.3316803814573119,-0.4033696237589226,0.9963352084159852,0.4408404046532408,-0.3387067983033539,-0.4036068216775684,0.9959211349487304,0.4512280045680564,-0.3402683592606928,0.031198124458069,0.9906912446022034,0.4004244882053582,-0.3632710902114845,-0.3559215355619983,0.9955960512161256,0.4259916039329044,-0.2907669856167716,-0.2373115460083538,0.9968531727790833,0.4087152572404777,-0.297558154816851,-0.3526850420582224,0.9982250332832336,0.3945163768989298,-0.2379139564657098,0.264886515420881,0.9988433122634888,0.1523806235924949,-0.3459556101786585,-0.4004761224739407,0.9999178051948548,0.2881444123763514,-0.1503291285597646,-0.000498318805457,0.6071498990058899,0.0416981088362597,-0.2010465132075643,-0.7287696476007628,0.9338973760604858,0.1104585850861724,-0.0732414355557331,-0.6679365502332093,0.6709643006324768,0.0383323857884528,-0.0951940885391434,-1.2318490084810654,0.9391631484031676,0.0581099412113684,-0.0539617431856754,-0.7853537082533916,0.6357131004333496,0.0221189057367406,-0.0661934697951249,-1.3997215751758183,0.933624505996704,0.0545410061442984,-0.0779925555857154,-0.839992228031855,0.6391794681549072,0.0415631883325955,-0.078070054946114,-1.4153907692904737,0.9328783750534058,0.0685584152112496,-0.0839499032844763,-0.6996272024694801,0.6221149563789368,0.0496750438277848,-0.0873667810256157,-1.240245667731383,0.9128535985946656,0.0751159353495332,0.0133582168999961,0.3001550228238716,0.9969149231910706,-0.0751159353495332,-0.0133582168999961,-0.2995175074582162,0.9992963075637816,0.2236796514990292,0.23546012976992,0.4320744085170631,0.7715567946434021,-0.0332132077399437,0.2707449747030936,-0.9318792295904238,0.9831007122993468,0.1522614331570303,0.5034969110646285,0.7772125027529028,0.8093427419662476,-0.10007897809219,0.5762292934783374,-1.1721229626205922,0.9832630753517152,0.1022253650810519,0.53759074685029,0.7904470531817679,0.8100652694702148,-0.1564371268303895,0.6273816848495626,-1.232392399210989,0.9565150141716005,0.2976907733593154,0.5708232654869666,0.5826662164270897,0.8585394620895386,0.0524801114366683,0.6513438220738039,-1.6966373549311478,0.9746609330177308,P2,P2/random_1_frame22.jpg,3
0.2557332019058841,-0.3752161288880022,-0.007243674058986,0.9972115755081176,0.2680027978004486,-0.4016457121108597,0.027698702914015,0.994681477546692,0.2685306926437127,-0.4026380664337222,0.0274692611188567,0.995224118232727,0.2690730166126926,-0.4039350160811481,0.0272966422545617,0.9948611855506896,0.2633574991446728,-0.4105413560971759,-0.0352563671761031,0.9961335062980652,0.2605295664693073,-0.4178606180990319,-0.0353141386680128,0.9964689016342164,0.2574015255755463,-0.4256614081804185,-0.0355194045290209,0.9961502552032472,0.2521457165335356,-0.4317814690633262,0.1800777214895042,0.9909642338752748,0.233194643590252,-0.4629240974468451,-0.10224884301436,0.9955557584762572,0.2412839282034825,-0.3663049999862836,0.0539522771978808,0.9968796968460084,0.2342507852066756,-0.3770401815364272,-0.0288835656391734,0.9982150197029114,0.2010893109775673,-0.3060771253883937,0.3339255359806156,0.998916745185852,0.1192693935180178,-0.4269783298494145,-0.2483055674918298,0.9999139308929444,0.1717386216395083,-0.1063453839827536,0.4072959905744994,0.6169772148132324,0.0786919645482624,-0.199084014432955,-0.3852250591075254,0.9390487670898438,0.1699992081309533,0.090389762345098,0.2115082615209774,0.6918297410011292,0.119419843548348,0.0488484853740163,-0.4213383893264554,0.9428724050521852,0.1664962739160009,0.1431759033374947,0.1894990937506653,0.6542949080467224,0.1235924123719809,0.1068655363683165,-0.4868506672703661,0.9367213249206544,0.1652420837508794,0.1464858040047603,0.135931448434053,0.658430278301239,0.1335173633201881,0.1113186813011442,-0.4755392005163258,0.9356455206871032,0.1640391873680284,0.1288576355386964,0.1830528928349034,0.6406069397926331,0.1323852048463345,0.0933764154033382,-0.4135782471480001,0.9141124486923218,0.0370078920220778,0.0166505951988127,0.1907648756067201,0.9968024492263794,-0.0370078920220778,-0.0166505951988127,-0.1904152772467685,0.9990799427032472,0.0860007566357269,0.3619647365674405,0.0561174323986237,0.7500551342964172,0.0207780290133465,0.3818816811089495,-0.3470883959368382,0.9833558797836304,0.0233963874359361,0.7503311659135194,0.1119396506039612,0.78884357213974,0.0042059141812323,0.8032454093878816,-0.3690981355932306,0.9835165739059448,0.0046771483113194,0.8170693916484371,0.1090619528418088,0.7935373783111572,-0.0145952366265642,0.8767538864876605,-0.382839634284526,0.9571716785430908,0.1024117755581716,0.8595543686343271,-0.019878393095963,0.8471320867538452,0.0822816494824578,0.9064875635345075,-0.5848131691245607,0.9752005934715272,P2,P2/rob_DTL_1_frame819.jpg,4
0.253188464529594,-0.3761497579630794,0.0524829282693386,0.9974291920661926,0.2652433806146698,-0.4031207211152345,0.088653500123736,0.995141625404358,0.2656453076624637,-0.404279211562532,0.0884768399816856,0.9956262111663818,0.2660151226605975,-0.4058041829700206,0.0883663944912139,0.9953279495239258,0.2607822623714639,-0.4115096870064726,0.0196025583391745,0.9964535236358644,0.2579646493583986,-0.4186518104449278,0.0195657564277535,0.9967452883720398,0.2548403925924324,-0.4263622118769566,0.0193932350441527,0.996478796005249,0.2490636454294122,-0.4327598797379111,0.2375280934917749,0.991734743118286,0.2309204251093415,-0.4626154876133507,-0.0732674140264813,0.995879054069519,0.2385998550836382,-0.3671079347999282,0.1120994694065942,0.997122883796692,0.2317846428392629,-0.3777895782039148,0.0210889442894511,0.9983372688293456,0.1968531376715251,-0.3080009695572691,0.3931731363546373,0.9990127682685852,0.114091524175753,-0.4290970003684944,-0.2381387049934386,0.9999179244041444,0.1702427770442407,-0.1087169234051282,0.4540500370557433,0.6241340637207031,0.0782131522322476,-0.1952397703896309,-0.3724272607309742,0.9440290331840516,0.166899087938931,0.0884498331776256,0.2600023168374399,0.7101988196372986,0.1172922006008829,0.0399760800509413,-0.4010548020515196,0.9471452236175536,0.1625400965421848,0.1431633260521823,0.240267466285484,0.6693912744522095,0.1214101761494977,0.1001779258064622,-0.4676856380770895,0.9407225847244264,0.1614088048254736,0.1444069222048629,0.1884035449324316,0.6737437844276428,0.1320803258963656,0.107154487939703,-0.4577950390439628,0.9394528865814208,0.160771652627028,0.1267410834755031,0.231731539511239,0.6550312638282776,0.1310138724438587,0.0851831778963637,-0.39454254857074,0.9174333810806274,0.0382491800033092,0.0180251251866215,0.1948702844083993,0.9970191717147828,-0.0382491800033092,-0.0180251251866215,-0.1945716686679133,0.9990657567977904,0.08350567425299,0.3592335513438158,0.0067290536849049,0.7331832051277161,0.0100140900437728,0.3834369120520483,-0.3455758403866382,0.9837675094604492,0.0213935124940604,0.7529278066027036,0.0075033771426116,0.7755659222602844,0.0016574116778759,0.8066344200185216,-0.3737528040267763,0.9839414358139038,0.0018428894729067,0.8187994470935518,-0.0020132129550553,0.7868958115577698,-0.0167414767097064,0.8734973226324815,-0.3891746597449212,0.9583349227905272,0.1037719748399273,0.8558521900335035,-0.1519595271305706,0.8434377312660217,0.0798755210981176,0.9029235415160192,-0.5949307754468462,0.9761682748794556,P2,P2/rob_DTL_1_frame821.jpg,4
0.2512758638382055,-0.3769234269690913,0.033252267602915,0.997607946395874,0.2631016785607113,-0.4039402893675662,0.0688549503572885,0.9955312609672546,0.2633788823471212,-0.4051190621333389,0.0686481474456449,0.9959636330604552,0.2636079300746159,-0.4066668854233434,0.0684989676363169,0.995729386806488,0.2589712896093213,-0.4121055431607526,0.0036251508352308,0.9967301487922668,0.2561475058710062,-0.4191588297753522,0.0035808472610288,0.9969825148582458,0.2529615010131781,-0.4268652001053124,0.0033815872025338,0.9967667460441588,0.2467101441142223,-0.4333013887140318,0.2198086373659669,0.9923884272575378,0.2297539579878352,-0.462574406250918,-0.0825426151244405,0.9961664080619812,0.2361471563694139,-0.3681052645734858,0.0935234770704854,0.9973360300064088,0.2301385060073905,-0.3787681542514255,0.0073863911033769,0.9984537363052368,0.1958683780151119,-0.3082975407561358,0.3752098592799478,0.9990962147712708,0.1078776271653029,-0.4317959427558727,-0.241626396531018,0.9999229311943054,0.1734065534511881,-0.1159328224747505,0.3997023372918538,0.6323015689849854,0.0716324878622068,-0.1982572687631876,-0.366836702646954,0.9489653706550598,0.1661454077750164,0.0669502304756489,0.1537743022972081,0.725215494632721,0.1154186033220072,0.0253855977918409,-0.3840801615538878,0.951371729373932,0.1607732929553809,0.1219017221990511,0.1235293203784722,0.6822839379310608,0.1187741175072166,0.0860093479166264,-0.4487307213251602,0.9448423981666564,0.1588972204565164,0.1175540180872476,0.0776395512631977,0.6868335604667664,0.1310413919552684,0.0889566738351766,-0.4429455588547387,0.9434812068939208,0.1588114151151767,0.0992083107699807,0.1267876140474672,0.6671678423881531,0.130133606466482,0.0661546923823702,-0.3783773021659758,0.921554684638977,0.0384919258991367,0.0188556362029431,0.1945515724731941,0.9971917271614076,-0.0384919258991367,-0.0188556362029431,-0.1942451686037875,0.9990471005439758,0.0831445001935272,0.3575729215934416,-0.0191647584271527,0.7237868905067444,0.0054875142480903,0.381697531093471,-0.3517686280341601,0.9844990372657776,0.0215791677822439,0.7508245796806662,-0.0242569812031122,0.7666093707084656,0.0008070079909475,0.8053437175514809,-0.4014980329505653,0.984576404094696,0.0018568976317691,0.8161017811131311,-0.0340595054295983,0.7838630676269531,-0.0175365104145503,0.8707811473254272,-0.4195770870361482,0.960009753704071,0.1093483132045724,0.8515295807617306,-0.1798657365780395,0.8419370651245117,0.0792703890320367,0.8996066637402854,-0.6290030154305911,0.9772816300392152,P2,P2/rob_DTL_1_frame823.jpg,4
0.2477713384870267,-0.3778172171921674,0.0412719604827121,0.9978047609329224,0.2594527216930539,-0.4049208248123886,0.077799601800805,0.995927631855011,0.2596768867380022,-0.4063800731193522,0.0776298463809941,0.9963148832321168,0.2598387450390906,-0.4081451988071362,0.0775354671102015,0.9961225390434264,0.2553586639020279,-0.4128223815850405,0.013101789055941,0.9970150589942932,0.2525813146882972,-0.4197638401663436,0.0130513225513779,0.9972356557846068,0.2493736486472104,-0.427580725902996,0.012895606000508,0.9970545768737792,0.2429767649305372,-0.4345251431844265,0.2308586471284952,0.9930578470230104,0.2265079438565632,-0.4623029863513322,-0.0612233646836019,0.9964789748191832,0.2324470992594056,-0.3699752695250239,0.1016781011900338,0.9975653290748596,0.2265513671319627,-0.3804190458718683,0.0167173600428581,0.9985826015472412,0.1929876118246966,-0.3064203893143554,0.3675255963504054,0.999178111553192,0.1003322624695721,-0.4378668209371671,-0.2083753978396134,0.9999282360076904,0.1736210920582794,-0.1163640226203114,0.3555495614199236,0.6526545882225037,0.0653646039518437,-0.2032083108839925,-0.3268456016028383,0.9534321427345276,0.1596418431003481,0.059334729581859,0.071011799829796,0.7424598932266235,0.1126093886483152,0.0215519549134792,-0.3563039646869726,0.9551817178726196,0.1475948863874002,0.1055012421230686,0.0274592526214754,0.6977181434631348,0.1170216807442232,0.0759916891757004,-0.4219904360534136,0.9485273361206056,0.1449311860667994,0.0935082381771502,-0.0092640116672437,0.7021063566207886,0.1280775599350763,0.0741505074905232,-0.416565354797711,0.947098672389984,0.1468512084083131,0.0771650748379997,0.0472958984166875,0.6814078688621521,0.1271462655596738,0.0551805405617727,-0.3505743113593293,0.9252058267593384,0.0404099698506436,0.0195699739104736,0.1921940057809593,0.9973798990249634,-0.0404099698506436,-0.0195699739104736,-0.1919278968106752,0.9990641474723816,0.080431697330155,0.3548698870862401,-0.012659557205967,0.7207515835762024,-0.0007748748613129,0.3796691894307504,-0.3462943775838276,0.9849238395690918,0.019444359685946,0.7486251867618771,0.0015866481532476,0.7640005350112915,-0.0015470085739784,0.8035383130444859,-0.3779080666901977,0.9849886298179626,-0.0003328102540391,0.8114155910719745,-0.0060589263305879,0.7826100587844849,-0.0198875555609157,0.8670770944456375,-0.3944220949617069,0.9606935381889344,0.106925638682943,0.8517684319039813,-0.1599675285434186,0.841961681842804,0.0754766578020488,0.8950089640603532,-0.6207036982585223,0.9779958724975586,P2,P2/rob_DTL_1_frame825.jpg,4
0.2442796809556513,-0.375915239820123,0.0449127957900336,0.997971773147583,0.2558660280960269,-0.4026232355136692,0.0831867719981226,0.9962867498397828,0.2560593925055199,-0.404097736119986,0.083017551199835,0.9966316223144532,0.2561817215724261,-0.4058880164106421,0.0829208151151259,0.9964774250984192,0.251759512872576,-0.4105315208925557,0.0195570484148447,0.9972710013389589,0.2489974104739329,-0.4174327251159819,0.0195058004884934,0.9974609017372132,0.2458103029309293,-0.4251849741234095,0.0193743522379307,0.9973142147064208,0.2394612605634116,-0.4320554021122441,0.244493498198917,0.9936748147010804,0.2232200294930382,-0.4596555637771872,-0.0407502696515448,0.9967695474624634,0.2289266502914333,-0.3685707543690493,0.107719903004535,0.997772455215454,0.2231065798439553,-0.3789873459711231,0.0243615475717681,0.9986978769302368,0.191467748604367,-0.3048403277888218,0.372618648193278,0.9992515444755554,0.0955146906146507,-0.4419133662629069,-0.1764911664622862,0.9999333620071412,0.171607766835247,-0.117096503570041,0.3420232994118288,0.6626002192497253,0.0569063784631304,-0.2155128672382476,-0.300061347529147,0.9574129581451416,0.1524556384617343,0.0416812803819207,0.0269734164709157,0.7502250075340271,0.1098787437908153,0.0114483282283834,-0.353065803762509,0.958280384540558,0.1362721667111826,0.0802626094482108,-0.0247878458352291,0.7025267481803894,0.1146869916461311,0.0575716451363617,-0.4201647840475236,0.9513157606124878,0.1317729743208835,0.0645184533600651,-0.0586281234414606,0.7069252729415894,0.1245667664056221,0.0504689729570794,-0.4146983816740293,0.9497801661491394,0.1341848138591743,0.0490393004795795,0.0031626073137963,0.6841519474983215,0.1234587357523837,0.035623448435833,-0.3478393396381102,0.9273619055747986,0.0403452297272962,0.0210298235153618,0.1854394644297255,0.9975602626800536,-0.0403452297272962,-0.0210298235153618,-0.1851387711348919,0.9990811944007874,0.0786914697411175,0.3498263895518906,-0.0921801136142289,0.7170364260673523,-0.004758678289797,0.3721345906099952,-0.3589342584163302,0.9848929047584534,0.0192269568654609,0.7398950765506787,-0.1201935453676956,0.7580376863479614,-0.0026758082506705,0.7939477997828515,-0.3991772455267478,0.9845743179321288,-0.0006460423026039,0.8021410024035456,-0.132445514789055,0.7801204323768616,-0.0208335280359077,0.8573459809621935,-0.4163160736687402,0.9600694179534912,0.105829384431606,0.845375663656913,-0.3097833833103635,0.8406963348388672,0.0728638992028567,0.884994763905315,-0.6441158137680679,0.9778909087181092,P2,P2/rob_DTL_1_frame827.jpg,4
0.243036014552444,-0.3738085812521778,0.0431352298061287,0.9981187582015992,0.2549270682991856,-0.3997848728271054,0.0767825956483466,0.9965996146202089,0.2551048488569812,-0.4012996842952318,0.0765794781168944,0.9969081282615662,0.2551949935485738,-0.4031915981728136,0.0764449856109758,0.9967889189720154,0.2507212388112111,-0.4078898495269546,0.0122323486214037,0.9974936246871948,0.2479328091572618,-0.4149594599417932,0.0121796903229739,0.997655987739563,0.2447373442116202,-0.4229087164450332,0.0119909052676037,0.997539758682251,0.2386056884476912,-0.429785925905839,0.2321085011500271,0.9942103624343872,0.2224190065662638,-0.4580553703982781,-0.0518485317795929,0.9970185160636902,0.2267702614156272,-0.3667250425308648,0.1002204587752492,0.997954487800598,0.2211746291729154,-0.3771785393292422,0.015874595357532,0.9987990260124208,0.1917784625467882,-0.3027301840211166,0.3674021658524539,0.9993181228637696,0.0928154227313534,-0.4449370684798151,-0.1778627326409529,0.9999380111694336,0.1708973358049146,-0.1190179844030761,0.3385264507278829,0.675773561000824,0.052586753650546,-0.2133307865916577,-0.2879039992185369,0.9610223174095154,0.1494954115166035,0.0289099735678249,0.0268162641583768,0.7615436315536499,0.1065741672139819,0.0008479829817575,-0.3480865677816302,0.9613550901412964,0.1322776023999619,0.0626342965474852,-0.0238877620247971,0.7123201489448547,0.1129843891074008,0.0403448536497218,-0.4180303487301475,0.9543277025222778,0.127413249502771,0.0439945890133608,-0.0620102208248174,0.7168071866035461,0.1220544849813459,0.0292786843889075,-0.4139691660025788,0.9527742862701416,0.1298131572661802,0.0295524058900583,0.0017121347754226,0.6927186846733093,0.1208118378124042,0.0165940632180012,-0.3437237636843515,0.9304064512252808,0.0414455791616982,0.0233912497999939,0.1831253723826796,0.99771249294281,-0.0414455791616982,-0.0233912497999939,-0.1827721470700377,0.999100148677826,0.0783306760876444,0.3543053187166349,-0.0491958111955983,0.7190179228782654,-0.0111503014225935,0.3758699706104026,-0.3575588759467338,0.9853361248970032,0.0181625548983476,0.7438456193424803,-0.0385551987380558,0.7589545845985413,-0.0042611534133809,0.7997417299602436,-0.3936065442598038,0.985015869140625,-0.0016026636123801,0.8045508886988586,-0.0468820469798412,0.7805736064910889,-0.022077706685985,0.8633536032975535,-0.4096003493754866,0.9611223340034484,0.1042137085670471,0.8513769899538971,-0.211016373541748,0.8421424627304077,0.0706509885469791,0.890162392345798,-0.6315601111285837,0.9785756468772888,P2,P2/rob_DTL_1_frame829.jpg,4
0.2430866158478289,-0.3730706025397962,0.0111874788754175,0.9982215762138368,0.255012797598114,-0.3990038452922702,0.0507288016178338,0.9968627095222472,0.2551764137266056,-0.4005126728003139,0.0505606178004329,0.9971396327018738,0.2552186567502764,-0.402396331555203,0.0504595779301653,0.997056484222412,0.2508200263223267,-0.4070944641571127,-0.010541039537104,0.997670590877533,0.2480320731466085,-0.4141633028911216,-0.0105972940544868,0.9978039860725404,0.2448607364554491,-0.4220991170557227,-0.0106957996942796,0.9977219700813292,0.2386024627339201,-0.4289947507540263,0.225978903950224,0.9946750998497008,0.2229069765831731,-0.4572187920784861,-0.0565532420778606,0.9972148537635804,0.2267020241759744,-0.3659980491840739,0.0800847713254159,0.9981065988540648,0.2211342381603765,-0.376421364098367,9.46089335354557e-05,0.9988828897476196,0.1922588422378033,-0.3011125920526956,0.3621274565520088,0.999373972415924,0.091843287577609,-0.4467416583426248,-0.1722157153211142,0.9999416470527648,0.1706738665537696,-0.1183395546793144,0.300493610814747,0.6826851963996887,0.0471898199610796,-0.2194126837693283,-0.2950235927787798,0.9642747044563292,0.140565302608906,0.0068710135311335,-0.0443276445401669,0.7654838562011719,0.1035389036220101,-0.0197740544054857,-0.3504054062228566,0.963869035243988,0.1199546808389467,0.0349563180539261,-0.1041548829272949,0.7148139476776123,0.111778884834351,0.0132903981711613,-0.4335736267216263,0.9566801190376282,0.1155122524293998,0.0130721857421381,-0.1386018766720497,0.7193414568901062,0.1202721514156134,-0.0007273747634104,-0.4322166667710738,0.9551212191581726,0.119375459011314,5.494184673742008e-05,-0.0689789918561599,0.6931722164154053,0.1187399995386718,-0.0111683989207556,-0.3510066134278394,0.9326120615005492,0.0412070329522011,0.0233838028453754,0.1796064735391906,0.9978193640708924,-0.0412070329522011,-0.0233838028453754,-0.1791622306982359,0.9991048574447632,0.0798355569227326,0.3549920569800893,-0.0467462466158989,0.7244036197662354,-0.0130976265815472,0.3756175372369021,-0.3595950131989126,0.9859753251075744,0.0183963184893037,0.7428588616697889,-0.0251780839144457,0.7627424001693726,-0.0039987902744525,0.7992279870106612,-0.3913766902760854,0.9855772256851196,-0.0011626334030118,0.8034842524017818,-0.0333134537125314,0.7828975915908813,-0.0211347721710273,0.8639463725514891,-0.4076196943900742,0.9622877240180968,0.1042111637655802,0.8508290930294815,-0.2111985321358781,0.8438279628753662,0.0708657821235399,0.889157596506744,-0.63937131485263,0.9792920351028442,P2,P2/rob_DTL_1_frame831.jpg,4
0.2545510179835746,-0.3870759489659354,-0.3470285205118085,0.9981393814086914,0.2780466789213727,-0.4544975753510247,-0.3115215526018187,0.9964458346366882,0.278863716807956,-0.4541417731379568,-0.3117865648906125,0.996556043624878,0.2796874692916139,-0.4537223965483318,-0.3119028559973932,0.9967214465141296,0.2714863747157587,-0.4623382246413668,-0.3743007137127447,0.9972070455551147,0.2671796035793816,-0.4685983720713711,-0.3743120356663226,0.9971816539764404,0.2628761183096579,-0.4747483001047154,-0.3744782576598598,0.997164785861969,0.2396637562228993,-0.4216741961665206,-0.1225329497904885,0.9944211840629578,0.2262219900622328,-0.4358559252111806,-0.4058611057602773,0.997068166732788,0.2425758912605133,-0.3865865691302139,-0.271954842867506,0.9982516169548036,0.2386908539659256,-0.3944872212029244,-0.3539869503216253,0.9989705085754396,0.1968370560349742,-0.3096884318845215,0.1213600382589535,0.9994166493415833,0.1205078023116415,-0.4246767639689899,-0.5112493141092754,0.9999405741691588,0.1822048060993647,-0.1015752815410781,0.2035405990255219,0.6872039437294006,0.0850530153927471,-0.1618858638966719,-0.6047905445346989,0.9673427939414978,0.1772462904554524,0.0992254582925167,0.0180402305105495,0.7673165798187256,0.1370834280771501,0.0780260466904511,-0.6331137864734553,0.9659714102745056,0.1743520133887814,0.1547318893050294,-0.0150623658625103,0.714841902256012,0.1344190188124572,0.1411426877362576,-0.7094933996748473,0.9583252668380736,0.1658019026288166,0.1455266053071084,-0.0663454738046161,0.7200800776481628,0.1497449437713759,0.137298652342955,-0.7147312854161915,0.9567734599113464,0.1644291246864876,0.127495769205398,-0.0108090414009191,0.6944551467895508,0.1509802867693277,0.1193061037309463,-0.6340309004292031,0.934683322906494,0.0335151255469514,0.0207105317895305,0.1964372339235318,0.997956156730652,-0.0335151255469514,-0.0207105317895305,-0.196510469462369,0.9991278052330016,0.0825318270550168,0.3802387747788214,0.1459535983213406,0.7108834981918335,0.0065547325186797,0.3804887863720231,-0.3392378735401068,0.9857322573661804,0.0268916041241993,0.7329101283810773,0.3281825394684348,0.7610587477684021,-0.0141653711432762,0.7850289737375901,-0.2696039838566299,0.9861950278282166,0.0038250345122192,0.7831271712640462,0.3350261782410301,0.7823566794395447,-0.0463798649505083,0.8471708552974447,-0.271006459604637,0.963147521018982,0.1045159893322009,0.819806443534559,0.1870030285960927,0.8415564894676208,0.0443682002397233,0.8673542197847385,-0.4831284386972449,0.980202317237854,P2,P2/rob_DTL_2_frame25.jpg,4
0.2709863100456,-0.3875649967351918,-0.1430294839218186,0.9978423714637756,0.2799647308180277,-0.4274011140072247,-0.1105657965132838,0.9962878823280334,0.2791927437718193,-0.4302860655983015,-0.1107841321353691,0.9963893294334412,0.2781640467474398,-0.4338144349643825,-0.1108976838014229,0.996679186820984,0.2757220877230344,-0.4323327455411268,-0.1732091114421456,0.9970202445983888,0.2718612953635176,-0.4388152796226162,-0.1732503964636768,0.9969364404678344,0.26727465804068,-0.4470508557169751,-0.1734118580400974,0.9970284700393676,0.2549337222620247,-0.4547062986887115,0.0398109168020346,0.9941143989562988,0.2385174262956874,-0.4767120722932793,-0.2474326338431063,0.996871292591095,0.2520843415026478,-0.3800651940089855,-0.0823702517718645,0.9981813430786132,0.247294279021816,-0.3875686395312093,-0.1634401682202442,0.998945415019989,0.2082755051777775,-0.3071312749687327,0.1867128312809405,0.9994285702705384,0.1111861343184225,-0.4263155607940237,-0.3824266900978289,0.9999406337738036,0.1816746658203711,-0.1064443567416653,0.2401162566104847,0.6654888987541199,0.0695406902636819,-0.1709045608263397,-0.4683339985900023,0.9698150753974916,0.1757070516700545,0.0845102962194803,-0.0210575283552232,0.7482922077178955,0.1301563160024859,0.0600162786528736,-0.4765466107839767,0.9676597118377686,0.1720958265514197,0.1473696700229165,-0.0621916260795409,0.6981607675552368,0.1352492305443764,0.1370184151435193,-0.541304131308311,0.959864616394043,0.1675669025458783,0.1382559658062328,-0.1048357498052035,0.7038567066192627,0.1551035402500874,0.1235152131531779,-0.5458941257176744,0.958264946937561,0.1661114983958466,0.1173520308558851,-0.0488912688997889,0.678171694278717,0.1555609611460829,0.101381441696389,-0.4753139886099928,0.9359259605407716,0.0400156142601085,0.0267139803160661,0.198499579930176,0.9979915618896484,-0.0400156142601085,-0.0267139803160661,-0.1982901013023292,0.9991256594657898,0.0849335748312337,0.3738514411316857,0.0910621952084687,0.7064123749732971,0.0049012749004233,0.3804077596893718,-0.3897226391018036,0.9863864779472352,0.0194662447887929,0.7442573686498443,0.1733101276042571,0.7620803713798523,-0.0186581869192744,0.7999904334599224,-0.3992940856376608,0.9869447350502014,-0.0155785243096961,0.8008299908008859,0.1708650436322877,0.7813299298286438,-0.0451218857207297,0.8629305201947256,-0.4118683032161789,0.964347004890442,0.1017207931449953,0.83664567553499,0.0273890493456827,0.840430498123169,0.0608766213593485,0.8950556954262856,-0.6333063018156068,0.9812289476394652,P2,P2/rob_DTL_2_frame26.jpg,4
0.2522810818299648,-0.3847601235429386,-0.1780506903764213,0.9977923631668092,0.2645647339136889,-0.4169686640461454,-0.1422403799739452,0.996396541595459,0.2646029211421477,-0.4186726287218965,-0.1424736537488939,0.9964881539344788,0.2643423494656054,-0.4210201605125558,-0.1426042028263318,0.9968165159225464,0.2588091323773052,-0.4258830653866043,-0.2053758635476831,0.997082769870758,0.255255614217304,-0.4334741809850106,-0.2054608546999928,0.9969833493232728,0.2511862876846647,-0.4423114357003294,-0.2056153585416064,0.9971268773078918,0.243849285628576,-0.4470888404930124,0.0303177133112675,0.994248867034912,0.2260241331974374,-0.4758576523533719,-0.2510467884755568,0.996964395046234,0.2326583217768177,-0.3751195330877626,-0.1087306921426108,0.9982112050056458,0.2265135474562879,-0.3852487656335666,-0.1906172719165851,0.998975157737732,0.2054823525652787,-0.3058594129897524,0.198347342696488,0.9994582533836364,0.0950484679151392,-0.435545487143344,-0.352926997190095,0.9999414086341858,0.1821999363200906,-0.113139000524933,0.1988974423579168,0.6645443439483643,0.0565435273313456,-0.1887732991026703,-0.4224513041158711,0.9723272919654846,0.1574162846561166,0.0447618898879211,-0.0848490558074756,0.742759108543396,0.1159210173349778,0.0140295946319353,-0.433879779893163,0.9694992899894714,0.1466964838143131,0.0945761466528508,-0.1340961637876089,0.6912581324577332,0.1236512636076586,0.0749807634730474,-0.4959882885055985,0.9615755677223206,0.1431065333536316,0.0757491410515582,-0.1700538003770848,0.6969988942146301,0.1384144882480917,0.0633695997140202,-0.5028282248177228,0.9599649906158448,0.1435341741546811,0.0566608618026119,-0.109183507382642,0.6705619096755981,0.1376917387918203,0.0441617045876957,-0.4324404232278446,0.9376795887947084,0.0433904138290727,0.0297509396422838,0.1879918122136546,0.9980522394180298,-0.0433904138290727,-0.0297509396422838,-0.1877080228426036,0.9991341829299928,0.0783740567268773,0.3599404607609511,0.0705402214547548,0.7058611512184143,-0.0105235648176187,0.3606598407558879,-0.3769922516186881,0.9867786765098572,0.0149217648159371,0.72549051306712,0.1266743460719884,0.7629521489143372,-0.0252931773951653,0.7797813800035086,-0.4213082143581085,0.9872744679450988,-0.0159099997465304,0.7967457754578794,0.1254784329880948,0.78133624792099,-0.0509058569416729,0.8483744871514904,-0.4396028450685345,0.9647285342216492,0.1018799103768159,0.8144317972147436,-0.035996993038567,0.8400991559028625,0.0684270558815862,0.873242656137274,-0.6694130594551716,0.9816628098487854,P2,P2/rob_DTL_2_frame27.jpg,4
0.2535670206072711,-0.379161309694193,-0.0799333218877899,0.9979546666145324,0.2646963205929291,-0.4053493160908152,-0.0338143592461381,0.9967189431190492,0.2643644225411683,-0.4068650433896988,-0.034014360105454,0.9967985153198242,0.2637529663208093,-0.4090104290992802,-0.0341050018617775,0.9971053004264832,0.2602211918950152,-0.4135505361823277,-0.0942295540001559,0.99733567237854,0.2569673271375622,-0.4209734580899614,-0.0943066729028079,0.9972372055053712,0.2532554540586811,-0.4298677351645588,-0.0943872261809955,0.9973809719085692,0.245015013398552,-0.4347913246199119,0.1613784902301083,0.9947670698165894,0.2301375733283569,-0.4687393025392322,-0.1025108551432198,0.9972295165061952,0.2356726876915797,-0.3713401375994505,1.588726736835242e-05,0.9983648657798768,0.2302184872159758,-0.3825524120980487,-0.0783601632440122,0.9990637302398682,0.2047710008723405,-0.2938576032657454,0.3031810399072719,0.9995012283325196,0.1016779847320804,-0.4451207585433276,-0.2157385932859045,0.9999462962150574,0.1723292026879148,-0.1068136812205124,0.1986634791385985,0.6641924977302551,0.0416492216203594,-0.2193135893278142,-0.3416072718062435,0.9745988845825196,0.1487457580099842,-0.012203572653195,-0.1868587576882309,0.7399167418479919,0.1105738416194241,-0.0323575872962926,-0.4061974351293327,0.9711840748786926,0.1333315250435741,0.0137480800190669,-0.254829084929095,0.6888871788978577,0.1183092230132872,0.005967570930666,-0.4699611846672895,0.9631770849227904,0.1298437106246358,-0.0144069306218173,-0.2742910557298906,0.6937205791473389,0.1296806464742053,-0.0076346168156484,-0.4715462863519923,0.9615583419799804,0.132214322681842,-0.0263266864807499,-0.2065800753575978,0.6646963953971863,0.1280023358374661,-0.0216095029950867,-0.4036537992326428,0.9393154382705688,0.0421445959476149,0.0288422978730694,0.1836548974385763,0.9981961846351624,-0.0421445959476149,-0.0288422978730694,-0.1832973102578092,0.9991979002952576,0.0868706059228116,0.3534172993668136,-0.0268014202110365,0.7103310227394104,-0.0160988413856774,0.351580457955351,-0.4361499292380416,0.9874799847602844,0.01938739333604,0.7092581688615925,-0.0203496989216622,0.7645236849784851,-0.0178168534036081,0.7684034732105346,-0.5276993223280285,0.9877102375030518,-0.0094081283422345,0.7842439121809132,-0.0304083859962132,0.7857431173324585,-0.0426411379625526,0.8394299310373893,-0.5500803577871887,0.965678095817566,0.1027271864582075,0.7929591209150841,-0.2052362385542711,0.8417727947235107,0.0709561905033961,0.8538353505339709,-0.7891032788137505,0.982399880886078,P2,P2/rob_DTL_2_frame28.jpg,4
0.2421161142755626,-0.2439529023217421,-0.5943068044278179,0.9981287717819214,0.2538296919057178,-0.2638820197093737,-0.5557213972834565,0.9970124363899232,0.2539739843222949,-0.2647687510260886,-0.5560211726781155,0.9970723390579224,0.2536682845127218,-0.2664349598072938,-0.5562829440482137,0.9973676800727844,0.2465622340727345,-0.273630490854763,-0.6490673124782833,0.9975598454475404,0.2419381185208068,-0.2810486482493418,-0.649086709451558,0.997449517250061,0.2368991183866647,-0.2894060228883198,-0.6492020819464429,0.9975926876068116,0.2264829437381665,-0.3028843301254758,-0.3097404580251932,0.9952312111854552,0.2023373105447048,-0.3375595575996266,-0.7325119943920441,0.9974445104599,0.219676273731844,-0.2463103367274933,-0.4893769026935148,0.9985212683677672,0.210700126868493,-0.2575196588793395,-0.6117801860066773,0.9991503953933716,0.1728317055824157,-0.231589504144608,0.0567991485925691,0.9995471835136414,0.0612195904395435,-0.3413490766860844,-0.81773812592823,0.9999490976333618,0.1924136961406295,-0.0057310156806766,0.2020671572246169,0.677112877368927,0.0857058994328496,-0.0484198481328391,-0.8445258726352095,0.9767504334449768,0.218855457016619,0.2152454477020617,-0.0885264146332562,0.7503679394721985,0.1774747792620689,0.2061414212456736,-0.8737974851506648,0.9735420346260072,0.2342111893978105,0.2758956579837948,-0.1706188378717099,0.6977769732475281,0.1959963434351941,0.2690081526273096,-0.9749174175959172,0.9660662412643432,0.2332096560854246,0.2691261143109347,-0.1605969659491685,0.7028432488441467,0.209037604389901,0.2655470655498735,-0.9980446658079036,0.9645741581916808,0.2247240507769701,0.2541739442967882,-0.0965010172130827,0.6752108335494995,0.2043789078086963,0.2521932587950258,-0.8808902824550662,0.9438751339912416,0.0464429147605224,0.0391839485889162,0.2626310465868222,0.9982959032058716,-0.0464429147605224,-0.0391839485889162,-0.2626210189660229,0.9991915822029114,0.146729830584282,0.4239432759254942,0.1714173063773418,0.6834563612937927,0.0587503381878559,0.4213396052820864,-0.4427491681299466,0.983963668346405,0.1479350321160519,0.7614533317471709,0.3718978175188236,0.7521882057189941,0.1293728747296256,0.8191062269278633,-0.4503914439465021,0.9870323538780212,0.1348792014891115,0.8082555951856564,0.3778170979401073,0.7794411778450012,0.122649717031316,0.8683675175167398,-0.4516934986909806,0.9645307660102844,0.2543690330856854,0.9008421759267012,0.1629586242433308,0.8277966976165771,0.2342563904893781,0.9721748523361876,-0.72884666859601,0.980801284313202,P2,P2/rob_DTL_3_frame10.jpg,4
0.3692520790657351,-0.3318309195632489,-0.62858165096146,0.9983044266700744,0.3879379135364057,-0.3520668691097829,-0.5969999418472257,0.9972904920578004,0.3883076884140019,-0.3553183311817209,-0.5970615871352273,0.9973408579826356,0.3885153356999019,-0.3591778685729327,-0.5969937434207809,0.9976133108139038,0.3850235877528157,-0.3540968537704472,-0.7066078788751636,0.9977853894233704,0.3833702543490848,-0.358418755034274,-0.706758723393722,0.997684895992279,0.3814881602693764,-0.3631358059839554,-0.7069797360366435,0.9978155493736268,0.3649981183667678,-0.3955430195950968,-0.3780775487559481,0.995675265789032,0.3533326797976988,-0.4027085700534812,-0.8773960766456879,0.997685968875885,0.3432292446927134,-0.3301635428496041,-0.532133360677435,0.9986630082130432,0.3381392712270069,-0.3339048985241091,-0.676855480365444,0.9992311000823976,0.2776488275524348,-0.3186214674943481,-0.0271061819090449,0.9995861649513244,0.135426707580348,-0.3664833436657874,-1.0018507946154762,0.999952495098114,0.2589515647330067,-0.1073672300807545,0.1356079873412544,0.6870737075805664,0.0981492256658434,-0.1131199024987795,-1.0540022240127338,0.9788893461227416,0.2328159964790206,0.0941405144257009,-0.0571923844475833,0.7601445913314819,0.1621557267412148,0.1079550152384631,-1.0484926945570463,0.9758873581886292,0.2362330727575299,0.1511794030746645,-0.1074219505642123,0.7034629583358765,0.1665489583343632,0.1659707855801648,-1.1620792465592251,0.968792200088501,0.2291290949493371,0.1517549850803099,-0.1573619702642793,0.7090486288070679,0.1847462308956483,0.1609959672557525,-1.174449659285974,0.9674301743507384,0.2242584876695277,0.1339178507805077,-0.0894065086005587,0.6825801134109497,0.1841586394387661,0.1435551448467632,-1.0504827768474725,0.9481356143951416,0.05613357941158,0.0136738982253996,0.2940383145135389,0.9984025359153748,-0.05613357941158,-0.0136738982253996,-0.294179764542017,0.9991780519485474,0.1074545165156507,0.32557891062737,0.2619488671081055,0.671833336353302,-0.0095322113679339,0.3391217944563138,-0.2608306564499059,0.9809687733650208,0.0166364313021598,0.6493853860553768,0.4883707750950833,0.7503880262374878,-0.0115899436719799,0.680272048179284,-0.0298173397383454,0.9851805567741394,-0.0016090727648986,0.6903992116355032,0.493924904166049,0.780271589756012,-0.0189951262652236,0.6988058275012311,-0.0250523780998843,0.9592695236206056,0.1464881385474975,0.7314708569123098,0.2891542934515014,0.8300092220306396,0.1318696340295586,0.7367675091597844,-0.3037575198167581,0.9785118699073792,P2,P2/rob_DTL_3_frame11.jpg,4
0.3794163704146268,-0.3298524437993071,-0.5012274858506859,0.9983855485916138,0.3976565534403867,-0.3528912749653497,-0.4600121901448632,0.99744713306427,0.3987740558880578,-0.3548402777148881,-0.4602340493292071,0.997483730316162,0.3996567762312086,-0.3571513816310508,-0.4602868257805849,0.9977461099624634,0.3902677559196192,-0.3582029724694277,-0.5600467230013162,0.9979005455970764,0.3864238946262453,-0.3640542018908744,-0.5602116081434222,0.9977961778640748,0.3822213987160024,-0.3707131609872944,-0.5604822820079949,0.9979299902915956,0.3745748030868966,-0.3836755338014829,-0.1987460935508227,0.995940625667572,0.3469612581783743,-0.4097189203265898,-0.6476897789825456,0.997840702533722,0.3550985474626491,-0.3243655322497704,-0.3893619016627949,0.998756229877472,0.3451699716517198,-0.3312741300925196,-0.5204230216906616,0.9992887377738952,0.3042846820498203,-0.2829005506336763,0.1338442642600384,0.999607503414154,0.1395210342591024,-0.3827093096985786,-0.7472284301501823,0.9999558925628662,0.264346161424647,-0.1062198952267697,0.2057184098795516,0.673299252986908,0.0531540458993886,-0.167065766975882,-0.7979738135188641,0.9806037545204164,0.2031222706784011,0.0299023166980296,-0.1405801949102104,0.7419112324714661,0.1349095798056099,0.0123976553516582,-0.8678977537083116,0.9773455858230592,0.1757007773427208,0.0814894349440469,-0.2009903425788461,0.6850488185882568,0.135772349801189,0.0663232561823144,-0.9786577443439496,0.9703192114830016,0.1765621795839745,0.0651033608160185,-0.2755447678724838,0.6900714039802551,0.1579814728951697,0.0591889081299856,-0.9976996200600748,0.9690205454826356,0.1823193876865459,0.0440996537580629,-0.1835599172775762,0.6639024019241333,0.1584825897815758,0.0393404818374434,-0.8711992296658106,0.9502719640731812,0.0610231610080299,0.0171156059867512,0.2919614042350902,0.9984495043754578,-0.0610231610080299,-0.0171156059867512,-0.2915508892817464,0.9991940259933472,0.1249883144057295,0.310551355056576,0.160482187650163,0.668131947517395,-0.0215444416558517,0.3192412170882516,-0.4625768238325907,0.9809529185295104,0.0164225318553876,0.6253271844204834,0.3294831737134608,0.7480209469795227,-0.0275783606076037,0.6864740092850928,-0.3861746331914541,0.9854717254638672,-0.0214091283055365,0.6659631654236495,0.328686268163234,0.778300940990448,-0.0658708596482525,0.7388811669950106,-0.4032933519983938,0.960746169090271,0.1319084438323588,0.7195157466350506,0.0949676574811018,0.8280054330825806,0.1033781733783235,0.7757732742623729,-0.7949062707149249,0.9788366556167604,P2,P2/rob_DTL_3_frame12.jpg,4
0.2265751655208134,-0.400995342377235,-0.5235715053621929,0.9984833598136902,0.2380174760909345,-0.4321926952860113,-0.49661374635099,0.9975700974464417,0.2379113346863104,-0.4351751351801235,-0.4967895013099536,0.9976033568382264,0.2376870300529181,-0.4390110218378441,-0.4969449630187592,0.9978621602058412,0.2348049775279421,-0.4381051722510428,-0.5633168376153859,0.9980096220970154,0.2323938311572662,-0.44461771291695,-0.5634598664975125,0.9979069828987122,0.2298667820717637,-0.4520508992609129,-0.5636205171133204,0.9980348348617554,0.220656934520294,-0.4771388022398325,-0.3225943483413603,0.9960366487503052,0.2098007135648636,-0.4919070480725638,-0.6244259788792561,0.9978838562965392,0.2089411017632326,-0.3967087914400554,-0.4490452890988987,0.9988305568695068,0.2051401503209739,-0.404796499320761,-0.5372558347599007,0.9993340969085692,0.1839166986759466,-0.3536215462007103,-0.0875933418700403,0.9996375441551208,0.0650965851063154,-0.406636557669268,-0.6678569763636834,0.9999583959579468,0.160058207029386,-0.1193562663763382,-0.0027352266858381,0.697120726108551,0.0539142336394845,-0.1294095938799463,-0.7429004393170816,0.982064962387085,0.117451834755811,0.0853595752027237,-0.1780127114820255,0.7578234672546387,0.0867840586131841,0.1179004953979126,-0.8109354356709638,0.9786670207977296,0.1099274058491122,0.1534109089073661,-0.2105015242620934,0.7002435922622681,0.0839252277314269,0.1840961526577239,-0.9030496320326192,0.9717857241630554,0.1060372668567919,0.153983435438407,-0.2718050183496291,0.705106258392334,0.0932771794093198,0.1863950953363867,-0.9160524164769182,0.9705090522766112,0.1052373531733473,0.1291461412551098,-0.2080721396539337,0.6789922714233398,0.094880603048389,0.1620386741188597,-0.8163281485553654,0.9519792795181274,0.0412694324030367,0.0078553886978837,0.1873496230359088,0.9985321164131165,-0.0412694324030367,-0.0078553886978837,-0.1873257720450585,0.9992570877075196,0.1058601247642732,0.3319637676269842,0.1796797377633621,0.69386887550354,0.0017248235127993,0.3583336902627232,-0.4862989698599028,0.982450783252716,0.0563003088555347,0.6862200044921309,0.3879517659313526,0.7655796408653259,-0.0088945572319257,0.7840392242893541,-0.5021044833399524,0.9867079854011536,0.0369171210602818,0.73112840196338,0.3977131531969277,0.7908020615577698,-0.0356887372342599,0.8545602722258879,-0.519999019953992,0.9635556936264038,0.1370200764423785,0.7680485541673563,0.2660358271433084,0.8396696448326111,0.0703616303283303,0.8851618769604046,-0.7650195168608559,0.9806699156761168,P2,P2/tom_DTL_1_frame25.jpg,5
0.2216350882593497,-0.3928464302495231,-0.3342600504188082,0.9984132647514344,0.2327867971888314,-0.4231646111515707,-0.308925362324382,0.997361183166504,0.2326666712408007,-0.4260492422852009,-0.3091007261037456,0.9974260926246644,0.2324169701069863,-0.4297734482455694,-0.3092205504803586,0.9977002143859864,0.2299254875781661,-0.4289336723712195,-0.373166658593165,0.9978705644607544,0.2277242172769312,-0.4352901947124509,-0.3732914337672178,0.9977719187736512,0.2253644209338182,-0.4425542459731977,-0.3734833337126493,0.9978936314582824,0.2161190454591094,-0.4659330675075019,-0.1545120760473069,0.9953797459602356,0.2059136676382141,-0.4814086068994467,-0.443707605860001,0.9975606799125672,0.2052598608047484,-0.3884171503146884,-0.2674192336608317,0.9987128376960754,0.2015050956073913,-0.3962043274612524,-0.35211476211745,0.9992817640304564,0.1830859176077627,-0.345907442235101,0.0537538486485788,0.9996486306190492,0.0672638963259883,-0.4139115958676148,-0.5186341805989668,0.9999598860740662,0.1554614731319728,-0.1245027545388361,0.135465905939432,0.7070422768592834,0.050468780934212,-0.1450630896037813,-0.5859423073995438,0.9830439686775208,0.1087836459652358,0.0827592389076921,-0.0188880493025892,0.7633736729621887,0.0758107318736133,0.1007924054927284,-0.634790141963886,0.9793119430541992,0.1014718458966944,0.1494813119199688,-0.0385694733190064,0.703808069229126,0.0713035459892189,0.1598869331621839,-0.7126226086214263,0.9723544120788574,0.0991905586459763,0.1496345102001351,-0.0959352082817237,0.7088558077812195,0.0826597203398675,0.1604591146652723,-0.7235762353914148,0.9710598587989808,0.0982085415863013,0.12515977813409,-0.0467862420913822,0.6825027465820312,0.0839467266265928,0.1375710503512909,-0.6380694295594145,0.9521492719650269,0.0406138291006262,0.0087698978728802,0.1835262244430078,0.9985299706459044,-0.0406138291006262,-0.0087698978728802,-0.1834751834805705,0.9992987513542176,0.103250011498966,0.3248776609966803,0.1739760733543362,0.7139661312103271,0.001891556455308,0.3491732596406411,-0.4756645761074629,0.9837894439697266,0.0537866696711998,0.6766504662574664,0.3273689676088402,0.7784014940261841,-0.0090115571022239,0.7634855433985072,-0.5170820427742241,0.987796664237976,0.0343205362332955,0.7216467311993857,0.3306533065256145,0.8002926111221313,-0.0354216740029423,0.8322106537668168,-0.5381247413217007,0.9662203192710876,0.1321082851681689,0.7612547190983426,0.2114115658914923,0.8490654826164246,0.0674754989373728,0.8615028887060183,-0.7694863622526202,0.982348382472992,P2,P2/tom_DTL_1_frame26.jpg,5
0.2171428919946504,-0.3840549227113764,-0.2201897095634332,0.9983052611351012,0.2285597356932638,-0.4108250904782121,-0.1931265185275699,0.9971532821655272,0.2284993742131276,-0.4136621791603473,-0.1933003922985535,0.9972149133682252,0.228333454479551,-0.417316377928268,-0.1933908477924933,0.9975290298461914,0.2264080322905083,-0.4170273564568766,-0.2576794666407236,0.9977535009384156,0.2245674531671415,-0.4236509634077238,-0.257791318743078,0.9976401925086976,0.2224082169688354,-0.4310890043196214,-0.2580089273303343,0.9978023767471312,0.2133017609581961,-0.4543241104271139,-0.0418476682427131,0.994510054588318,0.2035556120201358,-0.4709287705983252,-0.3338211375193895,0.9972324967384338,0.2016566537312513,-0.3803832795748121,-0.1558270264852656,0.9985321164131165,0.1982704638997649,-0.3882013301990946,-0.2413767873227228,0.9992196559906006,0.1822745725479246,-0.3402661874809666,0.148463446266229,0.9996432065963744,0.0686977573597106,-0.4193474574864819,-0.4227962389020505,0.9999620914459229,0.1498412292629518,-0.1407063765954011,0.2277338290863584,0.7014960050582886,0.0392478966914563,-0.1755267240283569,-0.5022980073960355,0.9839971661567688,0.0941944862155599,0.056349770926877,0.0667927406217731,0.7594478130340576,0.0550001615766711,0.0651223060400137,-0.559777747213378,0.9800877571105956,0.0870120647737304,0.1216178762070885,0.0510486868553926,0.6989747881889343,0.0517489673707111,0.1240315424866916,-0.6333602746983685,0.9731590151786804,0.0838370905648554,0.1168460484572032,-0.0038249252272764,0.7036789655685425,0.0643153553166486,0.1188287595387233,-0.6388823589735272,0.9718475341796876,0.0831529937899777,0.0909385840123807,0.0401875757680029,0.6768021583557129,0.0660129104402836,0.0986254054089121,-0.5600532393874974,0.9527701139450072,0.040030811850071,0.0105503739788249,0.1832716768010786,0.9985401034355164,-0.040030811850071,-0.0105503739788249,-0.183120265132617,0.9993435740470886,0.1106582038173889,0.3202715710804936,0.1394699078520516,0.732649564743042,0.0027060081279805,0.3426084904343002,-0.511204299188062,0.9851770401000975,0.0532942807316379,0.6687351250880113,0.2525433390218057,0.791721761226654,-0.0082738343129632,0.7541193626548157,-0.6073451210118909,0.9889058470726012,0.0331508916190393,0.7139870067384071,0.2527614927455823,0.8115801811218262,-0.0347030439654003,0.8217692189492708,-0.6314037797276794,0.9691277146339417,0.1305012722652702,0.7553032009450414,0.1296737302488044,0.8588053584098816,0.0680611370199484,0.8511255143675274,-0.8642640974281227,0.9839854836463928,P2,P2/tom_DTL_1_frame27.jpg,5
0.2141931443910734,-0.3827552259473178,-0.1463641733008494,0.9978724718093872,0.22511214917453,-0.4101998629313859,-0.1158693584063211,0.9964753985404968,0.2249027358645879,-0.4132432714348504,-0.116063357922636,0.9964908361434937,0.2246379010786659,-0.41708732059307,-0.1161593106142437,0.9968979954719543,0.223710346217932,-0.4151531208215217,-0.1777419331510171,0.9973405003547668,0.2223240301061157,-0.4210245830245987,-0.1778338558539277,0.9971636533737184,0.2207372616259922,-0.4276351281094618,-0.1780578672196035,0.9974455237388612,0.2098918924064036,-0.4503327062625323,0.0372417373536931,0.9924110174179076,0.2025226867303133,-0.4646080706958924,-0.2409411655645809,0.9965577721595764,0.1993666820471776,-0.377925473209278,-0.0830105533595694,0.99794602394104,0.1973643985995133,-0.385131044298995,-0.1644904658761568,0.9990341663360596,0.1798899780025551,-0.3352517159169884,0.2158617301643836,0.9995051622390748,0.0680780755275155,-0.4253479451587368,-0.3439098605157719,0.9999631643295288,0.1332020110625255,-0.1544672508763622,0.2790985839225823,0.6530317068099976,0.0348874295232566,-0.2003079218242124,-0.4347004896830572,0.9840036630630492,0.0694721837624924,0.0101588831691367,0.117841142996927,0.7112166285514832,0.0410373627277868,0.0274199943945725,-0.5027338092031689,0.9791533946990968,0.0614087973143291,0.0775081516772842,0.104250353108806,0.6557735800743103,0.0358678734199433,0.0860956558095396,-0.5734171811094423,0.9718418717384338,0.0597597892504599,0.0733298204354733,0.0536215685810556,0.659619152545929,0.048079981041907,0.0816179122352814,-0.5739350163942362,0.9703417420387268,0.0614290568345467,0.0467956930427253,0.0919721889802672,0.6340176463127136,0.0505181363788693,0.0633814219932132,-0.5016506066823012,0.9495684504508972,0.0392623170717944,0.0114699078909133,0.1811337956620712,0.998387575149536,-0.0392623170717944,-0.0114699078909133,-0.1808514407742302,0.9993585348129272,0.1145152335033122,0.3142636321838214,0.1028153849280055,0.7504528164863586,0.0023259974642189,0.3384947975764441,-0.5054451758584508,0.986438512802124,0.0524764917322156,0.6559353757743954,0.2239613012844741,0.8026837706565857,-0.0079855139173267,0.7399521905262174,-0.577581876135722,0.989879846572876,0.0310385102880615,0.7013241035789288,0.2251832766487556,0.8199782967567444,-0.0341747424586771,0.8064423774559051,-0.5991019670776812,0.9714363813400269,0.1281304103018875,0.7431656621176628,0.091422466866477,0.8661646246910095,0.0668015309507246,0.8347784333295496,-0.8447742663215501,0.9853828549385072,P2,P2/tom_DTL_1_frame28.jpg,5
0.2180508264136018,-0.391443415518925,-0.1362755629358745,0.9976720213890076,0.2269761937453193,-0.4185405235366168,-0.10243179930569,0.9962180852890016,0.2263400146382639,-0.4216169122656463,-0.1026522722110099,0.9961690306663512,0.2257181262293651,-0.4255289665821222,-0.1027601572605293,0.9966172575950624,0.2261628877536284,-0.4228712855875193,-0.1607113929805158,0.9972099661827089,0.224823645183519,-0.4283108891566176,-0.1607970521057762,0.996994137763977,0.2233757155349121,-0.4345145103911116,-0.1610085933247482,0.9973495602607728,0.2101828735298431,-0.4543899550580068,0.0610479728963488,0.9913228750228882,0.2045837391058122,-0.4671395909889521,-0.2006501150706051,0.9963892102241516,0.2032659811907547,-0.385197311052496,-0.0704368582936601,0.99758380651474,0.2020790755186826,-0.3916178203658164,-0.1470267856922805,0.9989449977874756,0.1813338425769058,-0.3303241410312206,0.2364383371986149,0.9993129968643188,0.0667352758241854,-0.430242563798609,-0.2905846745343921,0.9999637603759766,0.124505180083378,-0.1694662926985075,0.282004301182834,0.6002559661865234,0.0281340585747527,-0.2145337106091084,-0.3834584636199857,0.983729898929596,0.067092446062468,-0.0107281340433978,0.0974238939100739,0.6571834683418274,0.0281764445910541,-0.0194460432127595,-0.4800721867425561,0.978017807006836,0.0522971015511793,0.0602153635253875,0.0802266245085649,0.6084231734275818,0.0209472956364612,0.0361949358836263,-0.5484780160165643,0.9704514741897584,0.0520376330247839,0.0506120143641155,0.0321611250618949,0.6115685105323792,0.0313268144173436,0.0314263146184547,-0.5533421030340478,0.968799352645874,0.0550692053466691,0.025973684154438,0.0716325376766753,0.588016152381897,0.035438452429844,0.0159027277949789,-0.4814714113586699,0.946862518787384,0.0393660612477148,0.0121853963928417,0.1809273354045109,0.9982379078865052,-0.0393660612477148,-0.0121853963928417,-0.1806109835804359,0.9993655681610109,0.117091126993452,0.3138457022533593,0.0949659059790835,0.7639050483703613,0.0001559824843017,0.3408259570793212,-0.4959209598608211,0.9875168800354004,0.0501373590324837,0.654892727683757,0.2112127030417341,0.8101603388786316,-0.0090479076380199,0.738684243404811,-0.5501635892817968,0.9907041192054749,0.0287845283799648,0.7006707918768419,0.2117196582676689,0.8258646130561829,-0.035449146149553,0.8051171300003143,-0.5694254088686593,0.9732944965362548,0.1265946356988949,0.7439381651135066,0.0787019309651828,0.8711019158363342,0.0653311904263856,0.8319867534351043,-0.8064139379463054,0.9865455627441406,P2,P2/tom_DTL_1_frame29.jpg,5
0.2111241240075779,-0.3854244542177891,0.105107519674659,0.9978815913200378,0.2187574662767696,-0.414433308903317,0.1251076397073405,0.9965760111808776,0.2178598777569495,-0.4188603758202508,0.1249432519517673,0.9965314865112304,0.2171456655227939,-0.4242932963163652,0.1249290866488016,0.9969383478164672,0.219130306416315,-0.4155438686558239,0.0694290550098056,0.9974696636199952,0.2184123479863337,-0.4201338950911724,0.0693359444832459,0.997270166873932,0.2176816524905453,-0.4257259352549803,0.0691658028050217,0.9975913763046264,0.2016093485398611,-0.4540100883580409,0.2191399294568421,0.992157518863678,0.2001905705258009,-0.4571236453636145,-0.0325828045244935,0.996715784072876,0.1966720497514771,-0.3798793351566971,0.1448634843584673,0.9977975487709044,0.1971844356855271,-0.3842170553031898,0.0708693502361394,0.9990338683128356,0.1487431267035195,-0.348421404950166,0.312608896715927,0.9993407130241394,0.0813913021584377,-0.4177627404433423,-0.1782505532259905,0.9999658465385436,0.0936856612738735,-0.2157272153008683,0.20174933919512,0.5614109039306641,0.0368621454771316,-0.2601010921652022,-0.415536282609277,0.9814788103103638,0.0516868725629866,-0.0724760585051646,-0.0527773550472405,0.6390172839164734,0.0148424746885789,-0.0938881899856964,-0.5963746142567146,0.9775897264480592,0.0334135849098514,-0.0081945224038704,-0.0826153248170133,0.5991406440734863,-0.0071480694274295,-0.061192891297961,-0.6805375862241897,0.9707963466644288,0.0280587725967013,-0.0148333433362539,-0.1065262040338236,0.6006519198417664,0.0037584177895073,-0.055243557707284,-0.6489092041075926,0.9690452218055724,0.0330144277446309,-0.0515897056087594,-0.0729298223279746,0.5761475563049316,0.0131390794466666,-0.0675985115401993,-0.595715611583539,0.9471859335899352,0.0336828427348183,0.0134189671022887,0.1743648935538934,0.998366117477417,-0.0336828427348183,-0.0134189671022887,-0.1740803231534892,0.9994163513183594,0.1142498413292748,0.303529429203148,0.1078650124738687,0.7816084623336792,-0.0001131819413817,0.3248239301347552,-0.4644016609587454,0.9887046217918396,0.0460475366768802,0.6270233661649104,0.1686367494129957,0.822364866733551,-0.008862609601923,0.7044341947762768,-0.5575163551613458,0.9915690422058104,0.0250466438431065,0.6702546533024283,0.1639794787625772,0.8353344202041626,-0.0349019485113727,0.7695342746654703,-0.5798696715156183,0.9755735993385316,0.1180689006637095,0.7138083005907413,0.0557193714045863,0.879220724105835,0.0648673006460786,0.7946468983825556,-0.7863184494779191,0.9877659678459167,P2,P2/tom_DTL_1_frame30.jpg,5
0.2064654530169301,-0.3748115161713768,0.1369073946357173,0.9980575442314148,0.2135803523689599,-0.4032951470056841,0.1561915348099111,0.9968888163566588,0.2125389648220388,-0.4075834230160708,0.1560210048576473,0.9968488812446594,0.2115102793520764,-0.4128315739644059,0.156049070507906,0.9972187876701356,0.2139194704092042,-0.4043514297939309,0.1009554337270952,0.9976962804794312,0.2132300857431834,-0.4088692570080616,0.1008312343720838,0.9975101947784424,0.2125037828103185,-0.4144636537808336,0.1006419939863143,0.9978004693984984,0.1951490904107066,-0.4435707829683036,0.2373977061760465,0.9928982853889464,0.1958520909721724,-0.4450497068064373,-0.012340053487022,0.9969995021820068,0.1930370731253047,-0.3694806646500368,0.1715831737601094,0.9979768395423888,0.1934036971019848,-0.3727038852147088,0.0981099628791734,0.9991067051887512,0.1261574395727285,-0.3601688542752332,0.3136389303654642,0.99937242269516,0.1106079955926872,-0.4039922077469893,-0.1543369516148145,0.99996817111969,0.0706711121429175,-0.2385277341161331,0.2112307651225972,0.5351594090461731,0.0386083284435471,-0.2617246508619858,-0.3757671875442885,0.9786364436149596,0.0211382207691229,-0.1180049450204955,-0.0259375154997471,0.629433810710907,-0.0056328228401185,-0.1425215984241786,-0.5801457532841884,0.9768983721733092,-0.0051090220838047,-0.0700177776161789,-0.05543720397481,0.5935290455818176,-0.0310522375263598,-0.1182898736245057,-0.6560983250592645,0.9706882238388062,-0.0059360278138535,-0.1012798735579042,-0.0785291686675178,0.5937508940696716,-0.0246221537479197,-0.116571712106674,-0.6452050604121708,0.9688380360603333,0.0009902594026158,-0.1156096440043586,-0.0434868712267079,0.5675384402275085,-0.0159809947601689,-0.1250470130391718,-0.5810110480088106,0.946701169013977,0.029567282486217,0.01335701066785,0.1709088099854563,0.9984856843948364,-0.029567282486217,-0.01335701066785,-0.1706662140228212,0.999466598033905,0.1092446697930632,0.2991846293047973,0.1065284243018271,0.796227753162384,-0.0033037736642341,0.3181048755350386,-0.4602792686253696,0.9897383451461792,0.0392283542864622,0.6174091236796849,0.2075761536960327,0.832709789276123,-0.0118425849815258,0.6881534783742747,-0.5842791827520815,0.9923211932182312,0.0181174109991535,0.6584724711774449,0.2064355483069679,0.8426395654678345,-0.0383870016061794,0.7532919221831658,-0.6088687588709666,0.9774113893508912,0.1099495893733501,0.7004010220179786,0.0945049660850463,0.8857669234275818,0.0614865966832474,0.7777166454471329,-0.8246349193680925,0.9888131022453308,P2,P2/tom_DTL_1_frame31.jpg,5
0.1872030212456072,-0.4320360941554655,0.5122929232605757,0.973966896533966,0.1788756642001571,-0.4600944446766423,0.5314505588151288,0.9730926156044006,0.1745632512543366,-0.4623844457310424,0.5312724980362892,0.9739092588424684,0.1701822257026239,-0.4645851397322892,0.5312220899040571,0.9769818186759948,0.1856634429017801,-0.4566990060089236,0.4783806448036173,0.978818655014038,0.1858966150963203,-0.4575271158958455,0.4782852511483283,0.98033607006073,0.1862957855309224,-0.4582217631977577,0.477853047063954,0.9846909642219543,0.1477149172377173,-0.4702921592256162,0.583045523130944,0.9664462804794312,0.1684461054425635,-0.4595314893118459,0.3476480391835622,0.9781789183616638,0.1729324845439688,-0.4160797899932522,0.5342708135810332,0.9627854228019714,0.1796630491855172,-0.4136771314665968,0.4649896221105734,0.9712463617324828,0.0816482816860555,-0.3599354225775548,0.6451685938262028,0.994950234889984,0.169264919428042,-0.3996977556780269,0.0860188977647977,0.9999324083328248,0.1487339251007104,-0.1934073161334128,0.6196891919626272,0.4837340116500854,0.2443624125665361,-0.2522652014466547,-0.1163149529781618,0.9565336108207704,0.2395559888582915,-0.0056274510035905,0.4924535882668353,0.5742930173873901,0.326767258898047,-0.1193335894741268,-0.1382653014239556,0.9540838003158568,0.2557666023242796,0.0161236303881956,0.4909388543262708,0.543859601020813,0.3160631390513911,-0.0619845174975538,-0.1719922566790717,0.949479877948761,0.2955608070868435,-0.0018249846512401,0.4620446473336358,0.5444189310073853,0.3164830039332542,-0.0617379547783153,-0.1384202607810534,0.9453691840171814,0.26208206070018,0.0199263180715328,0.4722143081800392,0.5210499167442322,0.3185015425324065,-0.0758115069017469,-0.1230903509777135,0.9206978678703308,-0.0255329086296223,0.0161178757825401,0.1738966714881815,0.9978642463684082,0.0255329086296223,-0.0161178757825401,-0.1741152773371563,0.9993658065795898,0.127889194099662,0.3011804561731512,0.1138914340060053,0.7484337687492371,0.2131245317552144,0.3420669293553222,-0.3561970868786149,0.9874492883682252,0.2046610561529135,0.6254144159296141,0.0266394874808413,0.7730897068977356,0.1866026609440501,0.7839206020900199,-0.4991809436090758,0.9858552813529968,0.2025501118667934,0.689513419009076,0.0064602014923538,0.8003953695297241,0.1633249490711616,0.8706872181773962,-0.5189538793067915,0.9728000164031982,0.274552069824614,0.6613136379873665,-0.0997433279230059,0.814582884311676,0.2425600036759444,0.8396783042718665,-0.6801654494509789,0.9668620824813844,P2,P2/tom_DTL_2_frame13.jpg,5
0.2003916577828287,-0.4262429332301218,-0.1795565803497732,0.9748297929763794,0.1976988207847305,-0.452663491895571,-0.2181710492099856,0.9741828441619872,0.1946151874269388,-0.4562778916559263,-0.2185670244612653,0.9743241667747498,0.191469034116665,-0.4599182325308937,-0.2188943210781767,0.9778438806533812,0.1981192907935125,-0.469430876584436,-0.2623578187902213,0.9781962633132936,0.1982863217113376,-0.4691457109504285,-0.2621752045409566,0.9769858717918396,0.198682530246022,-0.4682215354140377,-0.2623159444190626,0.9813902974128724,0.1717298987909425,-0.4642545977723734,-0.2235573997280558,0.9687891602516174,0.1895997808508149,-0.4642416272150674,-0.4115986608081924,0.9778352379798888,0.1871447062988722,-0.4509768528789854,-0.1785558411999324,0.9664515852928162,0.1905121055902427,-0.4508702890196803,-0.2363113067360022,0.9740340113639832,0.1093614872086815,-0.3940057794631601,-0.0622434591585737,0.9954320192337036,0.1615235632049356,-0.3121812519818601,-0.5317069079384027,0.9999281167984008,0.1322483621718304,-0.157320729384354,-0.2795310232900479,0.4801007509231567,0.1374344388868939,-0.1123821340471817,-0.8177784280633473,0.9549760222434998,0.1580665830861282,0.0927493759540404,-0.7260788274308332,0.5944996476173401,0.1566887179841142,0.1062605908789358,-1.146412038824253,0.9560409784317015,0.1742532787238059,0.1730793033175728,-0.8158384432691668,0.56824791431427,0.1532612248876715,0.18219863155065,-1.2658695652251597,0.9524726271629332,0.1679138488554921,0.1709599702417946,-0.8692371079374979,0.569927990436554,0.1683250808414447,0.1844883548252821,-1.2817882648874217,0.9483813643455504,0.1646550663173889,0.1468886687758785,-0.7641165264010585,0.546160101890564,0.1668513829167456,0.1568545358282344,-1.1642511274746936,0.9245810508728028,-0.0142930875843681,-0.023369584984327,0.1840089924209625,0.9980339407920836,0.0142930875843681,0.023369584984327,-0.1840378729064747,0.999400794506073,0.2295457380721702,0.1427003918397554,0.087443239934705,0.7242559194564819,0.1068054475991484,0.3792960477178484,-0.3869559316422588,0.9874061346054076,0.1833800720258361,0.515256042173148,0.1945546037267165,0.7558580636978149,0.0916665677023968,0.8590721101708185,-0.3761110060639973,0.986434042453766,0.1542318704782951,0.5616785065914679,0.1940061311137297,0.7820112705230713,0.0727608140119232,0.9295065287568776,-0.3836819390261636,0.972133219242096,0.240169464326016,0.6416241695306407,0.022795544510176,0.795099139213562,0.148580626654093,0.9889002969880618,-0.5946464906089358,0.9678522348403932,P2,P2/tom_DTL_2_frame14.jpg,5
0.2454684843060255,-0.3792328950513283,-0.3749846026563042,0.9771167635917664,0.2669513063055554,-0.4540283468991806,-0.3392429284163744,0.9763279557228088,0.2675521140097935,-0.4547189197936448,-0.339540430376568,0.9763243198394777,0.2681877444171366,-0.4548321322706284,-0.3397281634381962,0.9797417521476746,0.2595797269771526,-0.4616005049974681,-0.4099583589089844,0.9798955917358398,0.2546831906178831,-0.4671527915480969,-0.4098251040317693,0.9785102009773254,0.249853049545867,-0.4718541660024092,-0.4100749762724938,0.9825569987297058,0.2179554535016969,-0.3864442125616634,-0.1541161042912249,0.9715194702148438,0.2039448097506508,-0.3675228712187518,-0.4598768198856635,0.9796168208122252,0.2317156833255257,-0.3837285060221824,-0.2960886807881086,0.969772219657898,0.2269748431410278,-0.3825603977924717,-0.3874881198169663,0.976598858833313,0.1841984798792897,-0.3359632875460541,0.0916350726532015,0.995869278907776,0.0935919731460787,-0.3462494497405599,-0.5626274347916008,0.9999165534973145,0.1571160124529081,-0.1024649913566916,0.1626715878143858,0.5068849325180054,0.044330074890498,-0.1472691193121256,-0.6473857006896828,0.95915687084198,0.1169821506703459,0.1503555715639978,-0.0724321752462264,0.6195509433746338,0.0820167518664109,0.1465876003204686,-0.6877544996425267,0.95989328622818,0.1098633067827006,0.2332753921975982,-0.156556082732926,0.594201922416687,0.0816041415265091,0.2160474402147898,-0.7701108115561036,0.956022560596466,0.1065188569927128,0.2316484755085331,-0.4224689566859446,0.5963996648788452,0.0960308778877675,0.2156469017452978,-0.7742742139393362,0.9523846507072448,0.105998915343463,0.201763476936262,-0.1342720967376542,0.5716453790664673,0.0963887778919021,0.1900729538174243,-0.6889421859697609,0.9304418563842772,0.0418025657153532,0.0188749497639973,0.2113851252257937,0.9981047511100768,-0.0418025657153532,-0.0188749497639973,-0.2117039851105583,0.9991351366043092,0.0691686447125788,0.4534505221789918,0.0572121486893172,0.7010837197303772,0.0036192396093785,0.4844707408724855,-0.3645992344498416,0.9759935736656188,0.0290242587353004,0.8632916059622971,0.1855777297654936,0.741839587688446,0.0006969957485925,0.8866149238966028,-0.2081927345726976,0.9783363938331604,-0.0014456064815651,0.9157092149570366,0.187250012698326,0.7862433195114136,-0.0262284599786778,0.965876503493347,-0.1968375927766534,0.9662165641784668,0.0976988853664964,0.9567402643391526,0.0044891086169783,0.7947250604629517,0.0694254814939242,0.9975871403137356,-0.4232819894196614,0.9615610241889954,P2,P2/tom_DTL_2_frame15.jpg,5
0.2886614794526291,-0.4367440101847625,-0.2913435625485157,0.979395866394043,0.2949702472908447,-0.4861150356028491,-0.2572007091814804,0.9786825180053712,0.2946492958046964,-0.4874042801404061,-0.2577409924167513,0.9786751866340636,0.2941450711857895,-0.4891416498379402,-0.2578003513063958,0.9817577600479126,0.2912982285236037,-0.4996660722359742,-0.2933311261477113,0.981894314289093,0.2884613690320641,-0.5096718167680464,-0.2933316104059889,0.9806410670280457,0.2853954926258495,-0.5198397505724827,-0.2934661038299371,0.9842880368232728,0.2663972208810219,-0.5127051361177506,-0.030597724237518,0.974346935749054,0.2601546101736558,-0.5246646020455402,-0.3510104777082391,0.9816378951072692,0.2695456446982514,-0.4064652771186343,-0.2016818573012116,0.9727904200553894,0.2662063486183683,-0.4210970292248481,-0.2776789859746084,0.9789363741874696,0.1962569539462344,-0.3457454727114666,0.1985368605425621,0.9962620139122008,0.1032050123733058,-0.396091794300669,-0.5040505839321333,0.9999215602874756,0.1631025462250839,-0.1183263868488247,0.2651797210698254,0.5173590183258057,0.0452730456197284,-0.1894906737875833,-0.6056601515338828,0.9628435969352722,0.1198100797101622,0.1108904147428693,0.0667574062352374,0.6239033341407776,0.0811828829405058,0.0913359164902463,-0.6259779525839366,0.962788999080658,0.1082750475373833,0.1767578846410798,0.0254587381448355,0.5957679748535156,0.0814317916951997,0.1539186252407604,-0.7048954380511249,0.9582938551902772,0.1075391239579561,0.166219977512546,-0.0489674333943316,0.5985061526298523,0.0951824172399755,0.1511577570481695,-0.7086240032849366,0.955013632774353,0.1096577166718831,0.1428599542106073,0.0328640506485894,0.5718473196029663,0.0962875691307654,0.1304134734580842,-0.6262022759183824,0.9341234564781188,0.0365522990526249,0.0232924133962564,0.2216692452033853,0.9981380105018616,-0.0365522990526249,-0.0232924133962564,-0.2217929173173607,0.9991121888160706,0.0790210049866874,0.4390832756707348,0.2229549136798153,0.6822508573532104,0.0228107626632136,0.4760701779022004,-0.2940444944665926,0.9757648706436156,0.0398337076430147,0.8243689955089817,0.3828572763279201,0.7311974167823792,0.0100978653567291,0.8874656140439551,-0.193796046505989,0.9792234301567078,0.0063928425253368,0.875505924612345,0.3862556519176721,0.7822831273078918,-0.0181774539642709,0.9659609007943368,-0.1932171716110559,0.967353343963623,0.110961265453948,0.8997492350126527,0.2196408735316416,0.792060375213623,0.0891050503571862,0.987939670485972,-0.4123696892950417,0.9634449481964112,P2,P2/tom_DTL_2_frame16.jpg,5
0.28490940237842,-0.4522891381876305,-0.253160513379316,0.9814389944076538,0.2931106605384515,-0.495185225187546,-0.2261449973910108,0.9807891845703124,0.292980309218063,-0.4965139148178831,-0.2264303922961928,0.9807748198509216,0.2926126440080986,-0.4982315727882596,-0.2265146364923982,0.9835619330406188,0.2893496897561338,-0.5086032921624627,-0.2782967171383459,0.983682096004486,0.2865857948450849,-0.518418225182435,-0.2782681515775637,0.9825435876846312,0.283683057156205,-0.5283482397966931,-0.2784235862163183,0.9858346581459044,0.2682694231958435,-0.5339378533878895,-0.0301675691990452,0.9768688082695008,0.2601612731218038,-0.5521276725266507,-0.3478965011465801,0.9834420084953308,0.2658468252848062,-0.4091476927595095,-0.1894813049647445,0.97550231218338,0.2632365214724093,-0.4344540236132636,-0.2659622048249672,0.9810379147529602,0.2005250226387848,-0.3442213387763124,0.1882114968879886,0.9966121315956116,0.0969780304779462,-0.3984036900142768,-0.493457846732992,0.9999241232872008,0.1673550063015711,-0.1229424492834902,0.2488248608686398,0.5325882434844971,0.03240906257202,-0.2048980487351781,-0.5914727660997772,0.9659982919692992,0.115737000724758,0.0920422591098186,0.0404338715982885,0.6291399598121643,0.0745596889922509,0.0634676109783465,-0.6128891528504977,0.9648022651672364,0.1006552039828713,0.1580479965123012,0.0017716749174273,0.5967735052108765,0.0709578957937447,0.1239573274208006,-0.6899601158948846,0.9593555331230164,0.0977874004478556,0.1414789284480161,-0.0505328448007916,0.6003140211105347,0.0833157968583246,0.1205136689955429,-0.6983524318473713,0.9564219117164612,0.0997552584669091,0.1172070656728651,0.0116411096284232,0.5718029737472534,0.0849931576490838,0.1000100766766514,-0.6143100567292011,0.9360765814781188,0.0389453246951121,0.0246166606391957,0.218368703157063,0.9981476068496704,-0.0389453246951121,-0.0246166606391957,-0.2184273426296206,0.9990484714508056,0.0737218651912624,0.4488681981353548,0.2014611685785806,0.66066974401474,0.0217715754771619,0.4826293390889131,-0.2654551381886559,0.9747245907783508,0.0374282587851963,0.8323526953691209,0.3406347780606745,0.7173359990119934,0.0061301618952302,0.8936109631965856,-0.1497988807960699,0.9793768525123596,0.0051756177976424,0.8897762508101624,0.3419906180088869,0.7755929231643677,-0.0211923686958242,0.9736100265724766,-0.1508051091921917,0.967528998851776,0.109951115288291,0.9090701828758486,0.1758636142534614,0.7865349650382996,0.0894012668722788,0.9848889166501148,-0.3932429322671586,0.9641380310058594,P2,P2/tom_DTL_2_frame17.jpg,5
0.2635671076169111,-0.4437126457462552,-0.0323831747788699,0.983292818069458,0.2713431735142253,-0.4771966274491464,0.0058941480192226,0.9827081561088562,0.2708330366344804,-0.4781223725962418,0.0057142673502306,0.9826942086219788,0.2701254185045905,-0.4795703382660105,0.0056684282665609,0.985203742980957,0.2688263233157002,-0.4899331323426704,-0.0517637973716255,0.9853119850158693,0.2666773682573052,-0.4989855071307812,-0.0517614626391882,0.98428612947464,0.2643136696017246,-0.5086165157916943,-0.0518917458878907,0.9872493147850036,0.2464500404889665,-0.5131646608911855,0.1726838023092929,0.979178249835968,0.2407411751744629,-0.5387038199920932,-0.0899568265107736,0.9850956201553344,0.2445781115758797,-0.4126800554219111,0.0308771321002763,0.9779512286186218,0.2424147942447468,-0.4342456293822282,-0.0446935974759765,0.9829337000846864,0.1906669731753074,-0.3189319773111637,0.3114742290932789,0.9969427585601808,0.0819092152633366,-0.4331998073491182,-0.2242462085091688,0.99993097782135,0.1531819937247252,-0.1235182039466214,0.2504264048674306,0.545335054397583,0.0064945092530172,-0.2278541080900504,-0.3646613501342726,0.9689705967903136,0.1026210625884119,0.039430825733697,-0.0244136907563454,0.6357277035713196,0.0552052620335148,0.003778831341278,-0.4902837306110657,0.9675565361976624,0.0825663582904796,0.096090129783139,-0.0900160104676024,0.6040706634521484,0.0552848759780662,0.0563074628920596,-0.5374510224179658,0.962032675743103,0.0780723479113079,0.0726364003035168,-0.1203983195477522,0.6074832677841187,0.0705394049097141,0.0485275302290083,-0.5421898474028678,0.9594050645828248,0.0814630181170302,0.0497269181013918,-0.0492517849458585,0.5777810215950012,0.0716983988900225,0.0309214553340965,-0.4939877124155756,0.9403067827224731,0.0399090272714168,0.031763581672127,0.1879483088775302,0.9982718825340272,-0.0399090272714168,-0.031763581672127,-0.1880001131809991,0.9991174340248108,0.0670125693105353,0.4184966377819483,0.1473084110947597,0.6386635899543762,-0.0137095488715106,0.4274504100437631,-0.2851941182703459,0.9741823673248292,0.0295477522812965,0.7744927730475376,0.2538080641279976,0.7003203630447388,0.0034522622599632,0.8255296616164554,-0.2618960261116421,0.9795495867729188,-0.000664807509229,0.8511493323039606,0.2541619595046777,0.767671525478363,-0.0227871266863008,0.8959992575947371,-0.2704055173476719,0.96794456243515,0.094792864403035,0.8650256354478838,0.115860989308682,0.7782743573188782,0.0728759671557467,0.928525248086261,-0.4886628307486438,0.9648619294166564,P2,P2/tom_DTL_2_frame18.jpg,5
0.1560103090684572,-0.5136693263917134,0.0828539206344175,0.9846673011779784,0.1591259534662708,-0.5547130983435165,0.1032951506729718,0.9843093752861024,0.1591758002888115,-0.5545660284181193,0.1031796619068266,0.9842852354049684,0.1591807413732616,-0.5547420908831574,0.1029300008989592,0.9865882396697998,0.1533514243302512,-0.5614327552066305,0.0844706816145683,0.9865590929985046,0.1492726317797015,-0.565636164813532,0.0844409806106127,0.9854962825775146,0.1449459857135741,-0.5701819625076227,0.0843209231579263,0.9882482290267944,0.1416758597636883,-0.5567817414789554,0.2257404732486416,0.9811894297599792,0.1216458660110948,-0.5755529939678864,0.1369789230158299,0.98628431558609,0.1382109242930567,-0.484885692894724,0.1306300745583689,0.9800573587417604,0.1269730816783672,-0.4930627516815973,0.105957287080724,0.9845002293586732,0.143254681571508,-0.3497022001094453,0.3019006232160531,0.997211456298828,0.0645741607222582,-0.4228307586119498,0.1168241305493681,0.9998616576194764,0.0536710765790628,-0.1685007165912467,0.2938171362159535,0.5118997097015381,-0.0111157687635694,-0.2865218611801545,-0.0174678722966551,0.9050028324127196,0.0070661140786739,-0.1650687701256202,0.2175118418928203,0.5955976843833923,-0.0097575518438453,-0.2045683805237608,-0.2442546803516575,0.91291743516922,-0.0121736694769368,-0.1600419433277111,0.1840784117735167,0.5671244859695435,-0.0191687191351373,-0.1762862670984564,-0.2993762013715958,0.9117716550827026,-0.0012368696986702,-0.1827351089359011,0.1774230071740055,0.5702558159828186,-0.0071741639695165,-0.1854696358639976,-0.3101175376620571,0.908271551132202,0.0055297274667198,-0.1882340999508211,0.2120125965573772,0.5399608016014099,-0.0022747154222108,-0.1975148371452319,-0.2553934287910702,0.8884842991828918,0.0236938078723415,0.0070752696175079,0.0636077790657275,0.9983752369880676,-0.0236938078723415,-0.0070752696175079,-0.0633515511386369,0.9991371035575868,0.0644138661296565,0.4068831178972303,-0.1333245278383149,0.6688840985298157,-0.067327507369069,0.3891023348515243,-0.1751963401649216,0.9568465948104858,0.0307842640582329,0.754168837058551,-0.0948707651773188,0.7229019403457642,-0.0575201813656896,0.6956700303197154,0.015057043168014,0.959541380405426,0.0045938279414658,0.7720482964672457,-0.0994683534293772,0.763395369052887,-0.0555242012368696,0.7369982779424321,0.026361716447682,0.9217609763145448,0.0359605586607575,0.8658675734415313,-0.300867228101668,0.7889368534088135,-0.0507943481470128,0.8087973214128271,-0.1521740565511262,0.9407522678375244,P3,P3/eric_DTL_1_frame14.jpg,1
0.158613010726338,-0.4510350696661366,-0.1724124295030939,0.9861557483673096,0.1675186381978656,-0.4831846044563389,-0.1472873199611656,0.9858481287956238,0.168901759223023,-0.4830112715499933,-0.1474499228757781,0.9858294725418092,0.1701884726745898,-0.4830048365068082,-0.1475380357377401,0.9879009127616882,0.1591920465388164,-0.4906970155597304,-0.1780477709797728,0.9878629446029664,0.154646308417975,-0.4963302759788655,-0.178105671609166,0.986893355846405,0.1498850258689772,-0.5029120853783321,-0.1781059225168131,0.9893621206283568,0.1542365909894881,-0.4939970119718537,0.032149597517114,0.9830450415611268,0.1276107437729927,-0.5198919799715381,-0.1084732279054013,0.9876308441162108,0.1473329703936696,-0.4323261557172969,-0.0998492442677751,0.9820314645767212,0.1379773621959276,-0.4393197488435209,-0.1316046326628857,0.9860376119613647,0.1421998131930811,-0.3412622065653414,0.156005253753368,0.997446596622467,0.0130154356943938,-0.4435360009458629,-0.1705092802403532,0.9998695254325868,0.0875707833700902,-0.2459952886570682,-0.0004862415511507,0.4909020066261291,-0.011660062103154,-0.2558662316434648,-0.2684636847162897,0.9108095765113832,0.1165546311357495,-0.3141510154036599,-0.3856281985458411,0.5766099691390991,0.0490362688499568,-0.268906167731637,-0.340882037202122,0.9038822650909424,0.1231543878116224,-0.3242828433059763,-0.4598647163984045,0.5562658309936523,0.0654341757760123,-0.2579257996852798,-0.3835991526813356,0.8967928290367126,0.1292130695261,-0.3483283562794054,-0.4637675996087567,0.5591716766357422,0.070299894943309,-0.2861846719434722,-0.3969658000446154,0.891916036605835,0.1230223808706862,-0.346789200216281,-0.4018402271831947,0.5279687643051147,0.066459709126192,-0.2890707592934742,-0.3454872551946062,0.8691415190696716,0.0426871836728384,0.0136748209910466,0.1290387477484394,0.9984151721000672,-0.0426871836728384,-0.0136748209910466,-0.1286602314238365,0.999180793762207,0.1033770795827642,0.2973434500862109,0.0337019815789877,0.695036768913269,-0.0172030548064164,0.331210669110106,-0.2533377319684405,0.9607604742050172,0.0593599673059595,0.6284998641074439,0.1370925437579668,0.745233416557312,-0.0277914755894127,0.7074845287557142,-0.2079576007967953,0.9633225202560424,0.0299993448099538,0.6794969319418873,0.135853488000081,0.7780461311340332,-0.0409930552394289,0.7399507975522324,-0.2155880713277974,0.9283719658851624,0.1153652698512685,0.7067188176537724,-0.0368182914545032,0.8057355880737305,0.0393436769228484,0.7652180831744421,-0.4433788146845737,0.946099817752838,P3,P3/eric_DTL_1_frame15.jpg,1
0.1593095305177467,-0.4325077531399197,-0.1173766527709518,0.9874781966209412,0.1673357347639161,-0.4617393665735836,-0.0959507867697386,0.987188756465912,0.1677714038548684,-0.4617542690816283,-0.0959684620040397,0.987176775932312,0.1678601884124115,-0.4620667632118574,-0.0958476083955312,0.9890209436416626,0.160804366709305,-0.4687364953219295,-0.1338707773334687,0.9890178442001344,0.1567272124602975,-0.474219414618259,-0.1339828757185009,0.9881450533866882,0.1522006329590658,-0.4809729446774131,-0.1340265515305395,0.9903610348701476,0.1488533577002156,-0.4772717921698405,0.0476170382190661,0.9846513271331788,0.1296030429335052,-0.5054545556238526,-0.1319882036753903,0.988824725151062,0.1465384823448297,-0.4151396251392518,-0.0575662284293841,0.9837515354156494,0.1398179097553899,-0.4230102701283703,-0.1082154147618278,0.9873990416526794,0.1352276506909364,-0.3461678947242204,0.1531306497663962,0.997576117515564,0.0081963221072332,-0.4408705821158828,-0.1577246487871954,0.9998784065246582,0.0714078319416268,-0.2767873770500558,0.0566206069766107,0.4922970235347748,-0.0222486993852992,-0.273535879064062,-0.199714328016576,0.9184973239898682,0.0199384667343426,-0.3384999238445096,-0.1970906125112988,0.5647218823432922,0.0473631510675896,-0.3169974962082169,-0.1095494185011809,0.907088339328766,0.0021948528482876,-0.3370011327565856,-0.2521855143271636,0.5421364903450012,0.0649001932652099,-0.3228843307898957,-0.1248774719618731,0.8946345448493958,-0.0037350843720435,-0.3626358539216511,-0.2566166891182401,0.5442500710487366,0.0576607841264608,-0.3571967250720375,-0.1336239545439787,0.8892221450805664,0.0073860842083119,-0.3627364458509527,-0.2075569448271027,0.5134071707725525,0.0564252515748799,-0.3527741192230867,-0.1064606086162305,0.8640089631080627,0.0411847431842828,0.010332367366083,0.1263062499206564,0.9983672499656676,-0.0411847431842828,-0.010332367366083,-0.1259827938494137,0.999216377735138,0.0995554598670566,0.290000513855852,0.0693691186884438,0.7198799848556519,-0.0160796915455282,0.3129337542164496,-0.2550634178999451,0.9641612768173218,0.0598774748807678,0.5941828275404042,0.1812513672013375,0.7648717761039734,-0.0314928970774277,0.6700359056797421,-0.2329088765726858,0.966469705104828,0.0409490542878224,0.6362538687319749,0.1812773892730771,0.7908541560173035,-0.0475515531596775,0.7255801897598272,-0.2423591730852053,0.933243691921234,0.1227024939007566,0.6701255499973647,0.0248814208774091,0.8210915327072144,0.0358252281180309,0.7469494692184746,-0.4547426963639469,0.9507410526275636,P3,P3/eric_DTL_1_frame16.jpg,1
0.1547404709751626,-0.427706208488824,-0.1272447598082966,0.9886810183525084,0.1636586772761323,-0.4558008762502035,-0.1084498566551163,0.9884030818939208,0.164286767787229,-0.4559751788800772,-0.1085102253581034,0.9883942008018494,0.1645737660829694,-0.4563725911022765,-0.108405592301912,0.9900349974632264,0.1574578556531559,-0.4615003273774798,-0.1362463330759172,0.990070641040802,0.1538276082555525,-0.4659752635733666,-0.136263223512752,0.9892799854278564,0.14975214341255,-0.4713791459690786,-0.1364007400511997,0.991266906261444,0.1474471413933576,-0.4688552639232919,0.0457672959955925,0.9860996007919312,0.1279794520714761,-0.4904890474214013,-0.1162689254312344,0.9898900389671326,0.1427111408179249,-0.4066504285392039,-0.0659028601812308,0.9852877259254456,0.1363679052646015,-0.4130080223551415,-0.1158787966881809,0.988622546195984,0.1328886978853497,-0.3569115146697482,0.1233926410793876,0.9977548122406006,0.0160763845620057,-0.42909701213607,-0.0952695976623865,0.9998846054077148,0.0587076801765685,-0.3214955799318649,0.0135817633893394,0.5245854258537292,-0.0434403391911239,-0.2754088960713791,-0.2663880114970643,0.9239863753318788,-0.0044097953184068,-0.4013487235472111,-0.2308832141396884,0.5946173071861267,-0.0103802169133892,-0.3653515574343592,-0.3453263445664767,0.9129177331924438,-0.0282213042985051,-0.4447836366507192,-0.2881802645796454,0.5707775950431824,-0.0108295526201582,-0.40082253217893,-0.3230105435941966,0.9000845551490784,-0.0257222987774801,-0.4607203620653213,-0.2873607305670271,0.5721476078033447,-0.0146051635136844,-0.421731112110665,-0.2793079713277326,0.8949674367904663,-0.014530255678496,-0.4377860427570205,-0.2382819628647368,0.5404908657073975,-0.0053485363020308,-0.4015464000929682,-0.3619883013735436,0.8695247173309326,0.0387675594929379,0.0082617331777287,0.1216342547787839,0.99837464094162,-0.0387675594929379,-0.0082617331777287,-0.1214469434516774,0.9992570281028748,0.1020764228372542,0.2783761590406026,0.0944412079965182,0.7432944178581238,-0.0147427357043127,0.3076380756394571,-0.2426412538291812,0.967341125011444,0.0576678748328389,0.5706244588971305,0.2498464303567972,0.7819990515708923,-0.0272213459161388,0.6503232790154652,-0.2195211536287425,0.9693963527679444,0.0374469888977035,0.6140219180830445,0.2550917040375858,0.8023698329925537,-0.0416233511442696,0.696107660230525,-0.229240626114024,0.937868356704712,0.1168900315936565,0.6473350908263079,0.1255495943849396,0.8347931504249573,0.0340617780516116,0.7205485397218756,-0.43831292977756,0.9549246430397034,P3,P3/eric_DTL_1_frame17.jpg,1
0.1494975644817838,-0.4248050212169953,-0.242947822776951,0.9896846413612366,0.1580913433476986,-0.4600301205021931,-0.2146626097110752,0.989367663860321,0.1591040841672811,-0.4602201505923264,-0.2147929420329686,0.9893558621406556,0.1598503751417246,-0.4607972382015047,-0.2147583961163222,0.9907670021057128,0.1511006162279213,-0.4679432842033017,-0.241565848368204,0.990939199924469,0.1472574243238716,-0.4737023144066019,-0.2416840593158355,0.9902179837226868,0.142882104089724,-0.4802517133089343,-0.2417167870263427,0.9919894933700562,0.1454667667624532,-0.4722490167297548,-0.0319626555076106,0.9872117042541504,0.1224282767715558,-0.4957329121276216,-0.1185158690656127,0.99075585603714,0.1391957737880545,-0.4052753935891419,-0.1701092313768466,0.9865450859069824,0.1320987642548625,-0.4135999126549751,-0.2075822670674934,0.9896863698959352,0.133972232841352,-0.3531379468650155,0.0359850474671193,0.997773051261902,0.0071383599485718,-0.434318592000766,-0.1276847382688105,0.9998825788497924,0.0639585139386966,-0.3617533238159788,-0.1151707967722828,0.561046838760376,-0.0546945883675654,-0.3040756376939796,-0.3690066715285715,0.9300609230995178,-0.0255638405754768,-0.4491052360742459,-0.3684352864750119,0.6266202926635742,-0.0281274561347148,-0.4004376980240582,-0.7427492190784267,0.9198721647262572,-0.0475050707098927,-0.4883553478774221,-0.4336597126638977,0.6014887690544128,-0.0299426319304357,-0.4380878435218182,-0.8265845553718468,0.907408595085144,-0.0440496525879126,-0.5074493222948714,-0.4334241998717044,0.6021018028259277,-0.0280190800293822,-0.4556559022111603,-0.8134410737738802,0.9026473164558412,-0.0369664173436546,-0.490766454509583,-0.3760945073853335,0.5703969597816467,-0.0173269259872637,-0.4265454301723825,-0.7469469060824815,0.8780665397644043,0.0396470592616758,0.0084031978042241,0.1145098581792188,0.9982160925865172,-0.0396470592616758,-0.0084031978042241,-0.1143553795288241,0.999242901802063,0.1017769261500741,0.2723542767363424,0.0880367285811982,0.7634550333023071,-0.0145442992339753,0.2962053946771893,-0.2581142515449188,0.9702036380767822,0.0534024498712459,0.5581649318180759,0.2460700133010401,0.7960216999053955,-0.0319756067827808,0.630930533261119,-0.2143914352848318,0.97197687625885,0.0315775298325885,0.6041388801186445,0.2512769149067104,0.811368465423584,-0.0444493824527769,0.6847246412639141,-0.222459105184913,0.9414543509483336,0.1046057243198693,0.6386433637039718,0.1121045849584214,0.8462351560592651,0.0298840085567326,0.7059822258899583,-0.4429350157976884,0.9584709405899048,P3,P3/eric_DTL_1_frame18.jpg,1
0.1389188545750424,-0.4325181757155063,-0.199052036127391,0.9906206727027892,0.1463605291604534,-0.4699551905023583,-0.1699501454423963,0.9902864098548888,0.1478123277262911,-0.4691029699023534,-0.1700839566563133,0.990267813205719,0.1491309909620878,-0.46876044850621,-0.1700770322949705,0.9914948344230652,0.1395928625285358,-0.4799555683329608,-0.2252593368678753,0.991743803024292,0.1363274330328289,-0.4856044126596279,-0.2250598683631383,0.9910781383514404,0.1327674836897293,-0.4915273623819201,-0.2253010347649654,0.992673635482788,0.1423222747298592,-0.4738747652417308,-0.0022545494662742,0.9882587790489196,0.1197185661199018,-0.4968439477125216,-0.0688148961471543,0.9915358424186708,0.1300660999789408,-0.4134852305906659,-0.1326316448241841,0.9876578450202942,0.1226570885163579,-0.4239332366569177,-0.1826099332157273,0.9906319975852966,0.1338386354913929,-0.3576522567483154,0.0393796878112472,0.9977274537086488,0.0041759140445403,-0.4303528092991013,-0.0194195524261565,0.9998774528503418,0.0600475649968612,-0.3791016660463019,-0.0995558741994055,0.595300018787384,-0.0654566774507443,-0.3219142760904644,-0.2007007651850432,0.9355474710464478,-0.0283066236467115,-0.4837805193296809,-0.3039137780702201,0.657782256603241,-0.0519456760064483,-0.4787390877043898,-0.5578366466520271,0.9265999794006348,-0.0468669466260359,-0.5251057147395385,-0.3641599977524573,0.6320764422416687,-0.0576404252624955,-0.5273744224212426,-0.6292263155283656,0.9145663380622864,-0.0463123908024797,-0.5384695666085262,-0.3633012114233704,0.6319712996482849,-0.0571212360972717,-0.5388663794115325,-0.6348403449386398,0.9102535843849182,-0.0387315668998854,-0.5213198270721466,-0.3098408658570597,0.600566029548645,-0.0536198265739705,-0.5230567106982086,-0.5887623892863233,0.8872684240341187,0.0395472621834845,0.0092224768698703,0.0935154517213847,0.9980418682098388,-0.0395472621834845,-0.0092224768698703,-0.0934931475534738,0.99923175573349,0.101905908643016,0.2770208000342184,0.0410368516238021,0.7821056842803955,-0.0168898139086039,0.3012690858437321,-0.2383780911737158,0.972652554512024,0.0501514663928552,0.5621031015488663,0.1899127757355705,0.8082128763198853,-0.0318264613507975,0.633919046247789,-0.1898624706642216,0.974012851715088,0.0279007622758948,0.6060292636364936,0.1955850415075763,0.8190088272094727,-0.0451804922132592,0.6895933391082922,-0.1966553519027818,0.9433294534683228,0.0981588084339825,0.6427462551920842,0.0669317319393388,0.8556757569313049,0.031597433271643,0.7111201026262196,-0.4020645586589805,0.9611226916313172,P3,P3/eric_DTL_1_frame19.jpg,1
0.1409343973182017,-0.4351332750471864,-0.2151903705404054,0.9915075898170472,0.1471133678260565,-0.471241301320545,-0.1841631166381237,0.9911897778511048,0.1483293038021258,-0.4705056858339967,-0.1842969455464459,0.9911697506904602,0.1493672817020914,-0.4702835431514586,-0.1842804525471808,0.992255449295044,0.1402262794035374,-0.4808166654652899,-0.2063210869398274,0.992516040802002,0.1365531914495652,-0.4863277110818994,-0.206341017135578,0.9919046759605408,0.1325614421181962,-0.4920951050299431,-0.2064387139018128,0.9933409690856934,0.140905569218646,-0.4751780555081462,-0.0124038043738549,0.9893273711204528,0.1190166149805849,-0.4956870307959352,-0.0745490565910765,0.9923107028007508,0.1317293633754421,-0.4155437498192666,-0.1495233830892531,0.9887873530387878,0.1246370410595473,-0.4253675900067207,-0.1744284079450171,0.9915264844894408,0.1305631558711065,-0.3611790544132172,0.0222533109251864,0.9978170990943908,0.0066124730549242,-0.4269724835721805,-0.0221743888052788,0.9998747706413268,0.0722446866109874,-0.3921421519343241,-0.1414397344998853,0.6308126449584961,-0.0749570781472645,-0.3458425608882168,-0.1998727400170854,0.941182553768158,-0.0213492866705122,-0.5111680528892852,-0.3612030593499626,0.6888095140457153,-0.059269768826132,-0.5146823091024358,-0.5305525659784415,0.9330354928970336,-0.0412109602459689,-0.5474076350861934,-0.4260472678924003,0.6633074879646301,-0.060886249070067,-0.5594515161327044,-0.6034603265985373,0.921418309211731,-0.0394727921587168,-0.5587361911931511,-0.4246339148730272,0.6628137230873108,-0.0592443779230617,-0.5691117014165268,-0.6082561581528996,0.917500913143158,-0.0326260076369226,-0.5408411483939258,-0.3673176933010205,0.6324734091758728,-0.0561727993540507,-0.5533516011440159,-0.5710485061974485,0.8960835337638855,0.0391555721862976,0.010088338000878,0.0940704130653112,0.9980416297912598,-0.0391555721862976,-0.010088338000878,-0.0940797544783404,0.9992557764053344,0.1028524778050699,0.2769213383661086,0.0378642257824962,0.7990145087242126,-0.0185863905213596,0.2991749680635498,-0.2548033116138855,0.9749723076820374,0.0480158885847542,0.56379175283678,0.1828719642696077,0.8208400011062622,-0.0342217538246388,0.634141407691875,-0.2137692145306237,0.9759839177131652,0.0259872289411538,0.6102888163648442,0.187456006309878,0.8279386162757874,-0.0475961071043002,0.692094868860696,-0.2215997440900942,0.9453588724136353,0.1013958826363631,0.637510636388799,0.0476596605901237,0.8649352788925171,0.0284516988212516,0.7105232315017025,-0.436645197991579,0.9636985659599304,P3,P3/eric_DTL_1_frame20.jpg,1
0.232912706754716,-0.3751203616144614,-0.2374906383597088,0.9922069311141968,0.2444195418833109,-0.385071601052217,-0.181956986796397,0.9919193387031556,0.2457945620138281,-0.3811293037530133,-0.1822618610514721,0.9919009804725648,0.2467169713513834,-0.3775809184707452,-0.1822635537845873,0.992872714996338,0.2339762639920327,-0.4039271896010845,-0.2318881605051931,0.9930936098098756,0.2284193076372924,-0.4125600243205151,-0.2319798285138942,0.9925530552864076,0.2220805690037998,-0.4219127654128247,-0.232148476816266,0.9938501119613647,0.2282269089872118,-0.3841332018972349,0.123416455274376,0.9902164340019226,0.1950716319219238,-0.4420516539994125,-0.0988974569893569,0.9929818511009216,0.215542869124149,-0.3603909272231584,-0.1233632774125102,0.9898245334625244,0.2017897511096091,-0.3852236866121075,-0.1836950070329611,0.9923353791236876,0.2110831163326465,-0.2717750465389923,0.2980703533815395,0.9980109930038452,0.0214261730576406,-0.4936917589772389,-0.1532047950263236,0.9998854398727416,0.1677132105568746,-0.1712319079045065,-0.0330988244158953,0.6394224762916565,-0.0390859628498208,-0.3540130734336802,-0.5369086416793949,0.9465942978858948,0.101123850261198,-0.1097868937562232,-0.6766674065203274,0.7094705700874329,0.0281334587533886,-0.1792446293787122,-1.0008902781956333,0.9389407634735109,0.0713425809252624,-0.0752334191377635,-0.799513840428665,0.686966061592102,0.0294625407113635,-0.1135289277068724,-1.1397956451260156,0.927988052368164,0.0647238902765603,-0.1125488091911121,-0.8314951419734281,0.6863154768943787,0.0540718072450077,-0.1162806346589742,-1.1457059399870222,0.9243966937065125,0.0719236310985977,-0.1278534082529189,-0.7061886720497651,0.6570046544075012,0.0583059838173712,-0.1359741521419235,-1.0101501012609415,0.9043456315994264,0.0598020473866507,0.0345046457785976,0.2055392591280132,0.9981566071510316,-0.0598020473866507,-0.0345046457785976,-0.2051520659594426,0.9992751479148864,0.1537102972186241,0.3246321224584703,0.0045975819577813,0.7986831665039062,0.0426822655002736,0.3326645317209083,-0.5848716876161486,0.9765692353248596,0.0898085283530542,0.619720296763759,-0.0514318955493983,0.8055124878883362,0.0508050927531123,0.6969641359593974,-0.6953902847929616,0.9757839441299438,0.0501377392329488,0.656551773482538,-0.0738239714198875,0.8221843242645264,0.031128919274082,0.7578401313604874,-0.7237340330833565,0.946984887123108,0.1765749027934829,0.7376702527368673,-0.261155437941204,0.85917067527771,0.098626834537817,0.821949924104894,-1.01429755781371,0.9651346802711488,P3,P3/grant_DTL_1_frame176.jpg,2
0.2803203999772408,-0.3667964062931554,-0.3034029437098644,0.9928076267242432,0.2888158917543072,-0.3743180048004975,-0.2418423509692162,0.9925366640090942,0.2887658290349066,-0.3732954575026112,-0.2420761937148145,0.9925018548965454,0.288138419629432,-0.3728881831933752,-0.2420905515293612,0.9933213591575624,0.2838242485309582,-0.3916090395884403,-0.3082645809860255,0.993611454963684,0.2809557197258242,-0.4051524680579653,-0.3083570940740953,0.9931328892707824,0.2771477022254458,-0.4176358021900535,-0.3085484051803761,0.994282603263855,0.2659275848713059,-0.3822044001581903,0.1217582225275726,0.9910364151000975,0.2515282681135009,-0.4382276443618504,-0.1931336141157242,0.9936210513114928,0.2646327809013548,-0.3593484931736755,-0.1731611220101045,0.9907920360565186,0.2574630843014875,-0.3765450372877714,-0.2602967209082513,0.9930845499038696,0.2423688493196221,-0.2808576260532325,0.2796799872680257,0.99819016456604,0.065920194131565,-0.4573549894498839,-0.1678641043254769,0.9998955130577089,0.1815452459086776,-0.1766547304621264,-0.048633625843006,0.6523585915565491,-0.0267594987673851,-0.3306256039023533,-0.600992001956528,0.9514604806900024,0.1250837090983174,-0.1155654262114195,-0.6946889324710039,0.7300475835800171,0.0363825395200417,-0.1630916886761263,-1.0926115907395186,0.9445609450340272,0.0905230949736036,-0.0894856209666319,-0.833667917765889,0.7097688913345337,0.0384765590461376,-0.1115757417217012,-1.244866515709902,0.9343642592430116,0.0793675606947077,-0.1259085249087012,-0.8615186646192556,0.7091206908226013,0.069101506572088,-0.1193908356305508,-1.2560562920219809,0.9311051964759828,0.0878982697527378,-0.1361765837073142,-0.7246080715060115,0.6796647906303406,0.0734572882425311,-0.1340306593271212,-1.1049616951887,0.9123994708061218,0.0632843702829521,0.0251206219624196,0.2131883927528262,0.9981820583343506,-0.0632843702829521,-0.0251206219624196,-0.2125871118608049,0.9992144107818604,0.1574569508121657,0.3008796255288222,-0.075727163906608,0.7943878769874573,0.00966210484431,0.3273312710801532,-0.5279888540971306,0.9756593704223632,0.0731605420150886,0.6192714774602547,0.0633527730786699,0.7863460183143616,0.0061451446259877,0.6572696232896098,-0.6579430589722823,0.9745943546295166,0.0149629016140872,0.6584148892665462,0.0574801357092461,0.8075078129768372,-0.0144844342168724,0.6844942068874437,-0.6789406313109961,0.9463896751403807,0.1716525491447044,0.7030229394697443,-0.2047217520559338,0.8437789678573608,0.1074825455161659,0.7431953460453601,-0.7621183225429401,0.9631426334381104,P3,P3/grant_DTL_1_frame180.jpg,2
0.2963316868496279,-0.3683641570308945,-0.4269913996098853,0.9933009743690492,0.3055236715184801,-0.3789137875955872,-0.3718669785994254,0.993040919303894,0.305634550415352,-0.375829399401399,-0.3721363408822414,0.9930033683776855,0.3052770900911081,-0.3727392190260309,-0.3721862984449179,0.9937041401863098,0.3000958805939008,-0.399138946525845,-0.4434347555307653,0.9939862489700316,0.2965162091929297,-0.4117050835955893,-0.4434570968010305,0.9935392737388612,0.2920763988867468,-0.4235061355905559,-0.4435387562124862,0.9945115447044371,0.2842169261846869,-0.3802538500842746,-0.0381128139753552,0.991763710975647,0.2632194419531765,-0.4430285012516713,-0.3656017520512234,0.994120478630066,0.2803518864288,-0.359703708417103,-0.2975784279906449,0.991644561290741,0.2718009720983922,-0.3724016693245929,-0.3916504578567659,0.9937407970428468,0.248972951750427,-0.291151899539764,0.1538108928595419,0.9983450174331664,0.0786457964751985,-0.438687778616387,-0.3746207211652784,0.9999025464057922,0.1787752325317417,-0.1974636792506649,-0.1803570927267373,0.6570184230804443,-0.0084711942653293,-0.3146103884659782,-0.7386554554857797,0.9553768038749696,0.1213982994911018,-0.1428070027284318,-0.8583657737481262,0.7411618828773499,0.0427027264588887,-0.180450646795973,-1.174008411645804,0.948583483695984,0.0810700311625908,-0.1154476866411836,-1.0038240956957436,0.7241067290306091,0.0358779338359878,-0.1224810495024635,-1.3263889072624089,0.9388588070869446,0.077205922292965,-0.1519201206446115,-1.0353943792166662,0.7237913012504578,0.0640703931268773,-0.1371016525503491,-1.3461102498618245,0.9358991980552672,0.0895929154733603,-0.1544959346448451,-0.8923574992976578,0.6928609609603882,0.0701214641191341,-0.1477745738287277,-1.191237668292577,0.9175254702568054,0.0587991979577684,0.0153990825416417,0.2301396229281517,0.9981849789619446,-0.0587991979577684,-0.0153990825416417,-0.2293687456721941,0.9992015361785888,0.1616433052151521,0.2805840649770774,0.0411690202344388,0.796366810798645,-0.0041529680480205,0.3181685977670417,-0.506437034246941,0.976889431476593,0.0657682779511323,0.5500412981917067,0.3391561008291975,0.7789301872253418,0.0097505422834348,0.6462694933599887,-0.4674299521023793,0.9756479859352112,0.0269449941272251,0.602002541829161,0.3443443178313143,0.8030757308006287,-0.0088583395181201,0.6775162421892924,-0.4843010761181642,0.9485000967979432,0.1692835024868309,0.6554251734646598,0.0721845795821175,0.8382337689399719,0.1226384468544363,0.7171478972991164,-0.7350413930090531,0.964371919631958,P3,P3/grant_DTL_1_frame184.jpg,2
0.3050534077901665,-0.3712522694115199,-0.3094862482232354,0.9936823844909668,0.3146199713587514,-0.3812934353178552,-0.2620614276285872,0.9934779405593872,0.3150084294289766,-0.3789793697652145,-0.2622780521510905,0.9934280514717102,0.3150373464014088,-0.3769637759000557,-0.2622774455013192,0.9940577149391174,0.3082243661447747,-0.3978040660478236,-0.3365847879659273,0.9942969083786012,0.3040551655914851,-0.4084477362853594,-0.3366407008531825,0.9938582181930542,0.299037868657912,-0.4189007668322628,-0.3367141560296579,0.9946869015693665,0.2937138091566493,-0.3814201240117626,-0.0122423140308406,0.992431938648224,0.2663551177703632,-0.4398963845985585,-0.3308082941206405,0.9945206046104432,0.2889786043667328,-0.3613537673097363,-0.2015928154459955,0.9923699498176576,0.2798754201151293,-0.371630667206371,-0.2974846430267823,0.9942935705184937,0.2579388632764667,-0.2951524538122239,0.1709622090723267,0.9984681010246276,0.0812690024693593,-0.4293736146050289,-0.4022241415586213,0.9999037981033324,0.1939601628785708,-0.2140064748610703,-0.1624361509698241,0.6554778814315796,0.0020492376503924,-0.3230084463485369,-0.8509764500728292,0.9585702419281006,0.109713900271166,-0.1888576063750557,-0.8416274715555522,0.7437354326248169,0.049308518688696,-0.2391621176028645,-1.2422292546861888,0.9509944915771484,0.0732759367450953,-0.1866350943837344,-0.9800058010145156,0.7312173843383789,0.0321104526595445,-0.2114430762524235,-1.3847403857121636,0.9415155053138732,0.0651649281944602,-0.2261853228990396,-0.9964681525335176,0.7316250205039978,0.0479026583978456,-0.2231385255309584,-1.392630068204568,0.9388498663902284,0.0775631306789036,-0.2224854164980016,-0.8701174636570258,0.7001591920852661,0.065117660066446,-0.2207098537256888,-1.2534431757087507,0.9201062321662904,0.0594988698846246,0.0104528283303129,0.2573457367396476,0.9982549548149108,-0.0594988698846246,-0.0104528283303129,-0.2567587778088368,0.999207317829132,0.1607642873927937,0.2664166674450768,0.0515485982463113,0.7853673100471497,0.0132300457062707,0.2992678647524578,-0.5467957332557578,0.9776005744934082,0.0683408408555339,0.5425988290295787,0.2753242576995822,0.7590762972831726,0.0196869731012968,0.6145632648003353,-0.4178463084214405,0.9762967228889464,0.025200105114616,0.5697765365674257,0.276510561327368,0.7922146320343018,-0.0108532930105953,0.675430559629506,-0.4255953492751974,0.9498265981674194,0.1700497699006742,0.6238285256491722,0.0535603626347888,0.8268083333969116,0.1407373629259021,0.7040627099940554,-0.7423182467891017,0.9652162194252014,P3,P3/grant_DTL_1_frame190.jpg,2
0.306192595700259,-0.3741260094981364,-0.1847798863206315,0.994164764881134,0.3159295746873214,-0.3865211296034676,-0.1351701311625795,0.9939770698547364,0.3164030465874058,-0.3848298386086843,-0.1353789484941702,0.9939268231391908,0.3165482632160002,-0.3834383866088567,-0.1353344454201056,0.9945080280303956,0.3092557807322113,-0.4000906232528592,-0.2211359367658049,0.9946883916854858,0.3048564832792514,-0.4090960448580382,-0.2212028468950528,0.994271755218506,0.2996825312544275,-0.4183994143574577,-0.2211663685575751,0.9949861168861388,0.2953626600315007,-0.3879266155612334,0.1361590275391379,0.9930902123451232,0.266053485364746,-0.4394254434776708,-0.2730469251065118,0.9948942065238952,0.2899794925486197,-0.3627858747627747,-0.074606088022301,0.9930242896080016,0.2794364069988531,-0.3725409187382471,-0.188243238217055,0.9947637915611268,0.2553194981743735,-0.3009628562043404,0.2680536976144981,0.9985795021057128,0.0798388881154295,-0.4254453321440668,-0.3393234858489436,0.9999011754989624,0.2029602940812902,-0.2253454025430373,-0.0661133475534141,0.6679947972297668,0.0194979450937214,-0.3233141239164494,-0.7538839657548027,0.959333837032318,0.0782584255757112,-0.2549052973519641,-0.6182125187223997,0.7526529431343079,0.0672331591094091,-0.259587911551527,-1.1030732742684752,0.9478372931480408,0.0319845845205005,-0.2762398496006798,-0.7347911143405732,0.7402694821357727,0.0438019733573767,-0.2621698114514932,-1.233229973020875,0.9387856721878052,0.0336744323068433,-0.2988304410848622,-0.7395622619130864,0.7409364581108093,0.0677912826493972,-0.2454610906150799,-1.2397599437900229,0.9363430738449096,0.0494449681253471,-0.2909740124615151,-0.638547275882541,0.7085343599319458,0.071493261596578,-0.2517428792982787,-1.113648309467165,0.9151902198791504,0.0558577404159688,0.0089006148129172,0.2708482468132935,0.9983485341072084,-0.0558577404159688,-0.0089006148129172,-0.2703253574655757,0.9992216229438782,0.157048947173674,0.2638425895655921,0.0572735838825852,0.7693812251091003,0.0187978894684863,0.296740575731473,-0.5382963443066936,0.9783231616020204,0.0553184781173232,0.5518420996655302,0.1556590379139035,0.7383278012275696,0.0211867975638984,0.6138911047594158,-0.4797419440368385,0.9771086573600768,0.0133400235073599,0.5791500916492711,0.1446439609968491,0.7807694673538208,-0.0077498800277951,0.6715423053745901,-0.4922945231596037,0.9513950943946838,0.1566712246887423,0.6306297348466122,-0.0819824072308828,0.8162006735801697,0.1438055688660159,0.6981049050817425,-0.8039939543763477,0.966349959373474,P3,P3/grant_DTL_1_frame194.jpg,2
0.3140460214610259,-0.374928891340607,-0.1314670621111695,0.9946984648704528,0.3236667283181855,-0.3895010755754989,-0.0704520602508775,0.9945400953292848,0.3238735435923417,-0.3881939430963756,-0.070680237694505,0.9944941997528076,0.3235962912320598,-0.3871394849304605,-0.0706249870439695,0.9950163960456848,0.3171615387045099,-0.4015103989384019,-0.1449367560820543,0.9951707124710084,0.3126033100799558,-0.409619955543575,-0.1450287364259045,0.994792938232422,0.3071867481122732,-0.4182154281322546,-0.1449866365292149,0.9954256415367126,0.3032862320238399,-0.3937691133962914,0.2320992407078495,0.9937497973442078,0.27246426197514,-0.4389397423310398,-0.113490481157763,0.9953408241271972,0.2976353793228742,-0.3605600255032551,-0.015630114299733,0.9936532974243164,0.2871945050330827,-0.3710165358270589,-0.1167837021775736,0.9952262043952942,0.2612213041003602,-0.2993612377990934,0.3021965053594818,0.998686134815216,0.0817347701194761,-0.423398148965076,-0.1874075714699105,0.9998980164527892,0.2181142070345022,-0.2386284338817261,-0.0367016589798698,0.6852763295173645,0.0380734181099556,-0.3401179342250847,-0.6945702151197818,0.9568293690681458,0.0579444194813257,-0.315185703505615,-0.5488917839962835,0.7672807574272156,0.0418062839423339,-0.348867968760199,-1.1300823189916545,0.943213164806366,0.0197008783239935,-0.3348392990622199,-0.6574102061596591,0.7540487051010132,0.0108156645299743,-0.3452696827221629,-1.2577068257443038,0.9343563914299012,0.0227667399195279,-0.3558178112133103,-0.6578018063852896,0.7546875476837158,0.0334079352840456,-0.3566800910314769,-1.2672940624967086,0.932252824306488,0.0373537609023484,-0.3472764403014208,-0.5647544156133015,0.722510814666748,0.0372155343652494,-0.3531531412764107,-1.1454519909165537,0.9097067713737488,0.0565984217163827,0.0111439712888521,0.2576563133232481,0.9984721541404724,-0.0565984217163827,-0.0111439712888521,-0.2573075498361656,0.999276638031006,0.1626627358705322,0.264923797061558,0.0608913810274879,0.7651792764663696,0.0258290047276858,0.2924315273642151,-0.6111266962418155,0.9791238903999328,0.0663528591264206,0.5570725519959758,0.097245678393133,0.7274642586708069,0.0227831252842437,0.6192070539272436,-0.6588200968559175,0.9781240224838256,0.0268801658385056,0.607605716154687,0.0835286803124149,0.7700585126876831,-0.0046434774809182,0.6786636477458506,-0.6802417132296565,0.9527165293693542,0.1754802873301919,0.6728835105208472,-0.1450907685193063,0.8134633302688599,0.1449851253789629,0.7075675310152025,-1.006154210643815,0.9679160118103028,P3,P3/grant_DTL_1_frame200.jpg,2
0.317384282914039,-0.3825589977007684,-0.1173294671626546,0.9952125549316406,0.3299944743123177,-0.3985150145722558,-0.0472885717201853,0.9950725436210632,0.3311640386441701,-0.3974042294965893,-0.0475486871492933,0.9950292706489564,0.3316110059047507,-0.3962957915092774,-0.047520627325336,0.9954975843429564,0.3197375961551916,-0.4092300851951369,-0.1005466437725404,0.995640516281128,0.3134482157432964,-0.4187441098880173,-0.1006892995476175,0.9952999353408812,0.3065077734312862,-0.428502180746121,-0.1007165589379104,0.9958704113960266,0.3093921409245075,-0.4037063658234554,0.2940344785124753,0.994351863861084,0.2719334271629035,-0.4472672797006715,0.0504967417369856,0.9957895874977112,0.3009429289897385,-0.3683053342176381,0.010656778483198,0.9942342042922974,0.2865557876123528,-0.3779025784997887,-0.0624326395250084,0.9956784248352052,0.2689361953340196,-0.3048035831911731,0.362656938533031,0.9987936615943908,0.0780818383737007,-0.4160143440842433,0.042822515416274,0.9999030232429504,0.2224755813537871,-0.2645448950697953,0.0448015286554565,0.7080336809158325,-0.005417819765593,-0.3083566157471694,-0.3887060476134181,0.9569406509399414,0.05327071635307,-0.361054004745957,-0.3890556617309407,0.7861632704734802,0.0234615717285387,-0.3505398652956977,-0.8440590977195077,0.9451193809509276,0.0144733458507591,-0.3906074698108114,-0.4926899193678914,0.7720025777816772,0.0006562918252531,-0.3819304882583219,-0.9579419676806832,0.9354753494262696,0.0152519158769233,-0.4107831943783345,-0.4705097303218401,0.7721607685089111,0.015130173424441,-0.3901548899476436,-0.972418604557505,0.9335912466049194,0.0294912927352861,-0.3979080371142802,-0.3917709113034778,0.7411068677902222,0.0254783839327588,-0.3712969534439349,-0.8602635998146284,0.9116117358207704,0.059181348137649,0.0126040430472626,0.2559367699463187,0.9985952377319336,-0.059181348137649,-0.0126040430472626,-0.2552295565085017,0.999336838722229,0.1661036214411604,0.2762572741487616,0.0531421367301632,0.7675082087516785,0.0231599708749666,0.2977565014300061,-0.6454291431822035,0.9797616004943848,0.0650987660689925,0.5733050824548142,0.0522203624245781,0.7259397506713867,0.023463663698594,0.6440685717795767,-0.7633297181699354,0.979127049446106,0.0236674011725093,0.6243710919761427,0.0367515704813194,0.768938422203064,-0.0039030293509679,0.6971530772859014,-0.7894598528222178,0.954505980014801,0.17010673370099,0.6647608088561017,-0.1940392282984248,0.8159265518188477,0.1484031056382518,0.7269184436102524,-1.1235827279912094,0.9695558547973632,P3,P3/grant_DTL_1_frame204.jpg,2
0.317403093448213,-0.3899972868457363,-0.0627481289988988,0.995682954788208,0.3345755053610955,-0.4002221906946135,0.0065040018775121,0.9955575466156006,0.337407500665944,-0.3984156332023162,0.006238139264814,0.9955173134803772,0.3389924362454236,-0.398029643415789,0.0062486441293606,0.9959381222724916,0.3183105314563956,-0.41938976466091,-0.0321057704773932,0.996069610118866,0.310237865988854,-0.429907588389692,-0.0322918011741958,0.9957627058029176,0.3021531848754367,-0.4399463780997815,-0.0324161265229077,0.996277630329132,0.3160016788873643,-0.4054413456623412,0.337870308427813,0.9948992133140564,0.2715439945430671,-0.4512109177359307,0.1562037558260175,0.99620121717453,0.3032182640495948,-0.3707021108281534,0.0618563074791861,0.994768500328064,0.2829458155007913,-0.3895503972472068,0.0078809214017299,0.996093213558197,0.276251765676283,-0.3057971348828875,0.3902841218793322,0.9988813996315002,0.0804638509335715,-0.4102712758619597,0.1789155473715511,0.999907612800598,0.2274137108744246,-0.2685255256570327,0.0820584015971973,0.7292166352272034,-0.0233654503835067,-0.2625159055072112,-0.1556661968825951,0.956692636013031,0.0547637708262062,-0.3801818905859975,-0.3386505038271072,0.8034869432449341,0.0051567146883053,-0.3715200476792364,-0.5532385397075416,0.9476420879364014,0.0131143585884902,-0.41589665208833,-0.4355739410494332,0.7882978916168213,-0.017864543924669,-0.4151875235860098,-0.6453707124624898,0.9373712539672852,0.0152106266535674,-0.4402665899274766,-0.4028411136808251,0.7878491282463074,-0.010909436221392,-0.4330925561293667,-0.6628282648948063,0.9356607794761658,0.0312558272063534,-0.4262881318142186,-0.3361447024984345,0.7576255798339844,0.0021666160772552,-0.4149381219107189,-0.5684437233762251,0.9146316647529602,0.0604213428216536,0.0154010541011311,0.2289049346858568,0.9986968636512756,-0.0604213428216536,-0.0154010541011311,-0.2289814959166286,0.9993901252746582,0.170738271328966,0.2827608823870255,0.0395345077261644,0.7645121216773987,0.0286380082217929,0.2982060195308244,-0.6327371851046821,0.9794503450393676,0.0746467892112446,0.5843959053713027,0.0310635479885787,0.7187761068344116,0.0267962767234065,0.6506601384190245,-0.7713972763696076,0.9789919257164,0.0340582455367389,0.6203068710740237,0.0168639894749107,0.7623067498207092,-0.0015785169652297,0.7028285810850016,-0.7982647226878162,0.953850030899048,0.1750937889121518,0.6734377977839897,-0.213865210055305,0.8137167096138,0.1524889699917057,0.7359318908681092,-1.133722710484891,0.9697110652923584,P3,P3/grant_DTL_1_frame207.jpg,2
0.4029003177581228,-0.3097544328878767,-0.8379951657802271,0.9918687343597412,0.4223919780343499,-0.3329676866094555,-0.8274776100044756,0.9892075657844543,0.424947731693455,-0.333016498273444,-0.82780160525774,0.9896171689033508,0.4266323956000697,-0.3341262150908251,-0.8280460813665325,0.9893984198570251,0.4078590536201408,-0.3474301439709453,-0.9142715028290443,0.9908222556114196,0.4013700964631007,-0.3560424433272212,-0.9146029486501358,0.9901698231697084,0.3952568707452642,-0.3640767318093625,-0.9152095780605032,0.9898728728294371,0.3865732687585687,-0.3576543423424408,-0.5614497589316242,0.986409306526184,0.3571456147859504,-0.3943197007229806,-0.955554054686633,0.9901745915412904,0.3741308204873861,-0.2840757375302927,-0.7099684379712334,0.99217426776886,0.3589500448295983,-0.317146579907391,-0.8254071877262544,0.9946568012237548,0.2962457874712001,-0.3338181654453401,-0.2822344202127535,0.9985001683235168,0.0775796989982268,-0.3734685555284785,-0.8841453755305085,0.9998767971992492,0.3416959223716383,-0.2257041594420148,-0.5661410751138309,0.6831830143928528,0.0206470553412208,-0.1626217335427873,-1.226331433854807,0.9519535303115844,0.2348357007075089,-0.2456028156897292,-1.2163234412132462,0.7607476711273193,0.074626210353812,-0.1947315919331454,-1.7338082697908543,0.9422115087509156,0.2173841033863945,-0.2496481258624452,-1.4740564080086969,0.7499679923057556,0.0510086066567967,-0.1441664681407461,-1.879062729728776,0.9335969090461732,0.1860492433130002,-0.2655122648160716,-1.45547246364082,0.7494792342185974,0.0759072902312155,-0.1618016140300111,-1.9166887935701555,0.932360053062439,0.1856903626907512,-0.2717722736832486,-1.231195470910799,0.7220058441162109,0.0817492317223771,-0.1697662014056582,-1.7543016484667078,0.9104092717170716,0.0616009466367188,0.0065972341006949,0.3386662568935526,0.9981620907783508,-0.0616009466367188,-0.0065972341006949,-0.33787754117601,0.999252200126648,0.2740586927969793,0.2886026189842416,0.1811044337459861,0.7641421556472778,-0.0074669312236848,0.3099123570732203,-0.7305439817876096,0.9803358316421508,0.2188740776888556,0.5973094463304544,0.390384269017845,0.7328544855117798,-0.0129566767141993,0.6462935178510675,-0.775925320790729,0.9795387387275696,0.1491946962148332,0.6424896896337181,0.3966775269143436,0.7691906094551086,-0.0546355012961222,0.6939685176413196,-0.8040157022856033,0.9515213966369628,0.3964677620958483,0.689961086991014,0.1997392090906269,0.8217180967330933,0.1474816226664106,0.7725949866035102,-1.2206884991192504,0.9701196551322936,P3,P3/random_1_frame23.jpg,3
0.3656114036871085,-0.2740277106348685,-0.8294852497418718,0.965387523174286,0.3804983278668111,-0.2949623074540258,-0.8828440298814004,0.9637421369552612,0.3831901317990731,-0.2989523708049451,-0.8832025338152042,0.9665966033935548,0.3862432458361288,-0.3095911262620092,-0.8835314170552253,0.9684674739837646,0.3660254698065131,-0.3068495595641922,-0.9383545819360158,0.9629056453704834,0.3586300244202675,-0.3109699539677554,-0.9385524481704844,0.9591186046600342,0.3514544581209225,-0.3145631623813418,-0.9391000256696548,0.954073131084442,0.3431569223004438,-0.3391492112519655,-0.8157411854673391,0.9710127115249634,0.2898087432513216,-0.3223499127222959,-1.0761629577997354,0.9531277418136596,0.3411167736314014,-0.2701518896229174,-0.7634355924800128,0.9844970107078552,0.3197823909852106,-0.2765900565454612,-0.8407053814686962,0.9830740094184875,0.2809640664471598,-0.3772286397886872,-0.5907868577142275,0.998371124267578,0.1061936169755577,-0.3228491617210841,-0.9742355937598624,0.9994403123855592,0.2671446097120307,-0.3012919067389366,-0.3167764518004635,0.6466459631919861,0.0727724946414933,-0.1177618386238455,-1.2893932902349396,0.9301783442497252,0.1677837073002024,-0.2944332506833889,-0.3336261366892415,0.7410792708396912,0.0874229521457769,-0.175530173497612,-1.7021648294228635,0.917057454586029,0.1276452352097728,-0.2923261904260752,-0.3829992809920794,0.7345566153526306,0.109359726164475,-0.1462956088431181,-1.8291863463606053,0.9128317832946776,0.1202166146464905,-0.3050765583733922,-0.4269937126397869,0.7344421744346619,0.0816739184590072,-0.153888483948345,-1.851739604966116,0.913051962852478,0.132258829754657,-0.3032827291579113,-0.3489575895334284,0.7090202569961548,0.0825635370221738,-0.1793626547576074,-1.7250438533006285,0.8911072015762329,0.0669398994185787,-0.0027430009629895,0.2482827755047545,0.9977518320083618,-0.0669398994185787,0.0027430009629895,-0.2476990451693302,0.998917281627655,0.2247274020590584,0.2144860627735253,0.3352303311051577,0.7549366354942322,-0.0350803800607388,0.2557900312151104,-0.056586059958567,0.9790387749671936,0.1557948718002002,0.4731831000561485,0.6326001773701645,0.7436984777450562,-0.0862561462481594,0.5408390095926496,0.1340840413157087,0.9778522849082948,0.0863770610381482,0.5241076204009365,0.6515443882858344,0.7735570669174194,-0.1310907143105776,0.5844945493238053,0.1492072450927644,0.9462974667549132,0.2869817442366998,0.5471499010709607,0.5379207788411771,0.8249551057815552,0.0442940995297555,0.6463299613523261,-0.0478388079547324,0.9668784737586976,P3,P3/random_1_frame24.jpg,3
0.4076485971783934,-0.2587599462969229,-0.1485449832205602,0.9681591391563416,0.4377610905613077,-0.2806235419755696,-0.1672496531042432,0.9667370319366456,0.4401170862459337,-0.2808443328277711,-0.1673817926426353,0.9693089127540588,0.441690818193525,-0.2911083111593869,-0.1673632526192281,0.9710432291030884,0.4260820118099488,-0.2898767759046271,-0.2462578827516193,0.966014802455902,0.4219798459396005,-0.2948898933728315,-0.2464699060515104,0.9625818729400636,0.4182076429681623,-0.3001786207412378,-0.2467187181174082,0.9580095410346984,0.4084651155384082,-0.3248459107058743,-0.0614993912734548,0.9734153747558594,0.3872578920317283,-0.3206850808808645,-0.4804583712388992,0.9569816589355468,0.3796829598602098,-0.2601833773477649,-0.1521840708629007,0.9853876233100892,0.3713383472825471,-0.2594234257205964,-0.2496387790860556,0.9842437505722046,0.2613166927141838,-0.3352672389297845,0.0963519846235597,0.997758448123932,0.2000517169527085,-0.3182916264843742,-0.5908639921679116,0.9994603991508484,0.0632434132632206,-0.3242212881419417,0.3976355281344905,0.6013169288635254,0.1100718131234412,-0.1920445823187934,-1.0964956081343418,0.92535138130188,0.0394954055275392,-0.3457849228448666,0.6291180754055539,0.6897827982902527,0.0704745175693847,-0.2232573015683772,-1.5199336640532182,0.917120397090912,0.0098504760970705,-0.3282804609650803,0.6539053730629436,0.6889854073524475,0.0434719711136272,-0.2204134105309313,-1.6320605797869792,0.914145827293396,0.012629877563702,-0.3263212479966402,0.6118439001322986,0.6897255182266235,0.0444643065691418,-0.2296133400721882,-1.623487253519147,0.9147741794586182,0.0421287005410515,-0.3497754699097221,0.6128812676006764,0.6667261123657227,0.0629817265856245,-0.2409795249799655,-1.5267525477603907,0.8925207257270813,0.0521964138644702,0.0040904563818806,0.2794289119991396,0.9975563287734984,-0.0521964138644702,-0.0040904563818806,-0.2787328091250088,0.9989064931869508,0.2016910453381834,0.2020963917101143,0.3052737337567968,0.749997079372406,-0.0531434260263139,0.2410003224296319,-0.3275782411939889,0.9795228242874146,0.1070761647852077,0.4478525723986309,0.5180333041454163,0.7547878623008728,-0.0959680546730116,0.5048909471287283,-0.3695931965796517,0.9784689545631408,0.068918845031868,0.4882533369325193,0.5222696922119313,0.7823373675346375,-0.150088553040519,0.5450137132597921,-0.3874619924936512,0.9484017491340636,0.2574150445518243,0.5030064768155321,0.4180274566605477,0.8300800323486328,0.0434327064607555,0.5892307224232359,-0.614535043514211,0.9677595496177672,P3,P3/random_1_frame25.jpg,3
0.4303205935048104,-0.2757284744430598,-0.0968945989353253,0.9709947109222412,0.4523165939711165,-0.2940196648633627,-0.0619935348710978,0.9696797132492064,0.4542286976859638,-0.2953290794455221,-0.062387067658585,0.9720188975334167,0.4549653306672178,-0.3003332961058512,-0.0625252881678243,0.9735503196716307,0.4383078828099205,-0.3004714875221607,-0.1461229490147367,0.9690635800361632,0.4318309820456785,-0.3038698326461842,-0.1464155657021559,0.9659565091133118,0.4249925143505114,-0.306222868804313,-0.1467048367026538,0.9617847204208374,0.4139231200677534,-0.326685497315249,0.1128687775177614,0.9756483435630798,0.3859424712085645,-0.3165489969178341,-0.3188456509781086,0.9608061909675598,0.407281087834254,-0.279466043127961,-0.019575821462932,0.9862722754478456,0.3904346523053048,-0.2841825888989283,-0.1311795111136233,0.9854333400726318,0.3260600284185673,-0.2948873905860673,0.2529628787060938,0.9975694417953492,0.1702221210120192,-0.3325709970035458,-0.4221951418763205,0.9994844794273376,0.1631846576773664,-0.2580959479522828,0.3140072349244212,0.5833374857902527,0.0458848742208952,-0.2139698286135259,-0.8473878446764374,0.9240481853485109,0.0152269775944507,-0.295037742847012,0.1316667158616711,0.6930055022239685,-0.008990908102674,-0.2535814816713546,-1.4059624951974588,0.9210880994796752,-0.0501297072289063,-0.3083149995684494,0.0755252529025881,0.6938201785087585,-0.0694130829253815,-0.2634183248923509,-1.5462047303108424,0.9187772274017334,-0.0478925191170395,-0.3168921771171576,0.0370143053855132,0.6951162815093994,-0.0695259053069495,-0.2881751280201529,-1.5471949372677918,0.9194658994674684,-0.0093985000484626,-0.3167026657727703,0.1083569950596026,0.6719565391540527,-0.0353804646338699,-0.2787802064020495,-1.4213608010552037,0.8979721069335938,0.0638936304791911,0.0077248128929113,0.2625528102323072,0.9971470832824708,-0.0638936304791911,-0.0077248128929113,-0.2617181631707276,0.9988808631896972,0.2073856622172981,0.2096178754381777,0.2725618545044901,0.7651375532150269,-0.0552602453902071,0.244233457856007,-0.6136780559269496,0.9811580777168274,0.1189405956014057,0.4446056584056956,0.4768314021092633,0.7721777558326721,-0.0997348398415018,0.5053448297909522,-0.7386508086755187,0.9801580905914308,0.0700414320221083,0.4848446714006396,0.5021020736552283,0.7958791851997375,-0.1451164936565223,0.5456417959019569,-0.7686169918042424,0.9513029456138612,0.2579980502436761,0.5161416815078181,0.2442695039959665,0.8411985635757446,0.0372079661090061,0.5916384160660194,-1.0869156957030628,0.9700495004653932,P3,P3/random_1_frame26.jpg,3
0.2512795554851586,-0.1201202479357082,0.0317456872914089,0.9667491316795348,0.2703777349272633,-0.1351369973367025,0.0630768108873918,0.962835729122162,0.2745191602894485,-0.133480570227031,0.0627331241147354,0.9676440954208374,0.2794179570492004,-0.1332167100103045,0.0627839165111452,0.966323733329773,0.2571105444456088,-0.139595364868565,0.043778158669196,0.9641713500022888,0.251553904950073,-0.1398030837682859,0.04376889118003,0.9631149768829346,0.2468557150619145,-0.1412470638701518,0.0432179126266603,0.9567360281944276,0.2699765211840764,-0.1255847091895928,0.1853395920619792,0.972094476222992,0.2287875480062603,-0.1372029819097104,0.1019055989264301,0.959336280822754,0.2387218990722139,-0.0965149895288683,0.0782749319051351,0.9790881276130676,0.2214187716902638,-0.098066921476668,0.0520674459776816,0.9773712754249572,0.1982392814030507,-0.048740993481095,0.2591515177241686,0.9970848560333252,0.1536622413285443,-0.0848555544560134,-0.0115293785766502,0.9991999864578248,0.1158410319950548,0.1215313696729855,0.2534823373366169,0.5656180381774902,0.0648330100173505,0.0495852190322176,-0.1134282168548342,0.9181856513023376,0.0574816760496665,0.2907896132409003,0.0797378592048404,0.6657161712646484,0.0101137013171662,0.2989240252106117,-0.1919076692336328,0.8867287635803223,0.05022232166363,0.318071750457604,0.0395373958554814,0.6650614142417908,-0.0001778404351856,0.3185173845775866,-0.212141806442086,0.8815065026283264,0.0644631448227252,0.280658429843421,0.0234365265328173,0.6681557297706604,0.0048059828060893,0.3154438759305309,-0.2224232562662571,0.8844307661056519,0.0549515025123436,0.2809592010888087,0.0650897482729495,0.650936484336853,0.0148269099015937,0.3020634889788487,-0.1955137654842287,0.8677139282226562,0.0332478971235679,-0.0869607147817231,0.1031966108255559,0.994207203388214,-0.0332478971235679,0.0869607147817231,-0.1028403836401748,0.9971944093704224,-0.0904220673537261,0.3664602416283847,0.0885687582475279,0.7104282975196838,-0.1164582686261113,0.3738806695453064,-0.1766181000497515,0.9614824056625366,-0.2485421298991232,0.7155620489298286,0.0843313006396225,0.7019182443618774,-0.3205245682727912,0.7610427933605229,-0.229960535997272,0.915138304233551,-0.2925801606854744,0.76424980152997,0.0843656986192387,0.7405855655670166,-0.3694472437768907,0.7996972622129386,-0.2298835751118934,0.9085358381271362,-0.293631280697303,0.8425857319891977,0.0471429128144687,0.7639315128326416,-0.3724218197421741,0.928063569040358,-0.3032180611875305,0.8922487497329712,P3,P3/rob_DTL_1_frame835.jpg,4
0.462697392867382,-0.1148840370108126,0.0011859311737636,0.964706003665924,0.4779539434190916,-0.137328098950922,0.0479795666429159,0.9632737636566162,0.4794614945950274,-0.1417789248479594,0.0473040204269444,0.9671801328659058,0.4810772017522386,-0.1537418054472444,0.0474763398498987,0.966399908065796,0.4728877966641229,-0.1668068218752319,0.0374108359558373,0.9650219082832336,0.4705219316799899,-0.1669581648789955,0.0381688511075312,0.9638078808784484,0.4679561100280359,-0.1714562477796981,0.0351559203544124,0.958631694316864,0.4686001468642709,-0.2028936114603847,0.1238369498409605,0.9681578874588012,0.446880616943673,-0.1572998734361246,-0.1654703041212535,0.959492802619934,0.4480163678020961,-0.151980106557817,0.1144285288628441,0.9736299514770508,0.4369519732326248,-0.1544405609193022,-0.0031537843696304,0.974411129951477,0.2966665807365474,-0.2727658423852134,0.2671942265790792,0.9951246380805968,0.310736354925079,-0.2478699936361251,-0.2883968688902095,0.998880922794342,0.2656545300888479,-0.10774890778756,0.4011212909815301,0.5156548619270325,0.3039958631359429,-0.2033340738677524,-0.4236409490534996,0.8804430365562439,0.1723023516443645,-0.046263852888036,0.2995536294213901,0.6035723090171814,0.4183092737117485,-0.1093993605248184,-0.3131107932491911,0.8214895129203796,0.113417487126733,-0.0500186366338001,0.3171937192273435,0.6039044857025146,0.4490918980131053,-0.0832749050504561,-0.3566577264340803,0.816992461681366,0.1707063914328635,-0.0555295418873788,0.2620092212997404,0.6070638298988342,0.4482534065206401,-0.102612063952148,-0.3168926913602958,0.818783164024353,0.0761859022805418,-0.0412297383923301,0.274269097469907,0.5918136835098267,0.4309183015078787,-0.1147956279752475,-0.2944471408622559,0.7998790144920349,0.0428517012613502,-0.0273090461069082,0.1979555372149505,0.9943479299545288,-0.0428517012613502,0.0273090461069082,-0.1979500917308758,0.9972215294837952,0.0849563348666722,0.2562050889763698,0.1770138070767677,0.665158212184906,0.2127159080706807,0.3094466231121295,-0.2073459259153525,0.9564224481582642,0.1801959293969363,0.6932832316254788,0.2520822357291716,0.6756376624107361,0.2452670899334481,0.7738887566140351,-0.1567469966412502,0.9150057435035706,0.2199045500094075,0.7952872102417878,0.2583526635348801,0.7143625617027283,0.2264889504834069,0.8429115673932385,-0.1556493359075915,0.905794620513916,0.2487038875572607,0.79142223552416,0.1994006443278296,0.7418835759162903,0.2834022106009131,0.7467131908157251,-0.2525250157647096,0.8910436034202576,P3,P3/rob_DTL_1_frame837.jpg,4
0.3298756919155632,-0.2213247465099427,-0.0355011034672769,0.9528321623802184,0.323339363025259,-0.2487040296886945,0.0009015659732532,0.9551755785942078,0.3233364241839171,-0.2489641171474478,0.0006103013126998,0.9590462446212769,0.3236989389070848,-0.2533453245325688,0.0001104484607032,0.9587358832359314,0.3171586339373181,-0.2668805040784778,0.0167435083169759,0.958171248435974,0.3122951972626042,-0.2702357100892545,0.0175933669401047,0.9579049348831176,0.2874019145495234,-0.2288426484084233,0.0165168299199291,0.9534165859222412,0.2977870019230144,-0.2618017540572188,0.0762556127289412,0.9584920406341552,0.2641742633851885,-0.2349749730507338,-0.0956256942883458,0.95333993434906,0.3104043121686569,-0.234276047430435,0.0250160549710491,0.9657717943191528,0.2864255277319503,-0.1905830830900796,-0.0374711400941654,0.966127634048462,0.2471128199751054,-0.2689147009060951,0.2592670250090046,0.9938013553619384,0.1941627647174673,-0.2207132082013087,-0.1789652814284496,0.9987691640853882,0.1281825784421675,-0.056675036658427,0.4462624959218991,0.4677281081676483,0.1682768451229232,-0.0602554097778951,-0.2648987742124634,0.8410429358482361,0.2885870455388776,-0.0050831582832717,0.5294581554681987,0.5563478469848633,0.2061330976853536,0.1029579845860486,-0.1269427007282577,0.7583210468292236,0.2836301709967951,-0.0130320326208829,0.5751610279768462,0.5614158511161804,0.2075209222907851,0.1312929098199605,-0.1452615468546641,0.7530693411827087,0.2970669857942623,-0.014713914233519,0.5303442593510201,0.5644159317016602,0.2091288142508147,0.1112863152027981,-0.1154955463466024,0.7539798021316528,0.2908525464674001,-0.0032076588881141,0.5151741764356896,0.5506510734558105,0.2079053054509964,0.0998874140028806,-0.1125400335628803,0.7373051047325134,-0.0203003058783268,-0.0155431861109797,0.1964353318306868,0.9948810935020448,0.0203003058783268,0.0155431861109797,-0.1967888787659363,0.9974797964096068,0.139197615100934,0.3105305959098462,0.1952666453873704,0.6586421728134155,0.1739711959687888,0.3923721410896356,-0.3310407048072023,0.960012435913086,0.1095205901754094,0.8028231697492032,0.2515851098326961,0.6884968280792236,0.1074476697912878,0.8864850678307357,-0.4343062521051516,0.9216040372848512,0.0874121189432572,0.8864845492116753,0.2476562895320716,0.7191440463066101,0.0809764021506561,0.9936855292032682,-0.4341136283424956,0.9099137187004088,0.1849388654200455,0.9340106270268976,0.1529219825582242,0.7500146627426147,0.2169012716714051,0.9761935455366048,-0.6001608869068239,0.8979527950286865,P3,P3/rob_DTL_1_frame841.jpg,4
0.2303606109455644,-0.2023541914616698,0.4026137594799462,0.8936855792999268,0.2404124602666937,-0.2286510036060858,0.4186781425340979,0.9066874384880066,0.2404373356180602,-0.227602927795098,0.418271349885386,0.9151621460914612,0.2408069850373426,-0.2288631657325872,0.4179350656984825,0.9171352386474608,0.2167781597065945,-0.2385993612776733,0.397363956657083,0.9037708044052124,0.2100216577004505,-0.2435403871281134,0.3973270681240838,0.9061230421066284,0.2068521304220698,-0.1903860910972187,0.39654752724952,0.9011927247047424,0.2224266473418027,-0.2350269042464414,0.4436487079161529,0.9075834155082704,0.1980102589428358,-0.2059477033978127,0.3507536609105904,0.892333984375,0.2286309674868964,-0.2025690703500951,0.4188468789192204,0.9034414291381836,0.2001195698803809,-0.1581545974286645,0.3854749395342629,0.8963570594787598,0.2000468964989142,-0.2642834587094203,0.4654469019096879,0.9915995597839355,0.1392540847234913,-0.1901926067089448,0.2213676408090113,0.9977050423622132,0.1012301999365678,-0.1268638674751008,0.7551729633854559,0.4236232340335846,0.1216130458665161,-0.0914068982122938,0.1815592467073768,0.7727280259132385,0.1440949299779844,-0.0635368262174593,0.919782502246702,0.5143141746520996,0.1309077675989545,-0.0167064727551238,0.3587636089494136,0.6887446045875549,0.129884482240523,-0.0625012305315597,0.9814396688080032,0.5254954099655151,0.1275064665689337,-0.0015949939458103,0.3963912285400807,0.6852619051933289,0.1452447145635015,-0.0585264380391474,0.9745655819498368,0.5281854271888733,0.1237880684830976,-0.0221849929724626,0.4297205911717607,0.6856011152267456,0.1462662170469204,-0.0557803011268579,0.9257024113778785,0.5142092108726501,0.1279153392384936,-0.0238359352341451,0.3800631922310871,0.6712144017219543,0.0031399824924573,-0.035760312711382,0.186376638665573,0.9953644275665284,-0.0031399824924573,0.035760312711382,-0.1872947980723678,0.9977015256881714,0.0943319169175158,0.3845862612392839,0.1341963760708862,0.6561719179153442,0.0689132131662182,0.4209533457466263,-0.2218098999356527,0.9631128907203674,0.0313295287097906,0.7970847891820343,0.1235795888424854,0.7053541541099548,0.0186867375012795,0.8723210959287107,-0.4048774164542977,0.92760169506073,0.0085117849054695,0.8628625194927317,0.1196995646468747,0.7284888029098511,-0.0020927556695707,0.9509051325562192,-0.4169881468197581,0.9147956371307372,0.09083867047613,0.9400431787888812,0.1278811356303647,0.7576876878738403,0.1038932209137453,0.9945884569248568,-0.5198741706995906,0.9037480354309082,P3,P3/rob_DTL_1_frame843.jpg,4
0.2434750903720067,-0.1845520031776448,0.3226657277612959,0.8539406657218933,0.2454378939663531,-0.1955173414917134,0.3512608607561776,0.8745616674423218,0.2449824029076955,-0.1973948958500906,0.3508895005032796,0.885560929775238,0.2449595372234122,-0.1987996441932334,0.3505553384106831,0.8879166841506958,0.2404785258773455,-0.1965062823369655,0.3036239977876605,0.8679444193840027,0.2376272744632384,-0.1968808321871276,0.3034534371807104,0.8737639784812927,0.2355011800583037,-0.1765438771841991,0.3026882859357128,0.8699424862861633,0.2289853713510711,-0.2097830430840185,0.4271125076016612,0.8666343688964844,0.2161407388982994,-0.1783708122197608,0.2317820268016178,0.8460215926170349,0.2331537193185685,-0.1916257842893989,0.3529457551551317,0.8532581329345703,0.2224388265247476,-0.1881388502828799,0.2873280139783686,0.8388073444366455,0.1918476891276336,-0.2352023934990005,0.4937845349442504,0.983240008354187,0.1828483854285167,-0.21375976667562,0.0745985959553407,0.9968173503875732,0.0962303565762337,-0.0504791462292776,0.643423289315147,0.3852266669273376,0.1599518821794572,-0.1435164674040466,-0.0597981552749495,0.7387573719024658,0.1715046863169055,0.0394378375076446,0.6321029115445711,0.4724278748035431,0.1824693618575165,-0.0552376939606667,-0.0767443612693768,0.6417189836502075,0.1630971564686419,0.0429898061596795,0.6726079385887924,0.4864698648452759,0.1810366941824772,-0.0490599825634345,-0.0852321695526785,0.6397660374641418,0.1837659124337246,0.0394839002629399,0.639796800072486,0.4893366694450378,0.1818338449584691,-0.0536828274294032,-0.0274531432601264,0.638633668422699,0.1864905741174519,0.0455207723004563,0.6185600472543372,0.4761541783809662,0.1811943514186768,-0.0507122767929485,-0.051999501939493,0.624701976776123,0.0066751643004169,-0.0087075176844584,0.2055154862146036,0.9953610897064208,-0.0066751643004169,0.0087075176844584,-0.2059492093075169,0.9975702166557312,0.0677818829204916,0.4208967695773056,0.135321035418014,0.640912652015686,0.0491066666688462,0.4373121768789684,-0.2142124616587539,0.9659103751182556,0.0075532562849044,0.8129819484908487,0.1412020107113272,0.7053539156913757,0.000934966231808,0.8870492020720729,-0.2765808109784953,0.9330559968948364,-0.016282231260049,0.8813813291570123,0.1465013712281901,0.7257876396179199,-0.0226624199485434,0.9526781896859428,-0.2762794354603738,0.918908715248108,0.0672940816557815,0.9471011167345578,0.1085348286611539,0.7568348050117493,0.0744464014222477,0.9972250163906226,-0.375367836878654,0.90934419631958,P3,P3/rob_DTL_1_frame847.jpg,4
0.2726821441843268,-0.2511862542288799,0.5999368338306426,0.8676813244819641,0.2787482092953358,-0.2673561054730953,0.6463394527147261,0.8863959312438965,0.2788146821502313,-0.2728660641243249,0.6460079665492963,0.8962940573692322,0.2794503452897138,-0.2766870678336002,0.645723634839717,0.8985001444816589,0.2758905790220687,-0.2619314990212823,0.5831475205588709,0.8802585601806641,0.2738408968834029,-0.2616183653349451,0.5828765361068136,0.8855890035629272,0.2720681703383174,-0.2619990256070348,0.5821692631745077,0.8822750449180603,0.2662206665692302,-0.2962792612795275,0.752098994206082,0.8789648413658142,0.2509307684015109,-0.2665437667932565,0.468404440551652,0.8599869012832642,0.2582825607798639,-0.2568561165376586,0.6345297202294964,0.8650404810905457,0.2515883842671808,-0.2609730429959401,0.5490290764783794,0.8514082431793213,0.1815098380008837,-0.2687870719768952,0.8027305862629076,0.9841553568840028,0.2291183640398939,-0.2853134354943941,0.1322929015723008,0.9970951080322266,0.0904645941966134,-0.1369330273538068,0.8803637680975294,0.3578852415084839,0.1358813600530729,-0.26164822104256,-0.2491293057378461,0.7519730925559998,0.1117726127213485,-0.0957423369102326,0.793929474901662,0.44110769033432,0.1228002573834256,-0.2051556023373158,-0.5508349516400078,0.6589503884315491,0.104585114545782,-0.1003251880291157,0.8227044937117816,0.4546034336090088,0.1431776559396242,-0.203337038499951,-0.6071960296099371,0.6522226929664612,0.1690326109231997,-0.0412790282137523,0.7802500287270507,0.4576776921749115,0.1600428817385518,-0.2076932496736752,-0.5400429914462787,0.649954080581665,0.149766722799322,-0.0354014931152407,0.7703902690981436,0.4453954100608825,0.1605045036648206,-0.201749329531173,-0.5298187287517557,0.6329293847084045,-0.0046858094047019,-0.005752843613767,0.2307276744912403,0.9956995248794556,0.0046858094047019,0.005752843613767,-0.2308819362981592,0.997722327709198,0.0752432763455035,0.4301397850761449,0.1073783794258676,0.6242022514343262,0.0702955709173857,0.4333619184150277,-0.2733109361205127,0.9687724709510804,0.00644360809598,0.8245749537938534,0.0487415556311761,0.6976867914199829,0.0118896404085519,0.8709134707174697,-0.3941024971050645,0.9384036660194396,-0.0202842750917115,0.90205736430502,0.0364801211078235,0.7198101282119751,-0.01297928592559,0.9542433849977237,-0.3985373868494444,0.9236019253730774,0.0639528136455107,0.9502100545207636,-0.0318408487385481,0.748678982257843,0.0944647321515779,0.9955282087311892,-0.5300315384794165,0.9148151278495787,P3,P3/rob_DTL_1_frame851.jpg,4
0.2768922640291621,-0.3333709000355006,0.8357278383032738,0.8808494210243225,0.2883165888767059,-0.3555021073095843,0.8758753871417002,0.8976985216140747,0.2886369731162776,-0.36067681222292,0.8756182658408892,0.9066073298454284,0.2894575415266355,-0.3639065517280708,0.8753370972241751,0.9085903167724608,0.2878493310307717,-0.3517339853972318,0.8188005626803159,0.89216548204422,0.2874041782175331,-0.3542162233364997,0.8184767563227118,0.8969695568084717,0.2870971124913848,-0.3636791196134326,0.817793257613002,0.8939895033836365,0.2800770535515093,-0.3765806895748444,0.9398575256272448,0.8909879922866821,0.2690061317580657,-0.373988203941128,0.6869575923885579,0.873904824256897,0.2615188149722561,-0.332584645295143,0.8524897423845591,0.8783145546913147,0.2596571827626434,-0.3408501702194503,0.7767776931601473,0.8660502433776855,0.1705677966806429,-0.3135923526638373,0.9226997657303224,0.9854536652565002,0.2418210110882215,-0.3557666277845193,0.3081619137948388,0.9973792433738708,0.0646738687764672,-0.1561182270028019,0.884439931190296,0.3316210508346557,0.1378689964329046,-0.3356600195301307,-0.2116913659532897,0.7651963829994202,0.0384669189258233,-0.133549821027663,0.692930436965688,0.4107734858989715,0.1130109160250763,-0.3348373238572121,-0.59516098722908,0.681846022605896,0.0073419230142719,-0.0245622059325426,0.7023766388560035,0.4239146411418915,0.0922207165713013,-0.3527432327477531,-0.6731673353700087,0.6722241044044495,0.0287061134007206,-0.0118559741680059,0.6451879596027853,0.4275290071964264,0.0899725700033832,-0.3536200348814539,-0.6057801431974115,0.6695520281791687,0.0379708043008053,-0.0094690005955852,0.6594426072872956,0.4178137183189392,0.0982142325911404,-0.3393759772649086,-0.5767208117219437,0.6523203253746033,-0.014761629846523,0.0069205400479069,0.2217256172071146,0.9961070418357848,0.014761629846523,-0.0069205400479069,-0.2214920345289858,0.9979384541511536,0.0374124441234687,0.4283763882780672,0.1659449429836565,0.6285646557807922,0.1235667628098089,0.4335288031793542,-0.2214778836084736,0.9716261029243468,-0.0042107775043242,0.8264423372259653,0.0149052056178561,0.7051523923873901,0.0280856926504184,0.8879426077309479,-0.4427118719398829,0.9436762928962708,-0.0322334846850116,0.9196330855249304,-0.0171721752801035,0.7280264496803284,-0.0015028647542724,0.9597351294424938,-0.4512617563747454,0.9295132756233216,0.061445239147435,0.9354996895372047,-0.1137063574642706,0.752429187297821,0.108898547536602,0.9940528689885756,-0.5862712032328935,0.9205651879310608,P3,P3/rob_DTL_1_frame853.jpg,4
0.2501846529448603,-0.34449428308463,0.9204050337882208,0.8926629424095154,0.2588970290626421,-0.3734578715935872,0.9146660008610054,0.9078706502914428,0.2578422342732518,-0.3803675614618277,0.914444447339152,0.9158854484558104,0.2570107728924629,-0.3859041958388571,0.914216621835425,0.9176706671714784,0.26323732527557,-0.3626067496569645,0.8702510459807973,0.9028600454330444,0.2646068209932854,-0.3621925445837825,0.870001438053537,0.9071802496910096,0.2660028454991952,-0.3711972459107734,0.869513155789039,0.9044971466064452,0.2508822837935121,-0.3982366920887754,0.8362410547590801,0.9017865061759948,0.2551159563145915,-0.379841308280042,0.6445686954113674,0.8863697648048401,0.2352622519637729,-0.3443871508537108,0.8908221294475178,0.8902269601821899,0.2399633566474468,-0.3431087683861838,0.8334990968457362,0.879146158695221,0.1334511196120971,-0.3524032522270297,0.7578489941837345,0.986528217792511,0.2304607955701241,-0.3600348980628096,0.2951628784133842,0.997625172138214,0.0653957937032409,-0.2944924332158933,0.4859854477846305,0.3100788593292236,0.1543515668836847,-0.3214437326216199,-0.1631345345812346,0.7671878933906555,0.026158020833505,-0.3003853839685431,0.0746213493108629,0.4306772649288177,0.102448713211715,-0.382829907642733,-0.5521156142843899,0.7056953310966492,-0.0074792960058136,-0.2584026867075502,0.0526754622498753,0.44879812002182,0.0547616484368342,-0.4231582425498401,-0.6433082813243426,0.6954548954963684,0.0036335540392572,-0.2605327026056753,0.0002080549920309,0.4534400701522827,0.0483486317277602,-0.4101807492450998,-0.5841170880676517,0.6923128366470337,0.0138951096797771,-0.2565811845123886,0.0421671221333945,0.4409091770648956,0.0547543593768192,-0.3923589975082501,-0.5371485042433264,0.6743355989456177,-0.0131461163849726,-0.015673428432175,0.1827279622788697,0.996470034122467,0.0131461163849726,0.015673428432175,-0.1825685988475518,0.998126745223999,0.0443377840762113,0.3537140964385774,0.2213629044584056,0.6264651417732239,0.1058482969001396,0.3713003945856379,-0.1609034677319122,0.974257469177246,0.0108184483013225,0.737025590581376,0.0397587605532258,0.7123887538909912,0.0264105104821666,0.7722344626625488,-0.389140919889852,0.9485037326812744,-0.0165700251922847,0.8145711878733435,0.0073655468075315,0.7389073371887207,0.0018468020139348,0.8384696424804323,-0.4130792100574883,0.9348490834236144,0.073534961531698,0.8252598315768396,-0.0736930695071848,0.753670334815979,0.103239660979862,0.87124108679517,-0.5105753460150095,0.9250891208648682,P3,P3/rob_DTL_1_frame855.jpg,4
0.2578393038765196,-0.3694901735385982,-0.1395153208978486,0.9032429456710817,0.2711197623843543,-0.395333056535685,-0.0992061401902121,0.9169567227363586,0.2722956081097342,-0.3962468985807702,-0.0995642843289341,0.9242019057273864,0.2733862331656464,-0.3973943136647473,-0.0998123577074888,0.9258344173431396,0.2650407354654928,-0.4082558875016653,-0.1445567986355217,0.9123793244361876,0.2616611231303356,-0.4183902354584945,-0.1446098032555052,0.916234850883484,0.2583578958768416,-0.4295619811801888,-0.1446573212604811,0.9138408899307252,0.2601404044616254,-0.4216167926113637,0.1049472949439834,0.9114765524864196,0.2358848633154831,-0.4634725396447751,-0.0940909494236391,0.8973864912986755,0.2428931945580874,-0.3631934633879445,-0.059693346995024,0.9010905623435974,0.2349347526075559,-0.3782060533791302,-0.1179299086371237,0.8910940885543823,0.2314277367966395,-0.294679821637237,0.2335938987171932,0.9878671765327454,0.1124698716477479,-0.4276320465376053,-0.1175413030968989,0.9978201985359192,0.1702611000694557,-0.1357757652417754,0.1272410683922875,0.3566054105758667,0.0448318081465537,-0.241484238949628,-0.2353207751634428,0.7833649516105652,0.1327518209431127,-0.0945133564313211,-0.2932630636347084,0.4695015549659729,0.0960727307966752,-0.1354249069002549,-0.4095188065197621,0.7192690372467041,0.1084240987449883,-0.075166269329447,-0.3734329833415413,0.4818268716335296,0.1011730738567262,-0.1214033278379616,-0.473883676640523,0.7096900343894958,0.1086338727006008,-0.1100098373642747,-0.3903919321929629,0.486347883939743,0.1127309490164179,-0.13881007710516,-0.4717471745056431,0.7065353989601135,0.1129909575639825,-0.1193065145934608,-0.3090913422661369,0.4698866605758667,0.1109874880293501,-0.1459974002555424,-0.4059883835266382,0.6836618781089783,0.0424184813453848,0.0205609828586048,0.1516009621056833,0.9966957569122314,-0.0424184813453848,-0.0205609828586048,-0.1511238581779345,0.9980931878089904,0.103322116825909,0.368967163744374,-0.1831260899999508,0.6489402055740356,-0.0055235605904044,0.3726708426386773,-0.3456218662789289,0.9750552773475648,0.0305569184822894,0.7597898664701683,-0.3301988846106541,0.7253112196922302,-0.0043418719763153,0.8033262278096522,-0.3623442850197337,0.9500227570533752,-0.0026040401137357,0.8471538785277176,-0.3533879560578653,0.7443678379058838,-0.0318313095135837,0.8767751866417426,-0.3763881311883887,0.9302555918693542,0.113165246658897,0.8509005952851968,-0.5507316647245181,0.7673989534378052,0.0871014739667019,0.9628380871403636,-0.5910539384906952,0.9280685186386108,P3,P3/rob_DTL_2_frame29.jpg,4
0.2457512115764761,-0.37191995268084,-0.0709868911679902,0.9129002690315248,0.2625443764323208,-0.3982665128783195,-0.0337104580613001,0.9252512454986572,0.2642012457904731,-0.3971762622126178,-0.0339861502784251,0.9317715167999268,0.2659704179525347,-0.3963518575384666,-0.0341094348457548,0.933242678642273,0.256333870175948,-0.4122380697859469,-0.0694619415023036,0.921127200126648,0.2534904330343872,-0.4207699932125994,-0.0695652859410983,0.924592912197113,0.2507234316529033,-0.4298321309538804,-0.0695804278450195,0.9224419593811036,0.2572414272850511,-0.4104486804325117,0.1697772732722723,0.9203180074691772,0.231057813620038,-0.4587398936146754,0.0087875432807059,0.9076316356658936,0.2311560114067097,-0.3591815101135045,0.0090637203577984,0.910971701145172,0.2220111242309693,-0.3748337134083416,-0.0381632356904295,0.9019777178764344,0.2258165235481203,-0.2870299139388237,0.2524555445613423,0.9890749454498292,0.1113020529361521,-0.4384706480107985,-0.0406224748312215,0.9980345964431764,0.1651214253741424,-0.2058482185620155,0.0035918948511543,0.3928892910480499,0.0557351360291976,-0.3142558883776802,-0.3099141625717646,0.8020239472389221,0.1123548245560516,-0.1763841808880773,-0.4595482790192499,0.5085092782974243,0.0827534308809206,-0.208466781428763,-0.5941931279820556,0.7409433126449585,0.0852612357789803,-0.1686476461001162,-0.5514313502239448,0.5192498564720154,0.0764502345112736,-0.1863802051039712,-0.679749662371913,0.7316928505897522,0.0862324669658979,-0.2116551198251525,-0.5635888675813461,0.5235259532928467,0.0867675172864363,-0.194514971545268,-0.6806097325896502,0.728839635848999,0.0922990348797005,-0.214750432274524,-0.4758206664886654,0.5046423673629761,0.0892188349487977,-0.2016571477735449,-0.5984304094936658,0.7060269713401794,0.0420292236128744,0.0247388568994116,0.13911864138845,0.99698406457901,-0.0420292236128744,-0.0247388568994116,-0.1385507633194603,0.998258888721466,0.1001761496727943,0.3626046634635222,-0.06144439363134,0.6754293441772461,-0.0152924246051604,0.3565626114130132,-0.3993605920486999,0.9772157669067384,0.028620994227009,0.7229096717833595,-0.110872916182548,0.7405049204826355,-0.0046149937232029,0.7638461931442029,-0.4183169963815193,0.9545384645462036,0.0022151257903837,0.7991683803105739,-0.1262868874154143,0.7555757164955139,-0.0284930415706412,0.8358470671346897,-0.4306196610829682,0.9353329539299012,0.1049218834724381,0.8010726919711195,-0.3001656814083869,0.7815961837768555,0.05459148779824,0.8863642535371602,-0.6625999092469573,0.9344497919082642,P3,P3/rob_DTL_2_frame30.jpg,4
0.2404378599268635,-0.3741080226958987,0.0684683418073231,0.9215965270996094,0.2552526933658985,-0.3927039337760868,0.1008391853553535,0.9327179193496704,0.2571307766548026,-0.3896708470581235,0.1006022089799416,0.9385863542556764,0.2589676051139342,-0.387203926861845,0.1005423697060864,0.939911723136902,0.2476144868478779,-0.412074921618181,0.0667218612606374,0.9290026426315308,0.2443002609864496,-0.4221754351726015,0.0666078750227059,0.9321188926696776,0.2410137140842936,-0.4325226868782485,0.0665703395530857,0.9301847815513612,0.2495994636413999,-0.4002977221547039,0.2711564631943015,0.9282792806625366,0.2222624054184771,-0.458458794348293,0.1128043546083167,0.9168524742126464,0.2252129824768956,-0.3616238894321523,0.1355777208544499,0.9198620915412904,0.2149228680514605,-0.3811513292964186,0.0894568064752094,0.911768913269043,0.2191723791271538,-0.2869740657863987,0.3087532548897439,0.9901627898216248,0.1024798639039997,-0.44551472904464,0.0265542914882545,0.9982282519340516,0.1445194580740531,-0.234509982433872,0.0663806233530741,0.4379861056804657,0.0793015034094439,-0.337732400322633,-0.2771406541889552,0.8165262341499329,0.0682964151050937,-0.2679609273463239,-0.3215728966812399,0.5456109046936035,0.0660896112236901,-0.3152572171981594,-0.4720440559239438,0.7537146210670471,0.0422236922003556,-0.2901784325404299,-0.4041733366222284,0.5524718761444092,0.0509150172164002,-0.3127894402721892,-0.5404882569008661,0.7450889945030212,0.0465891912958563,-0.3115990473166319,-0.4003465886982762,0.5564441084861755,0.0614929269159824,-0.2972326789200907,-0.5422479137854553,0.7424932718276978,0.0523283575986668,-0.3051625689470134,-0.3304123041293909,0.5356882810592651,0.0668764185921449,-0.308397184849392,-0.4759567733773499,0.719849705696106,0.0408804718482452,0.0317854623916721,0.133126353597191,0.9972645044326782,-0.0408804718482452,-0.0317854623916721,-0.1326692141665681,0.9984180331230164,0.0954066376665522,0.3603754365644073,-0.0520691186079475,0.6963798403739929,-0.0165109275707242,0.3516888565128094,-0.3682012339337813,0.9789522290229796,0.0204411420805273,0.7044809172594687,-0.1206777993290092,0.7502168416976929,-0.009191358595754,0.7474503926565006,-0.4112704853887611,0.9584463238716124,-0.0012301649839401,0.777587902534932,-0.13646483973691,0.7618151307106018,-0.0298316244273314,0.8206589992538634,-0.4223909685923628,0.9394031763076782,0.1014830918587799,0.7833157336448978,-0.2982840510075891,0.792043924331665,0.0477216561437939,0.8561073105892258,-0.6221547296732691,0.9399961829185486,P3,P3/rob_DTL_2_frame31.jpg,4
0.2276415313400474,-0.3757218756304253,0.273695311198431,0.9294098615646362,0.2429993140808445,-0.3921993004596535,0.3062091098321834,0.9394283294677734,0.2444708550542289,-0.3891441150038233,0.3060603570990057,0.9447069764137268,0.2463839113863785,-0.3852131955085674,0.3061069231720005,0.9459051489830016,0.2370818408048946,-0.4106090183178524,0.2942394069023792,0.9360812306404114,0.2353588961040884,-0.41714233122583,0.2940499254386904,0.9388750195503236,0.2335586066153735,-0.4239947079672901,0.2939241572415422,0.9371470808982848,0.2396443014883529,-0.393421759375922,0.4496291984840327,0.9354313611984252,0.22083107733097,-0.4411884012526401,0.3873661467167647,0.925126850605011,0.2132820668308332,-0.3653528980431754,0.3276639967971781,0.9278386235237122,0.2059072479370842,-0.3845654494931915,0.3098136688158522,0.9205556511878968,0.2098280847498684,-0.2896533783802055,0.3704732424029173,0.9911386370658876,0.1092344220640227,-0.4439671752751808,0.3158889161724545,0.9984036087989808,0.1283834924145288,-0.26719765251301,0.1302874030240086,0.4770087897777557,0.0530308966287136,-0.3576770580108934,0.0800238047331804,0.8229852914810181,0.0442037071249641,-0.3615969661555551,-0.2274701754881048,0.5869777798652649,0.0371049016638806,-0.3839726938973493,-0.1794711012470368,0.7717787027359009,0.0167260757190015,-0.3921447080407437,-0.2979993851296758,0.5923146605491638,0.0197955891972916,-0.4094912998991035,-0.2369956239197451,0.7637003064155579,0.0216723611392301,-0.4091301143329262,-0.2858664356106407,0.5952086448669434,0.030317399024114,-0.3977181097773434,-0.2343493675215993,0.7610567212104797,0.0284600627793087,-0.393640925052809,-0.2309407243450389,0.5734418630599976,0.0358110679690618,-0.3839653972192448,-0.1851379170467347,0.7389234304428101,0.0424359210205333,0.0388255578610995,0.1040506131881302,0.9975098967552184,-0.0424359210205333,-0.0388255578610995,-0.1041227259261707,0.9985625743865968,0.0872468112639555,0.3633088331723298,-0.1749904599733965,0.7001399397850037,-0.0295320111263106,0.3520247194838894,-0.4046767526853814,0.9791699647903442,0.0131699401445723,0.720081368432003,-0.3205463526398973,0.7403392791748047,-0.0195418637995637,0.7605862899255932,-0.4857371085850768,0.960008978843689,-0.0108791148869168,0.7969394015776703,-0.3428028128614001,0.757798969745636,-0.0406264111840316,0.8324515379114744,-0.4993950969946905,0.9386131763458252,0.0895394275244185,0.7945545818393402,-0.5258961012030721,0.7927597165107727,0.0257307071675672,0.8503701893332343,-0.7173087634191325,0.9431414008140564,P3,P3/rob_DTL_2_frame32.jpg,4
0.2347446686274532,-0.3670554631688833,0.247033384513421,0.9364367127418518,0.2484706018566772,-0.3901034453928848,0.2766433782226295,0.9454617500305176,0.249567352598231,-0.3884616423648516,0.2763782293265303,0.9502081274986268,0.2507708408074212,-0.3867903303482565,0.2762598942946956,0.9512912631034852,0.2430852114441149,-0.4057088486391007,0.248208925583669,0.9424505829811096,0.240972527371123,-0.4128523500301094,0.2480625603357847,0.944953978061676,0.2378456379705278,-0.4221898181360274,0.2478261395034375,0.9434112310409546,0.2417817648592553,-0.40046867701034,0.4126469501896797,0.9418599605560304,0.2233495467245103,-0.4441723530725577,0.2987528882101681,0.9325870871543884,0.2199593361241795,-0.3591350246691142,0.2961162202051431,0.9350127577781676,0.2128264021412369,-0.3759500305996277,0.2590426123945457,0.9284676313400269,0.202494268443385,-0.2922877944784983,0.3743293956185697,0.9920036792755128,0.104400475373296,-0.4465055570195331,0.2373236811199162,0.9985610246658324,0.1217964229007021,-0.2953515452774407,0.1342878220056864,0.5065706968307495,0.0435388510810606,-0.361833502042073,0.0582137367238508,0.830797016620636,0.0341498751685311,-0.4517519760467731,-0.1845432162994995,0.6214609146118164,0.0265543013896876,-0.4379742691641937,-0.1358338288211328,0.7890871167182922,0.0085370035603311,-0.4918303000637674,-0.2453339924345118,0.6247012615203857,0.0112897801307114,-0.4777585666825434,-0.1837639696471524,0.7812381982803345,0.0143916799373893,-0.5059020999066774,-0.2244244814176509,0.6260427832603455,0.0196300571006293,-0.4818169166117337,-0.183259741451268,0.7787096500396729,0.0201459991686624,-0.4909714156962302,-0.1841506603514334,0.6020008325576782,0.0245933493457206,-0.4689221532270056,-0.1409473410918934,0.7572208642959595,0.0428190710222176,0.0351587635612584,0.1125783033673296,0.9977263808250428,-0.0428190710222176,-0.0351587635612584,-0.1126939383931726,0.9986945986747742,0.0940624265853945,0.3659181043372138,-0.0949052023017995,0.6966327428817749,-0.0304801267170928,0.35642219157199,-0.3727998796089498,0.9788473844528198,0.0202649655865137,0.7158624083029886,-0.1634798132488205,0.7308191061019897,-0.0199276060686293,0.7612711589182642,-0.4270203531634327,0.9620073437690736,-0.0042952193779176,0.7870243976071916,-0.1821945600105407,0.7577688097953796,-0.0405500026021844,0.8296517266654423,-0.4277135485478955,0.9395358562469482,0.0957861768722045,0.7935971925009441,-0.3301590255976082,0.7938129305839539,0.0226072747844642,0.8606971764832294,-0.627106814417363,0.9462941884994508,P3,P3/rob_DTL_2_frame33.jpg,4
0.2398466694522104,-0.3684227308403215,0.1852075931487491,0.9427669048309326,0.2519786693844872,-0.3923637119616477,0.2196770758614322,0.9509007930755616,0.2529940410445238,-0.3909720026535394,0.2195136504449108,0.9551687240600586,0.2538422543039947,-0.3900024178597447,0.2195888056546513,0.95614492893219,0.2465102772179994,-0.4056497655629679,0.1974611297916348,0.948192298412323,0.2433743063387715,-0.4139096369483874,0.1971890018618602,0.9504396319389344,0.2403846155776671,-0.4219555059387746,0.197128464753355,0.9490576982498168,0.2404846463359502,-0.4077296653454998,0.3706744469946601,0.9476563334465028,0.2211574352817773,-0.4507963424531233,0.2737904290845376,0.9393128752708436,0.22498080378926,-0.3582028115848704,0.2411373404266963,0.9414780735969543,0.2178129458601838,-0.3726443063360292,0.2104238508147858,0.9355982542037964,0.1955819357131812,-0.3004320755032235,0.3343971428763341,0.99275803565979,0.1033930867435309,-0.4416015732937893,0.2002337128435461,0.9987024664878844,0.1080746451581072,-0.3458351381289503,0.1148129786752953,0.5280691981315613,0.03825978292788,-0.3935496776889809,0.0087635093641,0.8369522094726562,0.0311884540198418,-0.5181256319445052,-0.1545273700406665,0.6483706831932068,0.0198718963720634,-0.4999158054240737,-0.1869498891220754,0.8032800555229187,0.0070096851184224,-0.553635824359366,-0.2105929748131446,0.6498894691467285,0.0063592209075258,-0.5409167218391737,-0.2377831881924219,0.7954957485198975,0.007519947698489,-0.5767885181774715,-0.1937696049949539,0.6496495008468628,0.0141527666047271,-0.5464204617306823,-0.2305128053431568,0.7928759455680847,0.0157299358457951,-0.5627562641903853,-0.1553226112654918,0.622768223285675,0.0187366727995264,-0.5326857232683972,-0.1894954373700565,0.7716904878616333,0.0413090692926644,0.0330166912143285,0.1155869039005228,0.9979277849197388,-0.0413090692926644,-0.0330166912143285,-0.1157321681844926,0.9988176822662354,0.0947236442414685,0.3594652869674822,-0.0706960942290984,0.6962222456932068,-0.0285409424510414,0.3486120157642754,-0.3748670836052105,0.9796563386917114,0.0208006495881704,0.697857713828877,-0.1328575710988831,0.7255754470825195,-0.0174759152502801,0.7474119207823261,-0.4196125794397796,0.9644370675086976,-0.0026782343578371,0.775862676981679,-0.1647492714115393,0.7585057020187378,-0.0365845650439506,0.8193243896928526,-0.4266512034433593,0.9418297410011292,0.0990321685336759,0.781807701836578,-0.2859682819535703,0.7981553673744202,0.0359773109492476,0.852242173347637,-0.6298497480170957,0.9498364329338074,P3,P3/rob_DTL_2_frame34.jpg,4
0.1754010342094898,-0.2329992631168469,0.1525310140904716,0.9484879374504088,0.1865075489257235,-0.2433678852718883,0.2057288845118989,0.9558095335960388,0.1903000281909044,-0.2376488961349148,0.2054708329419276,0.9596498012542723,0.1919039070234605,-0.2356522365372297,0.2053889878963433,0.9605292677879332,0.1753460861799706,-0.2639062425704401,0.1630741561583315,0.9533719420433044,0.1714322596508919,-0.2725794650230803,0.1630827112735898,0.9553927779197692,0.1626299226442363,-0.29097735689548,0.1629926329004807,0.9541504383087158,0.1788911661587705,-0.2616699953610067,0.443334239437639,0.9528886079788208,0.1405243925069995,-0.3394878341727381,0.2638922614482281,0.945380449295044,0.1648698315761538,-0.2320443302775054,0.2474592942453177,0.9473297595977784,0.1505011881639834,-0.261583822825214,0.1905328915486365,0.9420381784439088,0.1749279840490575,-0.1310494525606562,0.5210330167879931,0.9934812784194946,-0.0039432090779815,-0.401475891339851,0.1944638505004894,0.9988319873809814,0.0958802281355566,-0.0194322064167453,0.2641157818655613,0.5280644297599792,-0.0644121396438525,-0.2143596087914658,0.0327750404672491,0.8507334589958191,0.0454928850664876,-0.0047138574112134,-0.2283574417734117,0.643727719783783,0.0019229591105957,-0.0541811094851838,-0.0969052441240182,0.8164505362510681,0.0272107702013581,0.0064300734511305,-0.3440231992570443,0.6450934410095215,-0.0009838715430946,-0.0002197921180766,-0.1638784812422885,0.8069533109664917,0.0258130574407864,-0.0349070007107222,-0.3473489087706596,0.6429739594459534,0.0263163334559057,-0.0011132967887149,-0.1686867445168197,0.8040443658828735,0.0288638270764886,-0.0444481179688692,-0.2457786523941402,0.6124280095100403,0.0256601527867528,-0.0140268826469865,-0.0972367964507614,0.7823934555053711,0.0478012793049867,0.0592341089751985,0.1517309721122081,0.9981226325035096,-0.0478012793049867,-0.0592341089751985,-0.151882023712742,0.9989247918128968,0.1519178087279277,0.5064062330368215,-0.2623491228243934,0.6530448198318481,0.029618852060455,0.3459137798639775,-0.5106287538674397,0.9546427130699158,0.1284850928243888,0.799367999403858,-0.3732401717268037,0.685433030128479,0.1141577270111303,0.7849911448564202,-0.4679185115817874,0.9312844276428224,0.1109652820036791,0.8290386925777852,-0.3914113253045358,0.7427496910095215,0.1082932010496064,0.8544518455387916,-0.4594028985417664,0.9066414833068848,0.2190003870987994,0.9450804090953772,-0.6445663955855035,0.7661706805229187,0.2047948567791031,0.9788049175585636,-0.7278881583669748,0.9117192625999452,P3,P3/rob_DTL_3_frame15.jpg,4
0.3306747880513213,-0.3502741150933265,-0.4558430909503188,0.9535935521125792,0.352801505361254,-0.3590167643845046,-0.4100855432932024,0.9601835012435912,0.3635195952337455,-0.352416643579412,-0.4102561225131156,0.96362566947937,0.3677699866655073,-0.3468590146188225,-0.4103570735190069,0.9644123911857604,0.3517173653460593,-0.3853867914515154,-0.4554499837220795,0.9579886794090272,0.3500589658928874,-0.3936984737921074,-0.4554959403242219,0.9598012566566468,0.3480036955242317,-0.4020599507053869,-0.4556294026547969,0.95868319272995,0.360239343711433,-0.3531355573652964,-0.1092492800961761,0.9575643539428712,0.3311147432813136,-0.4209161476054219,-0.3254674048543654,0.9508123397827148,0.3015983232001699,-0.3481644693484291,-0.336243708073644,0.952584743499756,0.2923507455518329,-0.3761015769307342,-0.3999453279793308,0.9478275179862976,0.2897952019128731,-0.2747280723850555,0.0048302039333717,0.9941227436065674,0.1119262150293184,-0.4170955345914322,-0.1738144557551043,0.998932123184204,0.2101746953904166,-0.169725605741649,-0.2133603842707131,0.5614847540855408,-0.0086118611594345,-0.267059807235557,-0.3518998298941127,0.8566112518310547,0.0364722588530342,-0.1626456643350937,-0.7265109371538568,0.6708228588104248,0.0371117885513818,-0.1831611273268108,-0.7332093595271095,0.8206202983856201,-0.006537376176952,-0.165012726478629,-0.8744553915012515,0.6689303517341614,0.0427830709623125,-0.1553324733637857,-0.8496871600121445,0.8068549633026123,-0.0044515506105358,-0.1971394122303782,-0.877388492397467,0.667000412940979,0.0609149313954991,-0.1677729453726043,-0.8800213897137397,0.8043262362480164,0.0097078865027694,-0.1994707193450915,-0.7411807500663855,0.6335907578468323,0.0586972282089264,-0.175577990840117,-0.7530236376807515,0.7794652581214905,0.0617215985208191,0.0225419114396326,0.0901146693844553,0.9982119798660278,-0.0617215985208191,-0.0225419114396326,-0.090010586099377,0.9988465905189514,0.1445306909723064,0.3525212592281466,-0.1080517837638436,0.677951455116272,-0.0572237446527369,0.325996277195507,-0.1700058642553065,0.942694127559662,0.0542988149196177,0.5904633496194654,0.4428530710816146,0.6926851272583008,-0.0729471919049001,0.5728802942131557,0.3710091595224351,0.901940941810608,0.0255489985035213,0.6051811495443603,0.4793430588824582,0.73065185546875,-0.0794205853986971,0.5903645033070989,0.4159769766468313,0.8617518544197083,0.0613263123157541,0.7310392471752986,0.2120346501999672,0.7620277404785156,-0.0708457173230991,0.7017628116781872,0.1608522921242288,0.8774235248565674,P3,P3/rob_DTL_3_frame16.jpg,4
0.3157411501328218,-0.3376607417455953,-0.0996694928988747,0.9581961035728456,0.3442183516186055,-0.352139726684587,-0.0544584055614464,0.9641344547271729,0.3486746958100948,-0.3472512841353554,-0.0546536695528572,0.9672285318374634,0.353153179729351,-0.3421301876114276,-0.0546580776473888,0.9679322242736816,0.3364459059238985,-0.3702699217277715,-0.0977568703091636,0.9621566534042358,0.3349396571031796,-0.3774723862032018,-0.0979450229639658,0.9637788534164428,0.3334412552745805,-0.384666419832932,-0.0980956805418382,0.9627737402915956,0.3550401010844553,-0.3469196553017191,0.2253253511390625,0.9617836475372314,0.3264178236610273,-0.4042555715568274,0.0253929161273744,0.9557051062583924,0.2999243230998261,-0.3230914463347957,0.0153894155598697,0.9573010206222534,0.2918803154278287,-0.3421269180313777,-0.0443386612057289,0.9530287384986876,0.3033955895305563,-0.2660737302809757,0.2913194189702622,0.9946990609169006,0.1308037536434534,-0.4058421352760587,0.0270100299851972,0.9990371465682985,0.1566069524395404,-0.1600078528367674,0.0852889865432799,0.5844654440879822,0.0137121049382793,-0.3016499840960389,-0.2166034427519974,0.8652388453483582,0.0247140082648805,-0.2331716659887548,-0.3925710966865157,0.6971009373664856,0.0040741302836519,-0.2763467507978734,-0.5405589223232751,0.8294626474380493,-0.0262553350087066,-0.2569358145408427,-0.505882550354527,0.6937240958213806,-0.0124598557791539,-0.2704215711230937,-0.6361696636418042,0.8130279183387756,-0.0216135589200994,-0.2804353139420315,-0.5036813289400511,0.6919128894805908,-0.0024643759002093,-0.2890622176745027,-0.6494488761814721,0.8106592893600464,-0.0045775054864827,-0.2709423218084755,-0.4039757655669826,0.656785249710083,0.0053973760381473,-0.2828474699780147,-0.5520235646435151,0.7855892777442932,0.0638685371948797,0.0219453512327383,0.164758190660104,0.9983361959457396,-0.0638685371948797,-0.0219453512327383,-0.1641225959754682,0.9989391565322876,0.1450119472918808,0.3230291608348444,0.0225646578621165,0.6926114559173584,-0.0416602416636969,0.3229458332518575,-0.2070054737446953,0.946686625480652,0.0223662629558811,0.5987285581369738,0.1877282399575638,0.7044984102249146,-0.0246634231906794,0.6273767119510827,-0.2042846226437118,0.9108394980430604,-0.013689031044784,0.6481277089457227,0.18634280211969,0.7448523640632629,-0.0350279452406889,0.6636184187228806,-0.2045786980150603,0.8737538456916809,0.1419391959609513,0.6775833556155928,-0.0632531613597312,0.7726006507873535,0.0700788709583003,0.68505677486059,-0.2599179751502458,0.8879209160804749,P3,P3/rob_DTL_3_frame17.jpg,4
0.3418938133293008,-0.318868469268869,-0.0097603519947785,0.962275207042694,0.3688683188112325,-0.3357435239348691,0.0370493657306767,0.9676552414894104,0.3720642329358292,-0.3337364843631205,0.0367756946665896,0.9704290628433228,0.3752878379531423,-0.3320878676378229,0.0367319376692105,0.9710559844970704,0.3590557483945932,-0.3493222620672513,-0.0153787292545457,0.9658952355384828,0.3554625341437053,-0.3569335440504879,-0.0156793576777672,0.9673467874526978,0.3515274932436568,-0.3656665822638296,-0.0158762355123175,0.9664552211761476,0.3609132388073339,-0.3467995483874341,0.293233327338695,0.9655293226242064,0.3296866225345817,-0.3907678263610099,0.0570576517844085,0.96010422706604,0.3223745764069074,-0.3073728748173565,0.0935296520866335,0.9614258408546448,0.3127048616553411,-0.3212566253822583,0.0235949171272587,0.9576634168624878,0.2921566605009516,-0.2669090764541842,0.339610827593215,0.9949849843978882,0.1331218578247806,-0.4106882832297727,0.02625701508178,0.9991289377212524,0.1008421624035276,-0.2699760262059149,0.2873367030260506,0.5721309781074524,-0.0183643341435565,-0.3166390314842611,-0.1801634925074664,0.8706779479980469,-0.0263561366723985,-0.3957506512140149,-0.0194989085864687,0.690780520439148,-0.0484488386293061,-0.3896826092724526,-0.4914818954628001,0.8361226916313171,-0.069211735893945,-0.431263464666221,-0.0940234462633298,0.6909623742103577,-0.0691729503058026,-0.4222859993096389,-0.586134318118945,0.8196984529495239,-0.0584720248756456,-0.4487506531063083,-0.0925522587038829,0.6894543170928955,-0.0624129798901982,-0.4355439769604153,-0.5477253536249663,0.8182234764099121,-0.0450175977624693,-0.4330354296478984,-0.0293477215793211,0.6501702666282654,-0.055191937772527,-0.4246568944609293,-0.4779903332120406,0.7936718463897705,0.0622381238226151,0.0198474473544402,0.2199278322159199,0.9982876181602478,-0.0622381238226151,-0.0198474473544402,-0.2196571124783537,0.9990062713623048,0.1525681081557759,0.3198217420043838,0.0743776919902537,0.708969235420227,-0.0499043526391712,0.3235202183242729,-0.3940697360881897,0.9512091279029846,0.0122547329399953,0.6033136746068073,0.1688693561773426,0.7218336462974548,-0.0450832948638973,0.6435097561355141,-0.4593143389878785,0.919445276260376,-0.0168711806917707,0.6458612814156577,0.1634210125749307,0.7609052062034607,-0.086566040141088,0.7227542142123632,-0.4780356289107222,0.8856746554374695,0.1217557091275472,0.6829308594349542,-0.0393371223004103,0.7850958108901978,0.0647175590211009,0.723462807652469,-0.769132654306785,0.8982856869697571,P3,P3/rob_DTL_3_frame18.jpg,4
0.2105570930374037,-0.3869212606327725,-0.2007833717676744,0.9660412073135376,0.2166878369112197,-0.4184498070278491,-0.1801503910536064,0.9708791375160216,0.2153612294430319,-0.4225021961512007,-0.1803488285437606,0.97337144613266,0.2138488584954745,-0.4271557085730642,-0.1805161986933995,0.9739378094673156,0.2168075308181239,-0.4182067588499153,-0.2428279383998579,0.9693007469177246,0.2157501431313673,-0.4211642415542239,-0.2428729151240501,0.9706060886383056,0.2145815718842983,-0.4245591377715308,-0.2429805298293401,0.969803512096405,0.1963276105176916,-0.4538242980095986,-0.0467834599069339,0.9689629077911376,0.197939634878566,-0.4521655124970208,-0.3341962776596952,0.9640896916389464,0.1966027783908268,-0.3810039159874738,-0.1445170894509076,0.9652771949768066,0.1963480170476913,-0.3807544621723203,-0.22801048701521,0.9618945717811584,0.1603167652327223,-0.3414049987684737,0.0937931417554621,0.9954436421394348,0.0745832591395217,-0.4233315431529381,-0.4206455222030876,0.9992105960845948,0.2750107977596451,-0.2612545545668098,0.1053742421633081,0.6053963899612427,0.0335651272399585,-0.3106480571310546,-0.7519991153283605,0.8810428380966187,0.4040070625432745,-0.2706730374981584,-0.0126531295511046,0.7150992751121521,-0.0251363152590445,-0.2610731835243908,-1.1269152967204932,0.8506619334220886,0.4326915975219333,-0.266887854955969,-0.0284809300838367,0.711091160774231,-0.0586437460094747,-0.2655170485909656,-1.2198549616675844,0.8360143899917603,0.4395026200684752,-0.2716915338160814,-0.0832159419635887,0.7101889848709106,-0.0524012695207275,-0.267418058699549,-1.2435820824928592,0.8345336318016052,0.4243989510864882,-0.2726476209256646,-0.0449916258777127,0.6751409769058228,-0.0382751007784579,-0.2602937089838635,-1.1483818681709566,0.8115150332450867,0.0279377749425032,0.0122767697678559,0.1809967244326137,0.9983797073364258,-0.0279377749425032,-0.0122767697678559,-0.1810475920553203,0.9990488886833192,0.1196223010309572,0.2805031283754206,0.095809361824896,0.7334218621253967,-0.000939112170951,0.3127132345706671,-0.3731055365228977,0.9557677507400512,0.0441515408546541,0.6007655894276418,0.2156394171165706,0.7422482371330261,-0.0121548338879248,0.6725866920435024,-0.3691755865795443,0.92732173204422,0.0189173566098037,0.6395462322463842,0.2159775203753888,0.7792972922325134,-0.0366682009273592,0.741192164775103,-0.3828619854494098,0.8966637253761292,0.1012306184641282,0.6839343698872009,0.1190284870220586,0.8006944060325623,0.0594549742087907,0.76594446208283,-0.5669924619962512,0.9081711769104004,P3,P3/tom_DTL_1_frame33.jpg,5
0.2104575633250645,-0.392663905222104,-0.1003134818805247,0.969420611858368,0.216553870842415,-0.4223589141647276,-0.0665531505679182,0.9737769365310668,0.2156226700686165,-0.4257458739152875,-0.0667282263065875,0.9760167002677916,0.2145443217865039,-0.4299058852484671,-0.0668015135585867,0.9765272736549376,0.215662092765548,-0.4250623026866332,-0.1196822196057374,0.972361385822296,0.2143393237624601,-0.4294607754959032,-0.1198193739187828,0.9735337495803832,0.2130206803904464,-0.4345205411260266,-0.1199595880748749,0.9728118777275084,0.1969532726508307,-0.4558009129296553,0.1059679113896527,0.9720388650894164,0.1954245888167935,-0.4614176387547995,-0.1388219389659851,0.9676690101623536,0.1967326889093953,-0.3831485497125052,-0.0330217602646939,0.9687266945838928,0.1950558490794481,-0.3859924847330062,-0.1048164362967495,0.9656965732574464,0.1677404124597485,-0.3327443396683071,0.2067667050055424,0.9958456158638,0.0651116722607125,-0.4326182584780455,-0.2029995912716651,0.9992850422859192,0.2181100588836136,-0.2697811585500166,0.0874113729019197,0.6049617528915405,0.0071289529752296,-0.310901965231678,-0.4745341659484011,0.8849024772644043,0.2100620528260818,-0.312437250075434,-0.2098675751612773,0.7221322655677795,-0.0421199886874941,-0.2955183120820977,-0.8022197026338356,0.8602182865142822,0.2081302489957473,-0.3090503820055646,-0.256291536786269,0.7169244289398193,-0.0798704298235831,-0.3104809675007257,-0.8829865404091578,0.8479799628257751,0.2044863082696083,-0.3461247697296235,-0.2765879455786943,0.715502142906189,-0.0717092897939269,-0.3227186894351716,-0.9025383644733757,0.8467734456062317,0.2032659465978518,-0.3447055526400892,-0.2280984638362179,0.6811122894287109,-0.0574332310667409,-0.3107446411667141,-0.8186550249845818,0.8239508867263794,0.0332299871680577,0.0124473956737071,0.1793045792809814,0.998432993888855,-0.0332299871680577,-0.0124473956737071,-0.1792950559492518,0.9991220831871032,0.1196135507685241,0.2811240769448077,0.1550512204248326,0.754817008972168,-0.0023699000100722,0.3130010863222451,-0.468767588034572,0.9599437713623048,0.045158378452627,0.5935841555121858,0.3620562837656886,0.7586361169815063,-0.0142908651587079,0.6735973780112825,-0.4837327646721898,0.9344173073768616,0.0201267995149293,0.6348037939782476,0.3730835684631287,0.7917919158935547,-0.0385932158838632,0.7360746514697195,-0.4988271194027762,0.9059075117111206,0.1022765488263328,0.6808421695390074,0.2747636602781887,0.8138110041618347,0.057619709591296,0.7649533355437892,-0.7235491438476737,0.9170141220092772,P3,P3/tom_DTL_1_frame34.jpg,5
0.2069267992289774,-0.3930344567030388,-0.1232506831044558,0.9724750518798828,0.2129383787380211,-0.42103467635824,-0.0899587477031519,0.9763937592506408,0.21235984979551,-0.4236926767783062,-0.0901019497345975,0.9784083366394044,0.2116230449235064,-0.4273311162177244,-0.0901831819268962,0.978867530822754,0.2107062613410874,-0.4274113892651549,-0.1386455484819884,0.9751226305961608,0.2089070190766212,-0.4336416311024935,-0.138775628957604,0.9761770367622375,0.2072208310475067,-0.440614852661638,-0.1388810327356639,0.9755273461341858,0.1944243628982901,-0.4524328795370269,0.0779903053458589,0.9748220443725586,0.1895106353614578,-0.4657343232708149,-0.1460962652739184,0.9708991646766664,0.1930585406059798,-0.3815163640761374,-0.0584683644595767,0.9718438982963562,0.1900071659308582,-0.3883949651427225,-0.1248859513243545,0.9691243171691896,0.169658584053527,-0.3255834848871018,0.1815480416822361,0.9962146282196044,0.0574256945320603,-0.4415102058829783,-0.1918326967102918,0.9993533492088318,0.220985297709856,-0.2705761067155003,0.1159603875482915,0.6226416230201721,-0.0206129653361478,-0.309573552255452,-0.4085907648907529,0.8907179832458496,0.2925438159369601,-0.3067396594226337,-0.110374634308246,0.739228367805481,-0.0577792954898594,-0.332318248275938,-0.6642848933396013,0.8691805005073547,0.311066276791862,-0.3031468049038152,-0.1381319689706704,0.7303136587142944,-0.0876230710375202,-0.3557367293777979,-0.7254539543544124,0.8580556511878967,0.311838950276688,-0.3322663068923066,-0.179630342188841,0.7292408347129822,-0.0831038074351202,-0.3769566007235632,-0.741847136303574,0.8570857048034668,0.302298444105603,-0.3311502935971471,-0.1376027139674828,0.6980474591255188,-0.0686295962719599,-0.3579878253572123,-0.6780096321080017,0.8345661163330078,0.0375498518910676,0.0133160635987612,0.1673551494115416,0.998488187789917,-0.0375498518910676,-0.0133160635987612,-0.1673633333576951,0.99919456243515,0.1209574528558018,0.2817827326538421,0.2054463789888647,0.7742435932159424,-0.0061628179258938,0.3029898910735438,-0.4422145473902122,0.9637283086776732,0.0426150448612869,0.5802459139825771,0.4236594869606185,0.7759352922439575,-0.0181204145681387,0.6660955772375248,-0.4426151407711395,0.940820574760437,0.0174688771073763,0.6226137378352333,0.4367576146840028,0.8053167462348938,-0.0418282055445614,0.7244084977989063,-0.4560291847072056,0.9142574071884156,0.0993703595600263,0.670664784478032,0.342182230310382,0.8269238471984863,0.0526130347574341,0.7534560809485232,-0.674837076005509,0.9249849319458008,P3,P3/tom_DTL_1_frame35.jpg,5
0.205210251337029,-0.3950875732594808,-0.148639942700277,0.9752256274223328,0.2114999323390001,-0.4214933954293262,-0.1036647746181734,0.978749692440033,0.2113144734175623,-0.4234302198435025,-0.1039188194151307,0.9805620312690736,0.2109738622764827,-0.4265388732378661,-0.1041482682880559,0.9809744954109192,0.2081279272761949,-0.431188102228895,-0.1676271366093111,0.9776086807250975,0.2059699091727915,-0.4388706249647472,-0.1676911425541488,0.9785574674606324,0.2040423124708037,-0.4473279136533766,-0.1678126859985155,0.977972686290741,0.1943224556321325,-0.4512098855162524,0.0413572970738611,0.9773313999176024,0.1863251050686689,-0.4715775270751496,-0.1932248102205205,0.9738078713417052,0.191737520138356,-0.3828042217877066,-0.0645405019075429,0.9746520519256592,0.1873327350525587,-0.3930697801942376,-0.1516975948912451,0.9722102880477904,0.1709022506941359,-0.3218537352976602,0.1612184452604369,0.9965718388557434,0.051758554303107,-0.4465355969538877,-0.2332646902337481,0.999416708946228,0.254225506321005,-0.2696697563223282,0.1930490087331625,0.6564671397209167,-0.0410432806290309,-0.3144838691630222,-0.4659517437780425,0.900783121585846,0.3703217055278615,-0.28631980595018,0.0675772673529077,0.76301109790802,-0.076056567979987,-0.3976139761082962,-0.7655269321177471,0.8817813992500305,0.402521535806723,-0.2885308381647847,0.0559376392740557,0.752343475818634,-0.0967384945598963,-0.4313419878998051,-0.8294161735365667,0.871511697769165,0.4092036659800098,-0.301131731497167,0.0131714226479261,0.7518470287322998,-0.0918554968600892,-0.4603362738063227,-0.8535892512278342,0.8706796765327454,0.3947297280088724,-0.2967328268161958,0.0410285259017293,0.724142849445343,-0.080753563951757,-0.441442714035673,-0.7835310128076279,0.8500024080276489,0.0398185280054091,0.0135625656908621,0.1650343756537276,0.9985697865486144,-0.0398185280054091,-0.0135625656908621,-0.1650965157008801,0.9992627501487732,0.1215731630279806,0.2891670074991996,0.1896582203003263,0.7906288504600525,-0.008472080168461,0.3001219302868799,-0.4411228652470176,0.9671161770820618,0.0410374002242048,0.5767048714582764,0.3915131013351254,0.7907544374465942,-0.0204966938278879,0.6632816193737636,-0.4330562616082561,0.946562111377716,0.0150463727640142,0.6204451319099623,0.4025976644322791,0.8182122111320496,-0.0434474615252305,0.7198109461122663,-0.4453067732807709,0.921881139278412,0.0983639289215903,0.666922946977603,0.310324500510947,0.8390151858329773,0.0497613878886384,0.7471385443555406,-0.6576903947634805,0.932156503200531,P3,P3/tom_DTL_1_frame36.jpg,5
0.2056451703463752,-0.3954117540575254,-0.159597061302431,0.9777002930641174,0.2121888487622288,-0.4220426378276907,-0.1160542964885671,0.9808704257011414,0.2120760033545576,-0.4240383481639989,-0.1162904903292431,0.9825006127357484,0.2117790274898537,-0.4271156216510131,-0.1164839492797443,0.982871413230896,0.2083157847621899,-0.4310517489773565,-0.1796043533156017,0.9798458814620972,0.2059169389502782,-0.4382648202078105,-0.179675706126417,0.9806994795799256,0.2037215581968737,-0.4461929102984004,-0.1797903810933399,0.9801729917526244,0.1943257550177182,-0.4517931685806251,0.0398050740814795,0.979592263698578,0.1857363131383748,-0.4708910567099573,-0.1970569255860483,0.9764254093170166,0.1920164446733823,-0.3833565396895776,-0.0735543409206429,0.9771783351898192,0.1873868014548979,-0.392984448435032,-0.1644594538210251,0.9749866724014282,0.169018568659715,-0.3224977193474538,0.1681185949115256,0.99687397480011,0.051780592509617,-0.4464286298089001,-0.2438477679247186,0.99947190284729,0.267094147776496,-0.2701929242315051,0.2075325527052632,0.6821661591529846,-0.0388241508065851,-0.3504024280998098,-0.506406054334742,0.908426821231842,0.3890835570646467,-0.2802274016995539,0.1043266184009716,0.7807608246803284,-0.0757450178997985,-0.4570105294747709,-0.8356275620421587,0.8917610049247742,0.4177513501350098,-0.2839687374334722,0.0973434166088422,0.7659868597984314,-0.0987933987836725,-0.4978499962649538,-0.904545839346573,0.8820061087608337,0.4239176424276908,-0.2896410035538985,0.0546020269811508,0.7665113806724548,-0.0932772550527223,-0.5197252908612355,-0.9285009588304372,0.8813854455947876,0.4084138218060928,-0.2861687259657327,0.0783322800806936,0.7426561713218689,-0.0824674962049886,-0.4981135431457999,-0.8555504232839373,0.8618687391281128,0.039948268150256,0.0138021949946331,0.1650375832509786,0.99862802028656,-0.039948268150256,-0.0138021949946331,-0.1650321623346774,0.999321699142456,0.1236260742681055,0.2913791300172919,0.2200013378126944,0.8052476048469543,-0.0066540844111892,0.2980835386014779,-0.4423399036886762,0.9701940417289734,0.0422740219407057,0.5724193077676145,0.430898608091846,0.8037530183792114,-0.0206596541157246,0.6612066888938198,-0.4432506628015901,0.9517658352851868,0.015645938977296,0.6174517629682154,0.4422944131660482,0.8295878767967224,-0.0428660763494081,0.7155405329813294,-0.4567046542724725,0.9288732409477234,0.0982781406892379,0.6645645851480292,0.352072138082051,0.8495609164237976,0.0494905264181505,0.743223706954174,-0.6703325304411727,0.938665211200714,P3,P3/tom_DTL_1_frame37.jpg,5
0.2057150970281051,-0.3960345887222531,-0.1595707690592684,0.9799249172210692,0.2122671443358505,-0.4228521867669368,-0.125068951882331,0.9827756881713868,0.2121073911367609,-0.4249053312713944,-0.1252759879668291,0.9842411875724792,0.2117593638284618,-0.4280159155953625,-0.1254382232071475,0.9845744967460632,0.2084165507015234,-0.431345009803509,-0.1828859248799856,0.9818577170372008,0.2059543658025608,-0.4382042886873566,-0.1829826906418918,0.982625424861908,0.2036497679576153,-0.4457161187742651,-0.1830736687349326,0.982151210308075,0.1939868655577678,-0.4527715240432096,0.0453334507403927,0.9816221594810486,0.1854928691926148,-0.4707227292823767,-0.188941845992112,0.978779137134552,0.1921404073956352,-0.383927462376335,-0.0870183685664933,0.9794435501098632,0.1875117164000927,-0.3937299908773077,-0.1684196296281054,0.9774826765060424,0.1677867993708078,-0.3236357024794789,0.1787314391432096,0.9971289038658142,0.0521868573403331,-0.4455272128727428,-0.2364866544422895,0.9995203018188475,0.2721137614203282,-0.2709160637073797,0.228339670004933,0.70342618227005,-0.0355323606951322,-0.4105952353868443,-0.5381541033378671,0.9160172939300536,0.3825135111803252,-0.2802660484003099,0.1226087977443738,0.7978023886680603,-0.0719059979827583,-0.5089077151307535,-0.869778097564138,0.9012162685394288,0.4132288165146607,-0.2844266715481244,0.1165821421547359,0.780854344367981,-0.0960277382287941,-0.5567086702357426,-0.9430090542828484,0.8918943405151367,0.4187053727939589,-0.2898360773301782,0.0727721796025819,0.7819989919662476,-0.0893026700833906,-0.5692130134343122,-0.9790198622708473,0.8914128541946411,0.4014883102222465,-0.2851781433761582,0.0971038272035372,0.7608528137207031,-0.0785098522601519,-0.5448504700610611,-0.8921018471440362,0.8730221390724182,0.0398152807834927,0.0143017020723945,0.1715212898856553,0.9986476302146912,-0.0398152807834927,-0.0143017020723945,-0.1714284728257041,0.9993690848350524,0.1257028426481536,0.2919320031998157,0.2187847815265603,0.8183959722518921,-0.0040264124093703,0.2965904786901037,-0.4582641007704391,0.9729928970336914,0.0422373919986159,0.5712540636287822,0.4210504956029672,0.814510703086853,-0.0205744069218448,0.6592443205664318,-0.4828655518939671,0.9564653038978576,0.0158924648599391,0.6157320619366631,0.4308290159960541,0.8385329842567444,-0.0423054450563072,0.7128147128157165,-0.4991061794462724,0.9352601766586304,0.09881394232817,0.6624433558141896,0.3377409622706201,0.8584085702896118,0.0502863358074352,0.7412987984694341,-0.7154681954013856,0.9445465207099916,P3,P3/tom_DTL_1_frame38.jpg,5
0.2062654580758037,-0.3997124418677865,-0.1446561442721313,0.9819294214248656,0.212516256479929,-0.4270484780220792,-0.1111188671911893,0.9844959378242492,0.2121965659454401,-0.4291291434394212,-0.1112440596560329,0.985814094543457,0.2116911227785076,-0.4322775915758466,-0.1113426528339274,0.986114263534546,0.2092678086361499,-0.4350018122786259,-0.166746415378737,0.9836707711219788,0.2069975793452492,-0.4415654046856984,-0.166862170484629,0.9843614101409912,0.2047734479230741,-0.4487122984710549,-0.1669514170474078,0.9839346408843994,0.1935645878035347,-0.4574253401232135,0.0539747910007026,0.9834577441215516,0.1858568971112404,-0.4737824610385784,-0.1967651002159076,0.9809001088142396,0.1926833744114195,-0.3863865280526393,-0.078775960480654,0.981493353843689,0.1888871060292614,-0.39391354776731,-0.1548436484877188,0.9797321557998656,0.1649609510031234,-0.3303630985372389,0.1969133983300116,0.9973334670066832,0.0640529885942491,-0.4361567090803404,-0.2614156823426224,0.999562680721283,0.2472065360850074,-0.2865267476942564,0.320185405998927,0.6954323649406433,0.0036860146213281,-0.4876519304318092,-0.5770229483818183,0.9224243760108948,0.2749272353604181,-0.3588535777740658,0.293957919232074,0.7941302061080933,-0.0733835420508917,-0.5440656491861641,-0.937564951341796,0.9083207845687866,0.2877890851978826,-0.3622931321366168,0.300463390212141,0.7742018699645996,-0.0866031040901601,-0.5966526096294399,-1.0202008256626347,0.8992576599121094,0.2869080532934396,-0.3835725616959828,0.2606930211180877,0.7761876583099365,-0.0830842396148804,-0.6087115580053212,-1.032212405756085,0.8989359736442566,0.2815101562045744,-0.3788745718147568,0.2737765808330401,0.75711989402771,-0.0778132024088468,-0.590745276644855,-0.9541481151528216,0.8810514211654663,0.0375281115906224,0.0128531384292013,0.1874740770428547,0.9986876249313354,-0.0375281115906224,-0.0128531384292013,-0.1873796580814197,0.9994199872016908,0.1263867444702393,0.2937218264565683,0.2846852149709286,0.8282893896102905,-0.0017519912430817,0.2966628341837284,-0.4468228303163209,0.9755385518074036,0.0413644887483252,0.5729505918784049,0.5132526268369398,0.8233701586723328,-0.0218315150580405,0.660879554157443,-0.4640240957667647,0.9607084393501282,0.0151825327012223,0.6172266873510023,0.5254951953651169,0.8451322913169861,-0.0435202900619366,0.7140421934967728,-0.478978634579851,0.9410811066627502,0.0990209443377142,0.6629953374393458,0.4422650850337474,0.8654947876930237,0.0501302525692429,0.74350853194674,-0.6834816658714246,0.9498350620269777,P3,P3/tom_DTL_1_frame39.jpg,5
0.2068858267315825,-0.4274301270730992,0.8289268040383775,0.9488250017166138,0.167977763563355,-0.3911777107062103,0.8148631614940921,0.95121967792511,0.1624471133841266,-0.3978728783222691,0.8146704033831316,0.9532479047775269,0.1569734291494224,-0.4044454991616391,0.8146485431057433,0.9554718732833862,0.1804947645608975,-0.3740117932794642,0.7904816833947416,0.9570818543434144,0.1842118732056648,-0.3687404512182207,0.7906473584526816,0.9550891518592834,0.1880174998209403,-0.3633198562286022,0.7902845101538652,0.9616418480873108,0.1764157229491257,-0.4428434532954422,0.7519358224087574,0.9404760003089904,0.1796929338937402,-0.3427102451535851,0.6478032603658049,0.9579976201057434,0.1861089791502406,-0.4201214717709277,0.8125949692643936,0.9468646049499512,0.1958910763801502,-0.4065140413702646,0.7813032744162535,0.9560278654098512,0.0586104727316319,-0.4712372614703969,0.5967175689300304,0.9970622062683104,0.1848490518327895,-0.2908175002750211,0.3868418646781743,0.999531090259552,0.0765997580446371,-0.5287302217458879,0.3132008359506848,0.6980589628219604,0.2283748024625231,-0.3078306111322405,0.0394162473136947,0.923911988735199,0.160657801221155,-0.468148178134636,-0.0663066701003961,0.7853877544403076,0.2189209324517239,-0.3759335593399114,-0.2043156019255061,0.9092885851860046,0.1838950607126784,-0.4465921139661935,-0.1769413253205414,0.7697431445121765,0.2168776964755429,-0.3819514891013164,-0.2773140138780477,0.8996783494949341,0.1747118058598924,-0.4310331961427229,-0.166726801113355,0.7690458297729492,0.2008271916260753,-0.3872809816541346,-0.2567203941882138,0.8982726335525513,0.1687556879173094,-0.4306221583161664,-0.0750780660201474,0.7503153681755066,0.2004740889189024,-0.3859565503654738,-0.2002158980441585,0.8792552947998047,-0.0309483915756584,-0.0129501144736782,0.1381993814153979,0.998787760734558,0.0309483915756584,0.0129501144736782,-0.1381832958048813,0.999463438987732,0.061670588507701,0.37462592708215,-0.0411540720622512,0.774022102355957,0.1493981430747714,0.3814159661483519,-0.4143014690530676,0.9726147651672364,0.0988159379785475,0.8167538062729373,-0.2889460505427003,0.7716553807258606,0.134950976501332,0.8473088743847504,-0.5947036774148755,0.955540120601654,0.0912876030415383,0.8846294291329896,-0.3280052242244503,0.819287896156311,0.1216785575437963,0.9234724498995298,-0.6220141634690133,0.9395163655281068,0.1890906994487794,0.9157007443866712,-0.4949255103299104,0.8284999132156372,0.192868004620936,0.9246541971116417,-0.8265404263188582,0.9425457119941713,P3,P3/tom_DTL_2_frame19.jpg,5
0.1436880875997731,-0.4111094856311365,0.1511083308692553,0.9405350685119628,0.1186089280113427,-0.4496425801786924,0.116853723521318,0.9492977857589722,0.1090041361315759,-0.4576575800190349,0.1166689162474876,0.9498653411865234,0.1071194995593941,-0.461395302810289,0.1165529903096411,0.953326940536499,0.1520052793153781,-0.4208625209508562,0.0952086145754629,0.9475975632667542,0.1559932439484185,-0.4167877712369337,0.0953306560954532,0.9369972944259644,0.1599691070761567,-0.4123739200565768,0.0952582091373713,0.9458868503570556,0.1219105644150971,-0.4485387500164779,0.0958598808541187,0.9445353746414183,0.161316350373594,-0.3996000032561155,0.1149119721660756,0.9550011157989502,0.1336064964110967,-0.4022175588529972,0.1488411894852826,0.9518466591835022,0.1467053386289241,-0.3879288793459856,0.1234680713671615,0.959765374660492,0.0674174860389623,-0.403231578558004,-0.0145475504243978,0.9973506927490234,0.1829336150523385,-0.3349467603461631,-0.1209055668144897,0.9995678663253784,0.0427812415445951,-0.3329209683585626,-0.4990728209329742,0.6803699731826782,0.1575951374931451,-0.2275928373411992,-0.6621545216121991,0.9096719622612,0.0576450018714354,-0.2279426572837585,-1.1543078746919808,0.7491894960403442,0.0608858714307077,-0.1823587935504805,-1.2171048331278882,0.8919177651405334,0.0494928228245592,-0.1807941553542202,-1.311387315180602,0.7503109574317932,0.0354912083111823,-0.1705636292110023,-1.3630860695431184,0.8924239873886108,0.0490198268458876,-0.2032260242184548,-1.325775486349063,0.7505910992622375,0.0503375078946579,-0.1789848938722068,-1.3725095117219983,0.8896621465682983,0.0552032638587311,-0.2061639239485523,-1.1838345967969672,0.7293753623962402,0.0558240710807377,-0.1854169303796884,-1.238319722755332,0.8691569566726685,-0.0166497696308085,-0.0235465039418974,0.1144682142886075,0.998882293701172,0.0166497696308085,0.0235465039418974,-0.1144043680432225,0.9994673132896424,0.062793241544993,0.3845074380397387,-0.2529721574807878,0.7393122315406799,0.051910790023277,0.4132594044874089,-0.4192459759407815,0.970750331878662,0.0686655834322445,0.8665980437033862,-0.4164022518537327,0.7582294940948486,0.052958953261101,0.8835710964044127,-0.5704676395681757,0.956185221672058,0.0571018171620105,0.9308601486741044,-0.4563621138764265,0.803840160369873,0.0468827010095062,0.9545085645785116,-0.6020140164687878,0.9372887015342712,0.1166063017624638,0.98957129316267,-0.6999848212393255,0.8044962882995605,0.0857079604707883,0.9963203026697476,-0.8478490950992512,0.9411376118659972,P3,P3/tom_DTL_2_frame20.jpg,5
0.2320012805627081,-0.4628523634753725,0.2057680443052089,0.9464810490608216,0.2465220508145574,-0.4679115577515711,0.2471711263749444,0.9543675780296326,0.2501563930554669,-0.4588312091985357,0.2470168320411829,0.9548779726028442,0.2538620942442514,-0.4490350218086096,0.2470835565356498,0.957993745803833,0.2344366373511679,-0.4913020900961504,0.2378421267923974,0.9528371691703796,0.2300206043747308,-0.4995347408868736,0.2378343316029828,0.943296194076538,0.2256301675426402,-0.5074553514087907,0.2377788926812505,0.951297402381897,0.2197128043541696,-0.3030695182893118,0.4105782110813051,0.9500814080238342,0.2083780559967968,-0.494593986951333,0.3698836768255253,0.9595004320144652,0.2125959903288067,-0.3542949268418363,0.2602114311506063,0.9566619396209716,0.207367240987331,-0.4451779931118855,0.2469881527249037,0.9637888073921204,0.2011808855910007,-0.2619373675292805,0.37372274943917,0.9976151585578918,0.0739744860069655,-0.4043634672339723,0.2710017378831177,0.9996109008789062,0.1542367812187621,-0.0997131155570052,-0.0246979087423781,0.709101140499115,-0.0080356380433288,-0.1777576987713611,-6.982443944116384e-05,0.9174606204032898,0.0509564939087385,-0.0995181970396028,-0.4040207503739872,0.7727068066596985,-0.0117114770637091,-0.1786797804804257,-0.2880770227317673,0.9016892313957214,0.0158269492542591,-0.083903230398977,-0.4858239722574807,0.7726677656173706,-0.0259997877864478,-0.1579483772771537,-0.3664037258734697,0.901562750339508,0.0106510210470258,-0.1313890422624763,-0.4769154669098989,0.7724071145057678,-0.0140456902999633,-0.1554967320332006,-0.3675303052630481,0.8988974690437317,0.0198290227689468,-0.1336789664126037,-0.412597669306171,0.752244770526886,-0.0009789361751433,-0.1646824125984256,-0.2945780749664306,0.8800545334815979,0.0396566493845656,0.0313462018278437,0.0985807479484211,0.9989936351776124,-0.0396566493845656,-0.0313462018278437,-0.0987947375324635,0.9995201230049132,0.0480981802259711,0.4142967879063367,-0.1363060518959318,0.673522412776947,0.0115514623795065,0.3826127945371927,-0.3360834640494783,0.9501162767410278,0.0445098334808116,0.8640920927661114,-0.221776668011273,0.6964224576950073,0.0025190484240655,0.8190791787027802,-0.3613520553124275,0.9455438256263732,0.0233079266060065,0.9208061678713394,-0.2412022024684303,0.7586442232131958,-0.0161146344038992,0.889930392150955,-0.3918835241093145,0.9265661835670472,0.0963045623348615,0.9953519132816748,-0.4208720883506233,0.7646100521087646,0.0426485284023776,0.9227888607252348,-0.5217278390604789,0.93508780002594,P3,P3/tom_DTL_2_frame21.jpg,5
0.280738282546988,-0.4624943441558497,0.0998262874862858,0.951827883720398,0.2874686583890193,-0.4749989613512081,0.1347457689640158,0.958928644657135,0.2875653941464527,-0.4714781707784526,0.1345568138360276,0.9593863487243652,0.2875726348468594,-0.4674697190333062,0.1345559811554808,0.9621918201446532,0.2834325471683193,-0.4885761434978103,0.1047431394027052,0.9575512409210204,0.2809268303855784,-0.4954006484451287,0.1046902822897364,0.9489619135856628,0.2782650041020691,-0.5025074683013041,0.1046244100177864,0.9561651349067688,0.2680317222172869,-0.4481766555786547,0.2866835492439213,0.9550705552101136,0.2579603423935983,-0.5183007392143794,0.1425278655909951,0.9635474681854248,0.2608305560348122,-0.4112573379029731,0.1536088705776422,0.960994303226471,0.2574717399301545,-0.4537260731843541,0.1127897297646655,0.967409074306488,0.2098451641210683,-0.2759798390537161,0.2951827557883042,0.99782532453537,0.0869475976061665,-0.4669293455619545,0.0590408114047626,0.999648094177246,0.0920092816324708,-0.1435970998200517,0.02350057789301,0.688409149646759,0.013345588344094,-0.2706197657636519,-0.1304636368452473,0.9192157983779908,0.0198523713575665,-0.2166060233118118,-0.3682788211094588,0.7318370938301086,-0.0037827953169717,-0.2531738773897525,-0.3125924044566681,0.8846121430397034,-0.0074226954114174,-0.2170653733456126,-0.4574371493637975,0.7351394295692444,-0.0169602908011244,-0.2403218513888808,-0.3775599146872587,0.8842529654502869,-0.0003035663645506,-0.2229961586417325,-0.4422438066829189,0.7334369421005249,0.0014292780567795,-0.2559110793644955,-0.3861242875353017,0.8803380727767944,0.0083365442097464,-0.2344439956127338,-0.3756974255251465,0.7093101739883423,0.0034641320920731,-0.25282950967841,-0.3210430621048241,0.8606641888618469,0.0383630771332746,0.038881583689398,0.1265611255979263,0.9990628361701964,-0.0383630771332746,-0.038881583689398,-0.1266741167277728,0.999548316001892,0.0845431058151112,0.441696663156687,-0.100877139387185,0.6298448443412781,0.0264356885743378,0.379717860629466,-0.3460551565722016,0.9473061561584472,0.0429606322635097,0.8275522845033983,-0.1515864252926706,0.6655440926551819,0.0101145706016144,0.8681296040245424,-0.3103708489613879,0.9468908309936525,0.0131769524316221,0.9129310033489444,-0.1666175672335637,0.7441623210906982,-0.0114472215114667,0.9388276579815056,-0.3181742604001894,0.9274601936340332,0.1035925197010773,0.925259599117416,-0.3559181852416875,0.7471534013748169,0.0472347453065778,0.9553906153478128,-0.502498743257314,0.9343702793121338,P3,P3/tom_DTL_2_frame22.jpg,5
0.2653868531639802,-0.4461393402380881,0.0929028633160233,0.956631362438202,0.2722638122914271,-0.4617504115945369,0.128265730730421,0.9630296230316162,0.272449023445147,-0.4596649286967413,0.1280547313116551,0.9634363055229188,0.272520932073597,-0.4574567898450674,0.1280550381173807,0.9659642577171326,0.268222733114383,-0.4741739538867329,0.1002668392186953,0.9617903828620912,0.2654692429393814,-0.4812114470371032,0.1001537025343582,0.954054832458496,0.262553759341248,-0.4884584967901243,0.1000867193816116,0.9605426788330078,0.2537018337136049,-0.4669899236881653,0.2809291005333286,0.9595558643341064,0.2408397416587863,-0.5087315557759159,0.1488812761185269,0.967186152935028,0.2481139229884089,-0.4191873361985795,0.1483177486289673,0.9648904204368592,0.2448349160656391,-0.4428425551673252,0.1096271170575648,0.9706653952598572,0.1975262028738486,-0.2819621237035659,0.2798844021614241,0.9979957342147828,0.0797070329680941,-0.4684655763079713,0.0909740005951376,0.9996780157089232,0.0989653444544399,-0.1913425915181353,0.0334466023853678,0.6660422086715698,0.011134726067251,-0.2923844966281877,-0.1274966351126438,0.9104071259498596,0.0040226044971333,-0.2877201208894129,-0.3453077545989773,0.7196065187454224,-0.0176009303724079,-0.2996448799922037,-0.3584569504766109,0.8755685091018677,-0.017435155776009,-0.3359095157705963,-0.4297700441370053,0.7285375595092773,-0.0278445931078745,-0.2996767214512959,-0.4220794030570055,0.8785452842712402,-0.0127101485922127,-0.3634078661790293,-0.414146435206039,0.7246784567832947,-0.0039028010072987,-0.3407054365372459,-0.4285615944280816,0.874512255191803,-0.0057113295473649,-0.3533306414036928,-0.3506332718003413,0.6933616995811462,-0.0074663246343323,-0.323050607861687,-0.3672753430676476,0.8541628122329712,0.0385250808602628,0.0353630912996569,0.1112189080825912,0.9991309642791748,-0.0385250808602628,-0.0353630912996569,-0.1113744668775314,0.9995733499526978,0.0827589041493393,0.3986487990476063,-0.1022500894734836,0.5983365178108215,0.0135540799309034,0.3901278919217763,-0.3302420013976697,0.940445363521576,0.0412960838377651,0.7508619047417212,-0.1281325024170786,0.6310335397720337,0.015289704796923,0.7837863714613377,-0.2654838866937452,0.9429129362106324,0.014173727992113,0.8354897366988423,-0.1389209940769347,0.7261939644813538,-0.0113503192798547,0.8533738902162384,-0.2818804636282689,0.9207414984703064,0.0960954339446323,0.84878646467027,-0.3187249788121925,0.7272292375564575,0.0407113287088107,0.8785311636812875,-0.4361589665674905,0.9281636476516724,P3,P3/tom_DTL_2_frame23.jpg,5
0.2568744514796433,-0.4353224146512029,0.0237784820167509,0.9609641432762146,0.2635149486585469,-0.4516169547361643,0.114528227171489,0.9667243361473083,0.2635575321964526,-0.4497259795060354,0.1137846865986322,0.967089056968689,0.263442708728171,-0.4478015457818378,0.1143971655609627,0.9693639874458312,0.2599531398808557,-0.4632584828845987,0.0387957932011136,0.9656097292900084,0.2575556613494159,-0.4698212904541682,0.0384044381309292,0.9586469531059264,0.2551893600510857,-0.4768314152768285,0.0382977099706349,0.9644867181777954,0.24439063109037,-0.4599441909209849,0.2066194765464568,0.9635964632034302,0.2342538480179933,-0.5024160104081291,0.0645921178651936,0.9704660773277284,0.2396335683067577,-0.4159887913900159,0.0960469875624675,0.9683995842933656,0.2360623810117897,-0.4335328921654002,0.072870540610218,0.9735981225967408,0.1877499631537549,-0.2858973504550363,0.2336009479630412,0.9981593489646912,0.07409316974765,-0.4700379468769359,0.0272374894922052,0.999709129333496,0.0942500747416822,-0.2284563401318883,0.0377376722867093,0.6702561974525452,-0.0064843258557357,-0.2920632186176983,-0.15247070599765,0.9174373745918274,0.0040831085910571,-0.3977982066061273,-0.3064673537877707,0.7303715944290161,-0.0074134961181056,-0.3868882661736487,-0.4590469899962244,0.8858023881912231,-0.0209390923454311,-0.4347476002578347,-0.3785327360160975,0.7398884892463684,-0.0226269719818278,-0.4147039978914447,-0.5348534817768026,0.8880265355110168,-0.0190012878972779,-0.4619534748791943,-0.3667724872452427,0.7361426949501038,-0.0119808974003011,-0.4444223012492456,-0.5327003516414411,0.8844805955886841,-0.0122403908344145,-0.452262044640749,-0.3113654428565159,0.7010772228240967,-0.0047508210001543,-0.4242206581930683,-0.4642456035121692,0.8654822111129761,0.0378946911616919,0.0267251939267399,0.1269540892745166,0.9991878271102904,-0.0378946911616919,-0.0267251939267399,-0.1271482182453119,0.9996097087860109,0.0860524268530183,0.3574174162615652,0.0938323109074767,0.6152388453483582,0.0153389135323003,0.3684321045930888,-0.2956941622761265,0.944637417793274,0.0483383672014461,0.6843943516508304,0.2405211372408015,0.6417556405067444,0.0159213954972259,0.7610876836293126,-0.1915519538578559,0.9480061531066896,0.0303026546893459,0.7491959771956817,0.2481988952621089,0.7354626655578613,-0.0069808803245299,0.8268284282690503,-0.1882122036556206,0.9272964596748352,0.104434320715683,0.7710889851480545,0.1000038030120868,0.7385081648826599,0.0816805803297175,0.8527692803201521,-0.3930604711723086,0.9340372681617736,P3,P3/tom_DTL_2_frame24.jpg,5
0.2521483607656317,-0.4296998360618205,0.0517580329984498,0.96486496925354,0.2598627212748654,-0.4477289082071982,0.0965741498481521,0.970050811767578,0.2601029754979526,-0.4462760724008529,0.0963497660136373,0.9703783392906188,0.2600976309911793,-0.4449549227555841,0.0964704524340293,0.9724258184432985,0.2556304933647051,-0.4603641922552139,0.051700750450563,0.969048023223877,0.2533665354373735,-0.4676212867081945,0.0514573035061331,0.9627811908721924,0.2509890999592511,-0.475096325175755,0.0514291904683242,0.9680374264717102,0.24164304910305,-0.4618145422444554,0.2573524965543267,0.967234432697296,0.2335435112335747,-0.4963944332489786,0.0759923066688676,0.9734187722206116,0.2374181543533461,-0.4134699361907821,0.1178420707799207,0.9715573787689208,0.2330024731409217,-0.4284006237524932,0.0679919839745497,0.976237416267395,0.1797816261109081,-0.2941386589930153,0.2976677735353515,0.9982848167419434,0.0767605406766341,-0.4636120365922495,0.0230155494000506,0.9997371435165404,0.0776381584051484,-0.233425248484859,0.1339865828334419,0.6706284880638123,-0.0135692676793598,-0.2964093907719549,-0.1675690086523314,0.923754870891571,-0.0022217611819937,-0.4648450640211868,-0.173413677363261,0.7421157360076904,-0.0052083461414146,-0.4571603468809165,-0.4551937237519192,0.8954375386238098,-0.0269668896876989,-0.5086682794900945,-0.2372459959825476,0.7504191994667053,-0.0214971598778143,-0.5067624035165725,-0.521735660696187,0.8970187306404114,-0.0226769286753017,-0.5312221602187556,-0.2193663214451113,0.7468581199645996,-0.0148285826241704,-0.5220332751489455,-0.5196043832567734,0.8937628269195557,-0.0148814062376272,-0.5151002069554519,-0.1763588113224752,0.7089375257492065,-0.0058775281057711,-0.4980408520622862,-0.4591976604338046,0.8758367896080017,0.0348853979265863,0.0221672740235848,0.1538870091673119,0.9992464184761048,-0.0348853979265863,-0.0221672740235848,-0.1539279940768116,0.9996431469917296,0.0867260571551146,0.3431411986886502,0.091562882394002,0.6278693675994873,0.02182199402786,0.3616125598422304,-0.3231486728310825,0.9494169354438782,0.0384479467089693,0.6669653612449903,0.196134900192082,0.6561776399612427,0.0191040637519377,0.7458646989577772,-0.2913607894521764,0.9529038071632384,0.0168768337723154,0.724687525886656,0.1975926144144936,0.7447407245635986,-0.0040320574878727,0.8038931162666372,-0.2956687726385765,0.9336768388748168,0.1044028268714491,0.75778468913416,0.0530483701638986,0.7500614523887634,0.0928749121977711,0.8272433906499443,-0.5091407090306812,0.939911425113678,P3,P3/tom_DTL_2_frame25.jpg,5
0.1567569270657996,-0.4932175269773545,-0.2579365052304804,0.9678779244422911,0.1664185225212212,-0.5229535496534898,-0.2260929715535928,0.9724312424659728,0.1704731455889307,-0.5190690237668484,-0.2262689254684036,0.972597360610962,0.1741609356023192,-0.5158624305548448,-0.2263197468031396,0.9744300842285156,0.1522073155333752,-0.5371674645934965,-0.224388740753975,0.9713820815086364,0.1466915318602824,-0.5423569715190464,-0.2245683629993291,0.9652656316757202,0.1413824342102423,-0.5472785801075866,-0.2246775470006903,0.9702421426773072,0.1674646107384448,-0.5083435179904482,-0.0620884624323308,0.9695789217948914,0.13019922154306,-0.5393211682200589,-0.0503697994571031,0.9748613238334656,0.1508863386840295,-0.4584402420125572,-0.198156682222462,0.9738603234291076,0.1359596025694547,-0.4693972462108773,-0.1949540879630678,0.97821843624115,0.1586888934933467,-0.3539105176835423,-0.0375190235518273,0.9981931447982788,0.0256800771201612,-0.4245546919918261,0.0207447260680035,0.999626398086548,0.0735846954765951,-0.452957331619182,-0.1509615001003955,0.689513087272644,-0.0971040156994499,-0.381853183297377,-0.0483850437063311,0.9193999767303468,-0.0454321950581256,-0.5792940687466757,-0.2685757343915295,0.7531598210334778,-0.0681601005181215,-0.5840105027273226,-0.1963749284202915,0.8983940482139587,-0.0684281248063946,-0.628944434587888,-0.3323278555727921,0.755500316619873,-0.0751376115772824,-0.6437723619364147,-0.2441650728223062,0.898797333240509,-0.0690550472194016,-0.6378358380683143,-0.3195485255216154,0.7501883506774902,-0.0773425143923707,-0.6524203646005406,-0.2709557724382173,0.8959016799926758,-0.0608588947123151,-0.6133179132544949,-0.2696397391759556,0.7098822593688965,-0.0716160772314317,-0.6292377121044499,-0.2150046631632967,0.8791089057922363,0.0436241016980205,0.0205699194904816,0.0892265671202011,0.9991161823272704,-0.0436241016980205,-0.0205699194904816,-0.0895131062441773,0.9995269775390624,0.1150943273665668,0.3643794607366285,-0.130527946468283,0.6616622805595398,-0.0272925681683829,0.3632285180927191,-0.3422723690533703,0.9530094265937804,0.0503750894101611,0.6873166105335119,0.1470504299850165,0.6867594122886658,-0.0852632114866504,0.6647563462049498,-0.0455860878219765,0.9560688138008118,0.0360876189323954,0.7086188736443712,0.1737914890592849,0.7623116374015808,-0.098914754036084,0.6877734357654509,-0.0226114182533525,0.9315976500511168,0.1219201931047311,0.7467948274976836,0.0167934814356131,0.7698302268981934,-0.0822243223817124,0.8118322813207819,-0.2030182592901383,0.9427492022514344,P4,P4/eric_DTL_1_frame21.jpg,1
0.1378312618257223,-0.4780789167446643,-0.277166759833709,0.9710186719894408,0.1470591995860969,-0.5063624459138528,-0.2485238161796513,0.9751116633415222,0.1500482840934176,-0.5030151124673309,-0.2487139991191257,0.9752537608146667,0.1529769876495509,-0.4999142492876613,-0.2487489654891636,0.9768920540809632,0.1365929974792909,-0.5170570381156868,-0.2432810496255874,0.974173069000244,0.1321833117983656,-0.5207807575291207,-0.2433715641964823,0.9686285853385924,0.1277825524915801,-0.5243001937432926,-0.2434280220915191,0.9731292724609376,0.1503489948757435,-0.4913092814728236,-0.0928658389633311,0.9724876284599304,0.1165418595024063,-0.5170589143599328,-0.0690782813894236,0.9772548079490662,0.1331101764558579,-0.4501009879640184,-0.220157561695983,0.9763590097427368,0.1200351988647938,-0.4606653233304755,-0.2136770424984638,0.9803448915481568,0.1443419999267782,-0.3601856781101512,-0.0780124305716221,0.9982135891914368,0.0118976343267394,-0.4244092343691021,0.0130554609197388,0.9996420741081238,0.0692087087924592,-0.4441579558870737,-0.2461797617017289,0.7181268930435181,-0.0857711695896281,-0.4009691444369676,-0.0870804611519454,0.9258938431739808,-0.0317729739033684,-0.5830000869422086,-0.3494067117731362,0.773263692855835,-0.0596904080210545,-0.5892396793217837,-0.351019315274575,0.9060878753662108,-0.0540762303901247,-0.6213583370134943,-0.3997120323642474,0.7703002691268921,-0.0615880869361029,-0.636934632463822,-0.4125443206048941,0.9046164751052856,-0.0509976547178615,-0.6268014921386127,-0.3922906619612209,0.7647310495376587,-0.0586276577954474,-0.641149672018203,-0.4212721824178406,0.9020260572433472,-0.0443322117503452,-0.6097599920719248,-0.3494412232960842,0.7247769832611084,-0.0566045547953525,-0.6274506157918203,-0.3642962449735653,0.8857381343841553,0.0412999167694818,0.0125668565357329,0.0759174830522765,0.99908047914505,-0.0412999167694818,-0.0125668565357329,-0.0760418481964418,0.9995443820953368,0.1159104180298195,0.2945572697580842,-0.0594499324967075,0.6905624866485596,-0.0174530229712965,0.3128814670463005,-0.3489658796591707,0.9573694467544556,0.0502630198117482,0.5773120535150524,0.1112819864335698,0.713205873966217,-0.0333292332215428,0.6507788417677767,-0.2648374187627456,0.960000455379486,0.0298379975269462,0.6219497235142246,0.1224823899203565,0.7791348695755005,-0.0489764848178987,0.7008636468041042,-0.2624084784466661,0.9349399209022522,0.1092696505169316,0.6543999931624328,0.0005944748191917,0.7888887524604797,0.0265905598725488,0.7341542464509466,-0.5017371058564174,0.9474214911460876,P4,P4/eric_DTL_1_frame22.jpg,1
0.1305872978576472,-0.4576762243669737,-0.242761163341111,0.973871409893036,0.1392106786448591,-0.482908490767426,-0.2148653675885452,0.977545201778412,0.1417215722015232,-0.4812238582428717,-0.2150431834292313,0.9776678085327148,0.1442884646232694,-0.4797959427377068,-0.2150870992058657,0.9791374802589417,0.1297260930892907,-0.4929497872624667,-0.2167882730618467,0.9767041802406312,0.1250820205431188,-0.4983282338141155,-0.2168603271570963,0.9716886281967164,0.1205397237120565,-0.5035336838718499,-0.216894020918676,0.9757535457611084,0.1385091373073024,-0.4795817804114254,-0.0550922098460275,0.9751293659210204,0.1056920801818509,-0.5046965491931786,-0.0616272718456699,0.9794602990150452,0.125416402655152,-0.4333034405475588,-0.181720053226929,0.9786227941513062,0.1130391535023992,-0.4450904238853337,-0.1841071854029514,0.982267439365387,0.1350007084119331,-0.3593065513389086,-0.0212569216207521,0.9982929229736328,0.0125993002080437,-0.4269594580086803,0.0197855347743901,0.9996605515480042,0.0662393242074552,-0.4375980201768342,-0.1754873739878441,0.7425791025161743,-0.0910668765879438,-0.4040974769034606,0.0247744822754943,0.9326111078262328,-0.0266370712628848,-0.5798324153184102,-0.3455946347911501,0.7913053631782532,-0.0587350874054413,-0.5899755986374198,-0.099848941659133,0.9136013388633728,-0.0478091421727339,-0.6146651260374555,-0.4081623945205836,0.7842710018157959,-0.0634594916568798,-0.6334069128680554,-0.1436418110622018,0.9103044867515564,-0.0430311834511176,-0.621659762056336,-0.4060426874802647,0.7787247896194458,-0.0592630767047871,-0.6340563441506052,-0.161890871767673,0.9079500436782836,-0.0354295041795064,-0.6047697432518773,-0.3513935450435669,0.7394965291023254,-0.0551223828456284,-0.6185088814701618,-0.1122558568773161,0.8922598361968994,0.0391398734266352,0.0107001720306301,0.0758077205644468,0.999050498008728,-0.0391398734266352,-0.0107001720306301,-0.075731402666722,0.9995562434196472,0.1064225098228231,0.2859010390338292,-0.0166158837352996,0.7156829833984375,-0.0180766336444606,0.308779575359083,-0.2894133845164884,0.9612602591514589,0.0428942417820428,0.5701860552637156,0.1326731861389197,0.7354398369789124,-0.0386695496252608,0.6411359506696277,-0.2682665908721277,0.963325560092926,0.0190616692364957,0.6186452953721551,0.1462035924764207,0.7921016216278076,-0.0537749101545895,0.696664269732672,-0.2776009016955065,0.937167763710022,0.0959520553587749,0.6471021630869205,0.0139212543190404,0.8044133186340332,0.0265351288844863,0.7178063968049425,-0.5023014866223243,0.9511427283287048,P4,P4/eric_DTL_1_frame23.jpg,1
0.1327926874760085,-0.4563130878890511,-0.2272609588739133,0.9764584898948668,0.1425228319829444,-0.4808837159882927,-0.1961466626180676,0.9797573089599608,0.1451776800914095,-0.4781786688464225,-0.1962801162225859,0.979865312576294,0.1476124162309085,-0.4759694132604986,-0.1963031540921062,0.9811837673187256,0.1329130655329613,-0.4919008817993115,-0.2003244591856847,0.979004204273224,0.1288452280939193,-0.496442981109631,-0.2004072433138168,0.9744786620140076,0.1245017110678971,-0.5009258599505529,-0.2004395240042617,0.97814279794693,0.1423236962363163,-0.4723739559208093,-0.0315765860450796,0.977554440498352,0.111462581323703,-0.4988194376656948,-0.0513108181578687,0.9814740419387816,0.127876835053688,-0.4276664864545046,-0.1659811529993839,0.9806870818138124,0.1168193771849857,-0.4432246446511812,-0.1720427139561713,0.9840155839920044,0.1341175102572862,-0.353829408977549,-0.0141508349367114,0.998364806175232,0.0082203269415825,-0.4334062229024799,0.0208249230324331,0.9996797442436218,0.0673726651261245,-0.4428636765190221,-0.1785970362626437,0.7650893330574036,-0.0957729758234573,-0.4164185268515349,-0.0494659172017406,0.9386336207389832,-0.0198513378237109,-0.595403706246781,-0.3727375916433139,0.8091713190078735,-0.0604562677628313,-0.597718313387376,-0.2389458493139468,0.920126974582672,-0.0342039443714009,-0.6260452903258755,-0.4419700285665677,0.8002332448959351,-0.0604173593609748,-0.6416590438136827,-0.2933461875992069,0.9146775603294371,-0.0282381185612867,-0.6278585159409831,-0.4427965415382939,0.7947828769683838,-0.0565624942268314,-0.6419355812672757,-0.3025942664160008,0.912439227104187,-0.0239417011796171,-0.6149618750738578,-0.38037268751629,0.7571020126342773,-0.0549040443525369,-0.6272385274380013,-0.2501993158671081,0.8972072005271912,0.0391382824355707,0.0113479702461483,0.0759451255574104,0.9989941120147704,-0.0391382824355707,-0.0113479702461483,-0.0759071372866789,0.9995577931404114,0.1068540665336855,0.2879411021495603,-0.0075959885705945,0.7402976155281067,-0.0144828085610148,0.3007818709943894,-0.2558482844928293,0.9647400379180908,0.0425717413510297,0.5588494010682141,0.1500683776507943,0.7574324011802673,-0.039152672456172,0.632067154196985,-0.2169393430105911,0.966367244720459,0.0175722352916377,0.6062934096830125,0.1608346866603701,0.8052087426185608,-0.0528334864267158,0.6910386762380489,-0.2261625160224982,0.9389343857765198,0.0925211632449725,0.638517646970196,0.016306285336231,0.8199608325958252,0.0229847648096338,0.7086230600278481,-0.4481391687639077,0.9545940160751344,P4,P4/eric_DTL_1_frame24.jpg,1
0.1487972451316115,-0.4481483173372,-0.2298363428254152,0.9787793159484864,0.1530964179464681,-0.4773706408946295,-0.1961842461308954,0.9817416667938232,0.1543596208937288,-0.4763250636511481,-0.1963205042787612,0.9818357825279236,0.1552881682965051,-0.4757366497853997,-0.1963436474139266,0.9830169081687928,0.144665621422029,-0.4861417922891287,-0.2053805921133085,0.9810677766799928,0.1399048032355399,-0.4909719983811705,-0.2054679771610312,0.9769826531410216,0.1342655142447795,-0.4961291686948324,-0.2055044002781206,0.9802879691123962,0.1433929011543895,-0.4760470140296147,-0.0247100381576505,0.9797285795211792,0.1142950220942393,-0.4979664541940151,-0.0658035139316863,0.9832823276519777,0.1397576721024738,-0.4248055951100969,-0.1660260573473168,0.9825292229652404,0.1303914115180063,-0.4354322366456663,-0.1785623326169256,0.9855826497077942,0.1349195533545356,-0.3539412875668991,0.0008293762089869,0.9984247088432312,0.0074092062483079,-0.4332959855534199,0.0062944766979113,0.9996959567070008,0.0708299732565985,-0.4475663221293816,-0.1579256142065512,0.7844669222831726,-0.0989401536611526,-0.4196230821642635,-0.0916761833818237,0.9442114233970642,-0.0162904708262601,-0.5989209321133746,-0.3658783313188173,0.8238655924797058,-0.0579802627469547,-0.5970201793672468,-0.2784442029962626,0.9263813495635986,-0.029924696268063,-0.6289283239355434,-0.4342462235933388,0.8124414086341858,-0.0526771232986451,-0.6391155640692031,-0.3322827713806759,0.9193592071533204,-0.0254920596348703,-0.6309676034931158,-0.4358286717727261,0.8069577217102051,-0.0508436557942655,-0.6419099489322987,-0.34118713759385,0.9173191785812378,-0.0220958702575863,-0.6174832205140217,-0.3744220353562393,0.7703999876976013,-0.0507842832084137,-0.6291351043207514,-0.2887815069256632,0.9024864435195924,0.0385902164730085,0.0113779565129185,0.0864425079222966,0.9989511966705322,-0.0385902164730085,-0.0113779565129185,-0.0864352385155247,0.999566614627838,0.1077238103719635,0.2839830067904649,-0.0056514722502188,0.7617466449737549,-0.0094750734363571,0.2910665491487162,-0.3001213111571794,0.9678654074668884,0.0406038490654901,0.5542377216004987,0.1476244982278934,0.7760605216026306,-0.0404754759068916,0.6261923156596553,-0.2591971378610312,0.969058096408844,0.0158216874643436,0.5980551326251891,0.1583744084290092,0.8154157996177673,-0.0551986598664609,0.6875369788271636,-0.2544217946943128,0.9404298067092896,0.0899888925118094,0.6361824033950019,0.0066725416156007,0.8328977823257446,0.0215407116799059,0.7049501337919513,-0.5035000013287059,0.9576877951622008,P4,P4/eric_DTL_1_frame25.jpg,1
0.1444579962548813,-0.4537083360797638,-0.2208657831908318,0.9808761477470398,0.1511597511085828,-0.4804727157982849,-0.1857304763070486,0.9835366010665894,0.1531201069207292,-0.4785900352056583,-0.1858595219400581,0.983618140220642,0.1546581776561965,-0.477242068796427,-0.1858835877395794,0.984678328037262,0.1415068448579963,-0.4913574980828811,-0.1953676954302701,0.9829336404800416,0.1366404557423916,-0.4967646847203207,-0.1954610577771549,0.979248344898224,0.1313404597813452,-0.5022475751250082,-0.1955124141088426,0.9822301268577576,0.1448259819032666,-0.47626135578188,-0.0113808401614316,0.9816935658454896,0.11391704623676,-0.5023472179555597,-0.0557079570127408,0.9849204421043396,0.1368977584275016,-0.4300799736540407,-0.1563265895504522,0.9841952323913574,0.1261994755278439,-0.4438898841655305,-0.169528532344837,0.9869984984397888,0.1354567394710282,-0.3532787270899893,0.014624508429524,0.998474895954132,0.0068314764132041,-0.4339658750639295,0.0061515533285062,0.9997130632400512,0.0749416037994042,-0.4435932650893945,-0.1510492230451289,0.8023005723953247,-0.1006656763175538,-0.4175417061852489,-0.1018806401074295,0.9493523836135864,-0.008762598404516,-0.5969926423062655,-0.3615901727238423,0.8378295302391052,-0.057431840645302,-0.6042464037961488,-0.2996424108497033,0.9323115348815918,-0.025101825853874,-0.6293716899320605,-0.4300208864130861,0.8244286775588989,-0.05246670993447,-0.642219334589549,-0.3546275665709411,0.9239628314971924,-0.0203143511563601,-0.6297032882042239,-0.4289095787673159,0.8189151883125305,-0.0502992953065476,-0.6440983820772743,-0.3601914273368031,0.9220648407936096,-0.0153113685619043,-0.6152139870761723,-0.369249208473657,0.7836183905601501,-0.0499413922283539,-0.6324782199315891,-0.3090533354156941,0.9076907634735109,0.0379133929347835,0.0115297288136045,0.090888920618875,0.9989209771156312,-0.0379133929347835,-0.0115297288136045,-0.0909493385901132,0.9995740056037904,0.1121085485767714,0.2869505109217088,-0.0114065552920055,0.7814186811447144,-0.0043143824794229,0.294948861771152,-0.3162029760620077,0.970658242702484,0.0387409522713941,0.5666180265326999,0.12476207559447,0.7935463190078735,-0.0419938485203225,0.6342832253046958,-0.2996593653392431,0.9714560508728028,0.0122204693625328,0.6118163299032655,0.1298012061745146,0.8249743580818176,-0.05873384405299,0.6961339917270487,-0.3125121920998469,0.9412936568260192,0.0922157502433892,0.6500524777385921,-0.0118989607014618,0.8450891971588135,0.019471020201573,0.7181142200533146,-0.5157879036200932,0.9604735970497132,P4,P4/eric_DTL_1_frame26.jpg,1
0.1451709568505183,-0.44061830370281,-0.2525823936964594,0.9827650785446168,0.1514561678172737,-0.4682837014469216,-0.2137068438884755,0.9851550459861756,0.1528524265601201,-0.4668858284654692,-0.2138345705181784,0.985224187374115,0.153990637731515,-0.4658452210783609,-0.2138480032894358,0.9861723184585572,0.1432963646178749,-0.4784007689561446,-0.2368212129654389,0.9846164584159852,0.1385940299070999,-0.4840625955640744,-0.2369226217407255,0.9812942743301392,0.1331925569257729,-0.4902097314786346,-0.2369648369628424,0.9839789867401124,0.142731842316791,-0.469246537124046,-0.0156624617528754,0.9834604263305664,0.1138898375830122,-0.4964724007562842,-0.1202807091142398,0.9863997101783752,0.136631519321806,-0.4195494920222833,-0.1772568749530486,0.9857062101364136,0.1281908962563349,-0.4323803828851545,-0.2081476655604762,0.9882716536521912,0.1323591485940257,-0.3537362922374629,0.0541155584715573,0.9984896779060364,0.0056413603684603,-0.434271232806616,-0.0782200791695567,0.9997254014015198,0.0804644905842751,-0.4078863298367461,-0.1346776852690197,0.8133655190467834,-0.1007298149986451,-0.3863428167032859,-0.2122454390875996,0.9539675116539,-0.0010071695874117,-0.5729528351580936,-0.3665664336324099,0.8493291735649109,-0.0586646594207272,-0.5828616082357586,-0.3616684013163418,0.9381332397460938,-0.0201375689589776,-0.607539050320089,-0.423807017520026,0.8345435261726379,-0.0513772368851357,-0.6296066721381034,-0.3741308710430737,0.9294505715370178,-0.0171829934475142,-0.6154488771410668,-0.4281924137759186,0.8289840817451477,-0.0496535183107783,-0.6349960095041957,-0.4033826617772716,0.9276341795921326,-0.0132373330833207,-0.602016797700203,-0.3730527037826855,0.7947313189506531,-0.0488159590797584,-0.6206385677824191,-0.3548147189290556,0.9136742353439332,0.0375607957018979,0.012356650620968,0.1016703251793342,0.9989017248153688,-0.0375607957018979,-0.012356650620968,-0.101741870540409,0.999581813812256,0.1161867838166504,0.290233759714432,0.0295901971212562,0.7988559603691101,0.001196150807076,0.2985489333796622,-0.3459476197890064,0.9732584953308104,0.0391531844353782,0.5757426430289833,0.1841180664324218,0.8088469505310059,-0.0442623072748754,0.6456538181207528,-0.3671812567614856,0.9738057851791382,0.0111527168777556,0.6222350209381038,0.1896432880983155,0.8335000276565552,-0.0628700968977357,0.709730788982019,-0.3821133097756338,0.9431136250495912,0.0928731427489091,0.6621182447830639,0.0547516729754613,0.8555527329444885,0.0197184434351949,0.7373255061357376,-0.6011541024680318,0.9632965922355652,P4,P4/eric_DTL_1_frame27.jpg,1
0.2513821352943712,-0.3768038267215392,-0.2060975417952347,0.984475314617157,0.2604473770071176,-0.3918632642008521,-0.1519075628338421,0.9866288304328918,0.26221304474782,-0.3883986137757874,-0.1521093846801326,0.9866885542869568,0.2637946415424266,-0.3847934704439677,-0.1521105624649797,0.9875407814979552,0.2505549938217875,-0.4094460215874752,-0.1826916198273343,0.986146092414856,0.2448998318361926,-0.4190055964260252,-0.1828030186441175,0.9831555485725404,0.238246581320214,-0.4301274187366947,-0.1828406096104858,0.9855734705924988,0.2489191067542313,-0.3932640990639333,0.1880447641271506,0.98509681224823,0.2103735738099297,-0.457104692828303,-0.0896375591842583,0.987752079963684,0.2393008670132997,-0.3622853289969774,-0.1264553098004376,0.9871014952659608,0.226716067667619,-0.3821107009023644,-0.1494761802508425,0.9894333481788636,0.2200883919083192,-0.2854531514347539,0.2377725509617738,0.9986103177070618,0.0259372900716654,-0.4757770133684305,-0.0727162121167415,0.9997491240501404,0.1294543706584659,-0.2741504550225735,-0.1282358400642098,0.824678897857666,-0.0760693655762858,-0.3760997918079684,-0.4463526108321174,0.9572802186012268,0.0052446759239025,-0.4300823824875434,-0.546749879571571,0.8604113459587097,-0.0655738443792819,-0.4716474192697184,-0.9885311989448372,0.9427598118782043,-0.0360401041496679,-0.4751408412960467,-0.6633732938513233,0.8449035286903381,-0.0772212391566982,-0.5050427795028448,-1.1142503090883809,0.9337096214294434,-0.0355180089524696,-0.4985960058875522,-0.6420011539318067,0.8394583463668823,-0.0714742099530336,-0.5236205687877485,-1.1218279524543135,0.9320936799049376,-0.0206990639219253,-0.4825394052802355,-0.5507886159820822,0.8065446615219116,-0.0623896750027927,-0.5031464898141057,-1.002756596497462,0.918567955493927,0.059897314011462,0.0294792817016862,0.208688500203761,0.9989892244338988,-0.059897314011462,-0.0294792817016862,-0.2089739868379364,0.9996083378791808,0.136955962774275,0.3733304270376107,-0.0942011459672352,0.8049740195274353,0.042435251529165,0.3602180922504382,-0.6326826884769451,0.9745113253593444,0.0878783973027111,0.705825819558245,-0.2309730167635422,0.8019837737083435,-0.0394374525834728,0.7461338794836567,-0.7912120241246037,0.9739834070205688,0.0671199954584917,0.760348957397622,-0.2583521258067165,0.8251586556434631,-0.0605001155131795,0.8068633826170469,-0.8189482403376522,0.941726803779602,0.1125488395588951,0.8236496209371096,-0.491794775118291,0.8553234934806824,0.2098607326365296,0.8743052498487389,-1.1339934603944457,0.963950514793396,P4,P4/grant_DTL_1_frame208.jpg,2
0.2784510119513284,-0.4138029697635009,0.4369384583591458,0.9860265851020812,0.3125753748457313,-0.4341609185833255,0.5254869044863815,0.9879654049873352,0.3218879282928453,-0.4333597912361662,0.5252304401133215,0.988018810749054,0.3305960595053788,-0.4316009849422227,0.5251315871100232,0.9887861609458924,0.2815088020521636,-0.4375155031985306,0.5195778028329939,0.9875307679176332,0.2694448498259323,-0.4409461557590968,0.5193987605560254,0.9848387837409972,0.2578552036119532,-0.445363277688492,0.5193895758815081,0.987015664577484,0.3244460956503872,-0.4343251240783815,0.8569759969602112,0.9865866303443908,0.228280787170734,-0.4769201119224797,0.8278025268873432,0.9889761805534364,0.2726468864175841,-0.404236306988075,0.5467338826985854,0.9883896708488464,0.2100122340513569,-0.4165576067291467,0.5382459481699922,0.9904889464378356,0.2692931849441596,-0.309661536855119,0.7135245692506322,0.9987174272537231,0.0636654554524376,-0.417757560904384,0.8096667982917547,0.9997642636299132,0.107363840637104,-0.3333648267395127,0.1737036849053984,0.840264618396759,-0.0417322760767779,-0.3723706086353838,0.5180551486511586,0.9557964205741882,0.038181398481825,-0.4624287561983407,-0.3072698711612626,0.8718004822731018,-0.0367210941096936,-0.5264964827318003,0.2237422774036079,0.9451336860656738,-0.0046913080141838,-0.4813803311707636,-0.4440796311105218,0.855989396572113,-0.0617074712489299,-0.5787140951021492,0.1392024265371335,0.9339013695716858,-0.0020259861206069,-0.505184770227085,-0.3894684984485773,0.8499116897583008,-0.0552396941051922,-0.5882192617715923,0.1575591908013538,0.931488275527954,0.0134513090872926,-0.4863447654995997,-0.3039105175804428,0.816903829574585,-0.042111614909566,-0.5659692700012047,0.2119763266521798,0.9183263778686525,0.0651840471820826,0.0263985208462705,0.1892718701215421,0.999068558216095,-0.0651840471820826,-0.0263985208462705,-0.1893355299248871,0.999634861946106,0.1627553173763065,0.3351955207743897,-0.4595624901116385,0.8042958974838257,0.0236042602527392,0.3012435471555422,-0.7814587788133394,0.9761734008789062,0.0832117380998555,0.6705301069411503,-0.5744498155769009,0.7857568264007568,0.0082215200914728,0.6695980979821196,-0.8291330682938585,0.9754174947738647,0.0475012525676579,0.7112631964074602,-0.604674224368575,0.8310617804527283,-0.0130568979681171,0.7082653421954621,-0.8503981803506222,0.9454612135887146,0.1631559104879455,0.7430888001233162,-0.923217635862513,0.8546356558799744,0.1487001748156203,0.7363560804454258,-1.2078498160117443,0.9654616117477416,P4,P4/grant_DTL_1_frame220.jpg,2
0.2957288653012694,-0.4232811569517792,0.0475231108763498,0.9874202013015748,0.3271679200878417,-0.4396568035572387,0.2374127776800617,0.9891672134399414,0.3351408563417436,-0.43715060707822,0.2366096639094971,0.989214301109314,0.3421634633883147,-0.4341066269762965,0.2367680889237813,0.9899052381515504,0.2980420140807629,-0.446184311726824,0.2155298739228522,0.988775908946991,0.2857483654993306,-0.4489518625427571,0.2154694912971568,0.9863520860671996,0.2716279423195883,-0.4509860971545442,0.2156796570707246,0.9883120656013488,0.3310881799219635,-0.4319320241573604,0.3756937670171546,0.9879260063171388,0.2136722177667735,-0.4721177245347615,0.2916435817114179,0.9900767207145692,0.285739861681903,-0.4067861255847713,0.4902518667109386,0.9895445704460144,0.2305087823207274,-0.4212470879987732,0.4166870263424121,0.991436779499054,0.2533408694786987,-0.3147989519806221,0.353035317871528,0.9987930059432985,0.0762924950280216,-0.4141330373050585,0.3005742742080012,0.9997801780700684,0.1416669719925087,-0.35297661944344,-0.0398025385192654,0.8528450131416321,-0.0186742726318136,-0.4221938279325143,-0.099197637708439,0.9553930163383484,0.0323456500757039,-0.4905734380147672,-0.4754448431033085,0.8811012506484985,-0.0248017148451461,-0.5578168497373435,-0.5904595812270763,0.9443361163139344,-0.0137300206523844,-0.5331613563762769,-0.5985178869728163,0.8647109270095825,-0.0577043649623576,-0.6058553837523801,-0.7076391483016979,0.929791271686554,-0.0098475310203436,-0.5544959157632893,-0.5682842759164026,0.8585888743400574,-0.0497683706166314,-0.6126241739365751,-0.7141191124011198,0.926614224910736,0.0058438895997564,-0.532680669813243,-0.4775491513794827,0.8262946605682373,-0.0335452405289318,-0.5897074075316867,-0.613489078432474,0.9141119718551636,0.0624145963037468,0.0203760852896129,0.1976313813627287,0.999144971370697,-0.0624145963037468,-0.0203760852896129,-0.1977428145027864,0.9996632933616638,0.1729679777948668,0.3064510194660007,-0.2225085675875448,0.7836798429489136,0.0046354087919451,0.3037309022810436,-0.6055598208771775,0.9767587780952454,0.0748738484466425,0.6261634108927754,-0.157496275938042,0.7608487010002136,0.0259687257380994,0.6672667780878423,-0.5757013717402644,0.9764366745948792,0.0335510938058625,0.6813701936327293,-0.1708995070349946,0.8192263245582581,0.0045370626955909,0.6992275475955569,-0.5878860720633549,0.9472777843475342,0.1743895510147112,0.717636103542555,-0.4268051057620188,0.8422503471374512,0.14073000592685,0.7392079691334316,-0.921787358966042,0.9662572741508484,P4,P4/grant_DTL_1_frame226.jpg,2
0.2894786694392884,-0.4559780745386134,0.1266680103357262,0.988676130771637,0.3184162242874551,-0.4443991502808867,0.2046766032311474,0.9902491569519044,0.3255352150849224,-0.4479563985580352,0.2044339963117156,0.9902907609939576,0.3332426228906398,-0.447563809974755,0.2044907361317409,0.9909130334854126,0.2971369694171936,-0.4541703474351192,0.209655539565813,0.9898969531059264,0.2881884928023465,-0.4557454700506279,0.2094971037920985,0.9877146482467652,0.2776967369290878,-0.4629636904488251,0.2093662774695675,0.989479660987854,0.3254870937982939,-0.4301214878072288,0.4547485153766273,0.989131510257721,0.2256017720282159,-0.4727202813127541,0.4802874358468516,0.9910672903060912,0.2775157614297173,-0.4243778450355653,0.2410214381338041,0.9905816912651062,0.2474097033572685,-0.4441417726476208,0.2394189938082906,0.9922899603843688,0.2523550150799221,-0.3211458467232212,0.3309169890696102,0.9988465905189514,0.0706737551081308,-0.4107369400881602,0.4588979898071519,0.9997975826263428,0.1561764573841709,-0.3757596704975245,-0.1089504020720572,0.8666545748710632,-0.0342250045341214,-0.4261329018014171,0.1005066851432763,0.956061601638794,0.0323120463710296,-0.567030768469273,-0.4564581364401841,0.8919807076454163,-0.0199175814014211,-0.5893222419979611,-0.2818116276103385,0.9468585848808287,-0.0153684755797213,-0.6109204511137062,-0.5714407719840672,0.8763557076454163,-0.0569858798388116,-0.6429325889648825,-0.3822942452593201,0.9294918775558472,-0.0120273346296528,-0.6251117090220225,-0.5352673212081615,0.8703584671020508,-0.0480829485419466,-0.6436616154957356,-0.3671599361911252,0.9256491661071776,0.0054458991616301,-0.6009997929701388,-0.4543833033111956,0.8396772146224976,-0.0166770128442493,-0.6179482142556004,-0.2990533256665849,0.9134775400161744,0.0641517861503495,0.0198931096992803,0.1867166483853035,0.9992155432701112,-0.0641517861503495,-0.0198931096992803,-0.186084385102221,0.9996935725212096,0.1757502017791412,0.2914738667716127,-0.2665268984155469,0.7701608538627625,0.0014095755240947,0.3070033403917341,-0.7373012546473195,0.97605562210083,0.0864412591927483,0.591924874660244,-0.1799968916221457,0.7356845736503601,0.0200869376379611,0.6485194539000987,-0.744162977427208,0.9749225974082948,0.0422329785538146,0.6509552240827228,-0.185513725835278,0.8014116883277893,-0.0105096506341746,0.7008338694065065,-0.7601388061251229,0.943774402141571,0.1798736150800624,0.6975350949194947,-0.4536057444348874,0.8317987322807312,0.1100905148333854,0.7416070684515433,-1.1200746848827137,0.9649240970611572,P4,P4/grant_DTL_1_frame262.jpg,2
0.3201082046511417,-0.436441070897971,0.0461659579942122,0.9897964000701904,0.3421884249052206,-0.4407776820276164,0.1098903777882122,0.9912180304527284,0.3482984531678435,-0.4373771335788854,0.1096506161665291,0.9912533164024352,0.3543651786079105,-0.4332197295148939,0.1096821286853153,0.991814136505127,0.3214928956770221,-0.4565446283352561,0.0978359684383522,0.9909008741378784,0.3120926301303072,-0.4614759870777737,0.0976895715882501,0.9889341592788696,0.3014066038523201,-0.4677294143027832,0.0976257276831999,0.99052494764328,0.3416023933732989,-0.4232244942895502,0.3956487849962862,0.9902083277702332,0.2392401835281922,-0.4695374736938053,0.3037491200032712,0.991950511932373,0.3070643952014308,-0.4052874103745951,0.1466021915314911,0.9914899468421936,0.2738897697428002,-0.4293583391045787,0.1248202611050946,0.9930412769317628,0.2670750158013014,-0.3180684751594462,0.3389102902048685,0.9988442063331604,0.074011102445898,-0.4055752631117127,0.3306097220435337,0.9998086094856262,0.1732087087087635,-0.3469694451304548,-0.0663891672370273,0.8708446621894836,-0.0022717049327844,-0.3862149042456513,0.0549288878796536,0.9523327946662904,0.0511382184732913,-0.5358549414496393,-0.48959803364895,0.8965475559234619,-0.0032792727873551,-0.5609479278248181,-0.3090453605422605,0.9437264204025269,0.0077671106973109,-0.5974700557745488,-0.6026100175372631,0.8809821009635925,-0.0333685166224461,-0.6393916293236935,-0.3901570155585256,0.9231484532356262,0.01071136953247,-0.635211713343617,-0.5768412850644572,0.8748082518577576,-0.0256538412019351,-0.6408372218833479,-0.4028051038298036,0.9188904762268066,0.0262085614621627,-0.59848162081274,-0.4937598235116363,0.8439594507217407,-0.0050775612850825,-0.6308545611314771,-0.3277831025429845,0.9067556262016296,0.0548933504190273,0.0182920837852539,0.2166910575497391,0.9992740750312804,-0.0548933504190273,-0.0182920837852539,-0.2167144993661803,0.999719500541687,0.189976560898273,0.283082070708369,-0.1072434858199343,0.7519642114639282,0.0276526550779593,0.3081779439383849,-0.7088790857563686,0.9770130515098572,0.0900290940914829,0.5956829260810954,-0.1097473466222351,0.7227494716644287,0.0273541431845202,0.6798147586630903,-0.7956542780731989,0.9765374064445496,0.038115338721149,0.6606515941889751,-0.1125275266214151,0.79662024974823,-0.0033128047166163,0.7321120215952388,-0.8182133276151543,0.946761429309845,0.1923338999384835,0.7070479037684305,-0.3540823501085381,0.8264894485473633,0.1434092606861614,0.768483616720149,-1.1709693899918232,0.9667700529098512,P4,P4/grant_DTL_1_frame282.jpg,2
0.3444233373152095,-0.4106129073282029,-0.0350074245786925,0.9908133149147034,0.3574534550647645,-0.4293800146604579,0.0354099910468362,0.9920945763587952,0.3614027072164217,-0.4267762042655509,0.0350948819255852,0.9921257495880128,0.3653484943274159,-0.4238623845068202,0.0350987905752845,0.9926306009292604,0.3389552795981522,-0.4423695020138529,-0.0343773600275102,0.991809070110321,0.3285573632218388,-0.448775747434265,-0.0345120634832802,0.9900386929512024,0.3167271555211924,-0.4554138711403279,-0.0344841300859202,0.9914705157279968,0.3464409969605611,-0.4220391024651064,0.3454616479273962,0.9911848902702332,0.2455644976722855,-0.4626368601776358,0.0523371792520171,0.992753267288208,0.3271102057553069,-0.3861670454514857,0.1059828444843596,0.992332935333252,0.3012250106974256,-0.4003894166278394,-0.0013021546183807,0.9937319159507751,0.2630763660805308,-0.3175224661849555,0.3658949368287296,0.9988948106765748,0.0834199318112549,-0.4035464039982516,0.0263624834512877,0.9998207092285156,0.1749451805544215,-0.3126818043788926,0.0968746148455816,0.8624933958053589,0.0421422995880142,-0.3897813623016473,-0.3554933318607428,0.947987735271454,0.0585546323510696,-0.5092864790711673,-0.308685382964018,0.8926622271537781,0.0081571807663498,-0.5282246029264619,-0.6854595414946875,0.9380558133125304,0.0173506042980391,-0.5661934845870309,-0.4080247734479079,0.8768084049224854,-0.023528492361216,-0.6006661961064924,-0.7740776770094386,0.9159916043281556,0.0208794128866809,-0.5963356218186591,-0.3855914574871769,0.8707370162010193,-0.0146800080387425,-0.6051240547509344,-0.8017092525614186,0.9114962220191956,0.0370637795067694,-0.5654204172488134,-0.3145274415216573,0.8390823006629944,0.0034643979537387,-0.5815988597671234,-0.706063008602771,0.8993618488311768,0.0487348747756859,0.0175973766697651,0.2500569228917276,0.99933260679245,-0.0487348747756859,-0.0175973766697651,-0.2499326564737608,0.999742031097412,0.188231375986515,0.2819124668434043,-0.0632185421534795,0.7460395693778992,0.0363892143325576,0.2953933752056513,-0.7274606406756888,0.977923572063446,0.0925803256811415,0.6074248696949724,-0.1013504064726479,0.7202660441398621,0.0270201355943606,0.6766191608963449,-0.8671659944180863,0.9780446887016296,0.0381478901322342,0.680325636650589,-0.1170199141576263,0.7959283590316772,-0.0059000421009901,0.7408483841543061,-0.8934582758661049,0.949546754360199,0.199235339152319,0.7253661353704747,-0.3708476256349339,0.8272486329078674,0.1504710394748749,0.7711117139775067,-1.22878859199722,0.9686309695243835,P4,P4/grant_DTL_1_frame284.jpg,2
0.3758520179575322,-0.3575073750984906,-0.3148815576836756,0.9913203716278076,0.3914896558075159,-0.3753534795663452,-0.2732033640470034,0.9922701716423036,0.393050239635741,-0.3769517418739846,-0.273611597678353,0.992257833480835,0.3937009282695985,-0.3790934026772911,-0.273777777142082,0.9927136301994324,0.3769576541885736,-0.3801576861091171,-0.3807422369865558,0.9921247363090516,0.369400446833416,-0.3837078807067,-0.3810645750418292,0.990447461605072,0.3563033004996886,-0.3898607630338986,-0.3814238567125567,0.9916362762451172,0.3442487257080536,-0.4001090422113406,0.0351866726354464,0.9912723302841188,0.3021817723349773,-0.4132592323618322,-0.4439667922496309,0.9927611947059632,0.3448638736485629,-0.350289140446433,-0.1778192579194789,0.9926019310951232,0.3245094780670722,-0.3571424817393396,-0.3254756571602102,0.9940169453620912,0.242978459467979,-0.3620574523226594,0.2253424091825686,0.9986817836761476,0.0838083954146873,-0.3681550862412132,-0.4988742574197854,0.9997888803482056,0.3203180812612998,-0.2882542631291213,-0.1120829877447713,0.8314844369888306,0.0011619869356264,-0.2423195203160227,-1.1084140836167289,0.9319326877593994,0.2332285516671877,-0.4534132680406705,-0.7832014409484584,0.8728973865509033,-0.0650171222823751,-0.3376450043412669,-1.858806454168635,0.9229390025138856,0.1504465273845611,-0.4777612484110083,-0.920075598837388,0.8557516932487488,-0.1075696203157057,-0.3514128810532213,-2.02379971385425,0.907369077205658,0.1347245805965971,-0.501275492215582,-0.9090110194117834,0.8495965600013733,-0.0928741448685242,-0.3653512462039441,-2.0457696076435377,0.903369963169098,0.1406686947532819,-0.4849065979193761,-0.8040571473624407,0.8204526901245117,-0.0771797220761608,-0.3604700793627939,-1.9761364373951116,0.8882225155830383,0.0593721645633099,0.0075542010935021,0.3630537274352587,0.9989304542541504,-0.0593721645633099,-0.0075542010935021,-0.362229744518421,0.9996204972267152,0.2707303965078182,0.2708014444916075,0.4196539851406613,0.755249559879303,-0.0105435942807239,0.288567649205243,-0.7531546573725165,0.9794636964797974,0.1946158597419799,0.544314737413829,0.7655638374278595,0.7350302934646606,-0.0323787407420352,0.5989268874807013,-0.8402397777828673,0.979426920413971,0.1431866059042153,0.58361405950113,0.7810060014644277,0.8006792664527893,-0.0751058023688226,0.6403173651754982,-0.874140321577773,0.9502143263816832,0.3731451799630106,0.6238927548299456,0.5476966147616169,0.8346928358078003,0.1311393797521824,0.700100819736174,-1.360927169148065,0.9702230095863342,P4,P4/random_1_frame27.jpg,3
0.3843602350174353,-0.3150288871544084,-0.2382430498025386,0.9870954751968384,0.3885667047589572,-0.3406245417305862,-0.1711079433405003,0.9876183867454528,0.3869223235587797,-0.343945615050093,-0.1715460394982821,0.9880977869033812,0.3851588682541584,-0.3472764717554784,-0.1718493566427097,0.9883503317832948,0.3852142216216296,-0.3393387988601171,-0.2503804180883447,0.9875267744064332,0.3794142185407467,-0.3417000061690458,-0.250674804674939,0.9857850074768066,0.3734016842745269,-0.3466430618842185,-0.2511876761520924,0.9856173396110536,0.3802570057426852,-0.3802014270998813,-0.0801551598203191,0.9889647364616394,0.3302008268097726,-0.3709552263432545,-0.4010578357726275,0.9877647757530212,0.3704745209653962,-0.3440674568229103,-0.0904796731392549,0.9912577867507936,0.3525951258146951,-0.3467417968443357,-0.1957633469511429,0.9925214648246764,0.2607511450326809,-0.3645722107012628,0.0160485302255337,0.9984829425811768,0.0999458793949367,-0.3494989738238254,-0.4578967009699877,0.99972802400589,0.2331630266850652,-0.3185118368915779,-0.053771809929377,0.7817626595497131,0.0534805892657623,-0.220176965765384,-1.0726114229171355,0.9141755700111388,0.1632290673069819,-0.4053051447137545,-0.0393783614823255,0.8479678630828857,0.0350381345119943,-0.2980553562988107,-1.7740133801869344,0.9135097861289978,0.1286785251615894,-0.4223844906113553,-0.0952610455299073,0.8354642391204834,0.0032862843716949,-0.3266273485710355,-1.9335636691282223,0.9020929336547852,0.1305737987180489,-0.4440592602035338,-0.111336564544857,0.8300926089286804,-0.0328501961161264,-0.3492744064992826,-1.946907177636568,0.8989564776420593,0.1391101890834294,-0.4335838928671439,-0.0521259081207035,0.8026166558265686,0.0227166036416803,-0.3277929231425876,-1.818441022749363,0.8830645084381104,0.0624218315862515,0.0036555106420417,0.2563865159164864,0.9982722401618958,-0.0624218315862515,-0.0036555106420417,-0.2553780708895144,0.9993745684623718,0.2276137872317027,0.2254495027457716,0.3276532846184846,0.7591879963874817,-0.0473688694887599,0.2723720374360099,-0.3798952779226994,0.9795827269554138,0.1541190615800864,0.49057913132761,0.4859400364006727,0.7480466365814209,-0.1054337795934154,0.567233761889259,-0.4678260652642175,0.9789195656776428,0.0852698994756759,0.5387141622229894,0.4875560007267357,0.8059221506118774,-0.1613913355069401,0.6120376786217299,-0.4843099440930284,0.9483748078346252,0.2914387945011573,0.5639507922831742,0.3633062598778837,0.8369226455688477,0.0509604663006867,0.6616991751716971,-0.7546219673399716,0.9679195284843444,P4,P4/random_1_frame28.jpg,3
0.3900809597995535,-0.3166548001399076,-0.0727110584312166,0.9879480004310608,0.4114696034971526,-0.3455221284416588,-0.1268111899394534,0.98823744058609,0.3970527995883438,-0.3449947271003925,-0.127665923153384,0.9887999296188354,0.3973686048916719,-0.345994280066614,-0.1277797946344197,0.988936722278595,0.3976866149958856,-0.3431148101099446,-0.1368316451999169,0.988189935684204,0.381153721013524,-0.3440720827768294,-0.1371860020952016,0.9865594506263732,0.3752256599028383,-0.346540162827069,-0.1377706958359526,0.9862247109413148,0.3689810153238059,-0.3691644677269097,0.0805830892404329,0.9895211458206176,0.3371558817868596,-0.3724531876362081,-0.157878398854298,0.9880590438842772,0.3533985202173327,-0.325044326898176,-0.0031392524448463,0.9914756417274476,0.3416694982823108,-0.3312350187025946,-0.113621819758993,0.992772340774536,0.2873437232363753,-0.342918064054442,0.0853119332105753,0.9985067844390868,0.1251332797242684,-0.3425472684231422,-0.1810018641899432,0.9997393488883972,0.0982891804705328,-0.331422167389536,-0.0680303877392487,0.7685606479644775,0.0081661285508833,-0.2351337140285681,-0.6899631262843268,0.9051775336265564,-0.0008418448558121,-0.4097613367403617,-0.381645326763941,0.8448287844657898,0.0474102873738993,-0.3006104640949739,-1.2887400975396075,0.902198076248169,-0.0631393368921839,-0.4288421375344406,-0.4974771675989243,0.8336063623428345,0.0493975911368956,-0.3105014602563755,-1.436847856422027,0.8907055258750916,-0.0620552881743737,-0.4368851214711515,-0.5208977298539119,0.8288722634315491,0.0571263261003153,-0.3363493785923028,-1.424497988496438,0.887844979763031,-0.013360963672918,-0.4302784356172771,-0.4027567815972534,0.8017230033874512,0.0566227236391971,-0.3305362913630956,-1.3029368104423598,0.8690645694732666,0.0570605711562548,0.0052922354435129,0.2349764922712952,0.998279631137848,-0.0570605711562548,-0.0052922354435129,-0.2340076281879895,0.9994105696678162,0.2377088566159318,0.228850355739867,0.1761830935248541,0.7771779298782349,-0.0531412781936582,0.2692542398287392,-0.7837045806927655,0.981489598751068,0.1400304708378112,0.4960356493257556,0.3274495701231744,0.7690173387527466,-0.1077246907077913,0.5632567859752262,-1.082860913756563,0.9808272123336792,0.0840495387975951,0.5389168217509192,0.3263715197607149,0.8177207708358765,-0.1721367164876789,0.6071534637494899,-1.1314887699960243,0.9517106413841248,0.2988929890521312,0.556290004259056,0.1116358129376941,0.8496904373168945,0.0423673889717203,0.6510270559615391,-1.5521979806870363,0.9706634283065796,P4,P4/random_1_frame29.jpg,3
0.4352591888863251,-0.2990927205365987,-0.0479462777597919,0.9887930154800416,0.4597356936695929,-0.323974017857602,-0.0889357927544503,0.9888928532600404,0.4593453315788151,-0.3252147279530774,-0.0898482564330714,0.9895134568214417,0.456127341907256,-0.3278633933241529,-0.09013231731469,0.9894919395446776,0.4508864995814008,-0.3238649878139218,-0.1268915375334227,0.9889345169067384,0.4459697872949024,-0.3249680536461087,-0.1272422313122111,0.9874445796012878,0.4408552422142151,-0.3280981039272335,-0.1277992373144905,0.98697030544281,0.4183925864730391,-0.3504722652607845,0.0535144954338549,0.9899766445159912,0.401919922927982,-0.3528044474960193,-0.2841181408920504,0.9886338710784912,0.3971660156840829,-0.302366150258649,0.0056295528550621,0.991747796535492,0.390358791508977,-0.3054434739066592,-0.0993480077544607,0.9932044148445128,0.2869578555138731,-0.3172247621446337,0.0780892536770171,0.9984449744224548,0.1939737288277468,-0.322075489054018,-0.3710491575937622,0.9997514486312866,0.0474174928399442,-0.3365401004031971,-0.0124211315195342,0.7680183053016663,0.0652002436293116,-0.2576331830671558,-0.6915611632216364,0.903176248073578,-0.0483590486696434,-0.3926618970102778,-0.198990883808614,0.8437538146972656,0.1000429894886285,-0.2817516400938586,-1.0914628894728664,0.897591769695282,-0.1005540369840907,-0.4174509381404748,-0.302983206037531,0.832868218421936,0.0997474736688801,-0.2782237658241702,-1.2221064125924306,0.8870882987976074,-0.0755540893214355,-0.4215247026514847,-0.3395860347456456,0.8290006518363953,0.1197576934501741,-0.2962309902328791,-1.2156064212666542,0.8843965530395508,-0.0581273512256006,-0.4162420490305983,-0.2252600632834878,0.8025460839271545,0.1147965797884213,-0.2968120932315204,-1.096832742461266,0.8637829422950745,0.0568710389802094,0.0045404106312178,0.269753802648654,0.9981797933578492,-0.0568710389802094,-0.0045404106312178,-0.2688383326269167,0.999439299106598,0.227925240415986,0.2196476831999053,0.3998597299504685,0.7892190217971802,-0.0476399930648299,0.258748150934654,-0.7406010021442249,0.9831991195678712,0.1267583102819434,0.463598089133819,0.6961739110933728,0.7871180176734924,-0.1097822461449401,0.5306378755730609,-0.9522618029645236,0.9825605750083924,0.0751407248515329,0.5045980723693795,0.7083412446217532,0.8276938796043396,-0.1578770757975318,0.5680385106584888,-0.9926570641365504,0.9551720023155212,0.2762990587097592,0.520470083976968,0.5354451878044187,0.8603621125221252,0.0263359665434855,0.6036888681988207,-1.3879841536964708,0.9731714129447936,P4,P4/random_1_frame31.jpg,3
0.4380586484504871,-0.2997065377036551,-0.0573332700393853,0.989734411239624,0.4627566719816081,-0.3229927900680898,-0.0740636077130071,0.9897112846374512,0.464586095232457,-0.326281566679526,-0.0750024451923091,0.9903311729431152,0.4647451592680894,-0.3309435006353729,-0.0753973104503021,0.9902321696281432,0.4503744647849622,-0.3217035243665911,-0.103755932118204,0.9897978901863098,0.4448949142826067,-0.3243990805632273,-0.1042730770750851,0.9884426593780518,0.4388831158364317,-0.3288640217451096,-0.1047750723347588,0.9879414439201356,0.4282887286111506,-0.3466439430530298,0.1293186639319114,0.990622580051422,0.3997404087562745,-0.3546262297620771,-0.1445037908782185,0.9893400073051452,0.4065251064515485,-0.298699028344052,0.0104551964627966,0.9922428727149964,0.3957365290684358,-0.3039354986071461,-0.0946661293638775,0.9936811923980712,0.327248687226636,-0.301962332288858,0.1090448268730732,0.9984291195869446,0.1662449921087573,-0.3276915317158156,-0.2322764966109546,0.9997668862342834,0.0808259856848004,-0.3218441534161049,-0.0225001671956825,0.7806944251060486,0.0031801285260169,-0.2751709413475261,-0.5580990881884472,0.9002822637557983,-0.0633782055288096,-0.4067289189247698,-0.3226733541092962,0.8524813652038574,-0.0263420070145087,-0.2886684029239961,-1.1355561574087207,0.8991621136665344,-0.1294003056968721,-0.4249780604536984,-0.4258996540587381,0.8410605192184448,-0.0473228273480088,-0.3292167776957056,-1.2811883126822294,0.88887619972229,-0.118907435455961,-0.4302567567998617,-0.4496865159448697,0.8375840783119202,-0.0445785056306599,-0.3544152861878064,-1.2752044158366669,0.8865370154380798,-0.0925536263135147,-0.4238291123999209,-0.3395607978797798,0.8115796446800232,-0.041217483803353,-0.3070299605000336,-1.1506434496968547,0.8653395175933838,0.0648815911028629,0.0088425030207761,0.2748135766504004,0.9981937408447266,-0.0648815911028629,-0.0088425030207761,-0.2743866759329991,0.9994821548461914,0.2376377144321426,0.2209483533418975,0.2958732127775938,0.7999241352081299,-0.0359600873397998,0.2586084142073849,-0.9215658279998282,0.984724760055542,0.1329124196739223,0.4732600364629279,0.5661640209332361,0.8023145794868469,-0.1188865092555019,0.5413201368024867,-1.132291171894235,0.984117329120636,0.074418084158507,0.5075124897929436,0.5753090196552915,0.836029589176178,-0.1646720393742492,0.580531725959155,-1.1759824626777522,0.9581065773963928,0.2908199090488753,0.5424499025058434,0.3523400112217425,0.8696847558021545,0.0193252527034295,0.6198245287033194,-1.6322304323728196,0.975469410419464,P4,P4/random_1_frame32.jpg,3
0.4477645455837423,-0.2899112886751588,-0.0834967574718474,0.9905341267585754,0.4693232590580427,-0.3134932899031335,-0.0704329807378271,0.9904650449752808,0.4706034095933926,-0.315529108167387,-0.0710321744653048,0.9910563230514526,0.4697558914233052,-0.3186568195353214,-0.0711320962939849,0.9908996820449828,0.457708614888404,-0.3119561739690148,-0.1322200440738135,0.9905717968940736,0.4521412310970686,-0.3151173400015579,-0.1326937303487369,0.989342987537384,0.446119271558308,-0.3197950575417665,-0.1330305552694748,0.988856077194214,0.431242257997955,-0.3341984297931431,0.164047810740789,0.9912192821502686,0.4062771641931731,-0.3442603698336842,-0.1921906630125772,0.9900767207145692,0.4154244369160251,-0.2871653681750171,-0.0092211939294382,0.9924944043159484,0.4063835236466065,-0.2928135108072627,-0.1164711033284469,0.9940373301506042,0.3268127430121069,-0.2856966004804216,0.2377427261985089,0.9981744289398192,0.1837140723786954,-0.3302273970768465,-0.2647505930006888,0.9997767806053162,0.0813519117746352,-0.2929261654932838,0.1591798722558899,0.7756710648536682,0.0329747880217454,-0.2700940763529897,-0.6705342409362874,0.9021548628807068,-0.0378384247643764,-0.3771951681398491,-0.08245985022709,0.8477252125740051,-0.0343240662063675,-0.2987255735714215,-1.2321742680263652,0.904004156589508,-0.1075662794977894,-0.4039520050482715,-0.1549872923184546,0.8362564444541931,-0.0703904729292114,-0.3506773702059696,-1.3961877397722535,0.8945196270942688,-0.0847250772588923,-0.4114143138030889,-0.1922953437373206,0.8333551287651062,-0.0523441994658455,-0.3668196655618463,-1.4006634702782923,0.8925262093544006,-0.0683167633602398,-0.4031033477408587,-0.1061441639732632,0.806368350982666,-0.0448073071935133,-0.3403667385009178,-1.2570672964066676,0.8712615966796875,0.0616490328671773,0.0091696357871872,0.2908832126320976,0.9979950189590454,-0.0616490328671773,-0.0091696357871872,-0.2904266583830019,0.9994927048683168,0.2189562233147282,0.2075956067686506,0.2692842396465342,0.812012791633606,-0.0248568757588701,0.2405676368789768,-0.8548271749400673,0.9861209392547609,0.1231051318441918,0.4510869295251255,0.475140443673916,0.8156958222389221,-0.1117984744345799,0.5177341372485215,-1.022732719199224,0.9855444431304932,0.0700525088711481,0.4855222115072084,0.4768108686524029,0.8437585234642029,-0.1623165168586391,0.5553540874648081,-1.0608783513138784,0.9610882997512816,0.2826929951263583,0.5241213401865585,0.2766820672332751,0.8783395886421204,0.0343771260238921,0.5968196453824066,-1.4630836391601605,0.97758150100708,P4,P4/random_1_frame33.jpg,3
0.2244734717882115,-0.3976051043274723,-0.0594329226664495,0.9913061857223512,0.2400099691232206,-0.4105719391426998,-0.0219962682589191,0.9913166165351868,0.2419356907614741,-0.4047538568121475,-0.0221828904163203,0.9918386936187744,0.243994414337739,-0.3989079538927267,-0.0221850435631379,0.9916988611221312,0.233397373074896,-0.4296939572249442,-0.034890422294145,0.9914087057113647,0.2307628771945058,-0.4365339987892809,-0.0351800065596364,0.9902824759483336,0.2281332621191803,-0.4429786951433819,-0.03534578615416,0.989894151687622,0.2364686196618204,-0.4000619389035096,0.1493129784368161,0.991799533367157,0.2163603535695146,-0.4514725975038717,0.0875244877310766,0.990959882736206,0.215578041864404,-0.3768227990557398,0.0026677864027471,0.9928064346313475,0.2065360250951551,-0.4021431141830719,-0.0160014995139838,0.994482398033142,0.1921150357576693,-0.3160562879204725,0.1721160996988115,0.9981698393821716,0.0996525765326337,-0.4288407924996452,0.0997468675854762,0.9997932314872742,0.079419280483922,-0.3912719343690983,0.0821632284178868,0.7781563997268677,-0.0065072926790549,-0.4165606869570124,0.052776323109964,0.905318319797516,0.0145923462686301,-0.5682632668801004,-0.0602258704592634,0.8489221930503845,-0.0045134838101497,-0.5448129508665339,-0.0687106772361484,0.9085421562194824,-0.0024745274943966,-0.6047062859757372,-0.103484943996013,0.8364741206169128,-0.0096334483229565,-0.5919250844464681,-0.1096353888147795,0.8988583087921143,0.0001782714049859,-0.6130178902670628,-0.1111743879984114,0.8332525491714478,-0.0035368347167154,-0.5989838674244518,-0.1283747009382367,0.8975315093994141,0.0053763287988269,-0.598183496740602,-0.0673702200510366,0.8037899136543274,-0.0018698770936389,-0.5844146643065031,-0.0804731327283007,0.877700686454773,0.0377430621979789,0.0173959213711345,0.1435555401091919,0.9980605840682985,-0.0377430621979789,-0.0173959213711345,-0.1436393984412087,0.9995124340057372,0.1039230369239399,0.3276735801353272,0.0026840497155083,0.8156320452690125,-0.0028635276580484,0.331903448497846,-0.3821697210040523,0.9870908856391908,0.0298797598518405,0.676491214544428,0.0262805652241664,0.8211135268211365,-0.0007453396067459,0.7221693675963711,-0.4079293492605774,0.9865096211433412,0.0083925036352719,0.7360074261156367,0.0215631705299255,0.8425198793411255,-0.0185414056464299,0.7875827305401794,-0.4181761114132815,0.96257221698761,0.1028861912347084,0.792315484517858,-0.1173804231531954,0.8812515735626221,0.062930782121055,0.8212331156713315,-0.6052054296403476,0.9788416624069214,P4,P4/rob_DTL_1_frame867.jpg,4
0.2275123116020352,-0.3748248795748832,-0.0615034277830019,0.9919182658195496,0.2394018885241739,-0.4020457913542883,-0.0293592151733989,0.9920004606246948,0.2403941419923509,-0.4006355171535108,-0.0295375056650198,0.9924840927124025,0.2415346028111771,-0.3985699125779308,-0.0295144089077864,0.9923402667045592,0.2345016667641621,-0.4135973940670904,-0.0468276456519912,0.9920713305473328,0.232167865908111,-0.4202822490205182,-0.0470442159677109,0.9910122752189636,0.2296935389334409,-0.4271054470055669,-0.0471741146975404,0.9906882643699646,0.2332399233343298,-0.403031738126693,0.119221503993896,0.9922610521316528,0.2152418264262638,-0.4433518995904105,0.0328031107145457,0.9915820956230164,0.2149747621168286,-0.365458870367483,-0.0044154204214062,0.9927266240119934,0.2095800307242084,-0.3766547916097414,-0.0293921964634293,0.9947001934051514,0.1865220232849726,-0.3199580817471079,0.1314979623382595,0.998098075389862,0.0972863208604694,-0.4280077087763774,0.0486787063421437,0.9997940063476562,0.0707230842530127,-0.3980442737418309,0.0486104798200107,0.7827401757240295,0.0026425459561353,-0.4274735801575071,-0.0516419942699687,0.9038873314857484,0.0128245445703838,-0.5722507351472749,-0.085482450316775,0.8549264073371887,-0.0012638052342193,-0.5566237941394498,-0.211942737269216,0.9088870286941528,-0.0040487774032127,-0.6121786686469991,-0.1274325591104547,0.8429467678070068,-0.0093054083294341,-0.6031874227076074,-0.2619283344931389,0.8989430069923401,-0.0011780180007011,-0.6211235846289864,-0.1420994876108619,0.8399717211723328,-0.0045046383104472,-0.6097310238467503,-0.2767219831082789,0.8983681201934814,0.0045240435282082,-0.601657725562526,-0.0943603677630658,0.8097322583198547,-0.0018433744046799,-0.5931983442999326,-0.2243406096140807,0.8792228698730469,0.0361570549858631,0.0157405423868006,0.1423547066519555,0.998100996017456,-0.0361570549858631,-0.0157405423868006,-0.1424490038820127,0.9995257258415222,0.1012274397326459,0.3242466348722795,0.0140996530912768,0.8210079669952393,-0.0047563401558216,0.3286060170422786,-0.3667944344798809,0.9880368709564208,0.0275530239958765,0.6638321241237078,0.0409111994210813,0.8296331763267517,-0.0025421239542224,0.7150806573898046,-0.38126567348743,0.9875444173812866,0.006587950147234,0.7207715609185015,0.0355092971940854,0.8476403951644897,-0.0202502745669102,0.7784556729448718,-0.3923161768790922,0.9647387862205504,0.1004160590650158,0.7625283553371218,-0.0878242659320368,0.8871833682060242,0.061122676186075,0.798665398692169,-0.5699688836762713,0.9803206324577332,P4,P4/rob_DTL_1_frame871.jpg,4
0.221868288257495,-0.3836770814954862,-0.0595402834825986,0.9925201535224916,0.2337716398558063,-0.4154834643666136,-0.0289098156478866,0.992661714553833,0.2349941147049921,-0.4135295624554324,-0.0290873252505485,0.9930926561355592,0.2363709281178798,-0.4110139653935186,-0.0290667594343912,0.9929586052894592,0.2302209616968551,-0.4249018435628953,-0.0378081047724598,0.9927194714546204,0.2288377478920868,-0.4295413175001093,-0.0380080765099177,0.9917163252830504,0.2271350816166221,-0.4341792521025673,-0.0381504219342454,0.9914815425872804,0.2310213347523993,-0.4090979797279083,0.1164689944066821,0.9926751852035522,0.2136289584667538,-0.4454539879970657,0.0879194084097246,0.9922043085098268,0.2103296779787565,-0.3700164577466786,-0.0039572274180701,0.992774248123169,0.2066654131183301,-0.3810243216050435,-0.015504606271662,0.9949864745140076,0.1844348266766985,-0.3224425069337602,0.1171417545855065,0.9980276823043824,0.0949070362453191,-0.4272028249527637,0.1287170658455348,0.999803066253662,0.0685665880401846,-0.4444892301930957,0.0015037137459801,0.7933688163757324,-0.0008452568163267,-0.4337889092154722,0.0647771357679996,0.8997157216072083,0.010403067334462,-0.5954311302293316,-0.0968660321392787,0.8622633814811707,-0.0006094955457899,-0.5734661195419336,-0.1281479272010803,0.9089210033416748,-0.0060468309923671,-0.6322286035030098,-0.1381549196519214,0.8495523929595947,-0.009575715411877,-0.6152591391871933,-0.1778506665824351,0.8979933261871338,-0.0031788072889291,-0.6404581301618832,-0.147317435081016,0.8464604616165161,-0.0057269734335769,-0.625148635836455,-0.1951206860093766,0.8980370163917542,0.0025680964788581,-0.6221031025303551,-0.1026342637951996,0.815451979637146,-0.0029134745875518,-0.6074724548323591,-0.1467146842519863,0.8799415230751038,0.0346708417993407,0.0155942712553035,0.1256324212839876,0.9981927871704102,-0.0346708417993407,-0.0155942712553035,-0.1258707852455265,0.9995562434196472,0.0979070376496865,0.3272538192403243,0.0018020684059212,0.8216056823730469,-0.0075955637922237,0.3312105577044064,-0.3691042398684622,0.9888103008270264,0.024926933810957,0.6647780799732314,0.0369232176815656,0.8350334167480469,-0.0049255471489891,0.7183623228324646,-0.3960153356712002,0.988377571105957,0.0041138316268212,0.7216096710268488,0.0323559988012658,0.8504031896591187,-0.0225166596534067,0.7800541608343659,-0.4107937189969707,0.9663633108139038,0.0980238650559113,0.7583053051537694,-0.0882706400413723,0.8911508321762085,0.0605730657047042,0.7978192181662208,-0.5986888081701053,0.9815271496772766,P4,P4/rob_DTL_1_frame879.jpg,4
0.2232330041652003,-0.3739623548173354,-0.0269979512441805,0.993200957775116,0.2342738450196945,-0.4045117232726923,0.009560623170692,0.9933604598045348,0.2352521360582448,-0.4035131155071411,0.0094005368853902,0.9937456250190736,0.236271385618429,-0.4027730990428581,0.0094213716889297,0.993625819683075,0.2305788012465757,-0.4170744495133745,-0.0064713543579928,0.9934101700782776,0.2290566720596638,-0.4235534537539809,-0.0066712480953644,0.9924947023391724,0.2272822903903078,-0.4298871527630765,-0.0067780118608567,0.9922962784767152,0.2303614935345735,-0.4094116302238761,0.1767890678246386,0.9933297634124756,0.2142329379044986,-0.441864838533039,0.1022446092426904,0.9929275512695312,0.2109313072330265,-0.3641204446566219,0.0349786638214721,0.9932913184165956,0.2075898557766324,-0.3766506641341026,0.0120013979299635,0.9953988194465636,0.1829392458387345,-0.321835809617878,0.1832157768099446,0.9980889558792114,0.0937384934071995,-0.4287968759252969,0.1258874180960691,0.999813199043274,0.0633035487583121,-0.4229692259523413,0.0880989560095458,0.7985959053039551,-0.001206529149679,-0.4353560906041032,0.0240017978007131,0.8967921137809753,0.0090873875533518,-0.5976109985835214,-0.0549046544495688,0.868793249130249,-0.0009503758556509,-0.5738907322084515,-0.1859678603327678,0.9091477394104004,-0.0074462023462141,-0.6323047355463504,-0.0989697763341325,0.8565759658813477,-0.0104624236367768,-0.6175368317569839,-0.2400878421521055,0.8979595303535461,-0.0041534297677144,-0.6405926598922144,-0.11462688231415,0.8536345362663269,-0.0065986697626421,-0.6268718802124774,-0.252594230108814,0.898476779460907,0.0019723884907072,-0.6229880534120658,-0.0638400982808622,0.8221124410629272,-0.0032177225889581,-0.609378040527938,-0.1986767654242218,0.8807596564292908,0.0339172722903062,0.0160670365807159,0.1374716602892945,0.9982926845550536,-0.0339172722903062,-0.0160670365807159,-0.1377526101486273,0.9995806813240052,0.0968278549149657,0.3303040652326025,-0.0051734808862686,0.823066771030426,-0.0077832974806141,0.3372696144514279,-0.3811029123225471,0.9894719123840332,0.0221681903325585,0.6719056122151754,0.0070572195608492,0.8388697504997253,-0.0052042921551121,0.7260009295279339,-0.4237499165040803,0.9891045093536376,0.0020296816608499,0.7265925526182019,-3.2744530537168694e-06,0.8529146909713745,-0.0235463958253956,0.7862644051581843,-0.438226437794799,0.9679213166236876,0.0969239124002262,0.7612068918119111,-0.1335481752377769,0.8938453793525696,0.0636039112502943,0.8002692939483026,-0.6273559871834563,0.9824750423431396,P4,P4/rob_DTL_1_frame891.jpg,4
0.223126095413188,-0.3612794390989558,-0.0121581695457357,0.9937931895256042,0.2340242351774645,-0.3899105989332644,0.0255401200982462,0.9939712882041932,0.2349268201329704,-0.3893007398358719,0.0253881409290859,0.9943165183067322,0.2358030451168174,-0.3892847123222398,0.0253995691768296,0.9942088723182678,0.230155583904771,-0.4027760549774299,0.0078653084542498,0.994016170501709,0.2284705796670314,-0.4105127880172565,0.0076629337634623,0.9931767582893372,0.2265943842768275,-0.4182742538699975,0.0075530210971063,0.9930109977722168,0.2297430178051342,-0.404108453915263,0.2023166673236152,0.993888258934021,0.213585819621094,-0.436732335876524,0.1167239782843295,0.993546187877655,0.2107431732946674,-0.3529279654855037,0.0536359472480904,0.993674635887146,0.2071416201298634,-0.3651956847649223,0.0277832652096625,0.9957254528999328,0.1819645928781182,-0.3207914175681837,0.2123785695301878,0.9981289505958556,0.0939283893826594,-0.4301300579132771,0.1421393436131573,0.9998210668563844,0.0645278275360722,-0.3831976741753999,0.1079369854632028,0.8029034733772278,0.0050890203309762,-0.4260576863657876,0.0261235149841228,0.8863015174865723,0.0099460891829415,-0.555363923884566,-0.0569864857522189,0.8745408654212952,-0.0006952849314722,-0.5379965263843954,-0.16739096592359,0.9028531312942504,-0.0081312376774006,-0.600572739722462,-0.0995630468893361,0.8629428744316101,-0.0096507598708371,-0.5837399452277564,-0.2178674641225947,0.891620934009552,-0.0031473318013111,-0.6126319386087886,-0.1176988701065387,0.8601919412612915,-0.0059255426414604,-0.5955275713196466,-0.2292074588439068,0.8928342461585999,0.0032559446474983,-0.5929882273831719,-0.0647838609644999,0.8282434940338135,-0.0026088236148596,-0.5782441352106859,-0.178472628854748,0.8748558163642883,0.033741414586899,0.0163243887450249,0.1408939264799533,0.9983607530593872,-0.033741414586899,-0.0163243887450249,-0.1411083961722044,0.9996001720428468,0.096635330669805,0.3309016870684328,0.0023864512384451,0.8281159996986389,-0.0074100809218928,0.337663182514817,-0.3814983916196784,0.9901919960975648,0.0215723824853268,0.6629139913378403,0.0204925885015983,0.8445144295692444,-0.0060401759750018,0.727620074114359,-0.4213340852098298,0.9899192452430724,0.0012048296922739,0.7196295856683469,0.0143983578046211,0.8570260405540466,-0.0244112049887041,0.7873153215375688,-0.4348048443069036,0.9698916077613832,0.0925463621031228,0.7590826528797581,-0.1157231942986004,0.8973853588104248,0.0614636435465986,0.8018090753372323,-0.624492461412427,0.983575403690338,P4,P4/rob_DTL_1_frame895.jpg,4
0.1977433765020065,-0.4237184246783721,-0.1432474502964274,0.9941089153289796,0.2177806533224878,-0.4119100188594248,-0.1132099358964002,0.9941786527633668,0.2219153191665022,-0.4044213442431372,-0.1134768739745624,0.9943761825561525,0.2258540564128927,-0.3979971369480707,-0.1134837610729267,0.994274377822876,0.2063405568394457,-0.4329019597233087,-0.1106863957242981,0.9943259954452516,0.2154027098248982,-0.4978991904063162,-0.1108328786960027,0.9934462308883668,0.2115184839214058,-0.5062630387783913,-0.110870769933757,0.9934459924697876,0.2242580059244131,-0.3979923232972659,0.0482941022596458,0.9940345883369446,0.1944040038301534,-0.4389330738857586,0.0545128309015642,0.9939939379692078,0.1962728712304639,-0.4055946391021487,-0.0852935014315896,0.9941720366477966,0.1846629959825485,-0.429034191301622,-0.0840031015068834,0.9961131811141968,0.188037235098069,-0.3133531206037905,0.0460077400948516,0.9980735778808594,0.0750447835227447,-0.442151910139485,0.1238497385396374,0.9998288154602052,0.0840474163664888,-0.3786206963238913,-0.1085252941855993,0.8108980059623718,-0.0281918289565488,-0.3785892774949895,0.0112964502721897,0.8890674114227295,0.0124601025836535,-0.5608504893985974,-0.2525511980075381,0.8733587265014648,-0.0064545528099375,-0.5391638216347721,-0.2429395245006456,0.9049094319343568,-0.0103220610342834,-0.6029598512939671,-0.3118738011473283,0.8584933876991272,-0.0083027345216542,-0.5909577285547927,-0.2972063144229809,0.8930084109306335,-0.0064829793694201,-0.6138207484963839,-0.3021123352838028,0.8545297980308533,-0.005184594638818,-0.5990550047512161,-0.3090861444119783,0.8938499093055725,-5.6495347621636914e-05,-0.5977029543190736,-0.253616332084445,0.8187637329101562,-0.0016345271702506,-0.5838936309493589,-0.2561657456296231,0.8768086433410645,0.0381663639175235,0.0247657780455411,0.0935437817955715,0.9984622597694396,-0.0381663639175235,-0.0247657780455411,-0.0936038873812968,0.9996258020401,0.0927401541773376,0.3462101903069167,-0.0917618772252572,0.8053753972053528,-0.026231697338952,0.3298223112898539,-0.3827778367132174,0.9890280365943908,0.0185483951117446,0.6509929959487057,-0.0404487784007877,0.8254930973052979,-0.0214575965299167,0.6946949607177894,-0.3629930488873168,0.9896479249000548,-0.0068129746468922,0.6911068393881296,-0.0442911613194124,0.8466501235961914,-0.0451582567608848,0.7564699725816398,-0.3701822688890088,0.9700021743774414,0.0841684731792969,0.7260534238365662,-0.2045515537604277,0.8881432414054871,0.0202893104697157,0.7623199893948915,-0.5806268533355896,0.9831948280334472,P4,P4/rob_DTL_2_frame35.jpg,4
0.2007815265529432,-0.4371705038599983,-0.1261119617637623,0.994631290435791,0.2185931242461968,-0.4253535038139528,-0.0848141254864955,0.9947077631950378,0.2212224156244661,-0.4207202256673279,-0.0852003746131381,0.9948720335960388,0.2240055438852698,-0.4160804131871001,-0.0850380508758885,0.9947798252105712,0.2114368465479081,-0.4402478015964252,-0.0611308145126092,0.9948569536209106,0.2097330657347896,-0.4508454949921883,-0.0612791788907513,0.9940483570098876,0.2082662634203326,-0.4545367711602839,-0.061421121730335,0.9940680265426636,0.2200243300004556,-0.4149381494415822,0.0873577781997252,0.9944777488708496,0.2012673075824999,-0.4503270422946175,0.103760285746378,0.9945367574691772,0.1942501800740765,-0.3911634433659111,-0.0537570563003916,0.9945581555366516,0.1864260312498331,-0.4091515302981888,-0.0335381245392124,0.9964430332183838,0.1868941384627879,-0.3128220731669772,0.0702717015685339,0.9980668425559998,0.0774564347338691,-0.4422400265642958,0.14383975662856,0.9998425841331482,0.0952394058227675,-0.3619954850297351,-0.1390610273275241,0.8223864436149597,-0.024851937643904,-0.3918803531097611,0.0129227094458594,0.8945357203483582,0.0213063459992764,-0.554562358535982,-0.3419843061822821,0.8812722563743591,-0.005737580525498,-0.5501096146920401,-0.2365660110738794,0.9111085534095764,-0.0034481367263229,-0.6009036657517894,-0.398949350780641,0.8661890625953674,-0.0106359659211508,-0.6054201349062959,-0.2906401886966742,0.899106502532959,0.0004407252435716,-0.6168572412430242,-0.3895332515955098,0.8619549870491028,-0.0045355743013259,-0.618400401913011,-0.3002337105970584,0.8998291492462158,0.0069422627148598,-0.5993989643024363,-0.3428479895052007,0.8260638117790222,-0.0009780963927161,-0.5996783848536417,-0.2490294589664247,0.8834875226020813,0.0378235233216898,0.0230328414006332,0.0926285739369261,0.9985529184341432,-0.0378235233216898,-0.0230328414006332,-0.0927317697340389,0.9996542930603028,0.0911171125638815,0.3213235523429621,-0.0583067961034922,0.8085166811943054,-0.0224312470869355,0.2944975614017781,-0.4054324676543441,0.9895256757736206,0.0186923013994137,0.6262471719778698,-0.0432842814714864,0.8259153366088867,-0.0269150445734279,0.6773740384291218,-0.468258591683294,0.99009108543396,-0.0090234168514771,0.677820115603073,-0.0503669078953092,0.8460816740989685,-0.0457939789868873,0.737075444129213,-0.4843730673605291,0.9704160094261168,0.0878440337463649,0.6980002536479698,-0.1954873316782694,0.8890841007232666,0.0195403334375599,0.7425410096815889,-0.6946427885793544,0.9838076829910278,P4,P4/rob_DTL_2_frame36.jpg,4
0.2057987023295014,-0.4542573812246304,-0.0670286694206864,0.9950931072235109,0.2134194940724126,-0.4477896027528379,-0.0279221481716578,0.9951751828193665,0.2167861514739412,-0.4392569764123092,-0.0281695799323327,0.9953109622001648,0.2201298394779934,-0.4312376908642801,-0.0280965128749245,0.9952265620231628,0.2074764779891176,-0.4638341686092266,-0.0148198678722668,0.995328724384308,0.2064009548831112,-0.4675308533426264,-0.0150016175681116,0.9945853352546692,0.205222574310384,-0.4707176679342442,-0.0151606976044965,0.9946247339248656,0.220874830430206,-0.4132682390171839,0.124190460271685,0.9948521852493286,0.2032055583188099,-0.4511986020931209,0.1431022016764454,0.9950007200241088,0.1889534258011981,-0.4027771560280977,-0.0100470063279102,0.994835376739502,0.1817027947330013,-0.4231723403158177,0.0032919020993217,0.9967148900032043,0.191103336163885,-0.3109759835413625,0.0775243746855009,0.9978564381599426,0.0756393301874627,-0.4432443754703612,0.1800666668819961,0.999851942062378,0.0955030000934711,-0.3906549934072319,-0.136686561843842,0.8316794633865356,-0.0309814577605781,-0.4056745183498698,0.0678642601323127,0.8975135684013367,0.0217194899474361,-0.5656335916831524,-0.3302521038322555,0.8887032270431519,-0.008472079261192,-0.5716368708834526,-0.1874513123949464,0.9169135689735411,-0.0007089908388602,-0.6180423737034871,-0.3845132983460407,0.8735138773918152,-0.0152065930163152,-0.6279087711147799,-0.2359395211592276,0.9046021699905396,0.00319713188966,-0.6357531674180135,-0.3732357028016118,0.8689630031585693,-0.0094815337980838,-0.6419692921614115,-0.2457379411435112,0.9051921963691713,0.0091888001857414,-0.6141648996190718,-0.3292396203638284,0.8330529928207397,-0.0052303652854962,-0.6222794703049835,-0.1996807812257257,0.8895911574363708,0.0393097574279521,0.0258689683939988,0.0918921035355357,0.9986127018928528,-0.0393097574279521,-0.0258689683939988,-0.0921583734361566,0.9996776580810548,0.0926737887312441,0.3259053346680838,-0.0811328102365638,0.8058516383171082,-0.024106161791802,0.3063197585386636,-0.4054206560255643,0.9888533353805542,0.0189814620449709,0.6371045757046969,-0.0847899453274683,0.8183396458625793,-0.0253494119815778,0.6976404227535266,-0.475988229665324,0.9894144535064696,-0.009030727821241,0.6921509891676484,-0.0924257870739457,0.8402984738349915,-0.0441439952610923,0.7558641853970479,-0.4927637776655743,0.9685085415840148,0.094459533179547,0.7096308268526051,-0.2427615426394889,0.8852509260177612,0.0323626505406923,0.7602408652601311,-0.7084106091630461,0.9829121828079224,P4,P4/rob_DTL_2_frame37.jpg,4
0.2010096763599022,-0.4483088843232392,-0.1085192903262556,0.9953713417053224,0.2113774745789066,-0.4436427837862615,-0.0765915604676003,0.9954948425292968,0.2146677067426994,-0.4358798942406986,-0.0767836353663441,0.9955996870994568,0.2180753258748229,-0.4285469832206132,-0.0767646291831678,0.9955131411552428,0.2063450587597262,-0.4572245692571525,-0.0740194270409436,0.9956610798835754,0.2057298151636516,-0.4593881759033481,-0.0741976621041929,0.994941473007202,0.2052756169260587,-0.4611913177432546,-0.0743565685790073,0.9950309991836548,0.2205629733966199,-0.4104366777592288,0.0710171027731513,0.9949159026145936,0.2039196904976547,-0.4447830604143237,0.0810240901899792,0.9952690601348876,0.1880820118411569,-0.398835058205888,-0.0551758265457792,0.994793176651001,0.1808889460679093,-0.4162112862109743,-0.0534854125250384,0.9968579411506652,0.1889566894444106,-0.3132375629225729,0.0459779937610357,0.997722327709198,0.0787384413580591,-0.4406452641431778,0.1357858029080709,0.999859094619751,0.0954823776060754,-0.3938378710588756,-0.1461973224255692,0.84044349193573,-0.0279201381307584,-0.4060977006066671,0.0354331911232451,0.9010705947875975,0.0264834373897409,-0.5574919756229436,-0.3333336645982199,0.8960256576538086,-0.0060346400881846,-0.5708082249773693,-0.2129760070326952,0.9223027229309082,0.0021358326126918,-0.6124214648922348,-0.3898838929664341,0.8811314105987549,-0.0111222265243135,-0.6242074058910254,-0.2661677476847915,0.9100708961486816,0.0051464371911522,-0.6294415058583668,-0.3864544760934067,0.8765566349029541,-0.0070341278442616,-0.6388237505193033,-0.2812805964114354,0.9105935096740724,0.011290003075513,-0.6101846329346045,-0.3357630589942535,0.8414573669433594,-0.0030171785003202,-0.6221203586984517,-0.2274716305504551,0.8957375884056091,0.038497735674191,0.0225787479841629,0.0994563526880977,0.9986716508865356,-0.038497735674191,-0.0225787479841629,-0.0998292576192461,0.9996973276138306,0.095919213140957,0.3231457527864728,-0.0595140841841661,0.8004626631736755,-0.0213249532508741,0.309257729501094,-0.4086193186337687,0.9886431694030762,0.0129756950387456,0.6351788096626203,-0.0511755243221457,0.8119920492172241,-0.0227985811893248,0.6984501339595474,-0.4767515076980873,0.9891112446784972,-0.0118302599265446,0.6906240844374549,-0.056903965913557,0.834817111492157,-0.0420686019568068,0.7564250790294078,-0.4941270122572274,0.9672320485115052,0.0884385933311391,0.7018093136674401,-0.1901853208404366,0.8818612694740295,0.0497278185528471,0.7567873052693054,-0.7041990128989418,0.982595443725586,P4,P4/rob_DTL_2_frame38.jpg,4
0.1958569972621733,-0.4299271119692543,-0.0994733294904342,0.9956162571907043,0.2100360398422934,-0.4318664207711201,-0.0734300718755656,0.995764434337616,0.2118053566833521,-0.4180681876920208,-0.0736056906390474,0.9958460927009584,0.2147870619407293,-0.412716473148041,-0.0735189440978117,0.9957627058029176,0.2041362747177933,-0.4388412803266748,-0.0666814176025394,0.9959565997123718,0.2035235784265433,-0.442749845024642,-0.0668436180046427,0.9952598810195924,0.2030476759603193,-0.445989132804463,-0.0670698701771934,0.9953985810279846,0.216186760366087,-0.4052266361076877,0.0924818396069742,0.9949559569358826,0.199423889997724,-0.4394037730340602,0.091586099511177,0.9955123662948608,0.1861471364865141,-0.3810304468058377,-0.048643736475685,0.9946616291999816,0.1799474002594205,-0.4008768050399611,-0.0433216173507735,0.996951699256897,0.187155334485769,-0.3162921439119732,0.0643636985057933,0.9977079629898072,0.0774770715493389,-0.438671225845838,0.1387306486567115,0.9998654127120972,0.0969813201808379,-0.3869694745090015,-0.1138011306662678,0.8504094481468201,-0.0290944460702751,-0.4003918371694278,0.0863598470368365,0.9052345156669616,0.0261196805361968,-0.5508944291120257,-0.285257545019431,0.9034961462020874,-0.0072817078614174,-0.5584481616227522,-0.0828587957075841,0.9269735813140868,-0.0029628242084019,-0.601576478764139,-0.3380701522443218,0.8885849118232727,-0.0142803250282654,-0.6067497611432997,-0.122823153889958,0.9141702055931092,0.0006083198891696,-0.6202569009640255,-0.3315799479591518,0.8840018510818481,-0.0086165104959264,-0.6232205379328138,-0.1322339422884507,0.9146235585212708,0.0068887069546013,-0.6054773534984507,-0.2860378575103587,0.849861204624176,-0.00429337548089,-0.6072783679945771,-0.0924364891404165,0.9001420736312866,0.0386189349578162,0.0212523711824827,0.1006482527789433,0.9987333416938782,-0.0386189349578162,-0.0212523711824827,-0.1010502253100241,0.9997153878211976,0.0908416657023045,0.3184913484773825,-0.0733777504256942,0.7991424202919006,-0.0202662427537188,0.308992555322056,-0.4279341609818893,0.9884481430053712,0.013410608894839,0.6320180439147779,-0.0702690669879569,0.8071908354759216,-0.024522356296896,0.6944570476756523,-0.5270119653193076,0.9887208938598632,-0.0112273469370082,0.6865118772588528,-0.07691621217773,0.8299747109413147,-0.0446041649629427,0.7500586109062953,-0.5472584517436351,0.9658038020133972,0.0857227757489997,0.6988114427055485,-0.2240199105196369,0.8792338967323303,0.0437917796967689,0.7555246120646023,-0.7657625795313011,0.98230242729187,P4,P4/rob_DTL_2_frame39.jpg,4
0.2008225646136439,-0.3861142374895262,-0.1987432390795821,0.9958921074867249,0.2166134959305283,-0.3996227299374409,-0.1665789974288964,0.9960469007492064,0.2186502042110321,-0.3935544790252974,-0.1667483359709228,0.9961093664169312,0.2208417716977787,-0.3904207481277704,-0.1666916265295967,0.996004283428192,0.2108668566179097,-0.4169192644010992,-0.1804339408930172,0.996252715587616,0.209334865462392,-0.4248274904581358,-0.1806051842032804,0.9955981969833374,0.207978546590436,-0.4318137467448859,-0.1807288083076239,0.9957433938980104,0.2189028105482552,-0.3947864149827992,0.0155458027435827,0.9950712323188782,0.2028577862457678,-0.4333274645140669,-0.0534713856527797,0.9958088994026184,0.1919451677002581,-0.3577649059268673,-0.1295880808091577,0.9948282241821288,0.1858121236962227,-0.3781161930928688,-0.1496572377302661,0.997128129005432,0.1868173457757852,-0.3165330847716092,0.0515028270374631,0.997809886932373,0.0786243418975063,-0.4381461255191969,0.0143245994969435,0.9998725652694702,0.0973394486340301,-0.3792867428610161,-0.0886221374250977,0.8541308641433716,-0.0265695347053117,-0.3779177874778308,-0.0669741676674642,0.9090874195098876,0.0246428384049226,-0.527274102798526,-0.2825171141622765,0.9081183075904846,-0.0035405460323265,-0.5225278539582352,-0.2566454524698975,0.9304278492927552,-0.002555393705893,-0.5720950028613473,-0.3325666804646758,0.8935303688049316,-0.0097767882114021,-0.5740980757222551,-0.3045766842041825,0.9176812171936036,0.0020115281735687,-0.5882676930934612,-0.3345211585066648,0.8890395164489746,-0.0034428608450286,-0.5863585887989012,-0.3151098047788739,0.9181639552116394,0.0080082341324281,-0.5728609984391061,-0.2867707248956682,0.8555642366409302,0.001360314239477,-0.5681991788380587,-0.265457947889947,0.9036718606948853,0.0381318185928507,0.0201823048001495,0.1217943886210582,0.9987891912460328,-0.0381318185928507,-0.0201823048001495,-0.1220579589900833,0.9997268319129944,0.0897897526112866,0.3133333838522227,-0.0313643803002616,0.8005866408348083,-0.0093550136772795,0.3043857428028852,-0.4056053746803734,0.9889270663261414,0.0165600550506093,0.6197183590077011,-0.0378954066571205,0.809931218624115,-0.0242656633221979,0.6868267818640175,-0.4831573475464903,0.9891589283943176,-0.0115918000522489,0.6772750660229684,-0.048166722257738,0.832735538482666,-0.0440434758756416,0.7404677809339146,-0.5010806591614954,0.9667962789535522,0.0870341259517217,0.6888369782484125,-0.2036502937196354,0.8825608491897583,0.044765181720415,0.7473123100751115,-0.7040267461266628,0.9830895066261292,P4,P4/rob_DTL_2_frame40.jpg,4
0.2134538413245786,-0.4205821545023483,-0.2463256231290993,0.9962608218193054,0.2418491660689058,-0.4155643677731969,-0.2054557593667833,0.9964181780815125,0.2464652782649711,-0.407769992364747,-0.2058107360090212,0.996463179588318,0.2516322927590815,-0.3994876634652338,-0.2058019652755643,0.9963751435279846,0.2316884467737928,-0.4322411155458021,-0.1995686801854832,0.9966061115264891,0.228756916823169,-0.4374154473375394,-0.1997486180471605,0.995997667312622,0.2266372059613131,-0.441737539488892,-0.1998451086448052,0.9961460828781128,0.2672762741375212,-0.3601369659153627,0.0361020679959238,0.9955213069915771,0.2219083271922309,-0.4265665762954004,-0.0285533984204584,0.9961928725242616,0.2127195054010927,-0.3801441616554485,-0.1561817788060958,0.9953103065490724,0.1976528888764994,-0.4082022391687399,-0.153373753312164,0.9974011182785034,0.1988035088690868,-0.2668816663096774,0.0380840783425069,0.9977266192436218,0.0546908356621263,-0.4262989686880121,0.1163319137559559,0.9998664855957032,-0.0021713830115361,-0.4382684387550775,-0.2532183671381832,0.8597741723060608,-0.1179582959201015,-0.4879143485328131,-0.1321536277830895,0.9058394432067872,-0.1284993142179044,-0.6764507600733719,-0.552431412775246,0.9102187156677246,-0.1571761544469587,-0.6889612571407808,-0.6096608996476053,0.9265328645706176,-0.1712507759583417,-0.7501845573999671,-0.6565806148745617,0.8970166444778442,-0.1872948030193683,-0.7690032874325992,-0.7138027844492941,0.9149138331413268,-0.1687128264067853,-0.764856948250103,-0.635384859454878,0.8920142650604248,-0.1747707970646828,-0.7612718733607503,-0.734608568000247,0.9150223731994628,-0.1516922909419093,-0.7309902708255216,-0.5527129282599731,0.8583119511604309,-0.1638771952819138,-0.7339563073474885,-0.6365355796844192,0.901740789413452,0.0466246176349904,0.0398615301256375,0.1770249758000519,0.9988479018211364,-0.0466246176349904,-0.0398615301256375,-0.1775750511432282,0.9997310638427734,0.211420534716892,0.4639717998683458,-0.020279890372879,0.7761844396591187,0.0400239641092587,0.4053395970646103,-0.5296334197676617,0.9887304306030272,0.1485297148127932,0.7779492225550783,0.1055120738415592,0.8010160326957703,0.1218803173296286,0.8415487678409689,-0.4582677658942906,0.9896465539932252,0.1300346436391485,0.8328619327144249,0.1052543521037387,0.829224705696106,0.1013403621801342,0.9111825777451852,-0.4637209568914793,0.9685577750205994,0.2746065023314337,0.9222980540251744,-0.1208013542293839,0.8749738335609436,0.2280109534130431,0.9736585670160124,-0.7723898806238229,0.9834021925926208,P4,P4/rob_DTL_3_frame21.jpg,4
0.3159797400576075,-0.4467423206180319,-0.035987033707506,0.9966297149658204,0.3439477960008997,-0.4463416287608651,0.0220372479827168,0.9967730045318604,0.3477574590289333,-0.4411106772522578,0.0218051579686512,0.9968113899230956,0.3519864524225847,-0.4353876210211641,0.0218868712940487,0.9967328310012816,0.3386210786333861,-0.4548673154208001,0.0251105771940168,0.9969430565834044,0.3387698019059819,-0.455899479944291,0.0249401611025527,0.9963939785957336,0.3387156420078762,-0.4570996796401019,0.0248544720630542,0.9965294003486632,0.3623983320880854,-0.4089956373524991,0.2751518828730646,0.9959617853164672,0.3353909168952084,-0.4398924162405155,0.273216267757993,0.9965698719024658,0.3061349520427875,-0.4152230876968128,0.0524266671303217,0.9957652688026428,0.3000359510838126,-0.4291468711992072,0.0532578664457549,0.997656524181366,0.2903019840327898,-0.303831136199475,0.1947121327704859,0.9977383613586426,0.0895575521138955,-0.4002333017594556,0.3039820479937083,0.9998744130134584,0.1424115040442483,-0.3957553219425855,-0.1893002554566168,0.8686391711235046,-0.0572414568197479,-0.4092757440724092,-0.0520303583288521,0.912772297859192,0.0070014655133343,-0.5466159264143009,-0.5905541899140121,0.916461169719696,-0.0513059937413763,-0.5678565269681786,-0.4707719755516919,0.9320881366729736,-0.0375490429268858,-0.596430971752873,-0.7091376235121324,0.9038103222846984,-0.0675172633487112,-0.6215277173698925,-0.5666885298050336,0.9198977947235109,-0.0316598995482263,-0.6094994641645556,-0.6808093032377461,0.8987537026405334,-0.0627838036927748,-0.6308749534078207,-0.5725263511488096,0.9195824265480042,-0.0183266561426285,-0.5870825693050611,-0.5913041553947087,0.8657633662223816,-0.0509461142052955,-0.6083327055603592,-0.4903798788397834,0.907153069972992,0.0531556071710011,0.0186335782650199,0.1654193117707085,0.9989205002784728,-0.0531556071710011,-0.0186335782650199,-0.1658886173886637,0.9997493028640748,0.1708328485130719,0.3344726997949968,-0.0774625730483035,0.7649245262145996,-0.0340142678363959,0.3260076904987033,-0.4983996803058224,0.988109290599823,0.0239652979677049,0.6424336725231633,-0.0382733744460401,0.7924046516418457,-0.0245410475061823,0.7230680447285042,-0.4900501095134842,0.9896459579467772,-0.0156050491137509,0.7341527384745581,-0.0510218707235162,0.8262078762054443,-0.0430270809333342,0.7683697692332139,-0.5047006505473426,0.9690468311309814,0.1409425490814163,0.7386460860422672,-0.3082882168371916,0.8718177676200867,0.0782370271241362,0.7775971536493793,-0.7772239746356553,0.9829847812652588,P4,P4/rob_DTL_3_frame22.jpg,4
0.321660018418085,-0.3827811351893095,-0.0896617906364926,0.9969139099121094,0.3424127622699509,-0.4008683818987215,-0.0263690290959969,0.99705308675766,0.3458171586836721,-0.3980120511505177,-0.0265409671233178,0.9970765709877014,0.3493630489443134,-0.3951665882940066,-0.0263067294350054,0.9970043897628784,0.3355558033220903,-0.4092137490803589,-0.0397451679886253,0.9972161054611206,0.3339790905342136,-0.4121720455337753,-0.0400007482914553,0.9967027902603148,0.3327737169398135,-0.4147274788659756,-0.0402103513095051,0.996840000152588,0.3541668918002012,-0.3868956767332103,0.2047241562266653,0.9962629079818726,0.3296912730152026,-0.410865739035965,0.188532652434595,0.9968684911727904,0.3143314446108483,-0.3602568545732171,0.0350851163768487,0.9960330724716188,0.3057229476972973,-0.3686701988916629,0.0358062379602741,0.9978349804878236,0.2912016604653676,-0.295541963094152,0.1858715212270329,0.9978289604187012,0.1186829168583773,-0.3914766926002439,0.2241078743439971,0.9998781085014344,0.1235235180693209,-0.3965485240510698,-0.1480834510378194,0.8720165491104126,-0.0424427553393523,-0.3961159678780365,0.0371602029798894,0.9136466979980468,-0.0074365954866538,-0.526264440053984,-0.4616514203890584,0.9191698431968688,-0.0402198841875045,-0.5316465345553392,-0.2535559878246513,0.9322186708450316,-0.0425314354577439,-0.5739648490138941,-0.5573546379820492,0.9064090251922609,-0.0461584476054052,-0.5809873496597314,-0.3453742040743107,0.9190696477890016,-0.0366326349092332,-0.5830849114383571,-0.5543609680669027,0.901343584060669,-0.0406940810513866,-0.5842705092255193,-0.3789754952753805,0.9188464879989624,-0.0248150350136756,-0.5611462411805738,-0.4697206069796436,0.8681779503822327,-0.0353344969347686,-0.5639755430361552,-0.2774838695628878,0.9063932299613952,0.05186782291426,0.0182554290938152,0.1884416015666118,0.9989383220672609,-0.05186782291426,-0.0182554290938152,-0.1890058282330589,0.9997569918632508,0.143884125855054,0.3246949534597885,0.025652053390261,0.751128077507019,-0.0365733896422082,0.3164251216463311,-0.4860057319078188,0.988215446472168,0.0136218576987036,0.6188930536269543,0.1053115488058927,0.7906804084777832,-0.0440400772177393,0.7057012656973186,-0.4838517768035087,0.9898843765258788,-0.0255965843048258,0.6755033615809359,0.0983590732958921,0.8273361921310425,-0.0795625440805333,0.7484924977538867,-0.501273124550864,0.9700339436531068,0.1180272285505028,0.7228407054981724,-0.1381845621633214,0.8702959418296814,0.0735595244410595,0.7629203633682414,-0.7800587234217563,0.9830045104026794,P4,P4/rob_DTL_3_frame23.jpg,4
0.3570506812696876,-0.3218783156227759,0.0862299734354331,0.9968515634536744,0.3724909275448556,-0.3507799499120988,0.0921712918204752,0.9969972372055054,0.3724248736056921,-0.352881693339181,0.0919618258556661,0.9970235228538512,0.3723340724386247,-0.3549131049605661,0.0921304968432498,0.996910035610199,0.3714872388592372,-0.351997807915785,0.0413110466243796,0.9971696734428406,0.3608467588347356,-0.368609016657747,0.0411016439075972,0.9966416954994202,0.3581942055925324,-0.3719674868758366,0.0409508807363022,0.9967311024665833,0.3614195329645853,-0.36835241366358,0.1886101809949124,0.9961705803871156,0.3527553352814636,-0.3775650522357315,-0.0268269782671326,0.9967364072799684,0.33624672633846,-0.3204602948640269,0.1344370961570853,0.9958906173706056,0.3376035920052048,-0.3186319209080093,0.0704765689305818,0.9976720213890076,0.2110072617217349,-0.3319407316824669,0.2293600451277914,0.9978514313697816,0.2228851951385604,-0.3401733478306292,-0.1041183955792346,0.9998533725738524,0.0133134796287925,-0.3740561897097761,0.1390495217526484,0.8733299374580383,0.0656877215892532,-0.3609503016042739,-0.272339793189859,0.9042479395866394,-0.0287488040575187,-0.5020895496589305,-0.1414393886904796,0.9211888313293456,-0.0045536969278562,-0.503912518783575,-0.4139695584407238,0.9280596375465392,-0.0529620346217427,-0.5537049992931784,-0.2122913116602793,0.908535361289978,-0.0166469496268714,-0.5487597395818058,-0.4927115577456871,0.9154892563819884,-0.039427922876517,-0.5640634276174948,-0.2359081018330243,0.9040900468826294,-0.0196694233278162,-0.5593291058250074,-0.5044560033272393,0.9148197770118712,-0.0279576747401973,-0.5387540512522494,-0.1625623206698475,0.8709350824356079,-0.009506408406739,-0.5333276695515448,-0.4246742984603587,0.9009711742401124,0.0137109532278956,0.0029099152126905,0.2373822178416409,0.9988831281661988,-0.0137109532278956,-0.0029099152126905,-0.2375735948708121,0.999713659286499,0.1049660341335075,0.3119685687999119,0.1143801464198206,0.728175699710846,-0.0077936978421049,0.3105929357186973,-0.2851599612096271,0.9881047010421752,0.0056243135253709,0.6044376559699461,0.209007014128054,0.7895856499671936,-0.0299234234102204,0.6851565815961977,-0.2175618042246155,0.9898304343223572,-0.0325909721845735,0.6639968737642106,0.2044421855474975,0.8298340439796448,-0.0703889589139528,0.7291333255526941,-0.2252756025595289,0.971067190170288,0.117828704827222,0.6996063867724318,0.0254759285439344,0.8652966618537903,0.0824470687094019,0.7523039066468488,-0.4531572078136053,0.9821690320968628,P4,P4/rob_DTL_3_frame24.jpg,4
0.1875715560364933,-0.4077003237464237,-0.1586795475214355,0.9971588850021362,0.1926045316393095,-0.4370461571776747,-0.1293067032279875,0.9972909688949584,0.1923139443396758,-0.4386696227735993,-0.1294548330741657,0.9973134398460388,0.191809950013044,-0.4411655649005789,-0.1293919231123559,0.9972099661827089,0.1900746444850133,-0.443336170739435,-0.1580811659198343,0.9974486827850342,0.1881569290996656,-0.4488232950761391,-0.1582038146632702,0.9969719052314758,0.1859814101647506,-0.4553291275484173,-0.1582500312646068,0.9970525503158568,0.177289428604266,-0.4604723351609931,0.0296861379131633,0.9965391159057616,0.1704512921803624,-0.4775734826070036,-0.1051755964553525,0.9970552325248718,0.1752270002077267,-0.3943476006063549,-0.0977991186969139,0.9962890148162842,0.1724857605938752,-0.3989203531019738,-0.1375097424015846,0.997900366783142,0.1489683776818984,-0.3374298294082014,0.0684527157931652,0.998030722141266,0.0465288062588983,-0.4383155225412758,-0.1021106508079789,0.9998661279678344,0.0485814084633197,-0.3717398550974429,-0.0267946859703723,0.8846716284751892,-0.054548408291457,-0.4513913257216568,-0.316744109409816,0.9126653671264648,-0.0481758547159059,-0.5629709530657202,-0.2689961406961373,0.9274805188179016,-0.0621713001495081,-0.6184624971424623,-0.6054816953740582,0.933560311794281,-0.0651588198694432,-0.5862295498089178,-0.3339265462633478,0.9152435064315796,-0.0712917036863355,-0.6660107261690887,-0.6795648862475755,0.9216018319129944,-0.0598689340072522,-0.6176083330603543,-0.3400960549781342,0.9111699461936952,-0.0623935507494124,-0.6756524538622832,-0.6958068225218902,0.9209430813789368,-0.0538058161543974,-0.5998700910490233,-0.2779217399742262,0.8797030448913574,-0.0574545492748516,-0.6544602159924721,-0.6201171832306162,0.9072614908218384,0.0347639957650909,0.0131676334121741,0.160144509938821,0.9989036321640016,-0.0347639957650909,-0.0131676334121741,-0.1604113803838427,0.9997378587722778,0.1165505192784978,0.2879951501529662,0.2272139212043264,0.7436895966529846,0.0007155254442255,0.2877350240488982,-0.4905274856696315,0.9890538454055786,0.0280419870662177,0.5557805029898782,0.4577571349562542,0.7954462170600891,-0.0302479671966984,0.6474133176505715,-0.5074707440741104,0.9905943274497986,0.0044791356834405,0.5833418999325088,0.4724267911626769,0.8318576812744141,-0.0505059128541306,0.701980127719995,-0.5205847354102224,0.972768247127533,0.0796353914007482,0.6355947310871732,0.3755847994086888,0.8679861426353455,0.0440511765808657,0.7351915851304491,-0.7389142826788457,0.9834532141685486,P4,P4/tom_DTL_1_frame41.jpg,5
0.1876271627894813,-0.4061599651210658,-0.1175552577868654,0.9974417686462402,0.1930598169691413,-0.4350871436711458,-0.0842174153941214,0.997560977935791,0.192891677571545,-0.4366845124061103,-0.0843209687235373,0.9975807666778564,0.1925277460250819,-0.4391275574025969,-0.0842731543602071,0.9974876046180724,0.1901651696456363,-0.4415090728046169,-0.128495377508244,0.9977033138275146,0.1881488306084647,-0.4470376669155336,-0.1286394652363269,0.9972740411758424,0.1858899298173836,-0.4535479781543514,-0.1286848788784857,0.9973467588424684,0.1776526998159451,-0.458696369164199,0.0811047803653641,0.9968817234039308,0.1699833737449391,-0.475715259379388,-0.1137552607204993,0.997348964214325,0.1750552973396979,-0.3926656003322756,-0.0544147238418496,0.9966566562652588,0.1719570332946194,-0.3974266749931388,-0.1148100331273797,0.9981094598770142,0.1499451765365306,-0.3362644797811975,0.162160234802216,0.998149573802948,0.0459159708350277,-0.4393890581790807,-0.1527600554533363,0.9998785853385924,0.1032417246994872,-0.3489936369255065,0.0953240017883912,0.8711771965026855,-0.0419341524832783,-0.4772242460090057,-0.3713828070276988,0.9207820892333984,0.0725227189995599,-0.4583454192951812,-0.1648114756736217,0.9148955345153807,-0.0544858340921022,-0.62012948554163,-0.601871423081808,0.939104437828064,0.0612180786658753,-0.4703008328975107,-0.213158832447225,0.902777373790741,-0.064043016159811,-0.6649369900624672,-0.6728253597114628,0.9278414845466614,0.0602071972215218,-0.5038797199217573,-0.2328398779235896,0.8992983102798462,-0.0567873254550757,-0.6730907283165005,-0.6838781021533494,0.9272486567497252,0.0633548094240123,-0.4978544432751594,-0.1813650038728563,0.8667160272598267,-0.0525492523471801,-0.6529639711715475,-0.6134490343042397,0.9140124917030334,0.0348622503215529,0.0127000817434554,0.1712467088035842,0.9989254474639891,-0.0348622503215529,-0.0127000817434554,-0.1713951867393648,0.999761164188385,0.1170982427227615,0.2828706626174819,0.2998310019107686,0.7567201256752014,0.0003515278204109,0.2863693136045891,-0.5377031248430899,0.990017831325531,0.0285362611193385,0.5387096494230954,0.5431841491085736,0.8023935556411743,-0.0302325929159237,0.6403961958393153,-0.6263837643132989,0.9914262890815736,0.0052610915315045,0.5794000949661947,0.5586985429318914,0.8356523513793945,-0.050912494001885,0.6980389338139973,-0.6480737910610228,0.97480046749115,0.0780200148196497,0.6321814614844088,0.4731137667855895,0.8723577260971069,0.0392859792000361,0.7278692281025152,-0.8747350351587421,0.9848771691322328,P4,P4/tom_DTL_1_frame42.jpg,5
0.1871436241275152,-0.4052025873898619,-0.086581852614953,0.997693657875061,0.1927812645876994,-0.4340714856031336,-0.0536013050028995,0.9978016018867492,0.1926515574574421,-0.43570286370787,-0.0537234440330481,0.9978182911872864,0.1923240025332923,-0.438156727163238,-0.0536409223134468,0.997734010219574,0.1898590340154022,-0.4404456138097788,-0.0913127924828698,0.9979310631752014,0.1878797565119756,-0.4459189881851372,-0.0914923058185384,0.9975440502166748,0.1856662066095842,-0.452272150033741,-0.0915850775108474,0.9976099729537964,0.1777625115114045,-0.4578298340437666,0.0998261166457902,0.997181236743927,0.1701742001888504,-0.4737659541248815,-0.0765308215496695,0.9976102113723756,0.1745319155629954,-0.3911860439960551,-0.0289423609781204,0.9969787001609802,0.1713857180897539,-0.3963116078132235,-0.0810381443261114,0.998294711112976,0.1524310643341506,-0.3358838987223439,0.1467223736839504,0.9982770085334778,0.0440675977226735,-0.4396083809361179,-0.1159698680808795,0.9998894333839417,0.085352666559577,-0.3707639228585407,0.0738872725213626,0.8804128170013428,-0.0439000445393411,-0.4745673842769714,-0.3231345540129261,0.9280144572257996,0.0293924797010603,-0.5485597051372613,-0.1324664051421687,0.9197292923927308,-0.0478651737432074,-0.6218732845762045,-0.5333716220676303,0.9444413185119628,-0.0007014401691415,-0.5949660734473246,-0.1756594569811073,0.9071416854858398,-0.0565065115143505,-0.6645874416989431,-0.5962493744723705,0.9339090585708618,0.0096798387979533,-0.6040652951563761,-0.1857728818401708,0.903815746307373,-0.050315750100069,-0.6724795875320999,-0.6039505132301484,0.9333665370941162,0.0174263750513213,-0.5809862211800907,-0.1421407469341737,0.8717431426048279,-0.0464633594909264,-0.6533644878331784,-0.5422691758412818,0.9207177758216858,0.0352729212482262,0.0127825488463586,0.1706498411217315,0.9989567399024964,-0.0352729212482262,-0.0127825488463586,-0.1707547284372521,0.9997822642326356,0.1176556054666613,0.2775547799266276,0.2579129449021611,0.7704241871833801,0.0002878876408211,0.283831183583079,-0.5487082464535559,0.9908685684204102,0.0280314432383602,0.5332196159718288,0.4516882458463326,0.8099684715270996,-0.0306564134970677,0.6365594188198397,-0.6471693288141381,0.9921687841415404,0.0051378682264427,0.5740842915618982,0.4629437153351617,0.8410574197769165,-0.0523079094760211,0.6965372396178268,-0.6685404885947853,0.9766607880592346,0.0763068379911314,0.6284614295477744,0.3826358121578428,0.8774843811988831,0.03646445003659,0.723727940782769,-0.885139136135485,0.98617285490036,P4,P4/tom_DTL_1_frame43.jpg,5
0.1862562490158118,-0.4016663258124894,-0.056714820999007,0.9979150891304016,0.1920234057683175,-0.4308528372567867,-0.0292679486090735,0.9980114102363586,0.1918903619427188,-0.4324300016459604,-0.0293894521262018,0.9980243444442748,0.19155864052175,-0.4347927285434257,-0.0292889420898986,0.9979472160339355,0.1891332995408087,-0.4375249229405511,-0.0594586445189056,0.9981324672698976,0.1872219269301877,-0.4430406464018218,-0.0596402697681375,0.9977821111679076,0.1851315934994188,-0.4491433435903169,-0.0597883676180613,0.99784255027771,0.1772212588059765,-0.4542315149978945,0.100736146416395,0.9974254369735718,0.1704891346535174,-0.4688713094147119,-0.0423079781721008,0.9978338479995728,0.1735755204902206,-0.3877731044250332,-0.0076033091995466,0.9972490668296814,0.1704301619564563,-0.3932637822529136,-0.0497665117317378,0.998454213142395,0.1529328561612587,-0.3360954365675375,0.1294459137850342,0.9983980655670166,0.0433430228324126,-0.4394532590830075,-0.0687876544781699,0.9998988509178162,0.068717535586107,-0.3818845385205959,0.0725087350771722,0.8907196521759033,-0.0479795735102375,-0.4367393604322595,-0.2443747523161489,0.9337789416313172,0.0100818888041243,-0.5631790432888701,-0.0884719791745251,0.9261124730110168,-0.0439489140061339,-0.6117908414136101,-0.4375097801019232,0.9486963152885436,-0.0234314778441241,-0.617683581590279,-0.1258448712671639,0.9137527942657472,-0.050173730860983,-0.6572522185893259,-0.4925559524289756,0.9385679364204408,-0.0061714838660158,-0.6264767304535821,-0.1346695714115376,0.9105907082557678,-0.0451843209581222,-0.6637129262324194,-0.5001457563036023,0.9380255937576294,0.004350168958437,-0.6014272780481463,-0.0952148165522598,0.8797842264175415,-0.0410986854005836,-0.6413301232686404,-0.4460874654666264,0.9254871606826782,0.0352511517040412,0.0137309576562353,0.1625992938604469,0.9989866614341736,-0.0352511517040412,-0.0137309576562353,-0.1629116648651925,0.9998019933700562,0.1178576011839186,0.2715333001738207,0.2195269527852271,0.7832934856414795,0.004130708816211,0.2767324894599019,-0.5753212462894159,0.9916175603866576,0.0295544246936582,0.5256411453234114,0.4399079883133583,0.8185113668441772,-0.031251399577313,0.6348910863154308,-0.6543454596800414,0.9928405284881592,0.0073699440680381,0.5683789430893738,0.4533317372961984,0.8470436334609985,-0.0531598453498218,0.6949933236795975,-0.6732406137870537,0.9783865809440612,0.0797345057772916,0.6240489914864651,0.3677949709132182,0.8828009963035583,0.0334396951840735,0.7226357096553638,-0.8901316690829696,0.9873678088188172,P4,P4/tom_DTL_1_frame44.jpg,5
0.1901256721283255,-0.3953907422436918,-0.0579933387887002,0.9981203079223632,0.1961571660669931,-0.4211788336381449,-0.0246349419960164,0.9982078075408936,0.1961377611162613,-0.4216231526034986,-0.0247384898508121,0.9982185363769532,0.1959067152542774,-0.4226570556326749,-0.0246576084973166,0.9981489777565002,0.1930636179400525,-0.4308207365410014,-0.0593072874473917,0.9983176589012146,0.1910327175590263,-0.4374886947282033,-0.0594911980946454,0.998001754283905,0.1887751238283298,-0.4448509693067754,-0.0596005379645251,0.998056709766388,0.1817670349392826,-0.4432448922630313,0.1313788499839911,0.9976723194122314,0.1737370124299216,-0.4670409838552616,-0.0316398316751664,0.9980472922325134,0.1773172258399345,-0.3831962722235478,0.0007321019665359,0.9975125789642334,0.1738052924668423,-0.3920672363828457,-0.0474469804266629,0.9986053109169006,0.1600927930999662,-0.3349546579309519,0.1846972731771207,0.9985077381134032,0.0445482809010976,-0.4384288373879559,-0.0547690169356685,0.9999080896377563,0.0659240129375681,-0.3929861605450691,0.0960253306881928,0.89653480052948,-0.0446501115537695,-0.4318905477967654,-0.2728303882432173,0.9396175146102904,-0.0024620257934291,-0.5493301257215378,-0.1186293553011819,0.929326832294464,-0.0425867486850705,-0.5840551943787127,-0.5179577610286467,0.9531709551811218,-0.0295716487391201,-0.6062868298261983,-0.1585413378188252,0.91632342338562,-0.0472785756045266,-0.6305633299650498,-0.5835776421682972,0.9437114596366882,-0.0156014443723387,-0.6116999949843052,-0.1710326741150299,0.9130744934082032,-0.0407592375773685,-0.6349112177343861,-0.5891106374310399,0.9432072639465332,-0.0037614320737392,-0.5887302459902931,-0.1287353788334859,0.8824051022529602,-0.0384185834033528,-0.6150730106727194,-0.5271315421644341,0.9311710596084596,0.0358228538722881,0.0161773814965111,0.1656849439923053,0.9990432858467102,-0.0358228538722881,-0.0161773814965111,-0.1660058624327661,0.999819815158844,0.1225699657985005,0.2695354910830995,0.1626717246538203,0.7982044219970703,0.0160834851110776,0.2778901384691882,-0.585696816939685,0.9923707246780396,0.0393867453611247,0.5352157443843661,0.2995010875252766,0.8294000029563904,-0.0317059212875959,0.6461489511415816,-0.7405684541487151,0.9934880137443542,0.0176135745440122,0.5785116352058753,0.3031601448823048,0.8554918169975281,-0.0544077187422977,0.707464061587003,-0.7689244371308933,0.9801161289215088,0.103206726643063,0.6322132948412901,0.199575112377312,0.8902269601821899,0.0343177913851571,0.7364608613300293,-1.0011165513681262,0.9885082840919496,P4,P4/tom_DTL_1_frame45.jpg,5
0.2538164800962764,-0.4173109594217918,0.0426162859781237,0.9982876777648926,0.2602576571010273,-0.4370554402687774,0.0787412630616331,0.9983745813369752,0.2606535681038979,-0.4354127938661341,0.0785464916440695,0.9983829259872437,0.2609301108238117,-0.4341153610336206,0.0786103205175951,0.9983199834823608,0.2553874807382248,-0.452508798682175,0.0468499050965346,0.9984754920005798,0.2526955586188312,-0.4615613892914903,0.0465429896252363,0.9981890320777892,0.2501153195969912,-0.4703477873902656,0.0463778975879951,0.9982417821884156,0.2446059093450829,-0.4510359700860228,0.238882692896845,0.9978803396224976,0.2300366571395674,-0.4910552095728182,0.0913323005119429,0.9982303380966188,0.2370259614000147,-0.4070263220331924,0.1025149347711544,0.9977216720581056,0.232636728897932,-0.4194354173673777,0.0589010156628711,0.9987264275550842,0.186834883213603,-0.3067049034159752,0.2528084657680922,0.9984921813011168,0.0915884759411055,-0.4432820518552536,0.04980699322741,0.9999125599861144,0.085136081044758,-0.3619501065964542,0.0883811893170944,0.8887066841125488,0.0015042200994323,-0.379782215824063,-0.1278958793384084,0.939836323261261,0.0039267888659024,-0.5437025102004901,-0.183653293928284,0.9287299513816832,-0.0140070870909977,-0.539101935099818,-0.3487689290270995,0.9544073343276978,-0.020160689416143,-0.590939440304273,-0.2398666445376677,0.9162461757659912,-0.0280450078895609,-0.5930327236671344,-0.4112677696595166,0.9454494714736938,-0.0195032342003552,-0.6015126440093043,-0.2420418928819469,0.9133362770080566,-0.0278563489833714,-0.6047232541661158,-0.4164210893248573,0.9451233148574828,-0.0116638492706257,-0.5826851793173712,-0.1912206294924685,0.8825051784515381,-0.0214845865564564,-0.5842055445038805,-0.3562085293726058,0.9332226514816284,0.0352681525090926,0.0166182837750064,0.1671957637794039,0.9990153312683104,-0.0352681525090926,-0.0166182837750064,-0.1673313236324141,0.999814748764038,0.0979308611270436,0.3240626383768381,0.0967889913216444,0.8024032115936279,0.0218684739628091,0.3486146985119705,-0.3546082444556328,0.9927568435668944,0.0472005184390699,0.6650109306079539,0.155197918830245,0.8331685662269592,0.0147994668924539,0.7391883401201361,-0.3495302891890853,0.9938411712646484,0.0278808919948205,0.7189304393063721,0.1532272265700257,0.8569775223731995,-0.0082079949312281,0.7993307417669322,-0.3575667309493764,0.9808228611946106,0.113563705805988,0.7672556288496364,0.0344396631822689,0.8924793601036072,0.092809986579111,0.8314828304928638,-0.5463987087536969,0.9889705181121826,P4,P4/tom_DTL_2_frame27.jpg,5
0.2482008061008937,-0.4081346240799905,0.0277678973467392,0.998350203037262,0.2544145001726425,-0.4288906085576933,0.0542655613630354,0.9984624981880188,0.2544930472880584,-0.4284118221346037,0.0540633766704362,0.9984719157218932,0.2544078436374378,-0.4285668588909176,0.0541186372590023,0.9984092712402344,0.2503028188906355,-0.4425830409598721,0.0019041360526055,0.9985519647598268,0.2477392056414237,-0.451273208183607,0.0016985078558659,0.998294711112976,0.2450926882719348,-0.4597182333699386,0.001588029109418,0.9983474612236024,0.2371612450336265,-0.4472903611147898,0.1797441508600326,0.9979851841926576,0.2248490754631272,-0.4800501360411435,-0.0631681817413474,0.9983415007591248,0.2325429409085829,-0.3979729389783147,0.0798279613813941,0.997704803943634,0.2284492927855851,-0.4079036423083863,0.0096926650638319,0.9987478852272034,0.1753110194415934,-0.3176201476172502,0.2493257605504935,0.9981799721717834,0.0937365118146348,-0.4357810907178941,-0.1267064517115888,0.9998961091041564,0.0376481225818619,-0.3425121399874354,0.2449087107159694,0.8600300550460815,0.0059873416178096,-0.3715510327622563,-0.2141260780303124,0.9424572587013244,0.0017356310406776,-0.5316445773292885,0.0635898278610999,0.9183390736579896,-0.0102469795232309,-0.5517154833065114,-0.2348570097300628,0.9562616944313048,-0.0210395831344025,-0.577821778982931,0.0279076429826936,0.9087700843811036,-0.0248804644614897,-0.5967067021855179,-0.2739533069311817,0.947830080986023,-0.019853509588832,-0.5908417197875625,0.0089553176335058,0.9068081974983216,-0.0252221867733181,-0.6063574074392959,-0.2839358404649155,0.9476182460784912,-0.0119965590308603,-0.571487389825129,0.0492034516638277,0.8736961483955383,-0.0184330654900984,-0.5887212804980949,-0.2380874262649195,0.9359117150306702,0.0337834592699069,0.0161425819831281,0.1818857549057534,0.998790979385376,-0.0337834592699069,-0.0161425819831281,-0.1816755142927076,0.9997324347496032,0.0948886370306612,0.3186914261875173,0.0957759456092075,0.8074506521224976,0.0213227279364293,0.3416718431887725,-0.2859152217219992,0.9932407140731812,0.0445779388137271,0.648445650801562,0.1536976883580102,0.8384055495262146,0.0137698600094011,0.7266715581368016,-0.2558914643066599,0.9942466616630554,0.0201893620468889,0.7036338949327857,0.1511361325833162,0.8608311414718628,-0.0086764608126088,0.7805293424224685,-0.2615197766211088,0.9818793535232544,0.1101173977580923,0.7474503563760697,0.0566923903780345,0.8961515426635742,0.0939214424654135,0.8135462411495941,-0.4043227289380221,0.989558756351471,P4,P4/tom_DTL_2_frame28.jpg,5
0.2451262108348069,-0.4070472147707629,-0.0050266543017989,0.9984354972839355,0.25141106632645,-0.4277908895044945,0.0240833431683623,0.9985573291778564,0.2514551499235111,-0.427477139216964,0.0238977765247557,0.9985637664794922,0.2513030795314691,-0.427750649708812,0.02395552363453,0.9985023140907288,0.2473132137004532,-0.4406204174372172,-0.0223868453942669,0.9986412525177002,0.2447248939471196,-0.4490247690327943,-0.0225873518127631,0.9984065294265748,0.2420265453793227,-0.4574355469838013,-0.0226740606896632,0.9984610080718994,0.2336265180602965,-0.446128344575205,0.1635591089617643,0.998074471950531,0.2219168576354785,-0.4773357475525102,-0.0461165438209464,0.9984502792358398,0.229722056691162,-0.3961749024525204,0.0510565042606945,0.9976915121078492,0.2255449256617311,-0.4056983407838471,-0.0114828104535139,0.9987787008285522,0.1731286879244837,-0.3186890317674817,0.2355200106550466,0.9978916645050048,0.0915480877020684,-0.4362587839416121,-0.0916561720935686,0.999884843826294,0.0461369977991809,-0.3406788789200438,0.2331960423355885,0.8274571895599365,0.0008747951403188,-0.3703980100510615,-0.17829822540751,0.945024073123932,0.0004777424697858,-0.543583604253768,0.0724379835097063,0.9076295495033264,-0.0114369006754267,-0.5640032285134622,-0.188315547171443,0.9574519991874696,-0.0221259117154259,-0.5850544373871823,0.0352999778838309,0.9018419981002808,-0.0259866498438785,-0.6079547249319105,-0.2309746404505733,0.949428915977478,-0.0207465275550673,-0.5994482723622135,0.0135986016434239,0.9007927179336548,-0.0263286881071798,-0.6160636743856004,-0.246076395532634,0.9494208097457886,-0.0126714215713283,-0.5821485235449395,0.0577684195988673,0.8661174178123474,-0.0196430562624183,-0.5999847529218166,-0.195163399446262,0.9379727244377136,0.0337770142286163,0.0164159747971722,0.1796719789994429,0.998632788658142,-0.0337770142286163,-0.0164159747971722,-0.1794712604962026,0.9996854662895204,0.0933266266118389,0.3176167313016376,0.0945285502702678,0.8094940185546875,0.0204610652433076,0.3386586609985921,-0.2956878144068663,0.9936184287071228,0.0427308492431476,0.6433644838851938,0.1525255671935073,0.8407067060470581,0.0129613883378285,0.7243017278518613,-0.2726422732116036,0.994585394859314,0.0179354474999628,0.6991183424070212,0.1499878024372121,0.8622869849205017,-0.0095372219628329,0.7752129972305828,-0.2795030082269806,0.9827314615249634,0.1080334311022455,0.7412115710667907,0.0561302507599502,0.8983893990516663,0.0933607403490742,0.8101495481985191,-0.4307219982635863,0.9900441765785216,P4,P4/tom_DTL_2_frame29.jpg,5
0.2425636773812443,-0.4104784461742412,-0.0498936645520598,0.9985141754150392,0.2490402143123123,-0.4295386827280237,-0.0189113060494718,0.9986358284950256,0.2490558688012687,-0.4291014922864437,-0.0191063243103319,0.9986405372619628,0.2488396934537716,-0.429187532225746,-0.0190527790121684,0.9985744953155518,0.2449769781787593,-0.4418122800695027,-0.057220066211708,0.998720645904541,0.2424309129749042,-0.4497134352455608,-0.0574237239430358,0.998504102230072,0.2397055978975025,-0.4578706189910012,-0.0574991246554687,0.9985578060150146,0.2309346625850387,-0.4463190998901256,0.1323676218075554,0.998136341571808,0.2198625173959844,-0.4771914251109626,-0.0450107000749166,0.9985324144363404,0.2273898170857823,-0.399379353754197,0.0093805445269406,0.997687041759491,0.2231543815737088,-0.4089606179950069,-0.0428241279612038,0.998811423778534,0.1717033343703187,-0.3180192104004513,0.1829981228398073,0.9977044463157654,0.0894554858928126,-0.4381527744011342,-0.0688069610220026,0.9998812675476074,0.0494563546105641,-0.3560906885425802,0.1845278113856746,0.8174881339073181,-0.0113048115249177,-0.3722154694172067,-0.2042303898613112,0.9471967220306396,-0.0008683461374173,-0.5577723991393805,-0.0182009444021654,0.9066554307937622,-0.0140454823414865,-0.5712963240988044,-0.3704653035268772,0.9595271348953248,-0.0233012885618937,-0.595981989309077,-0.0622221870422913,0.9027147889137268,-0.0311609772672047,-0.6160807996301881,-0.436405267383929,0.9520208835601808,-0.0218308420992335,-0.6093559119993214,-0.0816607976728964,0.902108907699585,-0.0315958374604286,-0.6241672693005145,-0.4489109634366718,0.9521633982658386,-0.0136995898354995,-0.5929987037886629,-0.0315022540889479,0.8675651550292969,-0.0236534548134548,-0.6080288654354985,-0.3814801186313755,0.941050350666046,0.0344861819214088,0.0169046970744274,0.1767400616296136,0.9985328912734984,-0.0344861819214088,-0.0169046970744274,-0.1766074615356576,0.9996656775474548,0.0923760638324643,0.3160577985341471,0.0935416958851586,0.8128138780593872,0.0204931002929557,0.3355090388120925,-0.3319708853081151,0.9939029216766356,0.0409018336454288,0.637551409233551,0.1603980149707593,0.8426505327224731,0.0123274918034586,0.7200674155218828,-0.3084230086701792,0.9948719143867492,0.0158928315382572,0.6927287028082267,0.1592537734029749,0.8632742166519165,-0.0102152710435439,0.7692128313518016,-0.3166001190265622,0.9833788871765136,0.1061456806185627,0.73372290988849,0.0619480019544677,0.9000561833381653,0.0925871604335443,0.8045783534028719,-0.4788833347923895,0.9904325008392334,P4,P4/tom_DTL_2_frame30.jpg,5
0.2395488927683967,-0.4115670190797086,-0.0521966012898066,0.9985607266426086,0.2459169878809479,-0.4304961459887055,-0.0218164070143543,0.9986910223960876,0.2459100028540532,-0.4301465986682533,-0.0220101989641738,0.9986902475357056,0.2456553453481115,-0.430296125599915,-0.0219537563951558,0.9986215829849244,0.2418354827589861,-0.4424796699683295,-0.0638153758962715,0.998778223991394,0.2393002731670589,-0.4502648968085061,-0.0640172239351076,0.99857759475708,0.2365812034604281,-0.4582678433852827,-0.0641032196793561,0.998635232448578,0.2272198467380564,-0.4472254629870086,0.1269280758454764,0.998159646987915,0.217049529189046,-0.476549730598797,-0.0679081502936154,0.9985992312431335,0.2246317166881301,-0.4004806566900549,0.0065762603830731,0.997637927532196,0.2203793743829633,-0.409937495178369,-0.0503427536937064,0.9988216757774352,0.1693908090766033,-0.318860854205731,0.1871803554855399,0.9973742365837096,0.087504628447989,-0.4387701471260836,-0.1021258510105559,0.9998749494552612,0.0517600556073684,-0.3569573092798639,0.1812806271445802,0.7942807674407959,-0.0111557390974555,-0.3773932485583973,-0.2245014429767863,0.9493972063064576,-0.0017585101183193,-0.5554995065526112,-2.781555489533902e-06,0.898291289806366,-0.0148631901096903,-0.5698094884517534,-0.3531696192510544,0.9610227346420288,-0.023989305333082,-0.5943281759502553,-0.0412681382448776,0.8977376222610474,-0.0319703497068836,-0.6138179696578405,-0.4134934362216457,0.953984558582306,-0.0221502306249005,-0.6068879350511228,-0.0654146658782341,0.8978556394577026,-0.0323303153725348,-0.621638032839776,-0.4248469166948795,0.9542669057846068,-0.0140941860046953,-0.5906120232519737,-0.015498542680484,0.8622949123382568,-0.0244277637585841,-0.6055281042220915,-0.3621191553623531,0.9433188438415528,0.0345614395139686,0.016792655801501,0.1769213044169092,0.9984098076820374,-0.0345614395139686,-0.016792655801501,-0.1767867242588994,0.9996353983879088,0.0930767856654003,0.3100088124952427,0.0853702217711113,0.811333179473877,0.0217532087996214,0.3298427371676797,-0.3437673586847483,0.994130551815033,0.0391793710233883,0.6294453394683571,0.1467868180816897,0.841806948184967,0.0114560952539288,0.7095181360809283,-0.3244027035098364,0.9951268434524536,0.014539570261949,0.6816831590762963,0.1445213459584282,0.8634001016616821,-0.0109172418656007,0.7579814365794145,-0.3325801869662665,0.984058678150177,0.1043405558991514,0.7249170422363583,0.0476347127821885,0.9007439017295836,0.0924886227228069,0.7952988835693556,-0.4969866761947645,0.990808129310608,P4,P4/tom_DTL_2_frame31.jpg,5
0.2395891087234765,-0.4168124190750274,-0.0526577655167452,0.9985383152961732,0.2454425676617919,-0.4368351255794866,-0.0251653617403543,0.9986948370933532,0.2452910579769603,-0.4370205881803461,-0.0253732954781186,0.9986854195594788,0.2448069167470155,-0.4377222421367878,-0.0253272159897398,0.9986122846603394,0.2412796190609034,-0.4471114423935726,-0.0687336796653822,0.9987952709197998,0.2386851643636606,-0.4539280105804038,-0.0689489476938405,0.998601734638214,0.2359075660913466,-0.4611438079760105,-0.0690566263047195,0.998669981956482,0.2240101313268818,-0.4547397885306871,0.1123052308475187,0.9981081485748292,0.2161172378633089,-0.4780225101336139,-0.0890808862591458,0.9986176490783693,0.2244302912299511,-0.4051889861267731,0.0025766752672587,0.9975058436393738,0.2203263291311634,-0.4131403309326496,-0.0563179723683457,0.9987949132919312,0.169340465999727,-0.3192893572825941,0.174658259712059,0.9968937635421752,0.0855300415419531,-0.4390252373187799,-0.1256229945795305,0.999867856502533,0.0509260144274399,-0.3499696522256058,0.1716221643921059,0.777332067489624,-0.0123364144537385,-0.3758097241131635,-0.2608008511042058,0.9509742259979248,-0.0004366012012858,-0.5551497401184801,-0.0101841866393312,0.8903329968452454,-0.0160143893538865,-0.5770292132707231,-0.408066778205579,0.9627478122711182,-0.0243232209043501,-0.5944753929311487,-0.0504261194309625,0.8927406668663025,-0.0332554541564522,-0.6231875187952415,-0.4707715408468856,0.956207811832428,-0.0224419558302905,-0.6065693502656169,-0.0755082749720013,0.8935085535049438,-0.0337095669755493,-0.6298104483287547,-0.4800715478041226,0.9565864205360411,-0.013919952293908,-0.5895988087405792,-0.0258962134950417,0.8569604754447937,-0.0256117667718155,-0.6149006287964666,-0.4165165351693279,0.9458170533180236,0.0349025570880993,0.0160335064510895,0.1777251118548061,0.9981896877288818,-0.0349025570880993,-0.0160335064510895,-0.1775995871512427,0.9996092319488524,0.0930629508485516,0.3038549324934664,0.0908047474578286,0.8087624311447144,0.0257471622005289,0.324171976886433,-0.3741199867843327,0.9943613409996032,0.0384963335134743,0.6254097401223719,0.1642562100767107,0.839310348033905,0.0114459680132542,0.7062647743307334,-0.3645090519848724,0.995393693447113,0.0137169483441375,0.6779306794012235,0.1630708905879218,0.8626396656036377,-0.0113991117998919,0.7541989184492459,-0.3734731272449131,0.9848223328590392,0.1043891917227131,0.7223290822012668,0.0660395142920201,0.9003418684005737,0.0930577776371779,0.7934082929304042,-0.546417835017162,0.9912195205688475,P4,P4/tom_DTL_2_frame32.jpg,5
0.150990894145799,-0.4401312298095968,-0.3389170681697309,0.9985372424125672,0.1600111398595084,-0.4709990078771767,-0.2988009022192052,0.998690903186798,0.1623245336096272,-0.4692137294264071,-0.2990566180132037,0.998682141304016,0.1645200493555375,-0.4678873440398853,-0.2991586919926586,0.9986131191253662,0.149337568684815,-0.4829379930569046,-0.330760553359736,0.998753547668457,0.1436367748497837,-0.4895139840554525,-0.3308992708361246,0.9985355734825134,0.1375034178804204,-0.4967280208441504,-0.3309836600815461,0.9985544085502625,0.1518483762412615,-0.4798767443619176,-0.0679805726345004,0.998141586780548,0.1142935239915486,-0.5110877822070642,-0.2162178808896576,0.9984432458877563,0.1420775455208263,-0.4165482881348895,-0.2497440111900788,0.9975723624229432,0.1295492916561381,-0.4282694750464193,-0.2927726526313608,0.9987475872039796,0.1442546181821872,-0.3605010282182571,0.038136177213018,0.9971097707748412,0.0180635756171261,-0.4228589171208752,-0.186438396480593,0.9997957348823548,0.0778206255900371,-0.3412149005672613,-0.1564494101579755,0.7815437912940979,-0.0223798034140474,-0.3612303794105347,-0.4756810942970418,0.947664201259613,-0.0170034622637857,-0.485481197347395,-0.485053275318221,0.8902589082717896,-0.029971013415388,-0.4706504699800186,-0.8142659442727191,0.9562847018241882,-0.0366400691892606,-0.5220396983551537,-0.5634735438282774,0.8900843858718872,-0.039224103071533,-0.5200772692238442,-0.9012810845250449,0.9500700831413268,-0.0340054381605601,-0.5349987559809767,-0.5694997003686976,0.8905262351036072,-0.0373445464846131,-0.5284250703679975,-0.9053438412454948,0.95005863904953,-0.0286884303546709,-0.5200531840114557,-0.4972022629228423,0.8529887795448303,-0.0294374379923235,-0.5038896404451818,-0.8261624618235505,0.9362972378730774,0.0414786488216095,0.0174892616043416,0.1580082754786852,0.9982985854148864,-0.0414786488216095,-0.0174892616043416,-0.157888516765197,0.999602198600769,0.115083785897272,0.2978186866308693,-0.0748070240579709,0.8219743371009827,0.0249487309540409,0.3162038938688455,-0.47125921310623,0.9941207766532898,0.0436350336808937,0.5988567835403448,0.0920937226559812,0.8467705249786377,-0.045370564337813,0.6640334309769507,-0.3915990111684769,0.9949797987937928,0.011313406672061,0.6598416333326962,0.0982182979263691,0.8669577836990356,-0.0584341529987628,0.6921594989229694,-0.3970948986940825,0.9809672832489014,0.0953270562500611,0.7087075565348809,-0.0629064189978583,0.9045904278755188,0.016333505083922,0.7600589280522568,-0.6339944996893487,0.990702748298645,P5,P5/eric_DTL_1_frame28.jpg,1
0.1468187167619952,-0.4187693982182277,-0.2360539843695235,0.9986022710800172,0.1548145243032168,-0.4570667061559347,-0.2071277068124694,0.9987125992774964,0.1561115583870963,-0.4578774984418463,-0.207318448836375,0.9987173676490784,0.1572091790279518,-0.4590752053612795,-0.2073662584283152,0.998635470867157,0.1464612907928152,-0.4654044654167313,-0.2330864466473809,0.9987580180168152,0.1423716509990738,-0.4715203560078172,-0.233173715575814,0.9985376000404358,0.1382514714598855,-0.4782460488201328,-0.2332024597243729,0.9985309839248656,0.1430512333270132,-0.470446793445593,-0.0291624003726377,0.9981690049171448,0.1198004433779448,-0.4898570498228645,-0.1510704712178728,0.9983795285224916,0.1349697042823189,-0.4019551953841362,-0.1644385148698667,0.9976627826690674,0.1263408539487626,-0.407741338475147,-0.1999648226537642,0.9987843036651612,0.1333648202213904,-0.3628457521124387,0.0357044915783477,0.9973753690719604,0.0080621716343392,-0.4245540230809754,-0.0898241722926168,0.9998054504394532,0.0808361076921667,-0.3377485046284184,-0.1311954472135475,0.7970975637435913,-0.0610800456312677,-0.2743525477652174,-0.2617841286623917,0.9510493874549866,0.0064110400047797,-0.4533411491783733,-0.4255575427662136,0.8985524773597717,-0.0324045093112106,-0.4365946826821757,-0.5215432911821231,0.9586291909217834,-0.0142272878571877,-0.4937819034566604,-0.490480399311673,0.896775484085083,-0.0379505971564611,-0.495285183010748,-0.5769997901300228,0.9520164728164672,-0.0151854650714133,-0.5129167765843562,-0.4802414095116619,0.8968234062194824,-0.0373616997705469,-0.5088530634578777,-0.5828429251742961,0.9520378112792968,-0.0060825187659941,-0.495691075497559,-0.4278067979380556,0.8612897992134094,-0.0327258481624436,-0.4842003648879837,-0.5294388372645827,0.93827486038208,0.0370328281713929,0.0114152663435761,0.1176093918223061,0.9983503818511964,-0.0370328281713929,-0.0114152663435761,-0.1175230060939683,0.9996050596237184,0.1096547078293274,0.2772896187336565,0.0416226913315543,0.8307689428329468,0.0204781255835089,0.2964514112163257,-0.4119727574313078,0.9939789772033693,0.044687501500566,0.5730159591675434,0.1464025470377106,0.851367175579071,-0.0398792141978068,0.6479509179777665,-0.4554994566379137,0.994292974472046,0.0200206133357511,0.6131267323721764,0.1466588794422536,0.8662705421447754,-0.0587759006683738,0.6967160594294555,-0.4699562889298093,0.9764304161071776,0.1110719739129686,0.6522053439314532,0.0127603636657042,0.9068477153778076,0.024345169756516,0.7327795864449257,-0.6822413295620733,0.9899595975875854,P5,P5/eric_DTL_1_frame29.jpg,1
0.1421833696762666,-0.424896975062563,-0.2040334989740669,0.9981576800346376,0.1464351472045053,-0.4607190644443298,-0.1832866867286106,0.9979465007781982,0.1461697112103515,-0.4625057361967278,-0.183401618230381,0.998021960258484,0.1458415027949021,-0.464587122124854,-0.1834028186358255,0.997861921787262,0.1420601085318383,-0.4647653091379159,-0.2367441813608283,0.9981008172035216,0.1390091463426933,-0.4692640774059164,-0.2368176549574893,0.9979387521743774,0.1358615661543527,-0.4743073612948382,-0.2369040109540431,0.9978387951850892,0.12765284238633,-0.4794945767243798,-0.0416618862004208,0.997060775756836,0.1145580585644402,-0.4924025657478247,-0.2826685755430349,0.997992992401123,0.1301402581365303,-0.4081022488787494,-0.140490724803995,0.9970873594284058,0.126044357646994,-0.4124225959082354,-0.2096687144989697,0.9985175132751464,0.1173982178462493,-0.3750536816375283,0.0911743874104822,0.9974048733711244,0.0065064024567406,-0.415292853160703,-0.3226805190990104,0.9998080730438232,0.0934818082199084,-0.2619742590771415,0.0133496668614723,0.7404402494430542,0.0211238273895902,-0.2396124623360396,-0.3436296728573276,0.9548712968826294,0.0714016090291894,-0.3903171003686361,-0.2709043094046134,0.8259182572364807,0.1016887752970367,-0.3558617165027636,-0.2055826222002607,0.9571877717971802,0.0668465095398397,-0.3867796519144504,-0.3485839803524446,0.8260416388511658,0.125051475953442,-0.3684535011652047,-0.2199789236667694,0.9463419318199158,0.0667519410133543,-0.411038557708849,-0.4546795904273381,0.8260716199874878,0.1164522983559426,-0.3962879756061989,-0.2225069628939043,0.9457669258117676,0.0659748395180058,-0.412912595555065,-0.283864472147624,0.7938910126686096,0.1102216670914515,-0.393585189552337,-0.198203598180785,0.9270154237747192,0.034534112896126,0.0102490616855815,0.1425710713566752,0.998376488685608,-0.034534112896126,-0.0102490616855815,-0.1423032052734508,0.9995905160903932,0.0982784527072472,0.2666688983798749,0.0706667486303074,0.8358547687530518,0.0335449202534524,0.2900030235310636,-0.3858471711094864,0.9936090111732484,0.0339534094427788,0.5757628773192714,0.1850718945719298,0.8552325367927551,-0.0412468386984217,0.6383077485876514,-0.400279323709333,0.9934793710708618,0.0095366356933309,0.6201911125057523,0.1960532182177786,0.861744225025177,-0.0651462669794495,0.6966894966616,-0.4124485656552919,0.9720902442932128,0.096809566337658,0.6634941286179646,0.0899682727205236,0.9078875184059144,0.0167652430549681,0.7371615468410176,-0.6033876028674664,0.9894012212753296,P5,P5/eric_DTL_1_frame30.jpg,1
0.1354435672634851,-0.4562898782922419,-0.2147608784600328,0.9982551336288452,0.1405135401839473,-0.4863137785577116,-0.1929061115738218,0.9980226159095764,0.1407279147155896,-0.4874400529462858,-0.1930237736122772,0.9980729818344116,0.1405909345738915,-0.4891406559165031,-0.1930455007607545,0.9979484677314758,0.1348149589284532,-0.4914083298384161,-0.2500960830888406,0.9982054233551024,0.1313367245289959,-0.4960663865179929,-0.2501840437341496,0.9980505108833312,0.1270667985803925,-0.5017508184445137,-0.2502970096591096,0.997978150844574,0.1213552267771773,-0.5056090721061797,-0.0540005176012874,0.9970314502716064,0.1047496474803419,-0.5213742910412797,-0.3080668139667191,0.99809992313385,0.1223707460734435,-0.4373988774237899,-0.1547753624213949,0.9972938299179076,0.1163949721447448,-0.4425351448295708,-0.2286020935972042,0.9986337423324584,0.1067714768113444,-0.3869137667047581,0.1146839858846236,0.9976266026496888,0.002600335624002,-0.4055745970234466,-0.354207013392438,0.9998250603675842,0.1334973636563051,-0.2219602186611187,0.0633646822645997,0.7183725833892822,-0.0096728655135893,-0.2249328585037297,-0.360140339334217,0.9581843614578248,0.1239099125186944,-0.1469823755354233,-0.2619685441257809,0.7791903614997864,0.0953959042247378,-0.1071265212881455,-0.3488486869056587,0.9581231474876404,0.1251262669024993,-0.1207775743229952,-0.3277870752922806,0.7772212624549866,0.1157204394790367,-0.0807790070162456,-0.3952796184486859,0.9466779232025146,0.1230301535943871,-0.1411795649557253,-0.3617661094309421,0.7782798409461975,0.1205229168957199,-0.1026394763259869,-0.4103205991012107,0.945933997631073,0.112374550096269,-0.1487965390683485,-0.2793750547275359,0.7476276755332947,0.1120406991186844,-0.1154924340205603,-0.3482194076972703,0.924193561077118,0.0305752666817747,0.0098051190475485,0.1608515386467412,0.9983436465263368,-0.0305752666817747,-0.0098051190475485,-0.1607500233102068,0.9995842576026917,0.0752396362059442,0.2853835489794853,0.1743044095932348,0.8139913082122803,0.0460681720226265,0.2936860336854682,-0.4192013156520018,0.992222011089325,0.0254108835835081,0.6058109605856005,0.3443733822272387,0.8391674160957336,-0.0479652798978087,0.6709419075501841,-0.4621300138259556,0.991949200630188,0.0048267813287342,0.6477378618728525,0.3519511407427506,0.8457503318786621,-0.0762882722506263,0.7234418949127058,-0.4779572580522876,0.9673275351524352,0.0996422276288901,0.6857650373273102,0.2397539604136646,0.8962674736976624,0.0244357386656052,0.7629401126724871,-0.6909618663006362,0.9880456328392028,P5,P5/eric_DTL_1_frame31.jpg,1
0.3350627683638287,-0.3827665508095854,0.0036432722684122,0.998421549797058,0.3521717608011078,-0.4001778416948094,0.0624710083410477,0.9982149600982666,0.3559487306185342,-0.3952768134343193,0.0621323474303461,0.9982600212097168,0.3587941541457268,-0.3904800728869155,0.0620509074067715,0.9981483221054076,0.3298891587110777,-0.4208641868873219,-0.0303703057635137,0.9983789920806884,0.3200385416791462,-0.4272259227310457,-0.0304526686530327,0.9982397556304932,0.3063716615919194,-0.4366428931645456,-0.030460360489691,0.9981750249862672,0.315521425651546,-0.4108688768316653,0.3415413645211205,0.9973251819610596,0.2691044967459989,-0.4430506564645782,-0.1039594353827794,0.9982860684394836,0.3138581354787329,-0.363317571919023,0.1120373543604336,0.997553050518036,0.294610750668621,-0.3816658458946891,-0.0113030786728038,0.9987601041793824,0.2306596468367785,-0.3463874378522325,0.4765508601480012,0.9978187680244446,0.0548841274117512,-0.4009175554322394,-0.2215602040699889,0.9998161792755128,0.2366759605218144,-0.295938627337675,0.3127107852893224,0.7102527022361755,0.0628728874996259,-0.3358787208678159,-0.5999580078940219,0.950949490070343,0.0791438095411614,-0.4449941271935798,0.011558793628055,0.7404449582099915,0.0633685012640679,-0.4564223430132232,-0.848629217784476,0.935069501399994,0.0387356569385433,-0.4779856193666045,-0.0622804847905668,0.7351680397987366,0.0632352378771443,-0.4874448485653597,-0.9388631730232382,0.9236950874328612,0.0434433698825363,-0.4957373898648726,-0.0311246444162767,0.7358577847480774,0.0080439930354453,-0.5188978498430797,-0.9538557056339791,0.9222224354743958,0.0537073072939388,-0.4854568331437425,0.0076469531310298,0.7066296339035034,0.0603423659117703,-0.493942875105214,-0.8593685045231805,0.8983230590820312,0.049729422996088,0.0229714693891485,0.2706967069342707,0.9984941482543944,-0.049729422996088,-0.0229714693891485,-0.2702653153722891,0.9996091723442078,0.247177140124124,0.3694675196819058,-0.0353835220873927,0.8154029846191406,0.1222012901725504,0.3651838153723386,-0.7248626851883233,0.9918950200080872,0.1681259415319651,0.7172948446438471,-0.1340215734253961,0.8348069787025452,0.1253778024760636,0.7763040206499963,-0.8385357364159675,0.9906756281852722,0.1220023527103835,0.7521145844505499,-0.1586063051581684,0.840455949306488,0.0897796735122673,0.8380235651236184,-0.8594721126362407,0.9653066396713256,0.2940496481743974,0.8512357310116065,-0.4005143054895179,0.8913199305534363,0.2663407487855718,0.9347808156668392,-1.1600786036436548,0.9862427115440368,P5,P5/grant_DTL_1_frame286.jpg,2
0.3678338476170665,-0.3812218026502605,-0.2309804036637718,0.99857896566391,0.3787503471542255,-0.3954355425411008,-0.1724552464747979,0.9983932375907898,0.381958986809167,-0.3889815515001949,-0.172581575493056,0.9984335899353028,0.384525486170463,-0.3821123914449617,-0.1724330819819652,0.9983331561088562,0.3646885514481017,-0.4139512558547828,-0.2200703043386905,0.9985408186912536,0.3572786235858223,-0.4202231200553575,-0.2200781220474028,0.9984153509140016,0.3496941288652632,-0.4270319720719527,-0.2199449060000411,0.998357117176056,0.3576347445585202,-0.3886474804751472,0.1359340756814656,0.9975924491882324,0.315818536563663,-0.4256840043631368,-0.1021369325117974,0.998457133769989,0.3530721808452675,-0.3565869711369985,-0.1161328647379271,0.9977974891662598,0.3376645937887972,-0.3753362420779983,-0.1808965821156353,0.998883843421936,0.2835749840237224,-0.3099292246366707,0.237313019765567,0.9980337619781494,0.1194677045477963,-0.3811254701516954,-0.1638705718560867,0.9998285174369812,0.2777492160367764,-0.2878401598066544,-0.099808830311784,0.7385135889053345,0.0572011723777644,-0.4132696547457321,-0.6678552289582426,0.9550089240074158,0.1275678816804127,-0.3940867730160067,-0.5826618484926708,0.7649067640304565,0.0345050180799774,-0.4708378298885411,-1.1388244708075197,0.9376426935195924,0.0849601664738017,-0.419631551459829,-0.7150044315645081,0.7585213780403137,0.0201487839819849,-0.4877297793300063,-1.2677942137051608,0.9252850413322448,0.0747397007387009,-0.4421361862123117,-0.6975093731003676,0.7591308355331421,0.0266534039935992,-0.4921675747031138,-1.2833269986462108,0.9235435724258424,0.0915374081311833,-0.4306553225604912,-0.5931320799984271,0.7314622402191162,0.0308762839678568,-0.4751914059161433,-1.1592292060000202,0.901820957660675,0.0492400530968223,0.0202131870109007,0.233211113822281,0.9986347556114196,-0.0492400530968223,-0.0202131870109007,-0.2333184426583755,0.9996339678764344,0.1873942578255546,0.3150457288529684,0.0009760086274132,0.7931252121925354,0.1241355352838567,0.3222550881005183,-0.4985294427809151,0.9911516904830932,0.1228222747653681,0.612916581663454,-0.008335583590772,0.8135195374488831,0.0732526751782107,0.6833206326956294,-0.4158783353705197,0.9893167614936828,0.0821246577511739,0.6558113470976561,-0.0247352446839571,0.8122777938842773,0.0254965549219484,0.7005607135833062,-0.4129700331843507,0.9631434679031372,0.208786945217965,0.7447025324204553,-0.2702265757148204,0.8762925267219543,0.1616504571269679,0.7745980232623147,-0.634499614513047,0.983997642993927,P5,P5/grant_DTL_1_frame290.jpg,2
0.3437944674135826,-0.3512855169656812,-0.0911338088355819,0.9987170100212096,0.359409608470464,-0.3665836855942029,-0.0379945802245232,0.9985514283180236,0.3609770498755832,-0.3616588752021697,-0.0380788888888106,0.9985868334770204,0.3625177228316588,-0.3562734244161747,-0.0379389785973551,0.9984972476959229,0.3509399437242063,-0.382293578462779,-0.0916094268141276,0.9986834526062012,0.3459354122170645,-0.3892191179728266,-0.0915211281106846,0.9985696077346802,0.3404672129318429,-0.3970726303830588,-0.0914339845932866,0.9985177516937256,0.34446580311976,-0.3574998336559961,0.2547148582041001,0.997831165790558,0.3119518039159412,-0.4035921286372737,0.001988472278724,0.9986092448234558,0.3278770128409131,-0.3302661234740717,0.0242614264465261,0.9980148673057556,0.3148015814990625,-0.3469219942115343,-0.0479911685573203,0.9989936947822572,0.2852809747319651,-0.2800082541703659,0.3609441204342993,0.9982095956802368,0.1595312990446062,-0.3849293677895564,-0.140097378482819,0.9998424649238586,0.276220067178653,-0.2472415480606932,-0.0455640994401815,0.7421606183052063,0.1248425758039883,-0.3752201220269636,-0.6569798506896247,0.9591598510742188,0.1974009000892561,-0.2849695525078218,-0.7003694352215154,0.7724380493164062,0.1256513653715255,-0.3040687346765565,-1.0381501368646031,0.9422208666801452,0.1744478048262457,-0.2636578305568136,-0.8399714115050173,0.7676898837089539,0.1255804077367586,-0.2890993824528564,-1.1575201050871982,0.9302347302436828,0.1593359531009891,-0.2900830167312112,-0.8316463707403988,0.7683758735656738,0.1375167990821945,-0.2828300948403979,-1.160063532642374,0.928573191165924,0.1633316752407943,-0.2929289702501835,-0.7195805243786138,0.7412934899330139,0.1377031159854596,-0.2865030022316157,-1.0460502285006517,0.908537209033966,0.0480828265948943,0.0191815854399478,0.2170586346277704,0.9987478852272034,-0.0480828265948943,-0.0191815854399478,-0.2170848454007924,0.9996500611305236,0.171583580778561,0.2996468418321336,0.0379318914645787,0.7693737149238586,0.1090451543559992,0.2923105872100709,-0.4328719255869812,0.9915595054626464,0.1033303029331599,0.6014813935855726,0.0198716929193572,0.7920486330986023,0.0477555504381328,0.6245177684678304,-0.3739904198430138,0.9897817969322203,0.0611424836721297,0.63493834327416,0.0022898084091927,0.7910975813865662,0.0225493909352687,0.6420206163023191,-0.3754773434529934,0.9654251337051392,0.2005067837463639,0.6755002979277929,-0.2327880196011066,0.8602089881896973,0.1690117914142792,0.7179617502234928,-0.6164095043396647,0.9843601584434508,P5,P5/grant_DTL_1_frame296.jpg,2
0.3527520705760305,-0.3541281579591981,0.1373475021203392,0.9988415241241456,0.3726733960301029,-0.3696000462583535,0.1964893434946809,0.9986931681632996,0.3750455763372898,-0.3648718363412895,0.1963745296266762,0.9987244606018066,0.3770044480407124,-0.3600648984376689,0.196472419909216,0.9986445307731628,0.3595451711303432,-0.3858093231600979,0.1349367840106604,0.9988113045692444,0.3528685901282395,-0.3934878337243576,0.1348225164946274,0.9987085461616516,0.3455774297862594,-0.4019709475093835,0.1347510509915971,0.9986628293991088,0.3557938385386839,-0.3631626874659087,0.4606036554743874,0.9980430603027344,0.314372470294159,-0.4108993514770053,0.1846585446198214,0.9987452030181884,0.3324237262286973,-0.3333232347846458,0.2366613913391311,0.9982088208198548,0.3171918596786716,-0.3501781131577333,0.1561260857857925,0.9990909695625304,0.2911438231678699,-0.2805882764232542,0.5983377082775353,0.9983707070350648,0.1489480736045862,-0.3874829191803445,-0.0284902398185569,0.999856412410736,0.2852788280312442,-0.1914685687595989,0.2140050412403719,0.7516831159591675,0.1001286199395216,-0.2676655864701175,-0.1285549399088038,0.962432622909546,0.1706537579469246,-0.2342721808412165,-0.4081147420594719,0.775214672088623,0.1911976581355814,-0.2172110212846666,0.1578991445162047,0.9382355809211732,0.1311650365111805,-0.2346363444188433,-0.5110700538440058,0.7624907493591309,0.1906496004796741,-0.202981510717848,0.1548769386192698,0.9215283393859864,0.1278224284969865,-0.2621767480031803,-0.5125016026151302,0.7614628672599792,0.189242411011093,-0.2133722190749036,0.1244236928119434,0.9192106127738952,0.1389159853514933,-0.2610600578756509,-0.4213070900247886,0.733129620552063,0.1980617577948997,-0.2136033925872232,0.1642148667038274,0.900761067867279,0.0438539937357031,0.0167878503141199,0.2648509143684826,0.9988405704498292,-0.0438539937357031,-0.0167878503141199,-0.2646589982441786,0.9996684789657592,0.1745235289855227,0.2909287203989131,0.1345429575186676,0.7398303747177124,0.1075486127415608,0.2915893532123069,-0.4727178511146666,0.9920467734336852,0.1226012225422366,0.5878411142432322,0.0737529921190526,0.771934986114502,0.0393707094098562,0.6847571312865093,-0.558727190329075,0.9904008507728576,0.0719814191994903,0.6289240107784582,0.0494052295955061,0.7789694666862488,0.0137622063974606,0.7038895777960741,-0.5687496841085187,0.9678524136543274,0.2160926521242487,0.6751868570317416,-0.1595673969476549,0.8446207642555237,0.1738160964617724,0.7750554134327327,-0.7833321660803491,0.985050082206726,P5,P5/grant_DTL_1_frame300.jpg,2
0.3507365996015221,-0.3579050403718914,0.1171434666680743,0.9989526867866516,0.3701301734359859,-0.3757192427445627,0.1713784959704146,0.9988197088241576,0.3711901660367205,-0.3724243886273579,0.1712836641767899,0.9988480806350708,0.3717713887453017,-0.3691463910632833,0.1713221797588204,0.9987764358520508,0.359854900263603,-0.3897864741642862,0.0945712558935877,0.9989253282546996,0.3542044523045862,-0.39728008769577,0.094425779188103,0.998833179473877,0.3481196744571229,-0.4058931843255615,0.0943188249057824,0.9987923502922058,0.3467693988765094,-0.3739916102359202,0.4253909349421142,0.998232364654541,0.3157089011131841,-0.4210191495774417,0.0895012165482565,0.9988670349121094,0.3297897053419216,-0.3411564129649524,0.2146621702336318,0.9983842968940736,0.3192107952969202,-0.355814718325606,0.1146352402950575,0.9991792440414428,0.2882376451270879,-0.2822577008105368,0.5973723263322775,0.9985270500183104,0.1409641295910356,-0.3928614268838376,-0.0947588671407644,0.9998696446418762,0.2881021359532228,-0.1233063702609707,0.2661433559441912,0.7597822546958923,0.0571918766918428,-0.2166085958762884,-0.1216924510746215,0.965682089328766,0.2057498834680459,-0.1505075930225716,-0.4241225066835989,0.7771349549293518,0.1823727996461251,-0.1611347741060823,0.1958728737278989,0.9392665028572084,0.1657171021976768,-0.1442739521085038,-0.5446112055765286,0.755734384059906,0.2016267048975099,-0.1287583706172271,0.1957405525222801,0.9201456308364868,0.1572297182384701,-0.1728298835052752,-0.4975650583516815,0.7537635564804077,0.2049785319751321,-0.1436933314196772,0.1573015090942122,0.917663037776947,0.1643228244459051,-0.1759543660319138,-0.4260527188396815,0.7246443629264832,0.2001784642840941,-0.1549322193029819,0.2026991209968177,0.8994666337966919,0.0475225637670504,0.0177125978568067,0.289412732959098,0.9989094138145448,-0.0475225637670504,-0.0177125978568067,-0.2891685318549841,0.9996801614761353,0.1691697402196688,0.3023559661323539,0.2210400496080071,0.7268450856208801,0.1041107241031155,0.3272646976682439,-0.4746213192949723,0.992479920387268,0.1043696473266841,0.6114915777317098,0.2238750837730629,0.7641878724098206,0.0355086575432355,0.7251158011013004,-0.5727902726068885,0.9909675121307372,0.056823768976408,0.6445460743805763,0.2111769000044843,0.7742168307304382,-0.0068058880553979,0.7571713827899951,-0.5845745356588384,0.9698623418807985,0.1956286178947164,0.7013620718292426,0.0280971906334439,0.8347204923629761,0.1793554766358145,0.8151851806341424,-0.8087087889362786,0.9855760931968688,P5,P5/grant_DTL_1_frame304.jpg,2
0.3416942859494925,-0.3564108209636585,0.1943133893039593,0.9990565180778505,0.3608774977512112,-0.3748509228654009,0.2423014357975793,0.9989371299743652,0.3614349128296749,-0.372056959682967,0.2422384538447635,0.9989625215530396,0.3619127601567248,-0.3696657393641642,0.2422468844998648,0.9988982081413268,0.3534908112221118,-0.3884513879204187,0.1593893316688446,0.9990320801734924,0.3488298160998219,-0.3954472336872066,0.1592593315182055,0.9989490509033204,0.3435151972467355,-0.4034041741355449,0.1591515513784788,0.9989125728607178,0.3386374295939319,-0.3786324298434284,0.4711603848942288,0.9984076023101808,0.3102023176998482,-0.4202459230142548,0.1052212912598225,0.9989798069000244,0.319549655012053,-0.340213328421188,0.2843660516698076,0.9985451102256776,0.3108848150468086,-0.3543227185122567,0.1770450933589794,0.99926096200943,0.265108451734842,-0.2911729791293088,0.6750018884497633,0.9986693859100342,0.1540920424956888,-0.3902013274283121,-0.1294279543630768,0.9998824596405028,0.2939914352933932,-0.1313866627893697,0.3901990682331542,0.7332121729850769,0.0476964036845512,-0.1777612719996044,-0.1515477066026193,0.9687333106994628,0.2612692526268074,-0.0577689150912717,-0.4124466578572396,0.7541557550430298,0.1942632875186595,-0.0575170423823297,0.0887880778762306,0.9429837465286256,0.2488776222882126,-0.0237577238313189,-0.4818659393148807,0.7341967821121216,0.2082275380964153,-0.0209271727077918,0.0737514052652883,0.9240110516548156,0.2565757471351725,-0.0586670278200064,-0.4537976160200253,0.7322628498077393,0.2261528741160889,-0.0267333042635171,0.0459228356126668,0.9216681718826294,0.2146067337897466,-0.0692191222768859,-0.3855732283916135,0.7041481137275696,0.2017536766157372,-0.044861196414906,0.0985163168696103,0.9035700559616088,0.0405345346248203,0.0183419922193377,0.3061967371337846,0.9989594221115112,-0.0405345346248203,-0.0183419922193377,-0.3059809288938871,0.99969881772995,0.1574767576607451,0.3163099416045073,0.3100983947225862,0.7045853734016418,0.103872779047648,0.3485317951971063,-0.4583619616714152,0.9928832054138184,0.1012893067311426,0.6276222955593626,0.3923624404549378,0.7486264705657959,0.0270669763678703,0.7451898197331289,-0.6114066468021476,0.991323173046112,0.0531684498685164,0.6671843293222014,0.3882296286298615,0.7653699517250061,-0.0128632511033803,0.773940778130747,-0.6314911121648936,0.9711555242538452,0.193456038517128,0.7244720082936864,0.2453634717713066,0.8182803988456726,0.175695568641658,0.8272023509216244,-0.8497542706641711,0.9856234788894652,P5,P5/grant_DTL_1_frame308.jpg,2
0.3451063774396123,-0.3534309124608097,0.1474741915345834,0.9991472363471984,0.3645376996216014,-0.3728435919721655,0.2004281148848346,0.9990401268005372,0.3655314205473194,-0.3705868855951845,0.200266905719582,0.9990617632865906,0.3664668831273086,-0.3688623830774713,0.2002333239445797,0.9990056753158568,0.3558741842544701,-0.3856678629071134,0.1112504352310851,0.999125599861145,0.3504935544112298,-0.3926614166649614,0.1111955267402357,0.9990498423576356,0.3443007477443903,-0.4006478036023069,0.1110609083484979,0.9990186095237732,0.3446829224923717,-0.3789250974565935,0.4397285561158661,0.9985582828521729,0.3106058960672565,-0.4175497703493038,0.0956108852229287,0.9990774393081664,0.3244740455893881,-0.3378133480426485,0.2420188727399831,0.9986868500709534,0.3144963329108913,-0.3513692883158122,0.1262652407719904,0.9993326663970948,0.2635104042214305,-0.2955397052783149,0.6760270141466627,0.9987958669662476,0.1583532024346099,-0.3841889886718209,-0.2283441409256713,0.9998935461044312,0.2988010906984249,-0.1303959932917567,0.5283827221135855,0.7265568375587463,0.0513166418987149,-0.1665772556804597,-0.4079806706109214,0.9715366363525392,0.2850744257302063,-0.0067136362776555,-0.077154114196706,0.7614773511886597,0.2074376896877581,-0.0059776946607529,-0.4221263240532082,0.9480075240135192,0.2867714635992187,0.0368827483554172,-0.1584455557836248,0.7415276765823364,0.224871804809884,0.0399302701625635,-0.5023303111974418,0.930338442325592,0.275607389065127,0.0167207555497107,-0.1901021560092262,0.7397422790527344,0.2507039991791728,0.0267497910565877,-0.4942525973676489,0.9281500577926636,0.2570460581793558,0.0020716112899796,-0.1063206001444739,0.7110307216644287,0.2236215252264038,0.0106442991219126,-0.4052520161493979,0.9108405709266664,0.0406186896145929,0.0171594686351184,0.3243866303287254,0.9989615082740784,-0.0406186896145929,-0.0171594686351184,-0.3243489843405568,0.9996976256370544,0.1528182157172575,0.3228805133812873,0.3311526713754675,0.682796835899353,0.1098702742142163,0.3630545808496914,-0.4664599819225145,0.9929661750793456,0.0979620464106813,0.6342267620544801,0.4540449619952771,0.7300073504447937,0.0291497852219923,0.7488628741120809,-0.5601050016884789,0.9914844632148744,0.0567332254638907,0.6806929527981568,0.4525091055494479,0.7560059428215027,-0.0088987958576676,0.7857126648890572,-0.57726114127527,0.9719012975692748,0.1978051993208089,0.7249244643679518,0.3014846088130434,0.8002942204475403,0.1742103473640637,0.8355864695006233,-0.8091114358993207,0.9853981137275696,P5,P5/grant_DTL_1_frame310.jpg,2
0.3799670657721702,-0.3071343851501011,-0.2386953230395725,0.9991812705993652,0.3935012058789012,-0.3342955473766198,-0.1884949657941395,0.9990854263305664,0.3950436795120959,-0.3324281548404006,-0.1889651095246025,0.9991090297698976,0.3965931478805244,-0.3314539361878836,-0.1890226311333402,0.9990485310554504,0.3816218587115233,-0.3571649687377077,-0.2420611862712294,0.999162495136261,0.3734693602823761,-0.3705332529109139,-0.2426286005385377,0.999088168144226,0.3669966744224567,-0.3831936564270444,-0.2429541920122577,0.9990602731704712,0.3660928739217647,-0.355238457237349,0.0979072511155522,0.9986252188682556,0.3302487567585117,-0.4150390045198522,-0.138999218830775,0.9990968704223632,0.3552999974559926,-0.3006836923519266,-0.1274886337686383,0.9987074732780457,0.3405368016601973,-0.3177632216232265,-0.2017342172794027,0.9993419647216796,0.2916543635069793,-0.2857586760467799,0.1866033438986128,0.9987333416938782,0.098246167896178,-0.4127952414223983,-0.2169148104488617,0.999894678592682,0.0894013251930225,-0.2954342780730897,0.0653422523784963,0.715675413608551,-0.0673318594172322,-0.3508924399167867,-0.6120706074959074,0.9643120765686036,-0.053991150642544,-0.4240373278557342,-0.18797051198001,0.7576606869697571,-0.1071937794016148,-0.4067019526918436,-1.1885770217520533,0.9418647289276124,-0.1111234754616262,-0.4504476994148005,-0.2742902191315862,0.7383327484130859,-0.1589400235765225,-0.4259049894202316,-1.3407330937507518,0.9266133308410645,-0.1066567989582806,-0.4636898093255198,-0.2996494467648309,0.7369786500930786,-0.1334645925413526,-0.4571928436634908,-1.3459573538855747,0.924961805343628,-0.0914012814133363,-0.4526568251214331,-0.2067278192941837,0.7083406448364258,-0.1149662753877713,-0.4343348560042273,-1.2020585668303916,0.907383680343628,0.0584932043644759,0.0258838159615132,0.3073354501595385,0.998666763305664,-0.0584932043644759,-0.0258838159615132,-0.3069173802151791,0.9996808171272278,0.2621259542033022,0.3023863723248034,0.2647594888330998,0.6993261575698853,0.0505844455553993,0.3059196552168523,-0.8671269693469816,0.9934130907058716,0.2541590852861292,0.6240581040311312,0.3742118110732035,0.746990978717804,0.0302391820147437,0.6580564181774925,-1.0760800224159568,0.9920212030410768,0.2130519679159889,0.6546069375941101,0.3708755577664186,0.7685523629188538,-0.0065525872585517,0.7069509626032306,-1.1139380852699912,0.9725427031517028,0.3960626241158676,0.7392229222882314,0.228682342738103,0.8145980834960938,0.1774245530308449,0.7923219751601862,-1.4649430462641448,0.986297369003296,P5,P5/random_1_frame34.jpg,3
0.4309289926117879,-0.2971112206438486,-0.1814495285473563,0.9984076619148254,0.4507950027766221,-0.3141693784218108,-0.1675235866109834,0.998166561126709,0.4517795157490388,-0.3158091242886036,-0.1676947474887921,0.998141348361969,0.4523605982396987,-0.3179126666709476,-0.1678551541814464,0.998155415058136,0.4430511576500706,-0.3173228501183114,-0.2591698909731531,0.998560667037964,0.4387258362640724,-0.3209555663311376,-0.2594237729243382,0.9986088275909424,0.4348060843137842,-0.3246075925449315,-0.2599407165040914,0.9986087083816528,0.4162674139077786,-0.3389010335074143,-0.0370372057176921,0.9981582760810852,0.3965223734720839,-0.3430228571909063,-0.4672561844477432,0.9985135197639464,0.4011274225028702,-0.2906749299520572,-0.1202904330130812,0.9979667067527772,0.3907499309058695,-0.2943140630267434,-0.2480748100324975,0.9988719820976256,0.260525066841069,-0.3268414328722671,0.1819134438936828,0.9981369376182556,0.1971215996020074,-0.3293289174892373,-0.6203688361672787,0.999878466129303,0.1982348063039506,-0.297901148221898,0.7236175100493732,0.6593464612960815,0.0933864919416885,-0.2049829089498303,-1.2313325729709044,0.9588533639907836,0.2172681692270559,-0.3578629197192451,1.574269396680576,0.717631995677948,0.0573946702610021,-0.2481506834824538,-1.8638741366713076,0.9425613880157472,0.158607357056446,-0.3586717413905492,1.715563228623185,0.7062982320785522,0.0093742033621045,-0.2525994700438704,-1.9977164471943225,0.929206907749176,0.1689393364665504,-0.3679063780071977,1.674164725502307,0.7057652473449707,0.0185456814217415,-0.2711152655256527,-2.008120794546515,0.9279868602752686,0.1808278802008172,-0.3629650378826348,1.577853808183289,0.6788435578346252,0.0463013420742805,-0.2680128316470945,-1.8819897695176504,0.9094533920288086,0.0353570276796423,0.0024728684316223,0.2897889573999636,0.9984753727912904,-0.0353570276796423,-0.0024728684316223,-0.2892436726803284,0.9995982050895692,0.1722990389733865,0.2010752183232236,0.4357284487907786,0.696155846118927,-0.0170709320862947,0.2412643806450327,-0.452311788498791,0.990626573562622,0.1129248856593346,0.4416140182549701,0.6617820743042796,0.7508175373077393,-0.116102480003198,0.5085449770554307,-0.5077811922479221,0.988780677318573,0.0563771223330837,0.4854398776205742,0.6612099635371462,0.772162914276123,-0.168140199503424,0.5500654005516495,-0.5292142238451352,0.9683289527893066,0.2436282812558095,0.497224325595778,0.5314023737394117,0.8139235973358154,0.0354796610396343,0.5827861674837885,-0.8219086234060922,0.9815244078636168,P5,P5/random_1_frame35.jpg,3
0.4180331959655277,-0.3096341309624579,-0.2682450953669401,0.9981833696365356,0.4398940166973025,-0.3311541899296019,-0.2176094152640716,0.9976208209991456,0.4434435347691615,-0.3324079573500568,-0.217984193609496,0.9977193474769592,0.4463761435638889,-0.3339194289916278,-0.2180500468242275,0.9975977540016174,0.4219426718808056,-0.336467112494055,-0.3257257144987185,0.9980319142341614,0.4132132236857706,-0.3417473515387413,-0.3259265832708738,0.998128056526184,0.403906136623151,-0.3476004617974572,-0.3260984697279961,0.998047173023224,0.4176783821693657,-0.3530975036143387,0.0632855980458858,0.996776282787323,0.3706961675323168,-0.3673816445949031,-0.4237970695507922,0.997980773448944,0.400031790786701,-0.3018969192974607,-0.151294537974398,0.9971869587898254,0.3822010174193242,-0.3085082746683069,-0.2931676279331348,0.9984387159347534,0.3414128630024727,-0.2898240913145463,0.3754422725481098,0.9981151223182678,0.1632323503998885,-0.3309280400471472,-0.6147679106302092,0.999880850315094,0.1875684615787916,-0.1610871572291754,0.383495529457991,0.6074732542037964,0.084827158503241,-0.1563158652015084,-0.670692612297471,0.9592510461807252,0.1118247495470603,-0.1186162720364668,0.1555972982587685,0.6702973246574402,0.1005400899755636,-0.1177345070578862,-0.5805105633320342,0.9407882690429688,0.0589365413362028,-0.1007683100233778,0.3388113238345566,0.6648167967796326,0.0810989788876286,-0.1044818102846228,-0.6627853961438601,0.928225874900818,0.0749062987776708,-0.1268935459311596,0.2020624420480692,0.6650444269180298,0.1025349765947201,-0.1392683671274269,-0.6782068106941946,0.9270525574684144,0.0860750290890354,-0.1284523177145811,0.1282524134512864,0.6399192810058594,0.1064099497540063,-0.1397300767348795,-0.579516256636637,0.9064159393310548,0.0484848410266293,0.0056582637857881,0.3431638465029097,0.9982914924621582,-0.0484848410266293,-0.0056582637857881,-0.3425513912179153,0.9995746612548828,0.1464780630194528,0.216071376500387,0.4646283837787752,0.7068389058113098,-0.006619824229135,0.2619684480953552,-0.7278515716449814,0.9912543892860411,0.0964783000756532,0.4711388342714166,0.7557872612580732,0.7661578059196472,-0.14739684004537,0.5459372962535425,-0.8877942410917702,0.989414632320404,0.048039316348351,0.5128923130686323,0.7624280380699378,0.781328022480011,-0.1995591730024458,0.5850836213434579,-0.9275347036398628,0.967710018157959,0.2673995582821507,0.5273711750575572,0.5971708777516053,0.8261023759841919,0.0042607139712733,0.6266824023292635,-1.32948654143136,0.9825281500816344,P5,P5/random_1_frame36.jpg,3
0.2277096272580202,-0.3564497555232595,0.0118910862015176,0.9983370900154114,0.2422073216552713,-0.3753307583692395,0.047037232672811,0.9978442192077636,0.2433555601955681,-0.3741535609853931,0.0467888901958206,0.997933566570282,0.2446130265992819,-0.3728869582704749,0.0467496275102263,0.9978256821632384,0.2378970221219705,-0.3867474765354258,0.0032841820422452,0.9982081055641174,0.235868761034592,-0.393449531823309,0.0031050154488931,0.9982898235321044,0.2338968677243764,-0.400264730536554,0.003057723758227,0.998220145702362,0.2369461931630547,-0.3904001248104237,0.2227599083017216,0.9970766305923462,0.2219998406263013,-0.4263728818420492,0.020739835579638,0.9981542229652404,0.2167537217882062,-0.3488953313445294,0.0794959665977689,0.9974313974380492,0.2107045864546094,-0.3641249095286193,0.0200774797838552,0.9985699653625488,0.1942505794207145,-0.3046144044598101,0.2795258491698854,0.9982866048812866,0.1121733856770185,-0.4343743326761378,-0.0227343236706461,0.9998881816864014,0.0963439107733106,-0.290478491671412,0.0855582608706618,0.618927538394928,0.0340646139643228,-0.3909374541131329,-0.2810697022214641,0.958459198474884,0.0356965059790029,-0.4076209293918313,-0.3040230118512909,0.6966685056686401,0.0088942397445943,-0.4086486012539129,-0.5838899023878533,0.9428987503051758,0.0134170400876048,-0.4441355023075611,-0.3764223028355447,0.6919313669204712,0.0026252619226414,-0.4361616235555001,-0.6700088533748062,0.931256890296936,0.0196749238173809,-0.45533270428222,-0.3987977815687963,0.6922890543937683,0.0092727440659198,-0.4434946553359377,-0.6615789748045966,0.9301804304122924,0.0260176447226265,-0.4382298560043978,-0.3226423042470786,0.6670578718185425,0.0139555930034217,-0.420810662951123,-0.5870582038077068,0.9098076224327089,0.0364504148017809,0.0203111618462985,0.1705572387801066,0.9984033703804016,-0.0364504148017809,-0.0203111618462985,-0.1703459615835046,0.9995779395103456,0.1044319118412196,0.3296436553011134,-0.0024708190056997,0.7277853488922119,0.0060944498056865,0.3435078444053875,-0.3824293866653391,0.9917781352996826,0.0303035535679798,0.6723060646232645,-0.0007589031717477,0.7810811400413513,0.0021383454799708,0.7306978610147769,-0.3836694369758195,0.9900564551353456,0.0105165875770341,0.7289417314825581,-0.0100311541279581,0.7920733690261841,-0.0185473235515012,0.7972082488018916,-0.3939088761839521,0.9690412878990172,0.1001619099662668,0.7878032321590258,-0.1582316819781515,0.8373255133628845,0.0627022182861239,0.8061768434363324,-0.5869649237017939,0.9834408164024352,P5,P5/rob_DTL_1_frame903.jpg,4
0.2269204860759183,-0.3500087639449829,-0.0025137958149178,0.9984269738197328,0.240376781661354,-0.3720099849160779,0.0313850123350666,0.9979856014251708,0.2414569838397762,-0.3713542843842238,0.0312765565354343,0.9980817437171936,0.242594924747904,-0.3707508739977228,0.0313390399045924,0.9979634284973145,0.2357140946100843,-0.3829097559300268,-0.0172123905515859,0.998308002948761,0.2334277222358963,-0.390168246153414,-0.0173739941911698,0.9983969926834106,0.2312344637286278,-0.3978971850406702,-0.0174646785587233,0.9983404278755188,0.2341531158541697,-0.3903796024329984,0.1995140254606776,0.9972310662269592,0.2182678088355267,-0.4270507708235103,-0.0210434912280309,0.9982978105545044,0.2155614075332689,-0.3414914067697042,0.0634205002535599,0.9975137710571288,0.2090882453560327,-0.354755050171094,-0.000905707706689,0.9986499547958374,0.1904911697729339,-0.3087275239371725,0.2817514811552408,0.9984108805656432,0.1039880621159817,-0.4351017454426457,-0.0775709566673006,0.999897837638855,0.0905464045183587,-0.2773509970606659,0.161784337411191,0.6201859712600708,0.0161144321889889,-0.3325703664194132,-0.1095471937722777,0.9621363878250122,0.0276925112937471,-0.3675937039929886,-0.1509509659364035,0.7022534012794495,0.0890020154819651,-0.3138027582782965,0.0266384389400975,0.9463634490966796,0.0088805012562652,-0.3963398657817087,-0.2083443712781457,0.6940291523933411,0.1234380444556334,-0.2816084558159876,0.0123977365360424,0.9332758784294128,0.0166433514819541,-0.4116503064900855,-0.2052514457754783,0.6938928365707397,0.1355931042466752,-0.2928278228971803,0.0172077030917733,0.9319403767585754,0.0221670775052282,-0.398573053466844,-0.1598952745881551,0.6663662195205688,0.121755977011646,-0.3046898789655048,0.0396240266472966,0.9112039804458618,0.0367196770556801,0.0190396307479692,0.1746200331397151,0.9984670281410216,-0.0367196770556801,-0.0190396307479692,-0.174416056845653,0.9995692372322084,0.1020448692338467,0.3270176897091318,-0.0325382951759072,0.7389024496078491,0.0054560253296403,0.3404444653524786,-0.3462866895939105,0.9923107028007508,0.0239670620732623,0.6733180007639237,-0.0925100804181621,0.7904711365699768,-0.0017992933297207,0.7329155922774473,-0.3951658178369763,0.9904722571372986,-0.0021533699904788,0.7307784460567941,-0.1075192327093302,0.8011813759803772,-0.0238125499796839,0.7948767308897936,-0.4083969730376373,0.9705033302307128,0.0967225781873062,0.7835119597963282,-0.2456584319611757,0.8466300964355469,0.0669005242943531,0.8218198991907626,-0.5850700856207758,0.9842779636383056,P5,P5/rob_DTL_1_frame905.jpg,4
0.2267934764620177,-0.3444011047346279,0.0105416850332939,0.99850195646286,0.2401877232002542,-0.3667508270053605,0.0417521357259977,0.99809992313385,0.2412641439281032,-0.3667687239642576,0.0417194559807388,0.998203694820404,0.2423776601707572,-0.3670296128150899,0.041838986820282,0.9980836510658264,0.2354850532005944,-0.376357670491899,-0.01476130365563,0.9983885884284972,0.2331959508078387,-0.3833286173321432,-0.0149519138944294,0.9984795451164246,0.2309933232664813,-0.3913413298798266,-0.0149999229951072,0.998436450958252,0.2331861074804453,-0.390522055911404,0.2031968649299409,0.9973468780517578,0.2167127703137712,-0.4273401678534534,-0.0447702900600085,0.9984081983566284,0.215337389022527,-0.3366539179771273,0.0714413906717156,0.9975576996803284,0.2089202717103357,-0.3479826116091957,0.0026390951874834,0.9987013339996338,0.1877175004554694,-0.3120277025346801,0.2946630764774758,0.9985223412513732,0.0971696266113434,-0.4355278638492628,-0.1228700053243242,0.999906361103058,0.0900653474273155,-0.2486999642757003,0.1769020224572294,0.6140651702880859,0.0145106508992579,-0.3125520020805528,-0.1468194615022938,0.9654443264007568,0.0276094351160654,-0.318072481751998,-0.1690940673892917,0.704087495803833,0.0923792615130877,-0.2920044222209477,-0.0041777568346885,0.9495081901550292,0.0087798006109582,-0.3436835180326663,-0.2269208295945334,0.6943827867507935,0.1156557208554389,-0.2717618228109123,-0.0176780910380692,0.935624361038208,0.0166953001319049,-0.3702679048278987,-0.2236479232362213,0.6938927173614502,0.1316045144268007,-0.2893284201167613,-0.0166202498448934,0.9341657757759094,0.0219945896613443,-0.3618265601146291,-0.178701663361602,0.6641402244567871,0.1240135193105842,-0.2930543229097037,0.0076700309085279,0.9130389094352722,0.0365536843743443,0.0186317917594807,0.184358058233399,0.9985167980194092,-0.0365536843743443,-0.0186317917594807,-0.184125865529162,0.9995635747909546,0.1017210673083224,0.326099430516986,-0.0265373488079492,0.7472277283668518,0.0074074292628012,0.339583650148587,-0.3470499360012159,0.9927753806114196,0.0238056805519205,0.6708710023007844,-0.0834374019055707,0.7986325621604919,-0.0027739066043349,0.7335484301532931,-0.4065196186957606,0.990998923778534,-0.0015518697109138,0.7264843377769706,-0.0986103419712888,0.8107473850250244,-0.0247409593539217,0.7948321730065946,-0.4209974449454049,0.9722160696983336,0.0984069572696402,0.7802531475893683,-0.2304071165127872,0.8552843928337097,0.0669140854474311,0.8271548942729382,-0.5867964584897494,0.9852484464645386,P5,P5/rob_DTL_1_frame907.jpg,4
0.2249031572797139,-0.3449419923776446,0.0417451524030253,0.9986194372177124,0.2385254361572428,-0.3660629624185465,0.0795465075029013,0.9982654452323914,0.2396244602050475,-0.3657072353314171,0.0794301866592347,0.9983624219894408,0.2407153403177074,-0.3657208357031091,0.0794885888541426,0.998251974582672,0.2335218838435654,-0.3766988602784392,0.0265898922585563,0.9985203742980956,0.2310899419305943,-0.3839587712633636,0.0264533642758114,0.9986048936843872,0.2286515663088587,-0.3921825984120388,0.0264027166341493,0.9985705018043518,0.2309713662348845,-0.3900980767723492,0.2552319047134982,0.9975764155387878,0.2125051561725184,-0.4287166986688339,0.0180531013172017,0.9985501766204834,0.2130986861658789,-0.3364411899946913,0.1091882936473751,0.997741162776947,0.2065655399532857,-0.3487871513563109,0.0410156848622179,0.9987982511520386,0.1877512581028264,-0.3150297257871707,0.3494175733758779,0.9986525177955629,0.0956104501159806,-0.433105383879071,-0.1074272083919654,0.9999145865440368,0.120020022607746,-0.2460540155625975,0.1787500516248945,0.596724808216095,0.0233468703947069,-0.2989606830347069,-0.0916573738167254,0.9680646657943726,0.03523497972248,-0.2512109181750535,-0.2097555804290581,0.6905916333198547,0.1015296250579994,-0.2586917741204591,0.0339469654797188,0.9495620131492616,0.0150881057642601,-0.2680069700179028,-0.2763417175632515,0.6797589063644409,0.1158221497979539,-0.2465208259251034,0.0132027771432757,0.933704435825348,0.0234852358528188,-0.2893588206201626,-0.2771064330733579,0.6791267395019531,0.1290320197997449,-0.2639807713609653,0.0084867076489482,0.9319975972175598,0.0288058315616872,-0.2827799054920551,-0.221796266381771,0.6482467651367188,0.1250780578475427,-0.2651841192179763,0.0420002738963381,0.9093218445777892,0.0367006437305083,0.0187574371831479,0.1842167902499382,0.998613715171814,-0.0367006437305083,-0.0187574371831479,-0.1841363688903823,0.999578595161438,0.0971084455465341,0.3262220987355147,-0.0636991477550413,0.7514285445213318,0.007032776633733,0.3395980235749103,-0.3805419018339678,0.9931104779243468,0.0217030985250595,0.6722626265248555,-0.1519319510336995,0.8012444972991943,-0.0042818367811359,0.7439460323064062,-0.5042047066320292,0.9910991191864014,-0.0047380600279535,0.7335626778753569,-0.1707905969708607,0.8156728744506836,-0.0265296016886867,0.8008923359284421,-0.5251059940223973,0.9729865789413452,0.097647248295721,0.7792372866207375,-0.328416929976742,0.8608106970787048,0.0711946067941536,0.8297526504162489,-0.7190565377165516,0.9857323169708252,P5,P5/rob_DTL_1_frame909.jpg,4
0.2258319919824757,-0.3500225207410016,0.0058504550682617,0.998654007911682,0.2397611078808484,-0.3709920563665216,0.0346550479383663,0.9983578324317932,0.2408659432621634,-0.3706523742942131,0.0346105194738217,0.9984697699546814,0.2418557864173438,-0.3707198805219295,0.0346588948006075,0.9983572959899902,0.2342605912452623,-0.3817246365630126,-0.0271662567690557,0.9985652565956116,0.2316299992980475,-0.3890057954110603,-0.0272951680182458,0.9986647963523864,0.2288839187553766,-0.3972861457031756,-0.0274209666181493,0.9986271262168884,0.2310335288301118,-0.3956654998686596,0.1853666619288593,0.997715950012207,0.2117820928825514,-0.4349446933825194,-0.086146100466383,0.9986423254013062,0.213595743654889,-0.3415802713218753,0.0665702768262312,0.9978330731391908,0.2072327853232932,-0.354130638701716,-0.0136350093196463,0.9988319873809814,0.1899522664947481,-0.3186597560784182,0.3269560729170399,0.9987597465515136,0.0960487046227951,-0.4284703828664796,-0.1957349897716304,0.9999212622642516,0.1147474333309272,-0.1864259761069868,0.1590076102572613,0.558077335357666,0.0468790214662747,-0.2228169619958021,-0.144842574156817,0.9688667058944702,0.0360172197897676,-0.237972606487464,-0.255932117183635,0.6437784433364868,0.0989170574749818,-0.1803353590764236,0.0962605612538041,0.9364016056060792,0.0211520340793709,-0.2124433395469356,-0.3203413312471414,0.6355819702148438,0.1178225240054955,-0.1469995263610986,0.0960961595981307,0.915985941886902,0.025671394022902,-0.2559796445461633,-0.2902123752612282,0.6357040405273438,0.1236244195474186,-0.1835203955556918,0.0748656578018614,0.91385155916214,0.0301257295853238,-0.2539370020601993,-0.264162540994835,0.6058411002159119,0.116362867287568,-0.1973939180900628,0.1012427028613618,0.8870711922645569,0.0364155561702267,0.0185637989809193,0.1915651151945064,0.9986911416053772,-0.0364155561702267,-0.0185637989809193,-0.1914813321894576,0.9995845556259156,0.0907498793881559,0.3301703951862733,0.0132603862079421,0.7452552318572998,0.014384534750798,0.3450896024244872,-0.345240043692995,0.9931473731994628,0.0185989584745217,0.682949999323238,-0.0228121464454555,0.8004329800605774,-0.0036833912779984,0.7583567720726665,-0.4370984398682666,0.9913212656974792,-0.0089620308268989,0.7452625493729632,-0.0355074821049837,0.8164140582084656,-0.0268812115157024,0.8143799919068102,-0.4544533727309183,0.973789632320404,0.097721882877164,0.7803790243007498,-0.1630056583209453,0.8627538084983826,0.0789373650046423,0.8421725374966846,-0.604764344291813,0.9862180948257446,P5,P5/rob_DTL_1_frame911.jpg,4
0.2300509232451344,-0.3554998171431592,0.0068849315144526,0.9987537264823914,0.2439048447184763,-0.3775243754836509,0.0370684632905424,0.9984986782073976,0.2447403953112247,-0.3774537798809407,0.0369777005387366,0.9986017942428588,0.245371269444317,-0.3776670056881673,0.0369828190373594,0.998504102230072,0.2386905891705781,-0.3874946923378763,-0.0258396570798497,0.9986811876296996,0.2360159977331277,-0.3946047022242605,-0.0259552875347834,0.9987713098526,0.233231703776358,-0.4025873380918667,-0.0260694128601479,0.9987441897392272,0.2321308694679097,-0.4034840884696984,0.1872948318989226,0.9979028701782228,0.2145579818014361,-0.4422747638658353,-0.0975984630703275,0.9987569451332092,0.2166878697575435,-0.347408579167307,0.0683691166493156,0.9980114102363586,0.2109934117466059,-0.3591818772418285,-0.0145603880276965,0.998927652835846,0.184453782124866,-0.325982644450756,0.3383123484551511,0.9988608360290528,0.0980013404937077,-0.422495213409132,-0.2087616511192015,0.9999279379844666,0.1263856823095279,-0.1447242021420848,0.2201944142900023,0.5224802494049072,0.0433991969716202,-0.2234320352855183,-0.1601748624064621,0.970680058002472,0.0944880665243,-0.111123065368197,-0.1916556974976321,0.6057461500167847,0.0938996005410372,-0.111432534820845,-0.0471236228966161,0.9374130964279176,0.0859263604910578,-0.0691323945705544,-0.2533479588597765,0.6004255414009094,0.106371744294186,-0.0785605473536064,-0.0690635024888329,0.9175454378128052,0.0852596806745766,-0.119532237497262,-0.256644070936195,0.6007071137428284,0.1136684854750289,-0.1039466922293851,-0.0828559226221339,0.9153980016708374,0.0906479704660865,-0.1324232992813613,-0.2083587102105671,0.5718863010406494,0.1098056193722962,-0.1174302830530183,-0.0423582477744487,0.887239396572113,0.0346458501175917,0.0173998691869296,0.1969197043230998,0.9987645149230956,-0.0346458501175917,-0.0173998691869296,-0.1966223605540108,0.9995891451835632,0.0870700261843639,0.3364891154387539,-0.0028934608192565,0.7377273440361023,0.0224692937081646,0.3536419846632035,-0.344859815503752,0.993407905101776,0.0168220687263784,0.7002140821207001,-0.0555302291633224,0.7988497614860535,-0.0026881349583539,0.7768522959760473,-0.4591823260679179,0.9915383458137512,-0.0111911806166822,0.7630307943058685,-0.0694155705470731,0.8174009323120117,-0.0272783440400273,0.834453906143261,-0.4798320477426797,0.9743398427963256,0.0988464561980943,0.7904528689614856,-0.1902381352558015,0.8653981685638428,0.0837803896038774,0.8621810486072324,-0.643109942405678,0.9867571592330932,P5,P5/rob_DTL_1_frame913.jpg,4
0.2327959310380721,-0.3580989103960642,-0.0116793691906022,0.9988376498222352,0.2464847573571917,-0.381640543753488,0.0163178553642375,0.9986056685447692,0.2470883667827095,-0.381967628723311,0.0162019690317293,0.9986993074417114,0.247433286454434,-0.3823718531076688,0.0161809323623369,0.9986191987991332,0.2415400429669126,-0.3902675180528497,-0.0512566843580296,0.9987759590148926,0.2387718548183889,-0.3970472154858497,-0.0513745632964163,0.99885755777359,0.2358622011217734,-0.4045796066000678,-0.0515064513498584,0.99884295463562,0.232215350887825,-0.4096966942499863,0.1518111145243421,0.998013436794281,0.2157999795833594,-0.443758204442561,-0.1480598966537813,0.9988458156585692,0.2189075465253469,-0.350441762944759,0.0444034133686723,0.9981454014778136,0.2133181855799322,-0.3605052099331902,-0.0435872052059862,0.9990068674087524,0.1810656855632317,-0.3368559623307982,0.3379255899197133,0.9989452362060548,0.1003079043718256,-0.4120291442690448,-0.2790463561334239,0.9999334812164308,0.1434426027161887,-0.1679231552101216,0.303660474095116,0.492697149515152,0.0408238058047874,-0.2015155954274445,-0.2926140839608706,0.9726310968399048,0.1209306203767918,-0.0380636692449862,0.0009198968861449,0.5758215188980103,0.1015232613878065,-0.0245766521012657,-0.1496466764876983,0.9400202035903932,0.1192158051313484,0.0083636960057588,-0.0423999367632972,0.5740134119987488,0.1123181908828643,0.0055122215308799,-0.1847841776215656,0.9210053086280824,0.1178323170906463,-0.0168808916545817,-0.0714275807001415,0.5749619603157043,0.1196499848888028,-0.0093643439891402,-0.1919287721897064,0.9188351631164552,0.1159069484712987,-0.0328514343261859,-0.022845601108536,0.5479112267494202,0.1161870225521292,-0.0217665610608959,-0.1448486222188804,0.8902740478515625,0.031697459852186,0.0134929909030952,0.2052133741244681,0.9988055229187012,-0.031697459852186,-0.0134929909030952,-0.2047885878871899,0.999594748020172,0.0827999411353411,0.3441514808993741,0.1173037259622041,0.7285065054893494,0.0282183077618446,0.3664673680940782,-0.3134167053568618,0.9937150478363036,0.0148432336742335,0.7154377681319705,0.1612556930279829,0.798596203327179,-0.0052666047867327,0.7998206689253965,-0.4007198654341992,0.9919683933258056,-0.0132059907244389,0.7744431001868006,0.156154448826841,0.8173092603683472,-0.0326146483567666,0.858369571133507,-0.4202346222275956,0.975440502166748,0.0990783488553017,0.7954608634965056,0.053526285450333,0.8680874109268188,0.0854225946533003,0.8850334893907982,-0.5798725194898355,0.987459361553192,P5,P5/rob_DTL_1_frame915.jpg,4
0.1943270281226976,-0.415453582111031,-0.1150453789124814,0.9986844062805176,0.2138175923886145,-0.4022596606455461,-0.0819016325874383,0.9983949065208436,0.2174692253174652,-0.3946324660179847,-0.0821393056362503,0.9983674883842468,0.2208510390256227,-0.3884338429639017,-0.0821057438075595,0.998295247554779,0.2032084118966179,-0.4256902875669014,-0.0908713748708842,0.9986754655838012,0.2007086434464848,-0.4296016065940186,-0.0910354668803761,0.998674213886261,0.1966949997517263,-0.436015409483161,-0.0911453996685322,0.9987560510635376,0.2194718747026688,-0.3897350550966848,0.0932869241588882,0.9976168870925904,0.1870611157359023,-0.4402707248363164,0.0301373403806422,0.9987719655036926,0.1905296901654903,-0.3955935893686716,-0.0503466588588129,0.9981826543807985,0.1823307357607458,-0.423076273128625,-0.065307514572008,0.9990682601928712,0.1870809846034055,-0.3147169005900795,0.1076421147003756,0.998925805091858,0.0825237847798263,-0.4384851097138059,0.1112207129837624,0.999936580657959,0.0963148981728985,-0.3150959323524818,-0.063375788765096,0.5306933522224426,-0.0281572649264654,-0.3262612424458924,-0.0277372122313638,0.970973551273346,0.0306812733949523,-0.4601755549896746,-0.2798568732114172,0.6107317805290222,-0.0026710049732313,-0.4605239224665637,-0.2528001448559528,0.9422191977500916,0.0104488056164668,-0.5050123699224867,-0.341178026527357,0.607168972492218,-0.0016512022338515,-0.5081680759184579,-0.3022468019677353,0.9234577417373656,0.0145134460711501,-0.5181470159332537,-0.3271652428025078,0.6070458292961121,0.0065143062439292,-0.5131616521584732,-0.3125476507508618,0.9213089942932128,0.0201793847874729,-0.5032215888944253,-0.2787564359847537,0.5778324007987976,0.0083948283235466,-0.5007587103082897,-0.2631920758391918,0.8948109745979309,0.0345228526971334,0.0229380776959515,0.1175321084183155,0.9988723993301392,-0.0345228526971334,-0.0229380776959515,-0.1176941555901935,0.9996254444122314,0.0813208573116256,0.3450056645075067,-0.0079586326910172,0.6999680399894714,-0.0003559507613194,0.3441025582499289,-0.3677407817219133,0.9913123250007628,0.0220760668793262,0.6647513754626404,0.023495527749185,0.763415515422821,-0.0208623439931154,0.7159674876846976,-0.4056658799459532,0.9913000464439392,-0.0066419968324163,0.7156367372703281,0.0131645155415802,0.796110212802887,-0.0482975411597362,0.7699043101635231,-0.4174101688384064,0.9747897386550904,0.084143428629127,0.7251895563067391,-0.0080625085790954,0.8504502773284912,0.032792737944515,0.7843280482978965,-0.6161255012674142,0.9867234230041504,P5,P5/rob_DTL_2_frame41.jpg,4
0.2174256316542913,-0.3529039692304033,-0.1411641364059623,0.998788833618164,0.2323171065742461,-0.3731972942687996,-0.1160267673178059,0.9985279440879822,0.2341279871363093,-0.3726019690629459,-0.1162387342707865,0.9985039830207824,0.2358239815128248,-0.3721612485775085,-0.1162475884637183,0.9984360337257384,0.225819438897708,-0.3873764877759916,-0.1495726116913682,0.9987776279449464,0.2234631077069629,-0.3956718396284152,-0.1496917672959735,0.998776376247406,0.2210397595746484,-0.4041329225660715,-0.1497265533580671,0.998847723007202,0.2275034012750614,-0.392090508609,0.0616790478337355,0.9978262186050416,0.2103607781247787,-0.4298650993547413,-0.0930768043568895,0.9988683462142944,0.2058763355983632,-0.3466266941406677,-0.0682269660874193,0.9983287453651428,0.1995728618007747,-0.3614318750451266,-0.1136591076117207,0.9991421699523926,0.1944919943696574,-0.3137943440830095,0.1573502317949001,0.9990195035934448,0.0989165852835436,-0.430457901722061,-0.0691063208648912,0.9999410510063172,0.1226903924881631,-0.2614022974950051,0.0058834358375924,0.5474216341972351,0.0339953462777431,-0.3405202605014005,-0.3228251357121743,0.9710325002670288,0.0540662087079757,-0.3208828734818411,-0.3298782806833626,0.6308484077453613,0.0305035436822007,-0.3600770460642073,-0.6201859683374544,0.9429484605789183,0.0270164633228886,-0.3440979689834335,-0.3985310242895181,0.6289596557617188,0.0212844447973322,-0.370945111027791,-0.6954921163834962,0.9255223274230956,0.0311274610581063,-0.3724462646436816,-0.4070781424900002,0.6292441487312317,0.0310554631276363,-0.3808189835444808,-0.7067096268281211,0.9238781332969666,0.0407482087752192,-0.3592465146811849,-0.3418221098731059,0.5976911187171936,0.0357943889051468,-0.3716865021159459,-0.6300584177144584,0.8981383442878723,0.0333635369453979,0.020290284694522,0.1364579913573517,0.9989389181137084,-0.0333635369453979,-0.020290284694522,-0.1362569405326431,0.999641478061676,0.0868781819928594,0.337593638425639,0.0123160358089843,0.716188907623291,0.0186483372819846,0.3448463463936825,-0.3737112741039741,0.9917137622833252,0.0272785797777532,0.6656325110650541,0.0160532521723824,0.7711301445960999,-0.0221927313577355,0.7166643595542335,-0.4036322361493262,0.9916519522666932,-0.0039748614866335,0.7189465581049798,0.0054116827199074,0.8000802397727966,-0.0460418355893695,0.7742800403591118,-0.415659189634356,0.9757373332977296,0.0909616225687058,0.7384492643597247,-0.1023289184652653,0.8553603291511536,0.0397272354269644,0.795752889444399,-0.6049887124495469,0.9872029423713684,P5,P5/rob_DTL_2_frame42.jpg,4
0.246872992344066,-0.3631819247337176,-0.1007131153953867,0.9988430738449096,0.2576078369398149,-0.3938998294787189,-0.0707452562288527,0.9986191987991332,0.257247978322446,-0.3962260828969833,-0.0709491944044985,0.9986038208007812,0.2565809434014975,-0.3989785965989554,-0.0709644614715073,0.998546302318573,0.2542763665602611,-0.3999152167974982,-0.1257866041145426,0.9988303184509276,0.2516827229608102,-0.4065933174411729,-0.1258993943416888,0.99882310628891,0.2486286578898038,-0.4143160095879536,-0.1259923000822337,0.9988905191421508,0.2357308201711275,-0.4245101059029706,0.0952973323797759,0.9979570508003236,0.2220959788335012,-0.4524726844787272,-0.1632358405911099,0.9989108443260192,0.2292883494074875,-0.3552930226308017,-0.0335346057240647,0.998434841632843,0.2259524888351179,-0.3625160559577359,-0.1061607959056747,0.9991892576217652,0.197366983056859,-0.3258932046819774,0.2252629713251793,0.9991005063056946,0.0940302129783197,-0.4191488573137434,-0.2258004098121086,0.9999428987503052,0.1409951923831025,-0.2009197122946522,0.1052546755427682,0.5338997840881348,0.0336564185691609,-0.2725865231580295,-0.2394751744656534,0.9701412916183472,0.0969606666828567,-0.150644527506767,-0.3021010348941663,0.6138206720352173,0.0676790409562448,-0.187661192797454,-0.1290913646296019,0.9330213069915771,0.0760850940535076,-0.1346387762583283,-0.3710696949900481,0.6155894994735718,0.0652559975057448,-0.1588174888042168,-0.1563594438555254,0.917085349559784,0.081995939905861,-0.1747093694264961,-0.380982921859999,0.6166658401489258,0.0758028869715679,-0.2064780393832506,-0.1919391441601955,0.9161120057106018,0.0875694954757892,-0.1849608126351694,-0.3176937650341075,0.5846703052520752,0.078648280690299,-0.2215269343881364,-0.1340747993988113,0.8879966139793396,0.0321504452398209,0.0126821694966008,0.1753699391025557,0.9989296197891236,-0.0321504452398209,-0.0126821694966008,-0.1748030897535988,0.9996384382247924,0.0746137620893547,0.3506762547076639,0.1586379882252995,0.7092911005020142,0.0254338618122453,0.37265163923413,-0.3666378296408938,0.9919618964195251,0.0236300413390594,0.6992183269327541,0.2546134682015888,0.7689321637153625,-0.0238832319903573,0.7780283244912283,-0.4144136570797234,0.9918623566627502,-0.0089918351527378,0.7645135274884086,0.2530972739545996,0.7985569834709167,-0.0540463261182636,0.837618332289244,-0.4314814234090059,0.976283609867096,0.0968039230799806,0.7809700280648557,0.1344462765928704,0.8531766533851624,0.0542314001841541,0.8628600202706546,-0.6216517828925884,0.9874615669250488,P5,P5/rob_DTL_2_frame43.jpg,4
0.248109510339516,-0.2983835509659598,0.3749410958329833,0.9988986849784852,0.257175608354752,-0.3086592869920376,0.4090334039290705,0.9987192749977112,0.2586911126341851,-0.3069177308071892,0.4087211689779805,0.9986999034881592,0.2603645021223282,-0.3056574339226325,0.4088479130243591,0.9986544847488404,0.2510826922299162,-0.3157940759856995,0.3669321506814654,0.998908758163452,0.248462282075787,-0.3189716126730786,0.3667899571315352,0.9988840222358704,0.2419460786122625,-0.3276572848249967,0.3666690490261535,0.9989637136459352,0.2426290532175471,-0.3161092652305721,0.5651255500371668,0.9981277585029602,0.220682621758498,-0.3406195635979929,0.3667424462757854,0.9989684820175172,0.2375529953264763,-0.279667809266854,0.4366939238741428,0.998561441898346,0.2264831112299011,-0.294286986756961,0.3783207352737203,0.9992430210113524,0.1664363636326759,-0.2618384525646224,0.5161372568097513,0.9991562366485596,0.0762733514913455,-0.3663334945265992,0.2593051456460346,0.9999439120292664,0.0143328047173762,-0.3319570172703569,0.1984332298935946,0.5639705061912537,-0.0202188718463838,-0.3120675733962568,-0.004458159476393,0.9625759720802308,-0.0958745579974587,-0.4913545822417829,-0.2978408568843035,0.6421332955360413,-0.0643919567944194,-0.4343292538563919,-0.1801882500656431,0.9251915812492372,-0.1258383616099629,-0.5539064014580014,-0.4286046800489926,0.6446856260299683,-0.0774082361832781,-0.466850664664622,-0.243051541443983,0.9102675914764404,-0.1169848758849836,-0.5678165363325207,-0.38298529878571,0.6439067125320435,-0.05754545359979,-0.4771637773501543,-0.2495545232320543,0.9083533883094788,-0.1055969451118446,-0.5425263952147014,-0.3022737262740637,0.6096231341362,-0.0586772387048031,-0.4694398367943284,-0.1865855189888947,0.8799170255661011,0.0465233709452383,0.042670511757782,0.2119637743403327,0.9989936351776124,-0.0465233709452383,-0.042670511757782,-0.2112721547934055,0.9996446371078492,0.1682705926233116,0.4620977992487118,-0.0791802191725351,0.6604539155960083,0.070664503667447,0.4209531075830793,-0.5468412320924133,0.9873613715171814,0.1464329372927172,0.8026159966682294,-0.1418248080566322,0.7304069399833679,0.1502216979913,0.8306094316208699,-0.6363766747446444,0.9887484908103944,0.1453959801750212,0.888820739451319,-0.1592332021103648,0.7859756946563721,0.1389413325704754,0.8977283710852977,-0.6523324280161541,0.973511815071106,0.2588057004881139,0.9473506266998338,-0.4260750781053946,0.8316829800605774,0.2389118736043855,0.9710412538357176,-0.9631798780801932,0.9844794869422911,P5,P5/rob_DTL_3_frame27.jpg,4
0.3553926990486306,-0.3193082390189744,-0.181378107710794,0.9989693760871888,0.3779535400452199,-0.3374246895991745,-0.1494684313230709,0.9988123178482056,0.3808381571036582,-0.3407454020436593,-0.1495864729021892,0.9987948536872864,0.3810757782629258,-0.3428309314415025,-0.1493473137418908,0.9987483024597168,0.372829689610917,-0.3440115154515487,-0.2520183628861313,0.9989874362945556,0.371122989091987,-0.3486536351254676,-0.2522154673307422,0.9989659190177916,0.3691343537590877,-0.3537674404905377,-0.2524102888050729,0.9990326166152954,0.3659623227580079,-0.3707195521965801,0.0759920782155656,0.9982784390449524,0.340796684765532,-0.3917184810525349,-0.3837872260177959,0.99905925989151,0.3321153418217904,-0.3154308182638512,-0.0827484086034267,0.9986810684204102,0.3276231291858479,-0.3234178258359588,-0.2191982860132047,0.9993058443069458,0.2616193343212614,-0.3201664676254592,0.3431304811735282,0.9991830587387084,0.1108784114109175,-0.3878204174398257,-0.4690762801522362,0.9999473690986632,0.1626419508558557,-0.2337012031714042,0.1779353044188518,0.530197262763977,0.0318743263952795,-0.2470039989002125,-0.5092013332338832,0.9652134776115416,0.0894195000904056,-0.2694866902194214,-0.3139419371409164,0.6107910871505737,0.0761691886467754,-0.2345724807553852,-0.4336956238130602,0.924388349056244,0.0578996589014727,-0.2602152355051526,-0.4191473356244504,0.6195287704467773,0.0876928055580744,-0.219697367347718,-0.4889593171665053,0.9074435830116272,0.0688884840168232,-0.2924961949542313,-0.4169111782506475,0.6196552515029907,0.099459426632249,-0.2443471021194056,-0.5159442661908895,0.9056687355041504,0.0791601200264717,-0.2967295908541997,-0.334520967684181,0.5826848149299622,0.0934794383116126,-0.2520954071252708,-0.4357837005251108,0.8756976127624512,0.0514205411837908,0.015806252875521,0.2814050927703287,0.999026358127594,-0.0514205411837908,-0.015806252875521,-0.2809717609798846,0.9996424913406372,0.1137769185411657,0.3309569867328934,0.1421312291865007,0.652779757976532,0.0087394745764547,0.3361174608167436,-0.498524962640458,0.9868001341819764,0.013001323495494,0.675706550429125,0.2709536307964004,0.7355329990386963,-0.0272285059063801,0.6885526079143007,-0.479328691148999,0.988724410533905,-0.0150666666298072,0.7369895472545579,0.2636693214765321,0.7891477942466736,-0.0335492575804159,0.7170253326233788,-0.4883764147758103,0.9737059473991394,0.1277105350052868,0.7364709525319655,0.0206592484114843,0.8353144526481628,0.1022171586056415,0.7301957160759366,-0.8151702489995665,0.9841233491897584,P5,P5/rob_DTL_3_frame28.jpg,4
0.3545480341090025,-0.3155765305333015,-0.3197040587196126,0.9990594387054444,0.3758388871064695,-0.338291649963751,-0.2886678264049506,0.9989206790924072,0.3781987324000554,-0.3396326866433899,-0.2889360192282797,0.9989051222801208,0.3802126940921256,-0.3411063442871623,-0.289044694404616,0.9988642334938048,0.3666022953108048,-0.3465160121901968,-0.3822579304343189,0.9990753531455994,0.3627983496993942,-0.3537430686363842,-0.382384770546651,0.9990515112876892,0.3588225749197901,-0.3610815818403187,-0.3825794328700774,0.9991111159324646,0.3600386339372589,-0.3677682374875505,-0.0476760453635587,0.9984357357025146,0.328419648223204,-0.3945797555801748,-0.4658885217531902,0.9991422295570374,0.3300882100670473,-0.3090518112995065,-0.2122103530405617,0.9988062977790833,0.3200328174547036,-0.3176700696413847,-0.3353995793017909,0.9993706941604614,0.2857716680276998,-0.2938723587258554,0.2864995957890715,0.9992583394050598,0.1397921954502652,-0.3835458268151794,-0.5099954534924863,0.9999517798423768,0.2080707310220297,-0.1281665880376979,0.17062069200887,0.5320848822593689,0.0336527571033027,-0.1729272155961943,-0.443571676405437,0.9641097187995912,0.2232952210268712,-0.146418938252675,-0.4226337214321737,0.6065272092819214,0.1056589987681578,-0.1659111965222604,-0.3900614998624732,0.9121738076210022,0.174396180833065,-0.1449385564381878,-0.5062790672263545,0.610016942024231,0.1155509311442048,-0.0329777761393938,-0.4543540534602391,0.8924503922462463,0.1741739445721751,-0.1691223992288638,-0.5123680214975685,0.6105814576148987,0.1343278634255925,-0.0649640273503308,-0.4579969092264683,0.8905472755432129,0.2242588575782269,-0.1700555593230229,-0.442643015216864,0.5724090337753296,0.1291506873531712,-0.1147344039679833,-0.3907384400272018,0.855273425579071,0.0446101077226758,0.0182860920068732,0.2829695029144693,0.9990665316581726,-0.0446101077226758,-0.0182860920068732,-0.2824743088603553,0.9996646046638488,0.0897111524705241,0.3063507748113066,0.2886359954385454,0.6353870630264282,0.0193131969897237,0.3219636219564233,-0.6603857885575016,0.9864831566810608,0.0085855808072174,0.6426686387936251,0.5212040655700794,0.7281847596168518,-0.0530089839480682,0.6992351686154368,-0.8045094867683145,0.9887213110923768,-0.0279631411720205,0.6918675092758501,0.526751748286418,0.7785784602165222,-0.0978383528489077,0.7542166324110577,-0.8423217723379847,0.973520278930664,0.1359494528250902,0.716415763419004,0.3134291254965066,0.8308666944503784,0.07714188751743,0.8002177969034379,-1.211441011822924,0.984495222568512,P5,P5/rob_DTL_3_frame29.jpg,4
0.1777751088651098,-0.3866657672757878,-0.3223688535201949,0.999133288860321,0.1875520364233376,-0.4081573851474601,-0.2829350898985782,0.9989943504333496,0.1881747565139517,-0.4075311479100797,-0.2830658028070161,0.9989665150642396,0.188540447221148,-0.4072995715624702,-0.2831633342124092,0.9989323616027832,0.1825351967872555,-0.4189222607210291,-0.3377082643848664,0.9991511702537536,0.1798918758794299,-0.4256773113115901,-0.3377455877910109,0.9991296529769896,0.1769076694047596,-0.4336669729735992,-0.3378437208136141,0.9991846680641174,0.1753690102510185,-0.4250761568840427,-0.0799106620680319,0.9985331296920776,0.1606454934355398,-0.4592595839747205,-0.3309332678698811,0.9992180466651917,0.1664914541435187,-0.3737237778539092,-0.2430802636473202,0.9988988041877748,0.1586944025452088,-0.3875676377518497,-0.3162963145152744,0.9994261264801024,0.150836171104465,-0.3563418534221077,0.1094156129250151,0.9992815256118774,0.0505206663764088,-0.4179032137237548,-0.4107406368907779,0.9999541640281676,0.2324304589347286,-0.2836376168260134,0.1299869647174731,0.5698193907737732,0.0212586531766551,-0.2879831442122108,-0.7748043397599433,0.9673130512237548,0.3608148311003347,-0.2788037613782703,-0.0505968288012846,0.6396796703338623,0.060759265725954,-0.2724910382718123,-1.1079062294198234,0.9206382632255554,0.4015824494939288,-0.2772062362944414,-0.0736674373188926,0.6384987831115723,0.0852683178535884,-0.2738271838170124,-1.1999724515206247,0.9025768637657166,0.4034143276201826,-0.2841213170628668,-0.1184599905431155,0.6400132775306702,0.0896916852511125,-0.2955709255779287,-1.197396604296815,0.9008318781852722,0.3865950541144874,-0.2811206355322914,-0.0802853307551315,0.6061607599258423,0.0824331273340145,-0.2885469983727372,-1.1149175689418511,0.8684156537055969,0.0296885135234086,0.0100050793155648,0.1811110647250905,0.9990915656089784,-0.0296885135234086,-0.0100050793155648,-0.1811404051336405,0.9996727108955384,0.0933596991023372,0.2713827668144677,0.1867251251377314,0.6508982181549072,0.0372893453547592,0.3029913648027681,-0.4817983860177973,0.9871459603309632,0.030875180331043,0.5850365471521144,0.3741847323323993,0.739950954914093,-0.0333310743388249,0.6599423325108942,-0.5153373885200534,0.9892287254333496,0.0115023657165555,0.6261382944885023,0.3808310059035646,0.7840809226036072,-0.0566935366206614,0.719498919155778,-0.5333525844827679,0.973417580127716,0.1003827007425903,0.6619515488793621,0.2564429917511115,0.8373242616653442,0.039287640056953,0.7697245154297973,-0.7707502264946288,0.9851824045181274,P5,P5/tom_DTL_1_frame47.jpg,5
0.1768153744224146,-0.3886024608970536,-0.1569024757161865,0.9991453886032104,0.1872937333090725,-0.410647819293961,-0.1301488044876227,0.9989768862724304,0.1877047703694683,-0.4103714156770924,-0.1302833053229944,0.99893718957901,0.1879423077415365,-0.4104227229779207,-0.1303101765573804,0.9989263415336608,0.1839361912582473,-0.4213145299823442,-0.181640635591791,0.9991446137428284,0.181981981038914,-0.4285054603664894,-0.1817140763992737,0.9991132616996764,0.1796241598158837,-0.436783198970625,-0.1818644540474253,0.99918133020401,0.1739047459656471,-0.4369593026009119,0.0251790774713657,0.9982947707176208,0.1634070986200311,-0.4654352403298387,-0.2059176566348562,0.9991182684898376,0.1637763761667827,-0.376004589697792,-0.0919260829544557,0.9989229440689088,0.1587062118450735,-0.3899634545611326,-0.1599063638720161,0.9994396567344666,0.1453993933368093,-0.3576404336930256,0.1920779462267288,0.999333679676056,0.0527912584183105,-0.4174211545416648,-0.2750737017340643,0.999958038330078,0.161601698861559,-0.1833404672033284,0.1409124276269831,0.5894926190376282,0.0179595805781215,-0.2239397800411492,-0.3625386896242714,0.9696277976036072,0.139801593220303,-0.0723664403187571,-0.1648016300921234,0.6544684171676636,0.0778792747735532,-0.0738227189700888,-0.4721984491365895,0.9269855618476868,0.1207881876870092,-0.0524287318321943,-0.2164344236654143,0.647804319858551,0.0898419770193268,-0.0471309636947803,-0.5390019050072596,0.9100230932235718,0.1179952188298857,-0.0777035569124455,-0.2445060029628596,0.6498921513557434,0.096661508126235,-0.0707818934153545,-0.5516716739372874,0.908351719379425,0.1215624264295847,-0.086246608269549,-0.1847001588964277,0.6154568791389465,0.0938995936880339,-0.08151187024912,-0.4742537791020103,0.8764782547950745,0.0306220681148926,0.01351330146141,0.1831900413340294,0.9990957379341124,-0.0306220681148926,-0.01351330146141,-0.1831582033214618,0.9996968507766724,0.0827163380687546,0.2888562459719548,0.2303980624223471,0.6470701694488525,0.0402136401009548,0.3184250677854439,-0.5232911658590554,0.9879039525985718,0.0326349152494584,0.6222314125265928,0.4181615902599163,0.7327591776847839,-0.0322743175092379,0.7010052860266197,-0.6615544080351604,0.9898602962493896,0.0142181017517366,0.6666913104248644,0.4267302470462866,0.7780223488807678,-0.0592659118790491,0.763557565542939,-0.6904558973898488,0.9742056727409364,0.1103052960124961,0.6967957727436181,0.3131164740004397,0.8337547779083252,0.0410791132544019,0.8045465052517121,-0.9333393069640112,0.986108660697937,P5,P5/tom_DTL_1_frame48.jpg,5
0.1663223055312144,-0.463062945920765,0.538752782276008,0.994020700454712,0.1600757270717812,-0.4878115793743033,0.5448365652628135,0.9961541295051576,0.1562883308862265,-0.4913099972510169,0.5447239109969235,0.9960857629776,0.1524205679520593,-0.4946562312846131,0.5446951439254553,0.9963101744651794,0.1657207116345287,-0.4782959149365753,0.4963281412914195,0.995848834514618,0.1664651350468963,-0.4750227050074757,0.4963219050731292,0.9955861568450928,0.16738175855141,-0.4716236642867435,0.4961240560186599,0.9966834187507628,0.1326843452414632,-0.4872673184522223,0.5622249523712634,0.995000958442688,0.153190841495082,-0.4526887956264558,0.3495377217376266,0.996711015701294,0.1562433697640365,-0.4466529409947364,0.551479897964928,0.993720531463623,0.1619493083313638,-0.4372189508997787,0.4887939346312804,0.9947498440742492,0.0698574634912872,-0.4058942252590791,0.579538806612727,0.997242510318756,0.143431562207367,-0.3651490883858281,0.0905692708871885,0.9999085664749146,0.0781422794900013,-0.4522668450501983,0.4323731075356882,0.5391716957092285,0.1912106503912894,-0.3832599715584633,-0.1251196238599721,0.9225640892982484,0.14188206313055,-0.491925069425943,0.1204019498693729,0.5933585166931152,0.1666207387516569,-0.4898810985892017,-0.1818837321410101,0.8619333505630493,0.1538555016638329,-0.4952292592781624,0.0691624834830058,0.5897906422615051,0.1614168157567017,-0.5106522317834961,-0.2224165861319747,0.8512152433395386,0.1514456056312812,-0.4916779341301469,0.070539348698461,0.5916725993156433,0.1501863924574628,-0.5026815401351163,-0.2199851902339462,0.8490152359008789,0.1482750921356402,-0.4904508073052739,0.1065723814293036,0.5621410608291626,0.1479456789920779,-0.4964147442583224,-0.1780621121929831,0.8186267018318176,-0.0249245048677423,-0.0054802276988834,0.1924780988936968,0.9991307258605956,0.0249245048677423,0.0054802276988834,-0.1925475271142598,0.9997196197509766,0.1409621203485591,0.1806185845013993,0.2918353266373284,0.593483030796051,0.1938970522961014,0.2695651624714941,-0.3554122645131665,0.9873419404029846,0.178492184940643,0.5291624340950448,0.3123839425104485,0.6743983626365662,0.1612450180012195,0.7550040619546557,-0.5049833584813298,0.9880312085151672,0.167828553416663,0.591230710065451,0.3037977512044373,0.722728431224823,0.1392321732779862,0.8359053148252188,-0.5231596213618477,0.971570372581482,0.250219558369455,0.588446741519645,0.2338632905340975,0.7667208909988403,0.2349582246188402,0.8370640444172299,-0.6676409302173939,0.9806702733039856,P5,P5/tom_DTL_2_frame33.jpg,5
0.1708036570461227,-0.4631670985634993,0.5851668540485879,0.994595229625702,0.1702422824832511,-0.4789460645565662,0.5934650934872585,0.9965024590492249,0.1691292879111635,-0.4792088684896337,0.593366897647127,0.9964354038238524,0.1593763600146494,-0.4603660784813349,0.5934335944077461,0.9966522455215454,0.1705560539591684,-0.4805935273810257,0.5696228508666968,0.9962317943572998,0.169880551118528,-0.4819124243231906,0.569580662422137,0.9959908127784728,0.169271541818639,-0.4834950193658414,0.5693862216526049,0.9969912767410278,0.1454135293363343,-0.4592950284899658,0.6247226258647778,0.9954814314842224,0.1572739285501099,-0.4766861783384383,0.5192158697003355,0.9970197081565856,0.1535241155490581,-0.4359627051617431,0.598612205655481,0.9943360090255736,0.1537622892341455,-0.4365144064589063,0.5671907561325765,0.9952608942985536,0.1130892145846702,-0.3648340443771478,0.5464657437085103,0.9974268078804016,0.1111940673853092,-0.4030832750191364,0.313688115127412,0.9999142289161682,0.0888856470391209,-0.4164019800044028,0.2698502568323709,0.5518894195556641,0.1174176351933848,-0.4037402442078314,-0.0052672151101052,0.9235168695449828,0.0368358364612864,-0.452484480415673,-0.093790897081655,0.5977405309677124,0.0551351352550819,-0.254475495156402,-0.2470515075891017,0.8626822233200073,0.0110880417841312,-0.3486993623274453,-0.1806935551335489,0.6038573384284973,0.0074097621765527,-0.3234705099047604,-0.3142186409143482,0.8581274747848511,0.0126912026774055,-0.310818853813633,-0.1592869839167812,0.6023120284080505,0.0088765218945449,-0.2580400529259473,-0.3205008782982641,0.8548609614372253,0.012980506481237,-0.3585431701488495,-0.1014736851506267,0.5681774020195007,0.011118849916093,-0.2508722443240234,-0.2588579519279706,0.823941707611084,0.0161117994925857,0.0090133701535363,0.1607538655666941,0.9992106556892396,-0.0161117994925857,-0.0090133701535363,-0.161022501909968,0.999744176864624,0.1229669194800271,0.3650435234168988,-0.0189917577921572,0.5728150606155396,0.0861598995959978,0.3887991130858211,-0.3867138740220994,0.9884473085403442,0.0847513420481498,0.7693453860514431,-0.1927206149609254,0.6338968873023987,0.0696991715903616,0.8023375625767175,-0.5470702821713073,0.988525092601776,0.0566053903548006,0.8192000969050113,-0.2215836889238449,0.7210487723350525,0.0424865681059454,0.8627250778915536,-0.5686047599728822,0.97397643327713,0.15472815262193,0.9094422365618442,-0.3840251532388934,0.7589563727378845,0.1078764623991412,0.9031679450747602,-0.7558642677478133,0.9820866584777832,P5,P5/tom_DTL_2_frame34.jpg,5
0.2701027056092134,-0.432610114053931,0.1314808816706529,0.9951341152191162,0.2725607090489541,-0.4461469986778269,0.1692258069309808,0.9968513250350952,0.2725813538639927,-0.445412519681264,0.1690206093799681,0.9967904090881348,0.272389833502943,-0.4393475494417538,0.1690223363981492,0.9969860315322876,0.2657134591257534,-0.4537841509856555,0.1317305946040925,0.99660724401474,0.2607691847302961,-0.4576379821314049,0.1316972651382755,0.996389091014862,0.2551348970937434,-0.4619074092845067,0.1317144559169518,0.9972898364067078,0.2470157677578999,-0.4471836066021651,0.3458760054701913,0.9959327578544616,0.2238489503530144,-0.4655097707024599,0.1711663202906837,0.9973161220550536,0.251765345666917,-0.4139980192653527,0.194466157797082,0.9949021935462952,0.2435369576176389,-0.4235406085981025,0.144362462148737,0.9957345128059388,0.2098962315123617,-0.3010715162296968,0.4043265586448816,0.9976798295974731,0.0876269968341559,-0.4239457233916662,0.0877053081758164,0.9999184608459472,0.1443421150954538,-0.1600468641046644,0.1626639815010795,0.56337571144104,0.0496040911244126,-0.2643151699225671,-0.1674330628050728,0.9193413257598876,0.0727702733042201,-0.1741843540399119,-0.3775913643637217,0.6213813424110413,-0.0033156366983219,-0.238277532180305,-0.4731275089438388,0.8660060167312622,0.0412970145685838,-0.1514632264304541,-0.4827811435605555,0.6302787661552429,-0.0259697480620392,-0.2338827274774115,-0.5639030782807741,0.8643854260444641,0.0445133973484513,-0.2049790335858587,-0.4889691886589491,0.6286413669586182,-0.0118440891938715,-0.2411977412675044,-0.5739600808220897,0.8611894249916077,0.0543326272027173,-0.2117888052294511,-0.3953180744981189,0.5927404165267944,-0.0044653940896982,-0.242177496547352,-0.4863108114086326,0.8312763571739197,0.0336088060451022,0.0312895198817934,0.1579777077412527,0.999281644821167,-0.0336088060451022,-0.0312895198817934,-0.1582098031041665,0.9997574687004088,0.0791166482533323,0.4311683119328943,-0.045735059241052,0.5519441962242126,0.0623770381887483,0.4415740927436588,-0.3487999068031572,0.9869312047958374,0.0398402846582115,0.8528620036163964,-0.0130071677017784,0.6229186058044434,0.0272652896088414,0.8491402198837589,-0.2999466318702851,0.9885101914405824,0.029941969281721,0.8865865794319839,-0.0198318001383114,0.7227505445480347,-0.0134240527693968,0.936058226127611,-0.289949459591014,0.9745627641677856,0.1138876779819688,0.9887415708181544,-0.1861238063986345,0.7541693449020386,0.0827855494982174,0.9965673849741812,-0.6299816921043627,0.9812116622924804,P5,P5/tom_DTL_2_frame35.jpg,5
0.2069448712212665,-0.6291827378052227,-1.1867449956795564,0.995615005493164,0.2092449545495897,-0.6841386315523293,-1.1305830427084065,0.9971628189086914,0.2099562499838679,-0.6879201067903274,-1.1306150527426246,0.9971063137054444,0.2105335903836457,-0.6922169899705939,-1.1309988252180896,0.9972847104072572,0.1969207434403922,-0.6841216987081414,-1.1925958732384132,0.996943175792694,0.1901139720336109,-0.6863716793742098,-1.1929318626193204,0.9967444539070128,0.1830929885500137,-0.6880948862162947,-1.1931289098951787,0.9975574016571044,0.1663198465980128,-0.7085448909031599,-0.800876326886824,0.9963338971138,0.127289060852892,-0.687452945856156,-1.0795424632554131,0.997575044631958,0.1923643006348339,-0.5945225974931323,-1.0553341790075197,0.9954093098640442,0.1785501152154827,-0.5886559468739361,-1.1368214040510431,0.9961578249931335,0.1409415724037638,-0.4865641179565439,-0.3869937461095553,0.99788498878479,0.0702365098644871,-0.2850600247253084,-0.9423819601653004,0.9997579455375672,0.1963806321021509,-0.1858973458956599,-0.0255132911558357,0.5982076525688171,0.0002247661098371,0.0655735989016375,-0.7865872099815167,0.9264146089553832,0.233324386811916,0.159168851345,-0.0582262449944265,0.6581108570098877,0.1847135545215072,0.282540626271236,-0.7129208133527009,0.8792077302932739,0.2546260207787266,0.2428384416562249,-0.0723520860798138,0.6652855277061462,0.2066981851966929,0.3828524189379674,-0.7869326516007891,0.8775410056114197,0.2458266247418566,0.2700179761455621,-0.171794243822352,0.6640076637268066,0.2254535137241462,0.3788089485285957,-0.8206630511907385,0.8746506571769714,0.2358929601011644,0.24114608506451,-0.0949738367635178,0.6313033103942871,0.2194946602889951,0.3286429620757482,-0.7192027245788485,0.8473713994026184,0.0400830576308548,-0.033967401419388,0.1799718362461528,0.9990253448486328,-0.0400830576308548,0.033967401419388,-0.1794641118718806,0.9995675683021544,0.1656290793378529,0.1243475010779696,-0.2263373560004833,0.5758512616157532,0.0264682390550588,0.2590693846590572,-0.7330707239687696,0.9842070937156676,0.0751021510440526,0.5969543162882589,0.0340372856449085,0.6241663694381714,-0.0086793584085514,0.7551629825850951,-0.4040274335031192,0.9853520393371582,0.050260740793269,0.6514627654266185,0.0908814742162833,0.7196767926216125,-0.0241889158576236,0.8071210670406276,-0.3708401606894172,0.960000455379486,0.1198524108379964,0.7546079100352082,-0.0408090786956843,0.7525396347045898,0.0639761126287289,0.9224293287818596,-0.6164465134838496,0.9760557413101196,P6,P6/eric_DTL_1_frame32.jpg,1
0.1360471448811088,-0.2427330626530287,-0.2731963007579506,0.993458330631256,0.1249834645492699,-0.2697683423295674,-0.2713081226696928,0.9925845861434937,0.121833893823505,-0.2739777032014298,-0.2714904186930041,0.9921897053718568,0.1186216390444004,-0.278156713534285,-0.2716009420260677,0.9941121339797974,0.1283582682224044,-0.2640669577733315,-0.3462352309161456,0.9931643009185792,0.1273306463426956,-0.2647185304156489,-0.3463640141469968,0.9917978644371032,0.1264326339335569,-0.2657572789902388,-0.3466109221163254,0.9940272569656372,0.0956932114319337,-0.2987819703890189,-0.185027502968676,0.993396818637848,0.1070528508310794,-0.2782836790377546,-0.5201998660220396,0.9956505298614502,0.1277996200071382,-0.2348854928856492,-0.2262198356312718,0.9952411651611328,0.1310941131795965,-0.2352975661747842,-0.3236566882833053,0.9961722493171692,0.0637214248482605,-0.2547534184140476,0.0791521194756572,0.9980751872062684,0.1009206098027657,-0.1863301387388176,-0.6437819178427744,0.9997782707214355,0.1887509384911966,-0.1651499792888765,0.1267419780843097,0.5683044791221619,0.1614900953714006,0.0601791974667547,-0.5863082974181765,0.932252049446106,0.2616304594662936,0.2160610530395624,-0.0407643060615553,0.6458394527435303,0.2448626404458225,0.2382761052787386,-0.3917845321763838,0.8896781206130981,0.2764136506819884,0.2704172710047844,-0.0730696387344138,0.6569129228591919,0.2586113795334657,0.289756017534557,-0.4484679093925104,0.8877084851264954,0.2653915026666857,0.2605668410761652,-0.1487317698347922,0.6564579010009766,0.2639236602647518,0.2890624168318719,-0.4560341720769314,0.8848846554756165,0.2570969372113862,0.2435713103891676,-0.0787519509238053,0.6226702928543091,0.2571379187014432,0.2725575623725998,-0.3877868814618253,0.8595616221427917,-0.0036303320768635,4.2000519043629153e-05,0.2469994065241706,0.999040961265564,0.0036303320768635,-4.2000519043629153e-05,-0.2466151499722383,0.9995977282524108,0.1700509303467747,0.0845837298783442,0.2536647649604368,0.5380688309669495,0.1698052617370244,0.4701121401512287,-0.4947004007349757,0.983519434928894,0.2008867474822686,0.6792142442410791,0.4644571627258705,0.6130002737045288,0.1740526847186038,0.8341726392214063,-0.4901461123218001,0.9864231944084167,0.1844161544300065,0.712520628301353,0.4747814135919498,0.709283709526062,0.1519506620729719,0.8585840569639865,-0.495506314956782,0.9632259607315063,0.2747566544670763,0.8829760856144968,0.3161780896330587,0.7313962578773499,0.239862788493573,0.9708067998814632,-0.7010280469314377,0.9772822260856628,P6,P6/grant_DTL_1_frame314.jpg,2
0.4171626902191769,-0.458144262017903,-1.370899661204203,0.9940884709358216,0.4322057951000447,-0.4623972821720176,-1.333869321388003,0.9933155179023744,0.4382525492998242,-0.4566574553455347,-1.3342620378115944,0.9929553270339966,0.4420989110375951,-0.4531979075818687,-1.3347863381521858,0.9946911931037904,0.4166048069763348,-0.4739795163264036,-1.387354163876931,0.993811309337616,0.4111342539660795,-0.4764598680735379,-1.3875092558255064,0.9925270676612854,0.4054917157897529,-0.4799201282017971,-1.3875271667067068,0.9945626258850098,0.4073259528508594,-0.4466903552566625,-1.0373530548546166,0.9940444231033324,0.3460426516274857,-0.4902125753770184,-1.2905656954313875,0.9959563612937928,0.3883894701690699,-0.4040229726481406,-1.2491825026516552,0.9957141876220704,0.366009417043776,-0.4575633795753377,-1.3222621544728552,0.996549904346466,0.2705299694214136,-0.3078753270373614,-0.8023977082032091,0.9982572197914124,0.0704483296634936,-0.4158192214795965,-1.1368957283501926,0.9994844198226928,0.3261290082565736,0.0036050736734186,-0.9036786530725512,0.6085779666900635,0.0143760772057112,-0.1444951181863261,-1.0417530256476704,0.9015800356864928,0.36968257241903,0.3848959833208566,-1.134777868414624,0.6709086894989014,0.1625776283704307,0.0600874446041403,-0.8534480446948933,0.8593902587890625,0.4252563731943168,0.4877186887026133,-1.2111791745675216,0.6736065745353699,0.2008525708973126,0.1488517365055655,-0.9223079030819328,0.8486372828483582,0.3524848699428588,0.4589918741174345,-1.3174372073167755,0.6738051176071167,0.2273653563268416,0.10038641847303,-0.9427371966519474,0.844542384147644,0.352120139271143,0.4329807968942556,-1.178341405681385,0.6403287649154663,0.2118087383406507,0.0739171890500563,-0.8566060078197117,0.8163749575614929,0.0795002447828511,-0.0144829827778757,0.1882645924245022,0.999083697795868,-0.0795002447828511,0.0144829827778757,-0.1877580884779442,0.9996039867401124,0.3079032619060517,-0.0206272291605524,-0.6977879344730525,0.5776563882827759,0.0298848649977877,0.1683584161610223,-1.3866991955166734,0.9822829961776732,0.3937206032517998,0.3161696932950414,-0.0959093850959481,0.6250617504119873,0.3106851474088484,0.3991457175776463,-0.4936519225161487,0.9725893139839172,0.3923838002094843,0.3554215929783049,-0.0299361011851134,0.7059375047683716,0.3272266603283165,0.4059101282218845,-0.388521842775441,0.931514322757721,0.4586980237227416,0.4228182036077367,-0.2966366052664511,0.7391607761383057,0.4641777357063379,0.4869662281594586,-0.6092718507491706,0.9579221606254578,P6,P6/grant_DTL_1_frame315.jpg,2
0.4615071689616347,-0.4557044700509602,-1.4037948159431397,0.9946657419204712,0.479267378062338,-0.4735373017192708,-1.3206097534191037,0.9939765334129332,0.4830640002294711,-0.4684676429347121,-1.321079074328533,0.9936451315879822,0.4869529095200515,-0.4639668933795053,-1.3215834409810436,0.9952113628387452,0.4617291253344825,-0.4909449117048624,-1.414312238140389,0.9944143891334534,0.4526184003247991,-0.4986395939954915,-1.4143711344586227,0.9932429194450378,0.4441248697904906,-0.5066079251300132,-1.414513167067388,0.9950845241546632,0.4463773375777503,-0.4610191569892286,-0.8835009440441886,0.9946216344833374,0.3820132993276291,-0.5244064898495332,-1.3087071482265686,0.9963288903236388,0.4356151792746503,-0.4030536926314491,-1.2331535883063292,0.9961416125297546,0.402965202130169,-0.4460524830092445,-1.3560554073686035,0.9968934655189514,0.2987103468178393,-0.3021612816691906,-0.4778047050351284,0.9984232783317566,0.1038429704818389,-0.389178596199159,-1.3392483451304231,0.9994369149208068,0.3451083795759413,0.0099286537134847,-0.5045678734855403,0.6373268365859985,0.0434877758430649,-0.0897716178882939,-1.4797110993042697,0.9046016335487366,0.3891299215559906,0.3426228575971914,-0.8333473705177875,0.6809929013252258,0.2424336978794296,0.2543402943927044,-1.513746454142609,0.866001307964325,0.4014940597150481,0.43927609653663,-0.9317343028975972,0.6755074262619019,0.2716026592430816,0.35193567972531,-1.6779574693690185,0.8513103723526001,0.3906904306159686,0.4210071400655308,-1.0466029562006496,0.676626980304718,0.3260960639543747,0.3245540512588007,-1.6934225716950468,0.8469781875610352,0.3838107565505508,0.3856512421580333,-0.8925574455013824,0.6457866430282593,0.3162945484088458,0.2902384278250976,-1.522505748228617,0.8173264265060425,0.0845621655285556,-0.0038228091251576,0.2601698373690862,0.9991534352302552,-0.0845621655285556,0.0038228091251576,-0.260431244540222,0.9995920658111572,0.3865207659835931,0.0580683625534374,-0.6101229745408268,0.5966598391532898,0.089690720631348,0.1146640251031726,-1.4538079144493563,0.967606008052826,0.3773952438823865,0.3513036881584118,-0.1212218015846572,0.6084328293800354,0.3370772581517324,0.3477732189401233,-0.5577167385285935,0.9175193905830384,0.336846150945969,0.440009526059891,-0.0734249690998433,0.6915575861930847,0.3044806284161636,0.4248598354215939,-0.4612362458977596,0.8728336691856384,0.4506141732176981,0.5203902476924244,-0.3471412273732252,0.7206991314888,0.4565113982854056,0.4972405874015461,-0.6513238209492689,0.9086918830871582,P6,P6/grant_DTL_1_frame316.jpg,2
0.4542432846373203,-0.4100081212437955,-1.044317480088729,0.9951789379119872,0.4667420952408473,-0.4408913417293016,-0.991572871003443,0.9945548176765442,0.4693521732813216,-0.4399187709021812,-0.9919697886963942,0.9942307472229004,0.4721893027707537,-0.4392204694406731,-0.9924669705522592,0.9956684708595276,0.4503481021532286,-0.4490989813097809,-1.1029912742216867,0.9949361681938172,0.4396929020128535,-0.4544137421611286,-1.1029837565211815,0.993841826915741,0.4265166536784331,-0.4611167435495377,-1.1030345221167264,0.9955283999443054,0.4377107631359029,-0.446341674595373,-0.6727614677736351,0.9951181411743164,0.3684242565407047,-0.4759653001378515,-1.1738594543219945,0.9966102838516236,0.4320329564781488,-0.3820526649965056,-0.9116417228359944,0.9965218901634216,0.4087495399233079,-0.3909004916795335,-1.0558591776088704,0.9971967935562134,0.2851316826250143,-0.3176193831227796,-0.2606159333500443,0.998580038547516,0.1622250504756137,-0.3456090491307942,-1.2505511493201795,0.9994785785675048,0.3427772411596971,-0.0156560758785059,-0.1187288390308779,0.6606867909431458,0.0881461365113426,-0.0660029608454455,-1.3326995967938564,0.9133800268173218,0.4082491482627329,0.2771864868138475,-0.3656618817135969,0.7021135687828064,0.3223883927048877,0.2584283880887921,-1.2944052751072133,0.8786762952804565,0.4158617914122379,0.3595446696847571,-0.4191003154275061,0.6940638422966003,0.3500859664842952,0.3480584679986801,-1.4335131431245445,0.8648754358291626,0.4115408874613505,0.3492974526167279,-0.5572043170217946,0.6957731246948242,0.3763698746945965,0.3369402112946195,-1.451729122727795,0.8609313368797302,0.4077039882733082,0.3203147743937031,-0.4313714833022603,0.6684495210647583,0.3711889120185275,0.3030892729491126,-1.3014995347960585,0.833645224571228,0.0542085334386665,-0.0109254994843724,0.2639269102597855,0.9991434812545776,-0.0542085334386665,0.0109254994843724,-0.2643013382026306,0.9993675351142884,0.2005918461738662,0.3252673341240944,-0.1314805484581325,0.5565993785858154,0.1494584745844393,0.3732257020440925,-0.7441842683404073,0.9133957028388976,0.1069212978824879,0.7066576812592615,0.1001046335082143,0.5732425451278687,0.0168411695648442,0.7135933934891433,-0.1653260385824869,0.8814574480056763,0.0600091573608495,0.7400663423031528,0.1624872619564274,0.6550652384757996,-0.0296756581661979,0.7308065625261639,-0.1089045454090915,0.8298629522323608,0.1715970044803615,0.869114851296533,-0.0409038163662286,0.6791467666625977,0.058022203776834,0.8879256583936679,-0.2654016677040622,0.8731802701950073,P6,P6/grant_DTL_1_frame317.jpg,2
0.4390591575839417,-0.3892658237740938,-0.6577489049548739,0.9956552982330322,0.453870872625747,-0.4212428510899014,-0.6100568265063223,0.9950945377349854,0.4562866188101722,-0.4209522993867179,-0.6103884778610366,0.9947990775108336,0.4586548435225148,-0.4208950024766845,-0.6107344712816497,0.9960979223251344,0.4399662040600881,-0.4279814814554827,-0.7296825710969052,0.9954350590705872,0.4313925027950785,-0.4327978468692558,-0.7296438261129099,0.9944428205490112,0.4208956803355205,-0.4385081297038252,-0.7296626634531949,0.9959659576416016,0.4307170699801633,-0.4291912097402991,-0.3320860406121217,0.9955975413322448,0.3712781260248848,-0.4528438451356263,-0.8701276438554062,0.9969371557235718,0.4190666031352736,-0.3658916813300252,-0.5405579579496863,0.996868133544922,0.4004009395197097,-0.3716571204677775,-0.6952832330689972,0.9974753856658936,0.2811411673470119,-0.3134119929530597,0.0556438843678982,0.998721480369568,0.1877230864885916,-0.3347903762767841,-1.041596317638473,0.9995278120040894,0.3305813367032973,-0.0599876885214209,0.1779348048965709,0.6710119247436523,0.1149971103976043,-0.0656315411900611,-1.1313136460200732,0.9214544296264648,0.3997466273590534,0.1931290820593531,-0.0656988186795354,0.7196902632713318,0.3354238175206473,0.1890048461939296,-1.0860473032545828,0.8900906443595886,0.4098706988123662,0.2620937264996495,-0.1119089996014163,0.7111462354660034,0.3612856305393201,0.2688333558150944,-1.2150683853729842,0.877314567565918,0.4121608627282249,0.2562709904518637,-0.2364094768192311,0.7128749489784241,0.3818542936450372,0.26142742694063,-1.2192905183250402,0.8736823201179504,0.40620312574173,0.2330078741497778,-0.1294108955450846,0.6877250075340271,0.3778175372462401,0.2367246811779769,-1.0868897034038425,0.8485944867134094,0.0380863192673225,-0.0016430941417134,0.325411949543085,0.999191403388977,-0.0380863192673225,0.0016430941417134,-0.3258266564436013,0.9993448853492736,0.1373830060123283,0.353201236323569,0.2181024362046986,0.5140865445137024,0.1326090246141964,0.4045999182409988,-0.5121848206507105,0.9085612297058104,0.0945618070986775,0.6237288467841055,0.3423812179063564,0.5607002973556519,0.0758857258631075,0.7289352495685918,-0.2452182880699946,0.8905996680259705,0.0465911643453056,0.5921145096223454,0.3448931486919337,0.6377426981925964,0.0304159540932516,0.7804764959022692,-0.2203497166299843,0.8420535922050476,0.1908891867277019,0.8009521139635483,0.0821814735905019,0.662672758102417,0.190540410518183,0.8663029859187195,-0.4369757762898477,0.8810304403305054,P6,P6/grant_DTL_1_frame318.jpg,2
0.4189099036734606,-0.379007381342814,-0.3966647217959976,0.9960874915122986,0.4354403773780382,-0.410018581844059,-0.3502724947788518,0.9955833554267884,0.4367132377795533,-0.4101641444459827,-0.3505141154349381,0.9953163862228394,0.4379475025390092,-0.4104845811168237,-0.3507232083205261,0.9964867830276488,0.4260819289117566,-0.4158568690186231,-0.4720372691765225,0.9958896040916444,0.4201521262972587,-0.4205535342377802,-0.4720968536857838,0.9949955344200134,0.4130969490337187,-0.4261602475599899,-0.4721336256505978,0.9963674545288086,0.4101120867500784,-0.4216457511187302,-0.0920351796592751,0.9960340261459352,0.3649872822604805,-0.4460822967316242,-0.64807958573683,0.9972413182258606,0.3968465921539822,-0.35942645928931,-0.2879476286158268,0.9971797466278076,0.3830704679292695,-0.3645384587115874,-0.4476344450137781,0.9977268576622008,0.2614870333652938,-0.3232857520642352,0.243172157791962,0.9988471269607544,0.197549837571028,-0.3319128064819437,-0.8969730666764117,0.9995743036270142,0.3135327924731952,-0.0729763017960534,0.4741555200333108,0.6660104990005493,0.1335182084532362,-0.0543499918859176,-1.0156899458732993,0.928883969783783,0.3803487456932071,0.154205008388144,0.2532579219013412,0.7297345995903015,0.3286738230636464,0.1753384434592508,-0.9738219636812322,0.9005026817321777,0.3940104093024663,0.2192751388025767,0.2382521915835894,0.7178000211715698,0.3529641429192547,0.2465540346118518,-1.0955423398274278,0.8886498808860779,0.4020807447939104,0.2185454026424083,0.1244695695931221,0.7199383974075317,0.3739450522571385,0.2357907578270491,-1.082175979300796,0.8852941393852234,0.3962364892210897,0.1968452349990733,0.1956268859683015,0.6965265274047852,0.3711060841531028,0.215132672519309,-0.9672464466909108,0.862049400806427,0.0282800946168125,-0.0060849478114004,0.3881935420460896,0.9991961121559144,-0.0282800946168125,0.0060849478114004,-0.3883686150616152,0.9993640184402466,0.1316790133727101,0.3807228316328209,0.426407206616739,0.4754478335380554,0.1327964301574099,0.455613497169665,-0.472186644921777,0.9151240587234496,0.0902598547295361,0.7272082450868148,0.6063615429720749,0.5420945286750793,0.0745532189309719,0.8182777793553891,-0.3285389041052801,0.9009552597999572,0.0048167958129543,0.7565711729362073,0.6120145445385411,0.6346259117126465,0.0039903716010297,0.8531978165059257,-0.3184930951064518,0.8566909432411194,0.2167139664796157,0.7538009077276583,0.4347751662345768,0.6465542912483215,0.1846801140948777,0.8724112841734343,-0.5374536330053717,0.8912382125854492,P6,P6/grant_DTL_1_frame320.jpg,2
0.4064359816216103,-0.3718615645052846,-0.2632290442257711,0.9964779019355774,0.4208244268955123,-0.4013975214034281,-0.2234188681179043,0.9960243105888368,0.421544847094369,-0.40161179143081,-0.2237140694156403,0.9957836866378784,0.4223345506897984,-0.4020037193420638,-0.2238587064513293,0.9968376159667968,0.4134407237033476,-0.4067763283619295,-0.3264014227510459,0.9962998628616332,0.408375026847155,-0.4113308535894645,-0.3264475375255536,0.9954948425292968,0.4023075810643714,-0.416920625312392,-0.3264949871177935,0.9967299699783324,0.3947137394235195,-0.414797375239813,-0.0719165629095411,0.996428906917572,0.3569125911280106,-0.4379717179521105,-0.524721617707536,0.99751615524292,0.383812219442443,-0.3537860348414864,-0.1814489410287594,0.9974607825279236,0.3731199480315654,-0.3583685912413962,-0.306210842609309,0.9979535341262816,0.2497592713653221,-0.3297435521013095,0.4516012240011714,0.9989604949951172,0.2014150969939379,-0.330893783609913,-0.7942247502135747,0.9996165037155152,0.2969284247559347,-0.0867496455044289,0.645939339848964,0.6540387272834778,0.1419470601449533,-0.0586476642270907,-0.9105003414831562,0.935447096824646,0.3649156497478849,0.1332488475190091,0.4376823803179835,0.7384877800941467,0.3235139259640718,0.1612880288001879,-0.9131541498228832,0.9098654389381408,0.381188349157565,0.197182930248713,0.434921913685184,0.7233632802963257,0.3472881739028392,0.2308063532936433,-1.0347393282171429,0.8988704681396484,0.3869442103440194,0.1976820249550324,0.3242008485941269,0.7261562347412109,0.3665900196859724,0.2222763594833224,-0.9789734401296026,0.8957677483558655,0.3794759686954863,0.1755571032311877,0.3820801027467533,0.7034670114517212,0.3622767786542077,0.200614683075277,-0.8845017151379134,0.8740604519844055,0.0176534094466985,-0.0077974013450021,0.4032816166323333,0.9991947412490844,-0.0176534094466985,0.0077974013450021,-0.4034362330196387,0.9993994235992432,0.1224875787439302,0.3686611165228746,0.4898954921045796,0.4406759440898895,0.1318966453749842,0.4644354329328778,-0.4907256216084679,0.9215348958969116,0.0642220855460988,0.7393697481027169,0.7017674558679212,0.525773823261261,0.0519254903466961,0.8587436420168256,-0.4918381604068259,0.9103288650512696,0.0091499848655219,0.7845239623453006,0.7106724698982222,0.6304005980491638,-0.0130163162080187,0.8735006241102946,-0.4972169038025781,0.8700373768806458,0.2021079309596639,0.7890202640946149,0.5498775926873082,0.6339647173881531,0.187388450888193,0.9368176396712584,-0.7251647131414849,0.900719404220581,P6,P6/grant_DTL_1_frame321.jpg,2
0.39820456517171,-0.371733597435155,-0.2314445968567309,0.9968291521072388,0.4116540265313624,-0.4013252937321617,-0.1896308473940027,0.996420919895172,0.4118174252569241,-0.4019707186981305,-0.1898454797275984,0.9962040185928344,0.4120683857422907,-0.402752350846018,-0.1899543394510594,0.9971531629562378,0.4056983300824147,-0.4052333297397474,-0.3112385246899911,0.9966689348220824,0.4012944225988972,-0.4090562986245599,-0.3113013271772585,0.995944082736969,0.3961151819259966,-0.4137719110051605,-0.3113870179592897,0.9970561265945436,0.3838595291177574,-0.4157737948569948,-0.0169318947492516,0.9967836737632751,0.3514412219663101,-0.4349225663446849,-0.5389076443143964,0.997763216495514,0.374518236021541,-0.3547219191264052,-0.1410511121915402,0.9977133870124816,0.3655788289510954,-0.3579047641489407,-0.2933750525668436,0.9981573820114136,0.2343031702481372,-0.3394465705574892,0.4603587586405833,0.9990620017051696,0.2033736624770753,-0.3302093038254853,-0.8052879177340007,0.9996544718742372,0.2699686216916063,-0.0958520623196908,0.648651903700901,0.6438910961151123,0.1414979328668406,-0.0580069841358947,-0.9193281915524114,0.9414109587669371,0.3483730678812968,0.12029289444003,0.4418509529551683,0.7476307153701782,0.317227524543309,0.1500332087381869,-0.876284788722424,0.9183914661407472,0.3652262120066962,0.1793077743025671,0.4438421410507301,0.7296649813652039,0.3389726518874344,0.2216926553221705,-0.989535073358892,0.9082172513008118,0.37231809089163,0.1778058780777665,0.3314563416945577,0.7330403923988342,0.3559421708303522,0.2110285809400134,-0.9579905751936452,0.9053624272346495,0.3649384556251153,0.1554876078756593,0.3863769920780722,0.7106582522392273,0.3507563193693181,0.1874516416236747,-0.8597681087666451,0.8850556015968323,0.0126196827170574,-0.0073377877303116,0.4070243543964962,0.9991708397865297,-0.0126196827170574,0.0073377877303116,-0.4072805848025917,0.999432384967804,0.1274199477071076,0.3687967859898489,0.5195296468664764,0.4190977215766907,0.12634625592876,0.4564610753766782,-0.5109646848144556,0.9281861186027528,0.059984295812969,0.7292427745168293,0.7582709946743512,0.5259053111076355,0.0437364129973317,0.8525993326952159,-0.515506764006554,0.918961465358734,0.0094584163048442,0.7765004300500163,0.7693727531236808,0.635036289691925,0.0054815906811155,0.8759502578965029,-0.5232382678263585,0.8821956515312195,0.1897042988630982,0.7941020900167103,0.6168456557451265,0.6368909478187561,0.1884852944776671,0.942828233682255,-0.7574501967250695,0.9097421169281006,P6,P6/grant_DTL_1_frame322.jpg,2
0.3804796318956019,-0.3392856977870481,-0.7979175691532995,0.9970762729644777,0.3873544794830224,-0.3777434509030498,-0.7485792614848594,0.9966300129890442,0.3892294785681047,-0.3802325684578466,-0.7489475835088072,0.9964450001716614,0.3911329477084577,-0.383210893978081,-0.7492922053296761,0.997298777103424,0.3699853608417717,-0.3854420668698095,-0.9063635125397724,0.9969112277030944,0.3593606641420677,-0.3934581761230964,-0.9067348902502808,0.9962629079818726,0.3484223496607425,-0.4023841346819991,-0.9070227955474296,0.997266948223114,0.3569591926212981,-0.4130899188689664,-0.4583829819694537,0.9967902898788452,0.3074879253230074,-0.4355154534783944,-1.123261436156899,0.9978693723678588,0.3604669717348397,-0.3305073810592746,-0.6659960529147032,0.9978235960006714,0.3403750127813864,-0.3403541446780466,-0.8621627828557137,0.998290240764618,0.2780662845399663,-0.3383508067574245,0.0008974151999567,0.9991168975830078,0.1200430191728719,-0.3555576758952082,-1.266270250228879,0.9996843934059144,0.2772026431774601,-0.135196317884137,0.2938219447805821,0.6266950964927673,0.0448154443852973,-0.1134097198816097,-1.3912856912539853,0.9462226033210754,0.310323453393245,0.0665582938997515,0.0617831548110775,0.7265032529830933,0.2622923833411634,0.099728591332028,-1.2661681455803948,0.9212031960487366,0.3135295393556453,0.1123810714448379,0.0300384958622894,0.705921471118927,0.2869644438040628,0.1451238708744102,-1.3870092206481337,0.9093688130378724,0.3127383401233044,0.1137549379340026,-0.0688086579936586,0.710757315158844,0.3001903495850746,0.1381789660829203,-1.392784170131665,0.906369924545288,0.3049767472018228,0.0968991746349113,0.0091155922076871,0.6897553205490112,0.2909188003290764,0.1220450901015055,-1.2602714158080874,0.8836063742637634,0.0506798285974279,0.0137630358551904,0.4248353817758994,0.998773992061615,-0.0506798285974279,-0.0137630358551904,-0.4243845934792892,0.999415636062622,0.2043309281990695,0.3487576553640489,0.6452975774434662,0.4380221366882324,0.109734772354528,0.3662972962211622,-1.015780866136714,0.9343220591545104,0.2386602997139916,0.7013488558405622,1.093899642113079,0.5450582504272461,0.0152422117372807,0.7440517028784654,-1.225815270565376,0.9259222149848938,0.1969163420245527,0.7438954902191789,1.1200369415461957,0.634787917137146,-0.0462226998398058,0.7930143846867888,-1.2803930372798595,0.8893922567367554,0.4338773818951595,0.8044305787345957,0.9415349865533966,0.6538378596305847,0.1677522732598774,0.884951347934314,-1.7566073291150708,0.9169609546661376,P6,P6/random_1_frame37.jpg,3
0.2411359401091731,-0.3587344686839758,0.0239898322997381,0.9972862005233764,0.2535778380568033,-0.3880639750900463,0.0552923131038131,0.9968467354774476,0.2536054372963228,-0.3892588703207615,0.0551537307573184,0.9966838359832764,0.2537132440345103,-0.3906620549578176,0.0550326714716755,0.997490644454956,0.2504102670849029,-0.3952276301269937,-0.0154489632086745,0.9971298575401306,0.2480063643909674,-0.4011453893967676,-0.015524770403833,0.9965468645095824,0.2456036228300862,-0.4071176326021625,-0.015667238080163,0.9974738359451294,0.2378568110461408,-0.4183741030193657,0.1906548990452822,0.9968227744102478,0.2250183415015323,-0.4377302803510686,-0.1255839978603529,0.9979130625724792,0.2273272099208765,-0.3494899738959466,0.0797090823046084,0.9978601932525636,0.2222692250187857,-0.3596871336959961,-0.0128171616365895,0.9983459711074828,0.1808031093404164,-0.3443114991099991,0.3799675282798911,0.999145209789276,0.1171999026654976,-0.3981130457667197,-0.2898780057885216,0.9997106790542604,0.1480716617213484,-0.1561260397877701,0.5147029516480816,0.5935690999031067,0.0427354574014451,-0.1921324185272899,-0.3743719611031803,0.9509087204933168,0.1435578016320484,0.0275067954647336,0.3792268593681924,0.701808750629425,0.1194483028480954,0.0236868463522185,-0.328457031116029,0.9266120791435242,0.1326885244294625,0.0741711251909721,0.3746131641657118,0.6798697710037231,0.1253781200380478,0.0614885154294103,-0.3745045982251426,0.9147046208381652,0.1359536305779171,0.0589881493740476,0.3294831154642466,0.6852073073387146,0.133698263596994,0.0550379747236058,-0.365226921827141,0.9116326570510864,0.1380195542351486,0.0435277520750928,0.3551799054627943,0.6635555624961853,0.1317879317690274,0.0398228444528723,-0.3183954336000591,0.8877363204956055,0.0231183824042526,0.0081362379467438,0.2142767889349101,0.9984673261642456,-0.0231183824042526,-0.0081362379467438,-0.2138132512219781,0.9993114471435548,0.0727727190630238,0.3498900288920875,0.155423621278415,0.455121248960495,0.0371283458826375,0.3940130849522841,-0.3179729151452155,0.940515160560608,0.0166608749001229,0.7300219468170774,0.2269414234636134,0.5636178255081177,-0.0082205094111017,0.8346216355088989,-0.4174162129086013,0.9329912662506104,-0.0093601168448508,0.7968181800731622,0.2256146279838356,0.6451983451843262,-0.0368564621120965,0.9053439275750688,-0.437302179525772,0.8993033170700073,0.1018650863722526,0.8281160749599101,0.1315178678512541,0.672931432723999,0.0877629467929484,0.9351384231103892,-0.6051441411485058,0.9246764183044434,P6,P6/rob_DTL_1_frame917.jpg,4
0.2370228189905055,-0.3577856909269417,-0.086077878925168,0.9973673820495604,0.2500514876097165,-0.386863222770786,-0.058630342538317,0.9967727661132812,0.2502964961536124,-0.38829630845939,-0.0587546270062722,0.9966483116149902,0.2505232897766065,-0.389810379114945,-0.0587964420805117,0.9974710941314696,0.2467137819321025,-0.3934815785649538,-0.132656668391294,0.9971433877944946,0.2445250448925543,-0.39935374762394,-0.1327542052747263,0.9966262578964232,0.2421739807637922,-0.4055145874636898,-0.1329405845419693,0.997505784034729,0.2358280451837012,-0.4189881823125777,0.0713965354866643,0.996122181415558,0.2217525543455996,-0.4382436752153939,-0.2616537672024198,0.997641623020172,0.2232249271185018,-0.3487514473149199,-0.0304109237657658,0.997658371925354,0.219040584774262,-0.3587745646964924,-0.1275802302058983,0.998320698738098,0.1782521981229267,-0.3471084435918045,0.2676313417228015,0.9991871118545532,0.1122393604202906,-0.3982871925740724,-0.3947421135935436,0.9997339248657228,0.1491335934182251,-0.1553490780206806,0.3867458079620313,0.5845407247543335,0.0403931942988268,-0.1672000269992258,-0.468673664936203,0.9550971388816832,0.1458584792090043,0.0297863065601146,0.2441417279541632,0.6980056166648865,0.1173230198396468,0.0307904487192449,-0.4490292298988348,0.9325276017189026,0.1406667803078281,0.0823715331602572,0.2342034796035575,0.6722745299339294,0.1256609891713114,0.0775235069578622,-0.5031362952825642,0.9210323095321656,0.1440234152169676,0.0766097250926177,0.1888916539616338,0.6782740950584412,0.1343648641199167,0.07081952317769,-0.5017740602789388,0.9181299805641174,0.141633867603359,0.0595059143657504,0.2201709590139072,0.6560954451560974,0.1313286868142912,0.0541373342964044,-0.4422888162768589,0.8942770957946777,0.0243805823383413,0.0075555313323351,0.2147123981281942,0.9983652234077454,-0.0243805823383413,-0.0075555313323351,-0.2143227640052256,0.9992735981941224,0.0716215154303405,0.351304125617194,0.1958699776656836,0.4728759527206421,0.0369703963681761,0.3941988357198793,-0.3180213355211625,0.9459025263786316,0.0195229129425276,0.7296046390763644,0.3229507931346483,0.5855377912521362,-0.0075159763815531,0.8249540355127288,-0.3656818144934936,0.9392942786216736,-0.0020020341003039,0.7847290613657606,0.3259993815873589,0.6592777967453003,-0.0377486377925918,0.8922263814224333,-0.381539822848383,0.9078308343887328,0.1027654586194411,0.8185830990608117,0.2350768582741544,0.6921685338020325,0.0854853917461996,0.9226181555248796,-0.5559661286268769,0.9315335750579834,P6,P6/rob_DTL_1_frame918.jpg,4
0.2334904227682164,-0.3547579102371613,-0.0513538269321518,0.9975050687789916,0.2464547538062416,-0.3832131578601528,-0.0234335958650229,0.9968624711036682,0.2466723007599545,-0.385050771055514,-0.0235562671314482,0.9967525601387024,0.2468427316932168,-0.3872189035763252,-0.0235914715501057,0.9975625276565552,0.2433110633085205,-0.3893315222869243,-0.0977477313859426,0.9972628951072692,0.2412188644867094,-0.3951194557860328,-0.0978288253057566,0.9967973232269288,0.2389326325225174,-0.4012323395500126,-0.0980102507137723,0.9976218342781068,0.2323912846851338,-0.4182953223783069,0.1033290903066447,0.995893657207489,0.2184427326870763,-0.4362089571105343,-0.2324336935234288,0.9975602626800536,0.2196480365123,-0.3474726066247076,0.0026923206930749,0.997630536556244,0.2159360366422016,-0.3559465068806491,-0.0948781624255898,0.9983593821525574,0.1745741817360708,-0.3522665070094309,0.2963578901814256,0.9992328882217408,0.1108504270600097,-0.3950840082734611,-0.3796783071551259,0.9997563362121582,0.1504389339619006,-0.1556921050487838,0.4162543500740403,0.5758079886436462,0.0411315344722019,-0.1585316187615696,-0.4560163376328436,0.9589901566505432,0.149691353877565,0.0345201313886512,0.2829271061210499,0.6994292140007019,0.1163607915080582,0.0411397112674958,-0.4354931560306115,0.93824702501297,0.1491784699176128,0.0979273335896022,0.2769636588159289,0.670413076877594,0.1246041503356035,0.1037527477503824,-0.4893715629849127,0.9272801876068116,0.1498868897823244,0.0993070462485014,0.2305410085067905,0.6768333315849304,0.1355439952566305,0.0992626705594466,-0.4859241818900844,0.9245436191558838,0.1469755970665257,0.0789272900556147,0.2588899798904073,0.654102623462677,0.1336931223932251,0.078769411608101,-0.4279301065715239,0.9012377858161926,0.0240936566154047,0.0071806406326909,0.2159786885744107,0.998316764831543,-0.0240936566154047,-0.0071806406326909,-0.2156846112366356,0.9992695450782776,0.0678859202762622,0.3470856895111759,0.2221609646011555,0.4800471365451813,0.0384045511422184,0.3898792349749394,-0.3233395245963179,0.9507563710212708,0.0190921982268951,0.7193208146063345,0.3506298219838339,0.5985131859779358,-0.0059276462014014,0.8152182698139336,-0.377141909453832,0.9450085759162904,-0.0028055247636989,0.7738470447423849,0.353779390934388,0.6678902506828308,-0.0377425401156618,0.8828105768408023,-0.3944360082961379,0.91579008102417,0.1011510682834172,0.8002392648132629,0.2701776259042353,0.706286609172821,0.0842638202556029,0.9098827526889902,-0.5636337924303009,0.937805712223053,P6,P6/rob_DTL_1_frame919.jpg,4
0.2338240556282153,-0.3535243689208379,-0.0873672778709175,0.997611165046692,0.2468108999491147,-0.3829509771756511,-0.060071540914383,0.9969239234924316,0.2470339716394471,-0.3856463382466555,-0.060189826448592,0.996832311153412,0.2471998590790038,-0.3888562690541292,-0.0602186730704519,0.9976282715797424,0.2437995206501393,-0.3873812517620622,-0.1366372637474542,0.9973484873771667,0.2417716042398913,-0.3928969648670669,-0.1367152171233665,0.9969293475151062,0.2395192883316304,-0.3988946721601113,-0.1368899676791909,0.997700572013855,0.2325683036444631,-0.4208823706654111,0.0666329081003528,0.9956690669059752,0.2187635297923448,-0.4352676620354658,-0.2788906007304348,0.9974420070648192,0.2199629827304417,-0.3471132708365823,-0.0328709164817658,0.9975729584693908,0.216267782475983,-0.3539453724760842,-0.1336095081537521,0.9983749985694884,0.172501382394302,-0.3545465152733253,0.267694128025733,0.9992746114730836,0.1139799407637891,-0.3923995681099329,-0.4243177189567861,0.999775528907776,0.1532286965136788,-0.1527147906810499,0.3862378323080845,0.5663748979568481,0.0461375547773512,-0.1431827249039175,-0.5024680087481018,0.9623883366584778,0.1548597754684664,0.0423513111762628,0.2627179253114637,0.6960290670394897,0.1223824848073336,0.0615004224220828,-0.4697984515348253,0.942964494228363,0.1574197886765669,0.1139860044188636,0.2612233449862366,0.6638609766960144,0.130202829443213,0.1367196652790964,-0.5236512771002684,0.9322311878204346,0.158547451479402,0.1170125207253972,0.2120714897330128,0.67081218957901,0.1429793490275133,0.1300142364923188,-0.5180185398783511,0.9296059608459472,0.1551502112684587,0.0961459345050418,0.2380418809857384,0.6474798321723938,0.1422369274930618,0.1090485072984824,-0.4615869790165119,0.9061495661735536,0.0239587404865642,0.0051031189984018,0.2197602264976217,0.9982932209968568,-0.0239587404865642,-0.0051031189984018,-0.2195692213627746,0.9992705583572388,0.0679821156146877,0.3483190972515457,0.2394282449850006,0.4905586242675781,0.0411496894856211,0.3929895573226573,-0.3271855774271437,0.955198049545288,0.0191264057344825,0.7233080969720588,0.3769255629623392,0.6154011487960815,-0.004068092911413,0.8158184055272427,-0.3641597986202513,0.950224995613098,-0.0028655417553949,0.7764347445170091,0.3809683390073098,0.6779834032058716,-0.0376370185269821,0.8849221202896911,-0.3788789008411963,0.9230398535728456,0.1006201595256791,0.8028839653494689,0.2989173707229704,0.7215741872787476,0.0842353668297402,0.91186634782546,-0.5419459883639105,0.9435480833053588,P6,P6/rob_DTL_1_frame920.jpg,4
0.2352888018665365,-0.3521522531304505,-0.0581450730531383,0.9977213740348816,0.2480955795565308,-0.3821431996389585,-0.0296346824933883,0.9970155358314514,0.2483256143911094,-0.385412651627724,-0.0297566975783143,0.9969364404678344,0.2484649811461619,-0.3892431123585562,-0.0298025352066538,0.997710108757019,0.2453755371707523,-0.3851715489123439,-0.1047926212399351,0.9974499940872192,0.2435089612093396,-0.3903995730877441,-0.1048579549403064,0.9970723390579224,0.2414043815391713,-0.3962594404423408,-0.1050217485082879,0.997790515422821,0.2335959473621843,-0.4217865778090311,0.0985694949695521,0.9954819679260254,0.220145373181728,-0.4333866908625218,-0.2420369109269775,0.997369349002838,0.2212603957651951,-0.346923520610679,-0.0037048271406266,0.9975266456604004,0.2177977428491586,-0.3521449040575983,-0.1026598184737229,0.9983883500099182,0.1678984236131768,-0.35578659101348,0.296628989487037,0.9993047118186952,0.1223537399427866,-0.3897022965972491,-0.3996246517358008,0.9997935891151428,0.1528686841999613,-0.1515337206892066,0.4113710821734875,0.5444220304489136,0.0554853229480259,-0.1422042940609532,-0.4864909142064346,0.965240240097046,0.1559610500959025,0.0483337896323701,0.2858438487684845,0.6835864782333374,0.1280379378933018,0.0708690574607968,-0.4546594676636822,0.946816384792328,0.1579944411567556,0.1227409386847466,0.2859480639341115,0.6506484150886536,0.1351901795533289,0.1477022859848638,-0.5086340248823024,0.9362662434577942,0.1588551681109272,0.1286951043837721,0.2361527827776638,0.6579828858375549,0.1484740271773914,0.1449578057182756,-0.4992780796116486,0.9336954355239868,0.1563520561888582,0.1049829223824362,0.2604698023290406,0.6345471739768982,0.1475689401569673,0.1229968280888774,-0.445445235538811,0.9097577333450316,0.0210458852447294,0.0024911586108033,0.2257682772083644,0.998215675354004,-0.0210458852447294,-0.0024911586108033,-0.2256059778042911,0.999270498752594,0.0610878842097492,0.3517483197527187,0.2918944599808143,0.4968030154705047,0.0439056633382564,0.3969327217672581,-0.3265479726345736,0.9593423008918762,0.0196094514027865,0.7263753658108966,0.4479543241165128,0.6305121183395386,-0.0020835064251222,0.8187057524901883,-0.3628372737992725,0.9550185203552246,-0.0019650358290228,0.7784167184256789,0.4536844316365926,0.6867379546165466,-0.0363855253203872,0.8876248264398523,-0.3783355387425774,0.9298990964889526,0.1003158184060564,0.8032293134078239,0.3803043819225961,0.7351018190383911,0.0855549842247943,0.914828083675123,-0.5387758044703734,0.9488494992256165,P6,P6/rob_DTL_1_frame921.jpg,4
0.2390404084874411,-0.3569786859739867,-0.0556577789471088,0.9978500604629515,0.2517824605067361,-0.3876477181333524,-0.0262523299918754,0.9971710443496704,0.2518849567098459,-0.3912949344237317,-0.0263649727815256,0.9971054792404176,0.2518789538727757,-0.3954568715942386,-0.0264120771336104,0.9978410601615906,0.2491219493604549,-0.3892038864478753,-0.1026366426188742,0.9975897073745728,0.2473305056706118,-0.3938287588294559,-0.1026799168025298,0.997246503829956,0.2453437457895279,-0.3991861565227723,-0.1028300997225148,0.9979054927825928,0.2365671500199183,-0.4278876020418457,0.1037757817468587,0.9955025911331176,0.2237918584102791,-0.436361995282531,-0.2415386638436595,0.9973530769348145,0.2246989139699676,-0.3519916722873625,-0.0005688474264024,0.9975432753562928,0.2215228755923107,-0.3559436893495772,-0.1012274430186662,0.9984145164489746,0.16256578732047,-0.3569617525977736,0.3097351263056631,0.9993285536766052,0.1309500092010856,-0.3872482158871403,-0.4062096102868303,0.9998095631599426,0.1437384712144461,-0.1469369082378875,0.4164385790463975,0.521427571773529,0.0694240650415139,-0.1262376925063625,-0.4902278265702666,0.9672939777374268,0.1579075857539622,0.0687032766201691,0.2980141837503913,0.6639007329940796,0.140292125979462,0.0957250028945724,-0.4434979350457187,0.949069321155548,0.158258886114446,0.1454268811336806,0.2996792318820726,0.6304398775100708,0.1464789007288863,0.1740034318038597,-0.4951710733030279,0.9384726285934448,0.160574368521063,0.1519592221902679,0.2498950386197064,0.638192355632782,0.1565811379506049,0.1721873496036536,-0.4837603519918712,0.935868203639984,0.158063390734039,0.1274886120761344,0.2722345519793209,0.615006685256958,0.1541878874458242,0.1484872529045064,-0.433288453107984,0.9101049304008484,0.0164085311450489,-0.000576809926242,0.2347135948853147,0.9980857372283936,-0.0164085311450489,0.000576809926242,-0.2346646314456298,0.999265432357788,0.0495367554223849,0.3596839048172537,0.3209873771978946,0.4964215457439422,0.046741314833898,0.4073487606141376,-0.3258481969141689,0.9629539847373962,0.0202517803833341,0.7373800838177256,0.4953824717219419,0.6434776186943054,-0.000468310886062,0.8308320721380884,-0.3734754677834265,0.9593082666397096,-0.0012524426776852,0.7902731419190409,0.5033048727359144,0.6930257081985474,-0.035502211946742,0.9000042868064015,-0.3904574490578498,0.9360030889511108,0.099555529702052,0.8014704937304546,0.4286720922118015,0.7462639808654785,0.0884094259921932,0.927397113844162,-0.5551318000951798,0.9535678029060364,P6,P6/rob_DTL_1_frame922.jpg,4
0.2266035887936702,-0.3848910404486266,-0.1183597467463439,0.9979717135429382,0.2431456862041738,-0.4504636146476546,-0.0916223451293421,0.9971854090690612,0.2427423671334696,-0.4522062943784078,-0.0917943030760023,0.9970682859420776,0.2423439444094442,-0.453845171559573,-0.091825482312174,0.9978184700012208,0.2395769489535104,-0.4526318568525951,-0.1550908367518729,0.9976107478141784,0.2360753616001546,-0.4570241596146132,-0.1551259680392925,0.9972550868988036,0.2325739141424183,-0.4613281182929857,-0.1553007326418166,0.9978955388069152,0.2183069391900699,-0.4740073479130564,0.0488719488213259,0.9956080317497252,0.2054204542098716,-0.4811511876650655,-0.2359263377915984,0.9974865317344666,0.2153766855463068,-0.3871921834919885,-0.0605044356997323,0.9977574944496156,0.2136552699497011,-0.3923093554058808,-0.1429060944289682,0.998560667037964,0.1704185702382532,-0.3380612616487413,0.2456956336066225,0.999379575252533,0.1060028628637787,-0.4126658467746982,-0.36400948584633,0.9998267889022828,0.1556015257104596,-0.1358586515021957,0.3286937110787032,0.5284881591796875,0.0322413586880813,-0.1809424630242722,-0.4211282726872768,0.9702516794204712,0.1625333536512817,0.0321024073641213,0.1304270641837223,0.6775099039077759,0.1027500099217001,0.0163213421231046,-0.4099874751936486,0.9534745812416076,0.1550461401014775,0.0760527146300824,0.0963505722474227,0.643871009349823,0.1176239919665858,0.0708400639559559,-0.4632340212376634,0.9432784914970398,0.1479927428674046,0.0594697676987167,0.0557586691683706,0.6520010232925415,0.1292882089201653,0.0598880556006957,-0.4714240703792878,0.9408928155899048,0.1479539917808333,0.0442709480256052,0.1050555072162155,0.6274544596672058,0.1270907984785818,0.0426499774837221,-0.4075462266874666,0.916754424571991,0.0208041223769637,0.0088886878648628,0.2038559140634603,0.99813050031662,-0.0208041223769637,-0.0088886878648628,-0.203882301874668,0.9992929697036744,0.0591619623621518,0.3416011804018102,0.2871449394499694,0.4866836667060852,0.0401328705779254,0.3884309592016955,-0.2712983855721252,0.965154767036438,0.0190722845567133,0.6843688104781022,0.4533368958004208,0.6406989693641663,-0.0141885284837748,0.7618483205303531,-0.2614455196114675,0.9624188542366028,-0.0116070346191534,0.7251613938231706,0.4599978508481971,0.6960126161575317,-0.0466594908571816,0.8215795531417116,-0.2675935823446517,0.9400834441184998,0.1003368804350157,0.749631795671418,0.3630978910164736,0.7450781464576721,0.0555318808823854,0.8488285617823023,-0.4237094867606595,0.9566006064414978,P6,P6/rob_DTL_2_frame44.jpg,4
0.1850570379277394,-0.3737344297117455,-0.5079476080502139,0.998081624507904,0.1965754224322045,-0.4050710633118188,-0.476340626474161,0.9972656965255736,0.1972873708386986,-0.4080329183416584,-0.4765482246431417,0.9971742630004884,0.19794939733741,-0.4119050197200411,-0.4767941461610305,0.9978781342506408,0.1910942748954812,-0.4109392927073883,-0.5499457759366962,0.9977144002914428,0.1877681075279041,-0.4179892923182419,-0.5500409696387959,0.9973864555358888,0.1842276073442578,-0.4263265716154321,-0.550295870686136,0.9979564547538756,0.1834715095846283,-0.4449763059916128,-0.2801666103882606,0.9955372214317322,0.1644968017616394,-0.4617601155276504,-0.6147081734233466,0.99741131067276,0.1698178143564816,-0.3705841114625892,-0.4210668924137168,0.9977967143058776,0.1628888245949,-0.3792241291812795,-0.5190980456454969,0.9985894560813904,0.1576769560425548,-0.3805483959770226,0.0135934775950035,0.9994040131568908,0.0582290949663056,-0.3533945127146821,-0.6486674710181536,0.9998153448104858,0.2096268477921548,-0.1864770329213827,0.2086416250451726,0.5657434463500977,0.0401140701891163,-0.0751817517257752,-0.7133565356809518,0.9725486040115356,0.2678636929475702,0.0051946577875635,0.0011965474582669,0.7075917720794678,0.1409011639435273,0.1433750777569341,-0.7837313528729704,0.9571351408958436,0.2961039923743551,0.0423074806063308,-0.0198809888808108,0.6757473945617676,0.1582142312213895,0.1989850898503707,-0.8720021584630632,0.947363555431366,0.302977501471827,0.0361922072516911,-0.1048629983815897,0.6834777593612671,0.1683021980640983,0.1882637454838665,-0.8747940438282893,0.945128321647644,0.2882113066841633,0.0307542469756619,-0.0393534860053598,0.6605156660079956,0.1623987988448446,0.1665033524469392,-0.7830218631471594,0.921698272228241,0.0330048484435483,-0.017174419067168,0.242872032272475,0.9978824257850648,-0.0330048484435483,0.017174419067168,-0.2432543303939051,0.9992486834526062,0.0896649309869835,0.354035480078847,0.3312461826256276,0.5001540184020996,0.0356585131947208,0.4297523690002542,-0.5110637720177073,0.9677994847297668,0.0270497100307897,0.728526755844343,0.6025150414201141,0.6477817893028259,-0.0396266100189041,0.8596411413288398,-0.560044111997938,0.9654905200004578,-0.0134979966014111,0.7783054187524563,0.62003009466105,0.6938942074775696,-0.0811400436637578,0.9380206745308708,-0.5810395346449446,0.943699836730957,0.1039158718228002,0.8239979681635982,0.5198119182368734,0.7521026730537415,0.031932008472441,0.9994900433895858,-0.8444236182870892,0.9597880244255066,P6,P6/tom_DTL_1_frame49.jpg,5
0.1395760931728084,-0.4241029619319821,-0.0214850139903577,0.9766082167625428,0.1433829624097108,-0.4478062073015095,-0.0178990100697869,0.9656647443771362,0.1451474394384438,-0.4473936947295766,-0.0181538363461637,0.96337628364563,0.1468737742201764,-0.4470397983742069,-0.0182519727742298,0.9704734086990356,0.1357907595187054,-0.4523909357227663,-0.0177425844399492,0.9621754884719848,0.132029084673875,-0.455811529400583,-0.0178302030770541,0.9567253589630128,0.128289021241361,-0.4591861703911586,-0.0181525756804452,0.9635761976242064,0.141826485745833,-0.4555081355034684,-0.0182186480712249,0.9662106037139891,0.1147581539048593,-0.4716652823282652,-0.002830427950659,0.968110978603363,0.1376811893750084,-0.4071171501465082,0.0123553214356044,0.9899411201477052,0.1291593166068159,-0.4127514349111701,0.0058672176377064,0.9928413033485411,0.1456746062399287,-0.3484643837560979,0.2572127165817912,0.9993509650230408,0.0641130603285465,-0.4235389419852841,-0.1390487462762209,0.9998145699501038,0.175801673304075,-0.2214518386874635,0.1077813833730097,0.5577969551086426,0.030634328617445,-0.2768533387112936,-0.4089389922047756,0.9728087782859802,0.1664206521094119,-0.0559702214005758,-0.2214687676271113,0.7139338850975037,0.1101775961070319,-0.093292448005242,-0.600262171408238,0.9563794136047364,0.1582235571620996,-0.0101729846691608,-0.2795611159728763,0.6848803758621216,0.1220759297742057,-0.043255279665912,-0.6727716824840253,0.9453150033950806,0.1518262757983955,-0.0235684204884801,-0.2986505712587952,0.6924434304237366,0.1344291647132591,-0.0481547764118184,-0.6614825631556217,0.9426864385604858,0.1519607973613752,-0.0397780413389714,-0.2401623549200566,0.6680654287338257,0.1298845501064421,-0.0656519824592621,-0.5991821695137978,0.9186239242553712,0.02492846078883,0.0116910915974875,0.1716568129529726,0.9980071187019348,-0.02492846078883,-0.0116910915974875,-0.1716569646120064,0.9992848634719848,0.0926776601969798,0.2749884634021857,-0.0166030634837601,0.4863810837268829,0.0745421971057936,0.3044546003970365,-0.4987505999810244,0.9692435264587402,0.0452089892540675,0.6640587951627631,-0.0147413291754226,0.6283726692199707,0.0238470560483271,0.7333087365398697,-0.5357821341326566,0.9673686623573304,0.0318102927655215,0.7320675590072597,-0.0249245247629684,0.6790222525596619,-0.0107350709631779,0.8111738209909551,-0.5459919340322722,0.9450017213821412,0.1275210198942035,0.7630609024724652,-0.16819820972981,0.7382989525794983,0.1106551704044646,0.8391661354953485,-0.7374575968979886,0.9614397287368774,P6,P6/tom_DTL_2_frame36.jpg,5
0.1772947041284968,-0.4814990806119167,-0.3624458333081095,0.9788777232170104,0.1829255841660771,-0.515185457618481,-0.3381312597046289,0.9690103530883788,0.1821929732256477,-0.5178447893307425,-0.3383014281461799,0.9669158458709716,0.1809216253965756,-0.5213271026665856,-0.3384697045906699,0.9733678698539734,0.1799739945548535,-0.516584051524405,-0.4119268614663102,0.9658873081207277,0.1776170113925463,-0.51973849289896,-0.4119769808394376,0.9609529972076416,0.1749354950872943,-0.5233178545546411,-0.4120761808422079,0.967145562171936,0.1547582738805824,-0.5439704492974408,-0.1804543763184559,0.9694235920906068,0.1470307643154901,-0.5436686201192287,-0.5138098644611424,0.9711727499961852,0.1618313008544729,-0.462908243293935,-0.2941473919093691,0.990884244441986,0.1561616163281499,-0.4608648122720223,-0.3905306376825491,0.993512749671936,0.1029585105790933,-0.4098757140642269,0.0792927621246222,0.9993829727172852,0.0652835811799158,-0.372233356692885,-0.6108478710603863,0.9998156428337096,0.1665307247703041,-0.1722265633736475,0.1767534631260968,0.5431416630744934,0.1072782737513376,-0.1002446077359136,-0.6917349003948264,0.9743176698684692,0.2018299736244533,0.0430101385234894,-0.0526184693826923,0.6806917786598206,0.2023134345205276,0.1022980552128555,-0.6934270135310866,0.9589874744415284,0.2179575049648924,0.0978928924869921,-0.3082781614887351,0.6540765166282654,0.2151394680873909,0.1576663475594016,-0.7717500529659501,0.948211669921875,0.2222794198200688,0.0993793344133201,-0.2132148619005094,0.6619254946708679,0.2268961152369555,0.1533054056275929,-0.7626875354353781,0.9454943537712096,0.2143578136153002,0.0811250499843183,-0.0894407294985214,0.638431191444397,0.2237959853074475,0.1393702166071668,-0.6896784850793574,0.921245813369751,0.0127364419413247,-0.0131547216837463,0.239470717233596,0.9977651834487916,-0.0127364419413247,0.0131547216837463,-0.2395735713875529,0.9990726709365844,0.0704093351001735,0.3895021703389434,0.2218951218287832,0.4624102413654327,0.0696061637987609,0.4446021700826342,-0.2413438870690037,0.9694528579711914,0.0261753341640465,0.7575307676025116,0.4259357270781731,0.6234878301620483,0.0103546773273157,0.8106794135145949,-0.072088361923428,0.9702216386795044,0.0098261794815918,0.7612404173695351,0.4383422195712408,0.6814280152320862,-0.0247260644152712,0.8615598888322963,-0.061736796189318,0.9493152499198914,0.1023092217053139,0.840594929084513,0.3274015588814248,0.7321480512619019,0.0854047844344275,0.937949678250568,-0.2082040746251975,0.9639273285865784,P7,P7/eric_DTL_1_frame33.jpg,1
0.1280322386485283,-0.4338901029768597,0.0907728157742936,0.9809803366661072,0.1343419364400728,-0.4615829341343318,0.0899113183000215,0.9721006155014038,0.1323267311444711,-0.4662667924621214,0.0899522169001745,0.9702123403549194,0.1300045461323743,-0.4716973950679599,0.0899371143288031,0.9760228395462036,0.1361776156332979,-0.4580569447776033,0.0358584947157923,0.9692924618721008,0.1358015778788029,-0.4594403372156692,0.0357601807731169,0.9648502469062804,0.1352928172703065,-0.4611271138888981,0.0356082523146289,0.9704259634017944,0.1136292363604727,-0.4959831977079511,0.1124513597756196,0.9724510908126832,0.1205427890426428,-0.480904678866857,-0.174625104872454,0.9740474820137024,0.1118424061205187,-0.4286095807211089,0.0953637650047292,0.9917807579040528,0.1140042822580484,-0.424378381094823,0.0273070511208547,0.9941529035568236,0.0221428957660412,-0.4461737549927967,0.291080715013033,0.999414563179016,0.0833271396038504,-0.3468433139528052,-0.2961099565174082,0.9998335838317872,0.0474007181868566,-0.2823984644752133,0.4465964720135518,0.4920504093170166,0.1318343361751415,-0.1639915153259709,-0.2244797390684899,0.9752457737922668,0.0998802397285201,-0.1888879298818497,0.5483919874530635,0.615719199180603,0.1684750185560803,-0.0126384268377263,0.0358301221836854,0.9536101818084716,0.1068962016375985,-0.163956862324856,0.5732113471245314,0.592296302318573,0.1753796445259775,0.0317351440317061,0.0422376534872101,0.9415965676307678,0.1164632815339385,-0.1686731419756922,0.5517543824091802,0.599487841129303,0.1738531767273157,0.0149819367735861,0.0405307723391619,0.9385961294174194,0.1161623769410736,-0.1739020876716442,0.5369788138658469,0.5783287882804871,0.1694678053411505,-0.0008523150488873,0.045226451586719,0.909297525882721,-0.018475504807268,-0.0177378112236067,0.2053378923846861,0.9979148507118224,0.018475504807268,0.0177378112236067,-0.2057363709019781,0.9991574287414552,0.035210548685555,0.288923395218226,0.3527090317908891,0.467572271823883,0.0472028427314745,0.3474237362237146,-0.2570151566563536,0.9716273546218872,0.0314837083026868,0.6066619076980084,0.5590660416622976,0.6495991349220276,-0.0210838405405564,0.6934909221372392,-0.2901191097298605,0.9728423953056335,0.0244286300363571,0.6480860680360597,0.5726558452587172,0.696674644947052,-0.0474432440522677,0.7373411644996744,-0.3009655920653932,0.9522722363471984,0.1055306626240783,0.6780764737558208,0.5221434239520738,0.7515672445297241,0.0397588325707003,0.7892739249146242,-0.433431803089128,0.9669205546379088,P7,P7/eric_DTL_1_frame34.jpg,1
0.2858014469658343,-0.3590097458854631,-0.4272013131680913,0.9828699231147766,0.2991972601960433,-0.378815959925768,-0.3874277672640022,0.9748654961586,0.2987241705276939,-0.3791411195628563,-0.38752939083933,0.973161518573761,0.2981599001059088,-0.3801145695830108,-0.3874358529918101,0.9784014225006104,0.2932527285888743,-0.3878895786847081,-0.5146550831437102,0.9723432064056396,0.2887143378678034,-0.3938022447667891,-0.5147693574518446,0.9683443307876588,0.2840283154818112,-0.4003376610732513,-0.5150081698702017,0.9733643531799316,0.2664984575941963,-0.4075603344067546,-0.1637101197491353,0.9751331210136414,0.2496513812385257,-0.4258133129554515,-0.7415616700981073,0.9766156077384948,0.2566250380248516,-0.354986633833186,-0.3291493321105428,0.9925825595855712,0.2506265617834509,-0.3645489169834119,-0.497092315448818,0.9947248697280884,0.1348057612367606,-0.3788709190055548,0.2510031299408827,0.9994512796401978,0.1141547527420128,-0.3814044669431321,-0.9400802513277466,0.999847650527954,0.1824528368079412,-0.1339332187127185,0.4578020931785327,0.4879631996154785,0.1067275791192268,-0.1072057410153525,-0.9691997319711,0.9766788482666016,0.2901242978430507,0.1018112179189272,0.31908134785103,0.6101507544517517,0.2750221871889285,0.1113715915245785,-0.6881613157435542,0.9558535814285278,0.3225445456300826,0.1636845199171825,0.3247369414947595,0.5788335204124451,0.3120802413614447,0.1778256522641529,-0.8440411987814997,0.94356507062912,0.3281725702240168,0.1683914279469591,0.2317739713200223,0.5865204930305481,0.3241331673695881,0.174049289174871,-0.825747821430397,0.9407889246940612,0.3141886172648406,0.1423397500091865,0.273859185033114,0.5662195682525635,0.3130030287771051,0.152604506869782,-0.6930682485675169,0.9113017320632936,-0.0065177231825135,-0.0124433383637407,0.3531678522991771,0.997959554195404,0.0065177231825135,0.0124433383637407,-0.3543773399307287,0.9991861581802368,0.1266077283385284,0.3634352944568305,0.6088439063437359,0.4554592370986938,0.1397239126350989,0.4080564579565348,-0.3950669898444672,0.9703264832496644,0.1430021232834902,0.6816810673733167,1.0454176521600531,0.6500867009162903,0.0987822625107851,0.7898200087895878,-0.291969395288228,0.9742252230644226,0.1072486460950123,0.7222006484733827,1.0729766768463762,0.6938806176185608,0.071064864971309,0.8458478368054798,-0.301028483606421,0.9527999758720398,0.2418871729983283,0.7619775360804774,0.9149823909049714,0.7536567449569702,0.24235990462707,0.8913638606314415,-0.5956873232447596,0.9681043028831482,P7,P7/grant_DTL_1_frame324.jpg,2
0.3423316182025078,-0.3791709164555158,-0.4240993139032519,0.9845002293586732,0.3599337136442191,-0.3994655830411258,-0.394115215874527,0.977270483970642,0.3596079690233139,-0.4012771844479953,-0.3942011239573524,0.9757060408592224,0.3597810796943224,-0.4028694848790496,-0.394120629260568,0.9804776906967164,0.3592271490835562,-0.4009340816870672,-0.513238246736758,0.9750099778175354,0.3582658023320479,-0.403445539763201,-0.513298205871278,0.97139173746109,0.3576616213769441,-0.4059897723613442,-0.5135618142350162,0.9759345054626464,0.3379233567305104,-0.4223587337675948,-0.197134322089992,0.9773810505867004,0.3231139800744572,-0.4329719713068463,-0.7379460183840676,0.9788337349891664,0.3143093430432918,-0.3760346830208611,-0.3325816097927704,0.9932002425193788,0.309440590710889,-0.3794406442991266,-0.4893675385212339,0.9951759576797484,0.1781206715277874,-0.3616511986274727,0.1938008236911782,0.999438226222992,0.1844047889453156,-0.3514934504506539,-0.94563769362861,0.999858856201172,0.1887625647083649,-0.1112477309955483,0.3658602827978509,0.449627548456192,0.1605467021570285,-0.0857776908312319,-1.0202687518720888,0.9766435623168944,0.2905463435576388,0.0908402659203655,0.2405247442008304,0.5675706267356873,0.2924672718260767,0.1270391076476794,-0.8660323808660807,0.9571486711502076,0.3137191662825115,0.1491776205917948,0.260480750532535,0.5392445921897888,0.3205212035254023,0.1909522499413953,-1.0021923967402588,0.9442949295043944,0.3280584021291295,0.1423808790526397,0.1701050208018175,0.546678900718689,0.3311486217824352,0.1785100528552514,-0.9877564260387334,0.9414095878601074,0.3149039917316711,0.1193672804867573,0.1954792234388039,0.528107762336731,0.3224237733542227,0.1576543947205607,-0.8701829769307543,0.9109600782394408,-0.0122843556942403,-0.0142656255646902,0.3539262084851583,0.9978289604187012,0.0122843556942403,0.0142656255646902,-0.3549178584302659,0.9989848136901855,0.0845360542492175,0.3376574829823962,0.4972908233478783,0.418002188205719,0.1174480291911691,0.3701365047233686,-0.2057440183825269,0.9593482613563538,0.0454911248108189,0.656819191097086,0.8227575963304291,0.6143426299095154,0.0622196645007313,0.7028476827342086,0.0937844197674357,0.9733976721763612,0.0021539098122373,0.6995681122517712,0.8409105626429704,0.6679016351699829,0.04091192979046,0.718943562351149,0.1098125879279985,0.9517505764961244,0.1577192670913245,0.7043490735844647,0.6782294270952217,0.7271085977554321,0.1930238409811171,0.7356778684740182,-0.1227838111070622,0.96507066488266,P7,P7/grant_DTL_1_frame326.jpg,2
0.3293462896843667,-0.3507056475202399,-0.0885053993969196,0.9860031008720398,0.3494731895027114,-0.3716490115538682,-0.0619244372070135,0.9794822931289672,0.3495728254405258,-0.3739730060415192,-0.0620293095363111,0.9780681133270264,0.3500820146254889,-0.3764683633327151,-0.0619993705884222,0.982385277748108,0.3478803356371879,-0.372968279446498,-0.1845891577667341,0.9774603843688964,0.3467583579109265,-0.3759542749220805,-0.184521036510908,0.9742011427879332,0.3458657079840766,-0.3793437684220717,-0.1847041381894467,0.9783002734184264,0.333676324418334,-0.3950096755528245,0.05933228580413,0.9794689416885376,0.3214831976239884,-0.4028865845305461,-0.4247836461457404,0.9808812737464904,0.3057100029557768,-0.3482216300098118,-0.0132543862906507,0.9937678575515748,0.3035547840401362,-0.3504044827601391,-0.1772960961179871,0.9955977201461792,0.162843518005652,-0.374519737607471,0.4746766722911786,0.9994444847106934,0.2171975093149423,-0.3294467513343729,-0.6490453434517238,0.9998721480369568,0.1819102033696844,-0.1397411367803007,0.6193994683435008,0.4097076058387756,0.1808656223995373,-0.0804518637004302,-0.7436758690067188,0.9774736762046814,0.2523016172485725,0.0441603816349455,0.5260566134279283,0.5201134085655212,0.2911759270501079,0.1204724822141462,-0.6231254670854033,0.9582338333129884,0.2657507073341741,0.0800199611766225,0.5629327547727095,0.4950678944587707,0.312694317054128,0.1811530803372538,-0.7052231678503329,0.9452697038650512,0.2913531799339545,0.0877305717189092,0.4896990193396176,0.5017345547676086,0.3217570037867999,0.1754932085946013,-0.6614992852037295,0.9423319697380066,0.2846592963372104,0.0757292303429865,0.4900008446694719,0.4848315715789795,0.3119332306031767,0.1545121920850254,-0.601576470682806,0.9106773734092712,-0.0210829369177876,-0.0155673996662672,0.3674192182799893,0.99785977602005,0.0210829369177876,0.0155673996662672,-0.3681732861773101,0.9990477561950684,0.0989126414580962,0.3107958395826677,0.6174321815227213,0.4100897312164306,0.1172399841255621,0.365226567078319,-0.3326042747559387,0.9625266790390016,0.0565891116413605,0.6203931028714118,0.9747114063733554,0.623967707157135,0.0430643863189871,0.7343370916408379,-0.2808461299115902,0.975791335105896,0.0150736237755517,0.6659085607843729,0.9991665794063248,0.6719008088111877,0.0100944691638455,0.7701094759750575,-0.2893325521055825,0.9556708931922911,0.1777857159240038,0.6767803278818694,0.8938359247947756,0.7384305596351624,0.1884987260907507,0.8023987860942117,-0.5282248235487204,0.9680296778678894,P7,P7/grant_DTL_1_frame328.jpg,2
0.3196163522316079,-0.3444027052536613,0.2346261330341115,0.987314760684967,0.3418002392341656,-0.3669874905187199,0.2630572981807986,0.981441617012024,0.3422555253902544,-0.3687601959253485,0.2629039604378415,0.9801657795906068,0.3429459966955687,-0.3707448760227085,0.2628315671771382,0.9840807914733888,0.3399074980467669,-0.3682646499808421,0.1527871983174811,0.979644238948822,0.3386762283698595,-0.3708816955675154,0.1527250691782971,0.9767073392868042,0.3373395821491256,-0.3739946588909364,0.1524312205247085,0.98041433095932,0.3266719067083737,-0.3884211538914649,0.3639961829279776,0.9812641739845276,0.3102014041914055,-0.3988498731474006,-0.1332193875861104,0.9826788306236268,0.2969026081719875,-0.3374869446596329,0.2862537347960111,0.9941744804382324,0.2959740836058717,-0.3405244872712427,0.1409747480091067,0.995918869972229,0.1496688440065609,-0.3854409203981962,0.6377951963187287,0.9994605779647828,0.2309915983092915,-0.3181908211086091,-0.4459723355382449,0.9998843669891356,0.1431654541213371,-0.1768382790691407,0.7622897220994155,0.3713867366313934,0.1996054284285683,-0.073916042054035,-0.4827912929887132,0.9768584370613098,0.2100905007656532,-0.0150561251612091,0.7017497291812278,0.4717518985271454,0.2879188329053653,0.1159906546278468,-0.2984209545723737,0.953782081604004,0.2203895707557218,0.0195695767445169,0.733306657927073,0.4497698247432709,0.3027817057708524,0.1671417249627248,-0.3492852934194256,0.9393181800842284,0.2432262187076882,0.0251539493223672,0.6838329548455128,0.4558596909046173,0.3126398301627118,0.1615569805926331,-0.315054806666226,0.93611878156662,0.24139338918432,0.015468548983191,0.6748197548786488,0.4405995309352875,0.3068735449524998,0.1451303495601411,-0.2768337410039623,0.8995063304901123,-0.0334791477466629,-0.0177406775962712,0.3695067547459253,0.9979360699653624,0.0334791477466629,0.0177406775962712,-0.3699506215688877,0.9991227388381958,0.0812500423629632,0.2989862646753055,0.6749333108517842,0.3992306292057037,0.1230333291591097,0.3591898387282731,-0.3213956702288142,0.9652519822120668,0.0590700857355281,0.5996314928879833,1.0702274426729368,0.6300814151763916,0.0366287591624429,0.710150560770044,-0.3006794330988795,0.977764904499054,0.0055876655948449,0.6446124054122178,1.100390416079707,0.6692865490913391,-0.0061024916227227,0.7662380760325009,-0.3102656711359771,0.958538055419922,0.1658801542181495,0.6461991084718302,1.0301516383016551,0.7448303699493408,0.1753207028098258,0.7705274962338229,-0.512254181605072,0.970468819141388,P7,P7/grant_DTL_1_frame330.jpg,2
0.3136070797233402,-0.3341269307861394,0.2577528066174048,0.988434374332428,0.3329706064018972,-0.3549673914719079,0.2839309320698166,0.9831546545028688,0.3325018544620952,-0.3567516242173837,0.2838021035856928,0.9819973707199096,0.3321616178091298,-0.3588238940679629,0.2837348444682725,0.9855659604072572,0.3334608645554184,-0.3585632617254872,0.1765521556546931,0.9815688729286194,0.333005162502582,-0.3622897874473655,0.1764046397324347,0.9789118766784668,0.3325263882495904,-0.3663418817492599,0.1760264409582865,0.9822840094566344,0.3165968610266921,-0.3849849502682237,0.3782004967332594,0.9827136993408204,0.3109984595184775,-0.3949218127979046,-0.1052054808646006,0.9842324256896972,0.2926540768123808,-0.3322220648855541,0.3065221916906553,0.994362771511078,0.2941559622034704,-0.3353045525859093,0.1654202627760304,0.9961108565330504,0.1342847201633771,-0.3888097677387264,0.6489441526275675,0.9994668960571288,0.2422958158015286,-0.3170139354141106,-0.4219800748268199,0.9998953342437744,0.1180742549738848,-0.186613200908738,0.7720604924283263,0.3361855149269104,0.2116482084625167,-0.0735492934366268,-0.4406619015100714,0.9751924872398376,0.1907514766641528,-0.0423909657213317,0.7145132574863521,0.4275653660297394,0.2848750913917731,0.103161574943341,-0.1598676924708386,0.9417492151260376,0.2009448999715761,-0.0081209185588787,0.7436327230616998,0.4085391759872436,0.3025308576624724,0.1543781009201426,-0.1872173193260335,0.925304114818573,0.2267288666380808,-0.0065807186996583,0.7008891232947854,0.4140951335430145,0.3122098022261663,0.150060258720082,-0.1564637991044093,0.9217484593391418,0.2255439369016102,-0.0153530093165348,0.689560151023169,0.4003360867500305,0.3048771229397799,0.1338896739851564,-0.135817129240079,0.8785849809646606,-0.0416711861558607,-0.0168410618274408,0.3776445193489798,0.9980111718177797,0.0416711861558607,0.0168410618274408,-0.37795265328001,0.9991954565048218,0.080734039204372,0.2768493065088732,0.7485563932142485,0.3881292343139648,0.1272535454654423,0.3468566257250883,-0.3034338315411656,0.9677082300186156,0.0657495847955178,0.5826690227841737,1.1855069590708691,0.6313194036483765,0.0433434508711722,0.6928315749870112,-0.2844897543294548,0.97935688495636,0.0391126775169457,0.6218688996458231,1.2211113310757746,0.6626589298248291,0.0034062553959701,0.7418573903391344,-0.2925796141573555,0.9605074524879456,0.1726378159596069,0.6093405905625263,1.1790868322802088,0.7476833462715149,0.1825854837956951,0.7458806182910611,-0.4747168865353324,0.9724811911582948,P7,P7/grant_DTL_1_frame332.jpg,2
0.3202539232006581,-0.3368803086632559,0.3083298228325741,0.9894748330116272,0.3388811081739577,-0.3575204673311303,0.3273965931319866,0.9847161173820496,0.3384591399173803,-0.3592259574269754,0.3273171322601411,0.9836444854736328,0.3380985947569747,-0.3612587568983111,0.3272647280518062,0.9869095087051392,0.3382756068646068,-0.361219052756522,0.2246443251241635,0.9833356142044068,0.3371174028662443,-0.3650587850912673,0.2244496696528622,0.9809302091598512,0.3358720075207477,-0.3692482294033605,0.2240664063609959,0.9840023517608644,0.3206470730867714,-0.3878871941485287,0.3973582359073859,0.9840545058250428,0.31108421221326,-0.3982868395308459,-0.0651134055186101,0.9856987595558168,0.2990924044510654,-0.3336542288192884,0.3477856954119123,0.9946483373641968,0.2997245154236551,-0.33650782596618,0.2126572371589563,0.9963629841804504,0.1380017102647397,-0.3914851256303648,0.6541090129067858,0.9994630217552184,0.2459612159094065,-0.3103499485314976,-0.3795233194746479,0.9999050498008728,0.1427876632924806,-0.2204544601059321,0.865756647363619,0.3050980865955353,0.2203670321115951,-0.0699714504872452,-0.3397928046694903,0.972700834274292,0.2242402631725917,-0.1181479828397599,0.9320572001481904,0.3878290057182312,0.2826309095004938,0.0964714671887885,0.0476826134860113,0.924711287021637,0.235996265144346,-0.0901554059365492,0.972713715457578,0.3713429570198059,0.2951688990065584,0.1454360873146168,0.0508975676246844,0.9071320295333862,0.2594308591584328,-0.0971798837371875,0.9403766640303614,0.3763486444950104,0.3063889213582932,0.1429736942879495,0.0601121889923314,0.9029186964035034,0.2584164314827876,-0.1018590825823696,0.9136812819159086,0.3640690743923187,0.3009863183085401,0.1266669140196873,0.068445332397526,0.8541699647903442,-0.041683406404376,-0.0187690418242613,0.3722040844359593,0.998073935508728,0.041683406404376,0.0187690418242613,-0.3724888761973619,0.999259114265442,0.0735683039096024,0.2793021510646809,0.6650922828792695,0.3740549087524414,0.1239140496987521,0.3485754134215112,-0.3370817743151687,0.9691749215126038,0.0598371392074406,0.5865543614184845,1.0347195948072485,0.6231709718704224,0.0444320899580632,0.6980671511060749,-0.336041578388561,0.98006272315979,0.0300072334223381,0.6267441032675805,1.0615327746403866,0.6512958407402039,0.0032382803219742,0.7462739743005373,-0.3459703747198731,0.9608225226402284,0.1680041581547562,0.6094630727598676,1.0104057249644012,0.7436913847923279,0.1815336468519362,0.7572426247347198,-0.5347268623165914,0.9735648036003112,P7,P7/grant_DTL_1_frame334.jpg,2
0.3239345826815833,-0.3389301562015037,0.4845819257312757,0.9904139041900636,0.3422897916253847,-0.3574048411524024,0.4949130769240691,0.9861164689064026,0.3423999786131634,-0.3582295886205194,0.4948662581312968,0.9851241111755372,0.3425913110570583,-0.3591303565685767,0.494811965414935,0.9881154298782348,0.3405680131710052,-0.3624751509156155,0.3965745802897612,0.9849162697792052,0.3390364994571506,-0.3665838870238526,0.3963160626113123,0.982739269733429,0.3372787393992039,-0.3708032372012164,0.3958860717716497,0.9855459332466124,0.3277272785923155,-0.3812815179183887,0.5188950292423324,0.98521888256073,0.3113494562896594,-0.3977134193967329,0.0784698315098961,0.9869993329048156,0.3040156153821548,-0.3337863350612697,0.5072518307633774,0.9948261380195618,0.3041902916534784,-0.3373780891977776,0.3782101090192254,0.9965234398841858,0.1307176423387921,-0.3987811227666817,0.7479984941673055,0.9994656443595886,0.2516288563059521,-0.3039358579404196,-0.266672236244262,0.9999138712882996,0.1443336363344016,-0.2290877696854348,1.0038067685445853,0.2770920097827911,0.2315396970893538,-0.0707098301485686,-0.146564095366809,0.968731701374054,0.2310626472236606,-0.1282249820513095,1.1458103558147477,0.3526064753532409,0.2876354441320847,0.0769273871827917,0.3721584463961082,0.8983054757118225,0.2432464239188208,-0.0982376787436005,1.197322345519951,0.3385349810123443,0.2973462062817694,0.1314451754150752,0.4101613725982026,0.8799225687980652,0.2654486748748849,-0.107367503489696,1.1723378731224745,0.3430865108966827,0.3060708375989693,0.1269953080801394,0.4083250295722276,0.8747872710227966,0.2643335654753103,-0.1139740248615914,1.1318578217169302,0.3320661783218384,0.3020373745783136,0.109934582702064,0.393406597620786,0.8226834535598755,-0.0489322582079017,-0.0193005001223856,0.369397418866589,0.9981542825698853,0.0489322582079017,0.0193005001223856,-0.3696313259823605,0.9993189573287964,0.0539808935927047,0.3007600810368438,0.6049568856808789,0.3612507879734039,0.1223390536837926,0.364738361748896,-0.3757453424822828,0.9698293209075928,0.0613710558529741,0.5832055258579443,0.917127405862029,0.6154481172561646,0.0404224488087354,0.7101071963525392,-0.4688221969094829,0.979842245578766,0.0393869900805591,0.6367909955075884,0.937558550468022,0.6408998966217041,0.0022791729986612,0.7588668603106887,-0.4864268637693788,0.9592477083206176,0.162899182842083,0.6247129214460533,0.8854425075812697,0.7360349893569946,0.1786267737924403,0.773696939808267,-0.646431449390362,0.9731774926185608,P7,P7/grant_DTL_1_frame336.jpg,2
0.3232550391250771,-0.3350595524992398,0.5228424569873341,0.991140604019165,0.3394310808417744,-0.3535526344853063,0.5224678494754179,0.9872478246688844,0.3386163727816526,-0.3555182165526876,0.5224221836385204,0.9863024353981018,0.3378208591379634,-0.3579452028612382,0.5223701372401165,0.9890941381454468,0.3402167863495942,-0.3552736459389112,0.4320783895069543,0.9862465858459472,0.3398911140531985,-0.357944200954886,0.4318236943658288,0.9842592477798462,0.3396292473718675,-0.3608278456324111,0.4313841211367559,0.986870527267456,0.320374822021915,-0.3843714320763604,0.5066563434752009,0.985814094543457,0.3190995534312362,-0.3856593563262255,0.1039824091388443,0.988002359867096,0.3027207047760775,-0.3329755872865527,0.5319273219342616,0.9947401881217957,0.3047090142980809,-0.3335506815327462,0.41386465483147,0.996487557888031,0.1243568010033872,-0.4074734414785323,0.7094974522164008,0.9994709491729736,0.2563402449899104,-0.2961384964332523,-0.2340265249593088,0.9999218583106996,0.1248042840194515,-0.2422619842471785,0.9565980377279606,0.253662109375,0.2477061324376704,-0.071024904017633,-0.0721988416454618,0.9674404859542848,0.1884887211473001,-0.11021230897758,1.1053282936604858,0.3212514817714691,0.2762140593932087,0.0683533998272193,0.5017547012084976,0.8737359046936035,0.2189644976424906,-0.0846273647068711,1.1595197208326469,0.309119313955307,0.2864048180253708,0.1197323176728652,0.5558010101553218,0.8523328900337219,0.2390394315630254,-0.0903996108617692,1.1407891343091832,0.3132470846176147,0.2923915776034778,0.1141307119893298,0.553600560146207,0.8461390733718872,0.2041415568204681,-0.0824054528090527,1.0955776355765294,0.3033502697944641,0.2856830235964422,0.0947585890089441,0.5251105093092694,0.7925140261650085,-0.0541383525014482,-0.0206316510949513,0.3603369378857636,0.998233199119568,0.0541383525014482,0.0206316510949513,-0.3604785230729109,0.9993765354156494,0.0355841542278942,0.2882414705647911,0.6511438951293261,0.3497320413589477,0.1130317789166476,0.3595276348467526,-0.3791754402697477,0.9710486531257628,0.0541130939149887,0.5606185713863057,0.9949677816406424,0.6074618101119995,0.0367658236725072,0.7005392229592068,-0.496302959622494,0.9796335697174072,0.03865578817625,0.6236463907300354,1.0204519552250797,0.6290218830108643,-0.0022647565773555,0.7496343216408478,-0.5152047139364534,0.9580641984939576,0.1612663982374428,0.5961258161186861,1.0014872390066685,0.7263094186782837,0.1789087035347063,0.7547034404641171,-0.6590444540359768,0.9725714325904846,P7,P7/grant_DTL_1_frame338.jpg,2
0.3262795945366487,-0.3421362488477675,0.5842292319348972,0.9915825128555298,0.3398812885958721,-0.3622083581142762,0.5789727250610349,0.9880406260490416,0.3385100444527529,-0.3650499865959984,0.5789226757679337,0.9871215224266052,0.3371000387294445,-0.36848613678705,0.5788491459022177,0.9897953867912292,0.3416783776817835,-0.3613201961374426,0.497128234174908,0.987269163131714,0.3416392966380214,-0.3629332209613844,0.4968882105437368,0.9854349493980408,0.3417863563694532,-0.3647707754332075,0.4964368085151057,0.9879409074783324,0.317268592021253,-0.3961267108051301,0.5326521042957385,0.9857128262519836,0.323953260798155,-0.3854648802763225,0.1693545883732908,0.9885532855987548,0.3059754482282936,-0.3407955134758686,0.5812060948997894,0.9942528009414672,0.3090022590944908,-0.3390121613235957,0.4744204439433963,0.996091365814209,0.1155929422000804,-0.4140499483479395,0.695991699407002,0.9994579553604126,0.264460943942876,-0.2899095985207968,-0.1641511923184377,0.9999287724494934,0.1143741886691338,-0.2336234713279474,0.921450294114575,0.2333686500787735,0.2585076337723996,-0.0715666289500856,0.0455319018087918,0.965267300605774,0.174381267828353,-0.0826282148965581,1.049780515189304,0.2937885820865631,0.2683571216790293,0.0583142683079238,0.6781211733537355,0.8437922596931458,0.2030301221267099,-0.0490779374857144,1.1000450202509868,0.2834988832473755,0.2760158348899697,0.104364622890473,0.7482442795273135,0.8198322653770447,0.2207180747480142,-0.0521202955791303,1.0854081577274266,0.2872324883937835,0.2788133773986196,0.0968699009803328,0.7455102037818303,0.8122077584266663,0.2029480199884522,-0.0649169946783546,1.0420848506917548,0.2782661914825439,0.2719208443235606,0.0763253050893759,0.702885829799926,0.7593182325363159,-0.0600081972817246,-0.0221228790513363,0.3460433948332601,0.9983149766921996,0.0600081972817246,0.0221228790513363,-0.3465783898301562,0.9994287490844728,0.0349086365231857,0.2848141545316491,0.6333867424722499,0.3442496657371521,0.1145673576429334,0.3613636964272977,-0.335896406474286,0.9724311232566832,0.0605962764756655,0.5672708542484026,0.96076369438211,0.6008089184761047,0.0386837375651769,0.7040600447844053,-0.4669929158714411,0.9793947339057922,0.0366611071967365,0.626838458019049,0.9861267593444346,0.620413064956665,-0.0012540542557617,0.7550253464373644,-0.4851997838231344,0.9571226239204408,0.1572646225634077,0.5970884127846048,0.9767026904291664,0.7120283246040344,0.1781959823533946,0.7550802941719182,-0.5718740847374703,0.9708918333053588,P7,P7/grant_DTL_1_frame340.jpg,2
0.3257095751474062,-0.3448726612026592,0.6151033402595615,0.9920067191123962,0.338430862052206,-0.3678681754906231,0.6035810684254173,0.9888435006141664,0.3375491731100962,-0.3705178617874757,0.6035500444813361,0.9879631996154784,0.3366968807985878,-0.373514638301358,0.6035203328868354,0.9904611110687256,0.3388565882560945,-0.3667689514820627,0.5291366736324885,0.9882169365882874,0.338078102484989,-0.368288914766106,0.5288904243572183,0.9865272045135498,0.3372039726764623,-0.3700172266695369,0.528435668980611,0.9889227151870728,0.3171122155641205,-0.3973647021421088,0.5294571494000273,0.985794484615326,0.3158037505384578,-0.3902380664866089,0.2003266069838593,0.989194631576538,0.3064962523502147,-0.3406098872955366,0.601229495459253,0.9939900040626526,0.3081905481525211,-0.3392733379888529,0.5044370471673567,0.9958962202072144,0.1118542319324016,-0.4209207209358704,0.6531574360550545,0.9994613528251648,0.2780720202938992,-0.2776188397367884,-0.126504528361966,0.9999348521232604,0.0859585825536575,-0.233278326981164,0.8378227649865765,0.2175486087799072,0.2457223931605958,-0.0700228790805584,0.1184215048262388,0.9574177861213684,0.1642122557326987,-0.0929887342680049,0.9438066472698234,0.2678454220294952,0.2382915548723544,0.0002298186585232,0.7872437097835145,0.7924954891204834,0.1792539866716152,-0.0547529043026151,0.981312758374516,0.2588860988616943,0.2448304153977754,0.0218093602431964,0.8711368115795396,0.7700309753417969,0.1948028094884062,-0.0611381674331438,0.9780019628530306,0.2622736692428589,0.2421332745400947,0.0110415844298277,0.8580850750503899,0.7616643309593201,0.1913135344239837,-0.0718746043385321,0.9390968870956096,0.2543855607509613,0.2370266598527617,0.0012761287320011,0.8090124921776845,0.7119768261909485,-0.0607807883954036,-0.023828593801615,0.3194679618019505,0.9983844757080078,0.0607807883954036,0.023828593801615,-0.3199590167679523,0.999476194381714,0.0337501141115452,0.2588455215069204,0.6089535651377436,0.3380086719989776,0.1119202693632884,0.3485210980241952,-0.3487780298250499,0.9737185835838318,0.0554028323088227,0.5681669475398817,0.8930392961489627,0.5993338823318481,0.0423653741431079,0.6891583346849878,-0.4897114874893551,0.9789339900016784,0.0430749353142498,0.6244130956890829,0.9137752594233416,0.6154417991638184,3.769067994968296e-05,0.742900729810679,-0.5079513093677904,0.9552791118621826,0.157201159334259,0.5985824863555445,0.9079820234355324,0.7046188712120056,0.1832196971277137,0.7336326021098486,-0.5683583406026903,0.9690610766410828,P7,P7/grant_DTL_1_frame344.jpg,2
0.3987544993431445,-0.3388046164822874,-0.4563759498028514,0.9924010634422302,0.4064090644576979,-0.3689257958660979,-0.4654139103159753,0.9893718957901,0.4021179011780987,-0.3758006859029945,-0.4656175912768112,0.9886105060577391,0.3974775299125919,-0.384013400833786,-0.465923823646375,0.9908336997032166,0.4058637824438721,-0.3632139134516494,-0.5709698798144152,0.988925278186798,0.4011227437296589,-0.3647779557338095,-0.5711721033722154,0.9873973727226256,0.3960262408604094,-0.3668003334974735,-0.5715112517225356,0.989518404006958,0.3428984260630104,-0.4302568702477644,-0.3851321887153475,0.9863762855529784,0.354933731424232,-0.3927575346763569,-0.8503348111375693,0.9896441102027892,0.3628728100484765,-0.3407753808506401,-0.4008213812190191,0.9942830801010132,0.3574116009561596,-0.335214144145096,-0.5369030483097008,0.9960699081420898,0.1749829888359683,-0.4309813061957286,-0.0117067998298683,0.9992555975914,0.1789283565855481,-0.2864772358691994,-0.9670955439989882,0.9999203085899352,0.1139768086920051,-0.2579141269697443,0.3758201653386905,0.2062582224607467,0.1760424142036387,-0.0530179052806617,-0.8829681267978529,0.9582114219665528,0.203884357425356,-0.0933443183699046,0.3070451739007452,0.2495551407337188,0.3490318889653321,0.1225424284359167,-0.3902323528653939,0.7928896546363831,0.2256420339838086,-0.0740932328471065,0.2953875847506652,0.2432133555412292,0.3861136252474029,0.1764589471005103,-0.4180735140659701,0.7675285935401917,0.2399668128747886,-0.0649747241564513,0.2155298074745415,0.2470633387565612,0.3924515511317015,0.1739188002486204,-0.4025907751435437,0.7594572901725769,0.2306043135881164,-0.0609609651034426,0.2653495839791332,0.23966845870018,0.3758562094040112,0.1550368287044121,-0.3715801888974166,0.7105956077575684,0.0130528570514287,-0.0376072544888766,0.4062174337317178,0.9981307983398438,-0.0130528570514287,0.0376072544888766,-0.4071725659163006,0.999462902545929,0.1239639295919071,0.2436476442001903,1.019462949875933,0.3513945639133453,0.079521383773005,0.3339291412246395,-0.0587296099630327,0.9749640822410583,0.1995296371548363,0.5857375314961549,1.6841055613930913,0.6168361306190491,-0.0097559981062974,0.6789705184927022,0.2439351080623682,0.979857623577118,0.1861576443850159,0.6261910585672389,1.744511575857691,0.633101761341095,-0.0713895013910688,0.714303371131994,0.2672694992001079,0.957226812839508,0.384677976618042,0.6864196253256445,1.7545157590370348,0.7204728722572327,0.146144181937867,0.7756601811184852,0.0795591784992892,0.9701091647148132,P7,P7/random_1_frame38.jpg,3
0.4213833738645327,-0.3340756429586475,-0.2084042484981205,0.9918505549430848,0.4352453713198205,-0.3566574637783151,-0.248553798630488,0.988463819026947,0.4326002451873071,-0.3607951910436923,-0.2485075451872117,0.9878554940223694,0.4284363272244667,-0.3663820025907637,-0.2488001254979111,0.989802896976471,0.4317792003996533,-0.3587345203984153,-0.3492032555021181,0.9884368777275084,0.4278084220416953,-0.3630271085569979,-0.349080394268762,0.9869414567947388,0.4246024120496626,-0.3672041218685699,-0.3494639200975114,0.9886141419410706,0.363800237799421,-0.3947837321649252,-0.2818857759019177,0.9854541420936584,0.3909303082782926,-0.3711959870957674,-0.7365856980308488,0.988750457763672,0.3881331417892238,-0.3363366388617007,-0.1881763166129573,0.9939068555831908,0.3834855689465631,-0.3363057472698211,-0.3221335243608635,0.9957069754600524,0.150160166678053,-0.3797129332882594,0.0102794909406876,0.9991305470466614,0.2680019192875933,-0.302299141282902,-0.9323582067202892,0.9999145865440368,0.1618339649381083,-0.3764006830824143,0.5157252881305033,0.2003641575574875,0.2913264142694288,-0.0830746762173054,-0.8636524858432706,0.9597007632255554,0.3084602342385799,-0.3651379444612621,0.7460645143765852,0.2567891180515289,0.3832529418285824,0.0499306843558087,-0.3740757214374799,0.8049136400222778,0.3365081879300846,-0.3826583794183507,0.7728240872198044,0.2534505724906921,0.4107232227519374,0.0882451228303466,-0.3780799768792466,0.7801012992858887,0.3519699669109317,-0.3841877146832975,0.7041587940347674,0.2579487562179565,0.4200929111915771,0.0892912733049148,-0.3931954678306862,0.772291898727417,0.3467507653072283,-0.3665429746467106,0.716411876798201,0.2491230964660644,0.4083353026996396,0.0770094479299063,-0.3605828449273369,0.7248312830924988,-0.0180795391922931,-0.0354323201077999,0.4087687251648381,0.9981236457824708,0.0180795391922931,0.0354323201077999,-0.4101875894109979,0.9994749426841736,0.0702523487178546,0.1793571868540295,1.0386315282603378,0.3590148389339447,0.0325261936017207,0.2711351661496226,0.0100046995279887,0.9754239916801452,0.0784039682585523,0.4624900428890022,1.726604941352294,0.6290183067321777,-0.1107878926485402,0.5613663727534656,0.4335875001704004,0.9793355464935304,0.0502738160703938,0.5088102388660583,1.794614392610599,0.6494166851043701,-0.1787669895600416,0.6122363629693196,0.479429581607484,0.95685875415802,0.2447060326060639,0.5163491303973862,1.8185298571762196,0.7276402115821838,0.058011756902442,0.6434451980664591,0.3341054600603749,0.9675335884094238,P7,P7/random_1_frame39.jpg,3
0.4189427188907664,-0.34582402174107,0.1301742732849677,0.9925198554992676,0.4433621015370732,-0.3642247808656122,0.1038431771727008,0.9894093871116638,0.4388165721382983,-0.3687659196166771,0.1037904973542528,0.98885977268219,0.4321018082404859,-0.3746767495555326,0.1036782494910583,0.9905965924263,0.4478242722619339,-0.3634917335957703,0.0086430894430158,0.9894147515296936,0.4476397377929632,-0.3656192887578505,0.0086769976516891,0.9880409836769104,0.4463361608511246,-0.3677586795789751,0.0085591481333319,0.9895285964012146,0.3715256326001328,-0.3961015831984748,0.0465969379560304,0.9865155816078186,0.4135055698439859,-0.3680441353127,-0.3822718065029103,0.9895495176315308,0.3761064144457386,-0.3471786320084654,0.1311333832333706,0.9943333268165588,0.3797931586054696,-0.3445919041815258,0.0062731712233253,0.9959756731987,0.1349876958266276,-0.3723873767539378,0.3163787473834851,0.9990828633308412,0.3050066834680195,-0.2957480482828717,-0.7390299409585183,0.9999181032180786,0.1153443197675825,-0.2255097751123678,0.6234392040422844,0.1920940428972244,0.3345141268518749,-0.1034378058504327,-0.556578038919094,0.9595792293548584,0.2037832912452342,-0.1032634525935432,0.7121999018217001,0.2397746443748474,0.3631938376935337,0.0016942809554523,0.2406403925490241,0.8035308122634888,0.2205114044899965,-0.0816164139969303,0.7533190812166685,0.2374030500650406,0.3668275122852918,0.0212565891133013,0.2752333513674078,0.7779794335365295,0.2469256683784512,-0.078955936014978,0.6862003314278252,0.2417384982109069,0.3642505202424048,0.0180839961636678,0.2978772897082029,0.7698360681533813,0.2281977105506514,-0.0867639075600025,0.6815280459386401,0.2336305230855941,0.3560879879866547,0.009047788646205,0.2731030918208684,0.7232813835144043,-0.0293853642877449,-0.0182904202386128,0.3996106652073899,0.9982048869132996,0.0293853642877449,0.0182904202386128,-0.4011032945310602,0.9995072484016418,0.0742726739065179,0.2036980554103424,0.9379179463537028,0.3740064799785614,0.0430874940368421,0.2618763010752856,-0.1920507806058086,0.9769276976585388,0.0967382819544543,0.4526953777332909,1.5201555031831615,0.6521299481391907,-0.1103486535296702,0.5459033562148986,-0.0339051940800869,0.980452001094818,0.0743776676561046,0.4992812953226507,1.5742074308567706,0.6697405576705933,-0.1828327748201221,0.5816870077861712,-0.0200104067660521,0.9581701159477234,0.2969235646665023,0.5042090019699214,1.5631666699456828,0.7447008490562439,0.0169240697610364,0.6272170064175661,-0.2085839236392171,0.9687712788581848,P7,P7/random_1_frame40.jpg,3
0.2151122699789503,-0.4629004964320949,-0.1299554324746795,0.979522466659546,0.220150298443149,-0.4189586948140086,-0.1376482290645005,0.9746761322021484,0.2228944677900198,-0.4233609643811384,-0.1379488473171737,0.9790529012680054,0.2253583563328065,-0.4327464975182272,-0.1381361474331008,0.973824679851532,0.2150737598522103,-0.4124787393459259,-0.1528702491515692,0.9747549295425416,0.2113301881531071,-0.4011524325434835,-0.1528874533797874,0.9767823815345764,0.2077458979841298,-0.3910349411493332,-0.153410549268006,0.969771444797516,0.2141267677316359,-0.3857211513140701,-0.1169062627363732,0.9808680415153505,0.1953545241261675,-0.3419527971800288,-0.1868417732598997,0.9807264804840088,0.2107498397835664,-0.4387063384047472,-0.1146985197062079,0.9909496307373048,0.204573445896384,-0.402866209140272,-0.1354852246233882,0.9917228817939758,0.1705372919969492,-0.2884725232923271,-0.0838057169234986,0.9987867474555968,0.1551813219917225,-0.4422171403141171,-0.1791859106920261,0.999637007713318,0.0743181832214276,-0.1496116524928392,-0.0513506762219678,0.1942466646432876,0.0676909474067,-0.1203861122263218,-0.2995619776239469,0.951659619808197,0.012453297686019,0.0440114160779624,-0.1200961943959454,0.2545517981052398,-0.0081758252357213,0.0608989801573228,-0.3381971863190158,0.7975156903266907,-0.0059530617369903,0.0453348124057561,-0.1315931097948847,0.2594489157199859,-0.0405481441721578,0.1168326985199082,-0.3609329726828361,0.770034670829773,-0.0006469055659035,0.0391685587590467,-0.1603882025500891,0.266882449388504,-0.0377978223198315,0.1074064525072127,-0.3459169096148118,0.762509822845459,0.0023883684372417,0.0349837916532977,-0.1334648196875789,0.2608452439308166,-0.0171984365077927,0.0875016541783575,-0.3360726730154292,0.7206393480300903,0.0176177563394855,-0.0293626803726891,0.0547346301793538,0.9969043135643004,-0.0176177563394855,0.0293626803726891,-0.0543420329195815,0.9987941980361938,-0.0731670190679594,0.2429263989090744,0.1922878229732418,0.3448628187179565,-0.0555155568729691,0.2610590477961713,0.025856922473386,0.934026300907135,-0.1165946687177948,0.4919058377687912,0.3133211635821115,0.5941513180732727,-0.1325347469570071,0.5044393269070899,0.146512024042198,0.924386978149414,-0.1227567067589143,0.5283599642906688,0.3252317305322545,0.6276249885559082,-0.151555730281493,0.5253879243713718,0.1633086297847315,0.9316794276237488,-0.1735317581784157,0.5984400397031854,0.2966740409350895,0.6777712106704712,-0.1715999094438155,0.6214794256263347,0.1294437491042965,0.8950257897377014,P7,P7/rob_DTL_1_frame923.jpg,4
0.26037457381587,-0.4652532783416287,-0.1223902993491123,0.9754809737205504,0.265470917406422,-0.5619744545323145,-0.1173672212101928,0.9708409309387208,0.2649288939398093,-0.5733506589769638,-0.1176833335099353,0.9753701686859132,0.2646019811875342,-0.5876552764795903,-0.117950905023484,0.970015287399292,0.2644219872564788,-0.5479769863829999,-0.1759536022215769,0.9712766408920288,0.2626076745648613,-0.5290068183870613,-0.1759241612904764,0.9734272956848145,0.2606185129592739,-0.489956955377345,-0.1762130580831752,0.9661604166030884,0.248728215140762,-0.4870670074471023,-0.0485710488984056,0.9755712747573853,0.2393014821698976,-0.4131320502579912,-0.3056839421954205,0.9737818837165833,0.245827568841659,-0.3893744846974455,-0.0826073377590965,0.9835895895957948,0.2416726817108192,-0.363248822939617,-0.1588154278093038,0.9840494394302368,0.1922333141997434,-0.3411944213682541,0.124323743686341,0.9984071254730223,0.1854004048424217,-0.3561633177434777,-0.3808385338513479,0.9994498491287231,0.1373116451497638,-0.1193419379761452,0.2617339608301083,0.1843734085559845,0.096316394013156,-0.0306753268663095,-0.5165004660227618,0.9295921325683594,0.1343072001726338,0.0689536006470735,0.1985600110427065,0.245591327548027,0.1039859811489086,0.1236792690461763,-0.4506924716549185,0.7733263373374939,0.1293762321312593,0.1164396583382849,0.2126693424801623,0.252541035413742,0.0909293161238032,0.1628214156956804,-0.4590635777869348,0.7478510141372681,0.1319510273482794,0.1207332159296201,0.1637795628358189,0.2602155804634094,0.0958962176178385,0.1538540592503088,-0.6151850379001385,0.7401186227798462,0.1312143915687335,0.1089534134780401,0.1737092314351601,0.2554864883422851,0.1038928808397421,0.1401993472392151,-0.4891293834624861,0.6976054906845093,0.0100219624474963,-0.0244194760919447,0.1847923944900139,0.9970374703407288,-0.0100219624474963,0.0244194760919447,-0.1850363336334178,0.9987382292747498,-0.0097750016273914,0.3248213436633729,0.1639069428421544,0.3464536666870117,0.0287811847429285,0.3845778587688596,-0.1388545683984874,0.9334886074066162,-0.0714691465006723,0.8496826666174491,0.2191198872343983,0.5863805413246155,-0.3203527329907233,0.80229101590641,0.0043493900228366,0.922016143798828,-0.1296486730359782,0.9103494414123832,0.2210626211858092,0.6201431155204773,-0.2306870085630423,0.8499454708234998,0.0235847736325733,0.9254400134086608,0.0751270086476633,0.9971739730717272,0.1741195261309959,0.671218752861023,-0.2896219542736031,0.8939002501214116,-0.1311077549646158,0.8915797472000122,P7,P7/rob_DTL_1_frame924.jpg,4
0.2357350285787309,-0.4431299156066638,0.0320789755659574,0.9612606763839722,0.2406207984242618,-0.5050429029596671,0.0060311034670758,0.953383445739746,0.2400179288009359,-0.5100879213849445,0.0051952317103464,0.9621313214302064,0.2397890926065103,-0.5162217517908626,0.0048355060977473,0.9537424445152284,0.2393629521055605,-0.5158739809953868,-0.1299211743672972,0.9557337164878844,0.2378757677586738,-0.524953742848695,-0.1319175631572349,0.9611392617225648,0.2365306860047437,-0.516704850423539,-0.1382307573127676,0.9517797231674194,0.2245683073967282,-0.4480931351291093,-0.0027582985490396,0.956323742866516,0.2165603788151907,-0.4363471305104868,-0.136159354830624,0.9534820914268494,0.2218786457226277,-0.3523290351541442,0.070461997276203,0.9583817720413208,0.2188750870318314,-0.3384399494647002,-0.0406048201109684,0.9585230946540833,0.1586376389635242,-0.3702951019463941,0.1413836010922062,0.9961763620376588,0.1764175254309235,-0.3561607031874141,-0.27684527108353,0.999155580997467,0.1289235602176131,-0.0858396682651129,0.4028727695836238,0.173781543970108,0.0907071629978946,-0.0625517380901481,-0.3928700518072576,0.9172064661979676,0.1661808694835747,0.180341990890259,0.3302328347000396,0.229806587100029,0.1166841693742403,0.1427549768441709,-0.2537214405479889,0.7532864212989807,0.1633129731858188,0.2262810241991225,0.3452342976470904,0.2370828986167907,0.1169202821581817,0.1991020423293226,-0.2701228314969576,0.7264729142189026,0.1704795774692104,0.2434226617631365,0.2954400519377307,0.2448992282152176,0.1227162948048581,0.2390856471338433,-0.2119714854580054,0.7179668545722961,0.1695705892524642,0.234643247415012,0.3021393026226568,0.2418284863233566,0.1214705761353496,0.2247745192524871,-0.2261358687841277,0.6742894053459167,0.0038658345484098,-0.0156125500981919,0.2169036540165691,0.9968897104263306,-0.0038658345484098,0.0156125500981919,-0.2172378334810529,0.9986194968223572,0.0592203564958244,0.3383983809016046,0.2301008782292994,0.3476356863975525,0.050520817354453,0.4110341338371912,-0.1667240731638457,0.938305139541626,-0.0025226764905586,0.7247993355319811,0.3574958737245901,0.5839651226997375,-0.3259994487421255,0.7928856308799992,-0.0887905135014001,0.927031397819519,-0.1202852447949257,0.8887738510715314,0.3670731201116861,0.6161900758743286,-0.1487476665051719,0.8527182663821441,-0.0767778626510192,0.9270522594451904,0.0915654660049106,0.8510653932555947,0.3319168006099507,0.673248291015625,-0.1003792559655749,0.8913410653082638,-0.1669759937112178,0.8978338837623596,P7,P7/rob_DTL_1_frame925.jpg,4
0.2606123180603993,-0.4462608811914631,0.0996801288408389,0.9627148509025574,0.2649897999232513,-0.4762544301940979,0.1304696197071963,0.9553523063659668,0.2635318975445168,-0.4844835916555167,0.1302575058063242,0.9639219045639038,0.2623070845363262,-0.4922887826829171,0.1300269472184197,0.9558953046798706,0.2660438923398401,-0.4811450175134176,0.0556057931593206,0.9577086567878724,0.2650766186361664,-0.4996321702205725,0.0551314644402419,0.9631737470626832,0.2640861818371497,-0.507664016425366,0.0538612206665788,0.954526662826538,0.242473641254293,-0.4447577678821888,0.2041708679801327,0.9574652314186096,0.2393331544719972,-0.451677270775068,-0.048416252541729,0.9555811285972596,0.2432188066104003,-0.346215268732347,0.133099971485529,0.9573714137077332,0.2427014974810741,-0.3374032551607057,0.0545320550063112,0.9574503302574158,0.1429208879905299,-0.3589126770746653,0.378742817470881,0.9947940707206726,0.2030042415253359,-0.3624303791540832,-0.2595930131814459,0.9991835355758668,0.1070736816377602,-0.0900680662455137,0.5002388288454531,0.163855955004692,0.1326303826220715,-0.0643343820549338,-0.3853189918172322,0.9222995638847352,0.1453117483761337,0.1659424739787958,0.4251715691956313,0.2141022235155105,0.1603686182414798,0.1667265876507762,-0.2160499756375293,0.7617770433425903,0.1568761381992131,0.2176531406502989,0.4689520070195028,0.221468299627304,0.1639896963575211,0.2245993239974434,-0.2554067126444154,0.7309879660606384,0.1540645673707874,0.2352811140987139,0.4078563404289673,0.2292700409889221,0.1700283153134315,0.2258971436505855,-0.1565556617620258,0.7221639752388,0.1487753174438428,0.2231252932412109,0.3911165858977128,0.2274547666311264,0.1678503838264989,0.2089275168453626,-0.177398115213971,0.6772953271865845,-0.0036073089426984,-0.0109407020336595,0.2389188138803947,0.9968369603157043,0.0036073089426984,0.0109407020336595,-0.2392347113167896,0.9986280798912048,0.0704532568467456,0.3201285618108919,0.3004714368685017,0.3444127738475799,0.0776761104993755,0.3958456320743258,-0.1223248963072269,0.9438260197639464,0.0156763110872863,0.7302409448316428,0.4739150004590797,0.5809110999107361,-0.2390180505860909,0.8200430644269225,-0.0603614500864398,0.9331582188606262,-0.0700488463599058,0.8293637224144469,0.488324333125727,0.6115267276763916,-0.0870961124291486,0.9065584265822778,-0.0510744536527496,0.9315314292907716,0.0996211701842668,0.8513214789071558,0.4478262345958164,0.6784479022026062,0.0673591820443778,0.9159494317482512,-0.1358769692494243,0.9059950113296508,P7,P7/rob_DTL_1_frame926.jpg,4
0.2614889644814318,-0.4564391491339535,0.1251360967535321,0.965215504169464,0.2658193250419966,-0.4553370350608149,0.1624552476998614,0.9583114385604858,0.2641042593727308,-0.4645050743964262,0.1623015428769592,0.9663150906562804,0.2627096555002498,-0.4728532388504831,0.1620825990165441,0.9589768648147584,0.2661666295319791,-0.4560624827336123,0.0998694670747167,0.9607014060020448,0.2643481890895569,-0.4741992826404478,0.0996925246452437,0.965825378894806,0.2624857057815967,-0.4850685753857183,0.0992721085641202,0.9580259919166564,0.2429605566104039,-0.449078344067876,0.245902676493558,0.9593957662582396,0.2387130696074788,-0.4440189741826656,-0.0227925575409076,0.958367884159088,0.2430854750337643,-0.3536326766212672,0.1593760910901071,0.9584782719612122,0.2420351352167612,-0.3480660753911323,0.0890104846600252,0.958696722984314,0.1405588962346157,-0.3701337227646282,0.4149611941439814,0.9940677285194396,0.1953427481818441,-0.3559310713676297,-0.2332917359944958,0.9992350935935974,0.1121747896125934,-0.0995504277669323,0.5328588198854676,0.1563433557748794,0.1464704564766866,-0.0633854148998542,-0.352525068048631,0.9272669553756714,0.1661587466764404,0.1710025497552748,0.4624066533709091,0.2022262960672378,0.1726571107778991,0.151350397291347,-0.2004942432325439,0.7716479897499084,0.1796495020515764,0.2172783103935045,0.5006528436563854,0.2094150185585022,0.17877455187071,0.2039606860460161,-0.2529681684996817,0.7375587821006775,0.1812773506853389,0.2327000891572901,0.4406983853558568,0.2173205465078354,0.1848558552276949,0.2065652091122131,-0.1529319335923877,0.7283385992050171,0.1751120444664698,0.2194290268925007,0.429683455797816,0.216712087392807,0.1800166996701747,0.1798474343378258,-0.1660761554448619,0.6820430159568787,-0.006222770431006,-0.0166912904737917,0.236670983489854,0.9968519806861876,0.006222770431006,0.0166912904737917,-0.2370940382337797,0.9986953139305116,0.0669215705330391,0.2941250318885788,0.3794358452618924,0.3410207033157348,0.0756320679104868,0.3928538473828112,-0.1318767074741446,0.9489374756813048,0.0211400108061426,0.6834837695040172,0.6104007150126292,0.5776205658912659,-0.2216145346491853,0.7936103921299767,-0.0933222062712073,0.9389750361442566,-0.0278446032365704,0.7632268957777301,0.6262025915242683,0.6048584580421448,-0.0556820397346657,0.8889441715868163,-0.0857775797925902,0.9360014200210572,0.1042368232079857,0.7945741229983775,0.5194579745021104,0.6835039854049683,0.0921413666617889,0.8838131343168546,-0.1864258270189234,0.9138463735580444,P7,P7/rob_DTL_1_frame927.jpg,4
0.2527608403598781,-0.436350116953405,-0.0102934813604485,0.9662135243415833,0.2558890080801155,-0.4347437397314768,0.0132416146831526,0.9593037366867064,0.254099416699741,-0.4449586139775955,0.0130296355272687,0.967258095741272,0.2525763419900409,-0.4534988765698787,0.0128449231221996,0.9601444602012634,0.2566260598044442,-0.4270442075298206,-0.0493672208706392,0.9623541235923768,0.2551171970341376,-0.4386692314973262,-0.0495260938723456,0.9674410820007324,0.2536224605891317,-0.4446283148078359,-0.0498044627439825,0.9602777361869812,0.2344394245152558,-0.4452282127556082,0.1094827238904016,0.9582521319389344,0.2336802843550023,-0.4217297983375819,-0.1615521984225795,0.96009761095047,0.2346215256904965,-0.3499869009101216,0.0329412047232465,0.9573354125022888,0.2342202524378622,-0.3465029210204904,-0.0481594842679938,0.9590697288513184,0.150553537859262,-0.3796173391059759,0.2886384746918082,0.9933350086212158,0.1738221640523959,-0.3516694746745812,-0.3267990516134802,0.999257266521454,0.1098956620631706,-0.1446261745701094,0.3766499118448426,0.1496380418539047,0.1377496078348385,-0.0867721089501709,-0.4546750429758293,0.9307005405426024,0.1532659635451934,0.0916014286929908,0.26766364267467,0.1873774081468582,0.162641734068447,0.1130857715794995,-0.2940466099120651,0.7708300352096558,0.1715710270981039,0.148845065831751,0.2889608331544669,0.1940434575080871,0.1730675614390571,0.1659243924190191,-0.3285067531141566,0.7326192259788513,0.1778163183206163,0.1609385701146854,0.2288643204106486,0.2017367631196975,0.1810279597812673,0.1692191651637128,-0.2686306966591229,0.7225827574729919,0.1705905745081384,0.1458384701231929,0.2348963897352123,0.2019491046667099,0.1752502071191637,0.1503880030109649,-0.2666429942681669,0.6743413209915161,-0.0023251503374587,-0.0253080394960999,0.2244798514936636,0.9961485862731934,0.0023251503374587,0.0253080394960999,-0.2246846832105246,0.9985896944999696,0.0542149101872308,0.2982568969573871,0.3673416052266617,0.3418006002902984,0.0689091137650815,0.3912855125762183,-0.1531823506818792,0.9535316824913024,0.0211338815979108,0.6879040982550882,0.5991208286525527,0.5702362060546875,-0.1783285474374311,0.7963298947671916,-0.1223048041024842,0.9440438151359558,-0.0147416765922705,0.7563948587560354,0.6172767096488778,0.5902727246284485,-0.0472379609282318,0.8682371712526972,-0.1287347970283041,0.9399126172065736,0.1062706757628101,0.7685982915340376,0.5545482056592497,0.6833350658416748,0.0970019228554714,0.8820893602285298,-0.2641810540140458,0.920741319656372,P7,P7/rob_DTL_1_frame928.jpg,4
0.2321951226990187,-0.393987766280424,0.1637993748065463,0.9693251848220824,0.2370895511354176,-0.416427533942043,0.1646668842072246,0.963062345981598,0.2347461799737979,-0.4235816036751111,0.1645672296920788,0.9702641367912292,0.2322930260146896,-0.4302005232341521,0.164432387332514,0.9638202786445618,0.2415098653560946,-0.4089482121895493,0.1163234353589693,0.9658623933792114,0.2421945331461045,-0.4142427743445563,0.1160782059868924,0.97044438123703,0.2428965695578067,-0.418038883241303,0.1157673117549742,0.9640124440193176,0.215875582142475,-0.4369975530929994,0.1138843012365925,0.9617763757705688,0.230418034146535,-0.4109560903991417,-0.0613529151693223,0.9637210965156556,0.2159729119659202,-0.3685365909417203,0.1613362666609493,0.9610651731491088,0.2203783153887294,-0.3603006690886233,0.1004863963419482,0.9627916812896729,0.1252899453438617,-0.3931068822217681,0.2772867477364351,0.9936139583587646,0.1846673641324778,-0.3444068236184613,-0.2591948089745392,0.9993237853050232,0.0850222706446803,-0.2139447976735071,0.3138237326163285,0.1451636999845504,0.1381677951991336,-0.1175892555922527,-0.2759150567419167,0.9345484375953674,0.1201399851571887,0.0097671460956824,0.2097319033017421,0.1751042455434799,0.1575629745620389,0.0598149933568155,-0.0066181911727096,0.7702453136444092,0.1211481025624864,0.0279075244687836,0.2283658536625082,0.1816140711307525,0.1642294939758119,0.1069809602564084,-0.0054776175451434,0.7308934926986694,0.1204093626483402,0.0308483926021087,0.1868712742739293,0.1889944225549698,0.1707646836699025,0.1056861786657279,0.0397004012798162,0.7206363677978516,0.1178218476534994,0.0195678005228372,0.1857285090867863,0.1895027607679367,0.1653350231320156,0.0869041444195432,0.0192643668103192,0.6722002625465393,-0.0085589618310806,-0.0330281546244858,0.2070036369292254,0.9962785840034484,0.0085589618310806,0.0330281546244858,-0.2071581316384526,0.9986995458602904,0.054251872985265,0.2835159588462562,0.3687221156767302,0.3579225540161133,0.0692290320963961,0.3631805831911039,-0.1554744592491417,0.9580119848251344,0.0245635732282611,0.6124534031690251,0.5935674439387998,0.5824471712112427,-0.1089330458651876,0.7528565891364274,-0.2311665848741135,0.9492397308349608,0.0030014125268655,0.663732947876013,0.6110518291331754,0.5923359990119934,-0.03922490197796,0.8155340460465705,-0.2424568648756261,0.9445942044258118,0.1008576199078222,0.6886338164604392,0.5580034705472458,0.6960294246673584,0.0993780099655487,0.8339043128747116,-0.3517856203765381,0.9277177453041076,P7,P7/rob_DTL_1_frame929.jpg,4
0.2276187256012401,-0.3813253203110086,0.1536441603156936,0.9720945358276368,0.233247170302563,-0.4120923979353424,0.1596321087717417,0.966452956199646,0.2313442825729335,-0.4189303664717217,0.1595103221488418,0.9729567766189576,0.2296158043009005,-0.425665020828931,0.1593943402704955,0.9671673774719238,0.2376859814085741,-0.405767137314367,0.1047947897126694,0.969028651714325,0.2386350417322624,-0.4100566894312191,0.1046020824673738,0.9731407165527344,0.2397696073084461,-0.4139024097521142,0.1043010576613196,0.9673820734024048,0.2132222193886378,-0.4404976328765979,0.115726048356684,0.9649376273155212,0.2254491278386698,-0.4139953678560452,-0.0685412165075877,0.9669451713562012,0.2122476798322187,-0.3667859660129667,0.1630194392028169,0.9643498659133912,0.2161901390464177,-0.3598988472147389,0.0933026489103981,0.9661550521850586,0.1214903240805612,-0.4026973829167369,0.2923852091905756,0.9937153458595276,0.1786985987579669,-0.3388460147378064,-0.26511951238544,0.9993837475776672,0.063904299230152,-0.2231710378593099,0.3333518702502973,0.1384515911340713,0.1380354693320359,-0.1307407650011874,-0.3126844933594925,0.9394161105155944,0.0582687860965232,-0.039476454709259,0.2550242088743338,0.1626353114843368,0.1568625675433168,0.0632952633768108,-0.0955486227278561,0.7812311053276062,0.0586064270257439,0.0028820299861548,0.2697171988361891,0.1690591871738433,0.1579678730973967,0.1001645350491151,-0.1013549494596234,0.7426266670227051,0.063052306564061,0.0065651763640123,0.2312072906014684,0.1759136766195297,0.1623973144210487,0.1023641325534492,-0.0526512830818368,0.7325559258460999,0.0636052881053942,-0.0040226777017646,0.2328321259300381,0.1766101270914077,0.1573480702134499,0.0851832393498026,-0.0706145120169312,0.6835846304893494,-0.0076641532054461,-0.024576363790392,0.2074587347538414,0.9962786436080932,0.0076641532054461,0.024576363790392,-0.2075189191672839,0.9987692832946776,0.0513561880655644,0.2979979553968933,0.295374930030555,0.3852834701538086,0.0651208093064411,0.3558221699777995,-0.2039858742370869,0.962080419063568,0.0237027548720164,0.6480554900648697,0.4230411119085546,0.6040157675743103,-0.1020400531513272,0.768188921715902,-0.314031748885674,0.9540783166885376,0.004791657383797,0.6944444606140141,0.4295914527838316,0.6039601564407349,-0.0401558461213666,0.8311339689292735,-0.3312018545109467,0.9492059350013732,0.0999614409069281,0.7063575635460897,0.3828320470672097,0.7146815657615662,0.1028489776949957,0.8440384605878,-0.4501983986879739,0.9344040155410768,P7,P7/rob_DTL_1_frame930.jpg,4
0.2247741378453769,-0.3769021227671879,0.153017434385093,0.9743281006813048,0.2329183709561605,-0.4110603634768397,0.1622818961873949,0.9692335724830629,0.2312805130339334,-0.4174893680760669,0.1621558983075978,0.975164532661438,0.2297769917754178,-0.4240422155884616,0.1620801725720245,0.9700263738632202,0.2366257463964098,-0.4065792821432979,0.1062751983738833,0.971618950366974,0.237422272032949,-0.4117611128187302,0.1061349277440902,0.9753073453903198,0.2384123490684131,-0.4172904865181355,0.1058679721436905,0.9701880812644958,0.2136097866712492,-0.4432244584481712,0.1586726602177601,0.9673481583595276,0.2252640960553058,-0.4160917004440718,-0.0580338447316184,0.9693251848220824,0.2091617689802949,-0.366426528077186,0.1675696950044825,0.96677565574646,0.2121152600560572,-0.3602954293961835,0.0954127299163015,0.9687753915786744,0.116533849346039,-0.4119144381739026,0.304481939436192,0.9938230514526368,0.1666894796252606,-0.3362730690236013,-0.2561814335215148,0.9994354248046876,0.0437561081219992,-0.2185127001199176,0.3433496671211891,0.1309974491596222,0.1331158074479037,-0.1368579954891644,-0.3295505309022094,0.9436904788017272,0.0284108301933853,-0.0434361320141381,0.2509099270849843,0.1509313881397247,0.157050386764347,0.0503676706672003,-0.2302647221454495,0.793202817440033,0.0227325451767349,0.0035830328246749,0.2626121246163652,0.1575424820184707,0.156753480250936,0.0941206140072894,-0.2645329806683456,0.7555930614471436,0.0301525429325054,0.0048634369585262,0.2213901531461023,0.1637475788593292,0.1612397251760154,0.097442302473175,-0.2311336005263157,0.7454766035079956,0.0333242373925978,-0.0082630789998825,0.228439684029985,0.1646336019039154,0.1588536461832457,0.0805278757032777,-0.2129916131520927,0.6947644352912903,-0.0093531798004536,-0.0200737119535526,0.2058368324487646,0.996338188648224,0.0093531798004536,0.0200737119535526,-0.2056910442715624,0.9987950325012208,0.050701721726188,0.3071880569996236,0.1545291799123882,0.4067592620849609,0.066243049565761,0.354508042687368,-0.2320839303995006,0.9657461047172546,0.0242040021974767,0.6720870781027647,0.1926324253776861,0.6250149011611938,-0.0626975777053353,0.7665806366730427,-0.3383316347305397,0.9584623575210572,0.0042681248244837,0.723700007167867,0.1878523346164378,0.6197360754013062,-0.0337820480810186,0.8220722558202137,-0.3571497194612479,0.953448474407196,0.0996701423704382,0.7181967845610875,0.1054250588332744,0.7332098484039307,0.103643109639935,0.8365759516119362,-0.4922503032273433,0.9405280947685242,P7,P7/rob_DTL_1_frame931.jpg,4
0.228831816468035,-0.3872775836121093,-0.1248022683964365,0.9767193794250488,0.2411658611821713,-0.4162707265885387,-0.0987516423831421,0.9719123244285583,0.2401942371674316,-0.4188303349252287,-0.0989016464144155,0.9772146940231324,0.2391302924587239,-0.4220438473180097,-0.0989215552011054,0.972718060016632,0.239738651639124,-0.4177084675292684,-0.1713207085463147,0.9741683602333068,0.2380545854097476,-0.4213000844531231,-0.1713825292184237,0.9774720668792723,0.2364067636009661,-0.4255503924320154,-0.1715154197284633,0.9729123115539552,0.2161863432795796,-0.4493226292003015,0.0282492476142506,0.969783365726471,0.2124111791389765,-0.4529364030907086,-0.2973722383481752,0.9720370769500732,0.2096464820902788,-0.3790896954569293,-0.0704079797628843,0.9699196815490724,0.2083803892546306,-0.381624548170496,-0.1655855760727691,0.9718195199966432,0.1395016975132214,-0.3678273914212135,0.2361111151267457,0.9943903684616088,0.1115221673708622,-0.391769224723604,-0.4440965598718658,0.9994891881942748,0.1464056441652526,-0.1465048034291442,0.3032788479625541,0.1455557495355606,0.0736178890841369,-0.1571354287610205,-0.5298090753371152,0.947747766971588,0.1616601001652461,0.0441223847611225,0.1868509982641751,0.1748219728469848,0.1390760649211788,0.0708602357624605,-0.5046515836522628,0.8104720711708069,0.1644476380374884,0.1073864054381897,0.1813205783812913,0.176405131816864,0.1435043124894822,0.1372368999259361,-0.5637484875535578,0.7750501036643982,0.1616668019637712,0.1098681224634503,0.1329324219250369,0.1831812560558319,0.1556238312651164,0.1301489957429611,-0.5550315334362415,0.7655332088470459,0.1583395641531613,0.0897590340604194,0.1605473793565585,0.182176873087883,0.151269577023386,0.104339001908852,-0.4979525889408407,0.7156462073326111,0.0085001372578898,-0.0087229378659994,0.211260606845762,0.9963129162788392,-0.0085001372578898,0.0087229378659994,-0.2112156090556649,0.9988430738449096,0.0498281455768464,0.3304776527695898,0.3357788095957862,0.4032137095928192,0.0436644741190408,0.3696347570663117,-0.2622039009236189,0.9681000709533693,0.0192959824391193,0.6603690349396327,0.5548379335217054,0.619797945022583,-0.0215196118354647,0.7468387852525181,-0.2619802967835433,0.961913764476776,0.0004261796776363,0.7041803331549324,0.5671816548122837,0.6165192127227783,-0.0520703074976847,0.8044389655474927,-0.2722991517126044,0.9560394883155824,0.104104507346173,0.7306387601891937,0.4794698834298809,0.7311953902244568,0.0621982979401792,0.8263007794219326,-0.4288729800150772,0.945218861103058,P7,P7/rob_DTL_2_frame45.jpg,4
0.250114676880738,-0.414443982810948,-0.2296596759277679,0.979015588760376,0.2628526271233987,-0.4499350014897341,-0.2072189156433736,0.9746890664100648,0.2624002534975577,-0.4539907851142676,-0.207347861054505,0.97945636510849,0.2618750807687491,-0.459167092531679,-0.2073897387384872,0.9754201769828796,0.2609516969467075,-0.4502684941804289,-0.2820509335613898,0.9767242074012756,0.2592276685902278,-0.4539388065547486,-0.2821311581728601,0.9796923995018004,0.2572172485626733,-0.4583909084958379,-0.2822205554713044,0.9755958914756776,0.2377516420183607,-0.4939711060757595,-0.0778466378717942,0.972710371017456,0.231626471092869,-0.4927491003333445,-0.4172188662187657,0.9747943878173828,0.2286376311214294,-0.4012516933666663,-0.1725464682781314,0.9728812575340272,0.2271892201687851,-0.4031136760232697,-0.2709342557413701,0.9746171832084656,0.1366818082033638,-0.3928728806106052,0.1621306456221569,0.9949286580085754,0.1399221690755566,-0.3577869889398339,-0.5493247776064437,0.99953955411911,0.1316448382690324,-0.1304367007557329,0.2316366629672845,0.1379888653755188,0.1375147027404166,-0.0872579512053575,-0.5672656433386505,0.9498564004898072,0.1683394445171827,0.0745082075080161,0.1043509439850758,0.1678809821605682,0.181141021175837,0.1460010033720094,-0.4453436348646677,0.8252201676368713,0.1795823923812998,0.1243461822032538,0.0999089975188505,0.1702513992786407,0.1880805228671248,0.2046566966151001,-0.4971223972454714,0.7923790812492371,0.1818668282324245,0.1317010755760749,0.0469324669469763,0.1768490076065063,0.1947465911276661,0.1961300288809117,-0.4842113671355051,0.7834423184394836,0.1781984814338849,0.1215092011606047,0.075036879143711,0.1760691255331039,0.1913944836324179,0.1780043626258216,-0.4361646871678893,0.7346651554107666,-0.0021522690796869,-0.0203148080804301,0.2275689584896401,0.9965807199478148,0.0021522690796869,0.0203148080804301,-0.227644414759866,0.998947262763977,0.0485889968851733,0.3596765624564622,0.4680684572488418,0.3962069153785705,0.0532384571944078,0.410619045141925,-0.2558183046004955,0.9696696400642396,0.0448720202858513,0.6914290633939041,0.7618354054452082,0.6247097849845886,-0.01110932511062,0.8195266561721836,-0.1493561229301429,0.965202271938324,0.0209409895646063,0.7445112573137919,0.7845215715057064,0.6207477450370789,-0.0446172962245675,0.8784022027062366,-0.1516239332861273,0.9587339758872986,0.1237536339046486,0.7912628412396133,0.7117694239594758,0.7381765246391296,0.0781938440935105,0.8885771877298183,-0.3188049256777859,0.9497752785682678,P7,P7/rob_DTL_2_frame46.jpg,4
0.2407898787835698,-0.410346744887633,-0.0715760967329173,0.9810847640037536,0.250773222166606,-0.4459077545386429,-0.0545005187759291,0.9771976470947266,0.2500527165847492,-0.4493902686562699,-0.0546541785362616,0.98148113489151,0.2491386949301441,-0.4535604484104147,-0.0547242717350443,0.977856695652008,0.2499222024672219,-0.4453434148771104,-0.1207399966607954,0.9790319800376892,0.248642994982689,-0.4479585597946695,-0.1208395031046121,0.9816994667053224,0.2471047324787013,-0.4514109823743999,-0.1209957923509113,0.9780205488204956,0.2289309939729576,-0.4840082926665496,0.0256513315155318,0.9753507375717164,0.2250784314583891,-0.484408080241459,-0.2625928364631836,0.9772965312004088,0.2239799141452061,-0.3998316199004603,-0.0303201027707952,0.9755607843399048,0.2232537708044928,-0.3993640382753019,-0.1163888624653544,0.9771410822868348,0.1234340085393576,-0.4104517481463348,0.246352355941309,0.9954215288162231,0.1503128695514045,-0.3412547416058565,-0.4122511445933556,0.9995852708816528,0.1176178146150808,-0.171448263728423,0.3619233998215451,0.126725286245346,0.1511499357976188,-0.1056636516797943,-0.37352048120526,0.9508094787597656,0.1605490664191533,-0.00735600681195,0.3031927868901238,0.1557538509368896,0.1720981563806025,0.0802929616338387,-0.1040117354808595,0.8332741856575012,0.1646689996474898,0.0337357852212279,0.3030278472075793,0.1595646142959594,0.1716623576209975,0.1278236380569905,-0.1245449993940106,0.8025035858154297,0.1643489158884138,0.0367949741207196,0.2598229703010073,0.1658482104539871,0.1741362062072163,0.1215599470234814,-0.1242341210380674,0.7940725088119507,0.1609220041675088,0.016239423442089,0.2789927069987284,0.1654361486434936,0.1739700332649219,0.1053966333259548,-0.0954619772760431,0.7466272115707397,-0.01176931491678,-0.0221048068123884,0.2215294446402451,0.9968746304512024,0.01176931491678,0.0221048068123884,-0.2215542860152065,0.999046504497528,0.0358399377704337,0.3237277245129356,0.428221646937991,0.384466141462326,0.0501492039960247,0.3976170377496534,-0.2269965379653315,0.971125066280365,0.0210988192164372,0.7024393836012469,0.6633034710593497,0.6315452456474304,-0.0092162558186278,0.7856698994872492,-0.1636352637071669,0.9682251811027528,0.0062283845686703,0.7521827394315915,0.6800407790804507,0.631403923034668,-0.0413860830454856,0.841064967627233,-0.166769610979414,0.9614068865776062,0.105727217410901,0.7749494191337296,0.6208102026464392,0.7475256323814392,0.0729898088111681,0.8567689449219289,-0.3081627884460374,0.9541288018226624,P7,P7/rob_DTL_2_frame47.jpg,4
0.1886814263481919,-0.2624110122544311,-0.4062108911228927,0.9829312562942504,0.1888590304303802,-0.2695567221213714,-0.3740957121813619,0.9794049263000488,0.1893224810147142,-0.2689663180667901,-0.3743379750139475,0.9832321405410768,0.1896413233474788,-0.2687413830751317,-0.374518244917817,0.9800201654434204,0.1791348674155441,-0.2811046089572169,-0.4727959994759876,0.9810578227043152,0.1732445080677928,-0.288104327363225,-0.4728053047026103,0.9834164977073668,0.1672904707908286,-0.2951923196758433,-0.4730142447641822,0.9801376461982728,0.1661603635921293,-0.3575852976890952,-0.1616501328227254,0.9777159690856934,0.1250225602753323,-0.343201127480121,-0.6069517654278297,0.9794968962669371,0.1761341581730658,-0.2623781924686402,-0.3128730550353761,0.9779935479164124,0.1681594783603465,-0.273591518683507,-0.4421672173157618,0.9794195890426636,0.1227008307851792,-0.2668983446215648,0.2145853665190542,0.995868980884552,0.0737837071162179,-0.2945873541990605,-0.7417338485791645,0.9996252655982972,0.1549660753679473,-0.0435311076041616,0.4264888661283947,0.1593876183032989,0.1041516411398736,-0.0108982311220124,-0.7598841206442277,0.9555359482765198,0.2454630760660684,0.2214650978001515,0.2504057861047093,0.2189189940690994,0.2370769040425355,0.2742095366268228,-0.7517159927148003,0.8498277068138123,0.264584964686111,0.268246747406981,0.2316999668610083,0.2190029323101043,0.2619791994406145,0.339380325981047,-0.8407733994066026,0.8220584392547607,0.2644805449538473,0.2615896373855171,0.1395682013154719,0.225910484790802,0.2719322710303695,0.3387121604110131,-0.8431661001116998,0.8144555687904358,0.2557565680546484,0.2482669671908455,0.2039489769294269,0.2237363159656524,0.2624557276407425,0.3117689521726982,-0.7478605103846108,0.7715402245521545,0.0264632094401492,0.0159604755988636,0.2937461365631051,0.99702388048172,-0.0264632094401492,-0.0159604755988636,-0.2938675068973788,0.9990823864936828,0.1422056923538997,0.4478862095980883,0.3508527147349427,0.3662667572498321,0.0983830042160519,0.4533752873350499,-0.3705285409809099,0.969290256500244,0.1673061639297815,0.7954055406641597,0.5821644524516942,0.6179218888282776,0.1584831492402034,0.8619149748904769,-0.3235781146825531,0.9705530405044556,0.144486327951346,0.8299502639783616,0.5933533587339918,0.6298922896385193,0.144558858420481,0.9090074693650276,-0.3305927214511576,0.9632376432418824,0.2604098855453226,0.9586373230947672,0.4207840580293527,0.7372097969055176,0.2536076139885442,0.9673071787839876,-0.5950350898265906,0.9570097923278807,P7,P7/rob_DTL_3_frame30.jpg,4
0.3527592983832921,-0.3698770809378048,-0.5013089645699818,0.9844496846199036,0.3786117249885889,-0.3945378652615384,-0.4716058316728601,0.981292963027954,0.378864309053766,-0.3986528897529423,-0.4716631379106379,0.9846535325050354,0.3787385627948706,-0.4026675191734963,-0.4716744900034549,0.9818572402000428,0.3802177186579707,-0.3918599720588642,-0.5798423606360217,0.9828081727027892,0.3784457006311411,-0.394869040738525,-0.579794168818919,0.984885573387146,0.3783163522658711,-0.3974091533723704,-0.5800447335214315,0.981986939907074,0.3496626876032545,-0.4386943954094034,-0.301579725063644,0.9796419143676758,0.3498175781773626,-0.4360680778207293,-0.7936541168799416,0.981436014175415,0.3221328801295154,-0.3696241148310426,-0.4223393043023444,0.9800641536712646,0.3216644971460777,-0.3694488941868657,-0.5643407504302674,0.9813940525054932,0.1479945597634149,-0.3646536446530387,0.0423221847652807,0.9962074756622314,0.1976338232776484,-0.3568316433718938,-0.9611535368881632,0.9996584057807922,0.1326555901182111,-0.133109510098781,0.1728259256549338,0.1481094360351562,0.1890253348160296,-0.0902192294963291,-1.00788497274281,0.9585416913032532,0.1515150183935313,0.0442790563419709,0.0950302041346892,0.2026036530733108,0.2591997155755768,0.1394916785114152,-0.859232100750751,0.8630238175392151,0.1530674716636178,0.0936095211006359,0.0825264947144003,0.2028371542692184,0.2771628742920515,0.1976561999990664,-0.9512765612089892,0.8367757201194763,0.1554229763457646,0.0822620127827132,0.0287614413226659,0.2091837376356125,0.2852232968110369,0.1943990225985122,-0.9341200560109496,0.8296809196472168,0.1575785641241206,0.063336327581048,0.0638649298693505,0.207195907831192,0.2691670713783318,0.1702875049195371,-0.8491063614222519,0.7884446978569031,0.0026719988467884,-0.0016748703094538,0.3106908983853132,0.9968485832214355,-0.0026719988467884,0.0016748703094538,-0.3107652327623164,0.9983789324760436,0.0035412526078243,0.3064104498875239,0.5235728745656298,0.3521757125854492,0.0766230244080037,0.3276290395287347,-0.0529710550008087,0.9373860955238342,-0.0494548465833275,0.5947310124070302,0.9682323308426988,0.5885361433029175,-0.0056868527275962,0.6253310152140598,0.3867392776718284,0.9502351880073548,-0.0745579804853367,0.6389315864919302,0.9994673959190454,0.6009405851364136,-0.048692127847189,0.6734182620771613,0.4182493581121395,0.9280532598495485,0.0561461412157461,0.6906757354084286,0.8503268205548121,0.7138620018959045,0.08771472859596,0.6989384216580852,0.2078216989411094,0.9343453049659728,P7,P7/rob_DTL_3_frame32.jpg,4
0.1687879796849169,-0.3884326214413733,-0.0362756187054186,0.9859641194343568,0.1763174269843244,-0.4190889134947939,-0.0362342723541657,0.9830913543701172,0.1750318056905073,-0.4242828962242443,-0.0363034122383375,0.9860984683036804,0.1739295560798172,-0.4295645257714006,-0.0363631266816796,0.9836083650588988,0.177877701900446,-0.4133053342577566,-0.0985176610890372,0.9844893217086792,0.1775147956068568,-0.4139783366079994,-0.0986052826628441,0.9863518476486206,0.1771554234591427,-0.4145931770146952,-0.0988091145261987,0.9837530255317688,0.1579253279471728,-0.4573044406485705,0.002142746924839,0.9814738035202026,0.1615827650256638,-0.4346303704689743,-0.2778321068853156,0.9832305908203124,0.1525083911007928,-0.3865767909544849,-0.0092305531954265,0.9819939136505128,0.1532975153869364,-0.3819273696166113,-0.0922651385602037,0.9832173585891724,0.0754124124907117,-0.4446848135328484,0.1837406353343322,0.9965236783027648,0.1035544121928878,-0.3350400582409521,-0.4161910653404891,0.9996889233589172,0.1263819652790661,-0.3143741907232655,0.3905788829875094,0.1668645292520523,0.1441250941579266,-0.1480015473050862,-0.4366785594670724,0.9621170163154602,0.1963361419044557,-0.2312623890043453,0.4208840828921237,0.22243332862854,0.2076608579714887,0.057838013833495,-0.3061456136380375,0.8730922341346741,0.1827086773607107,-0.2349683953447217,0.4428299423141261,0.2182134538888931,0.2247313884024922,0.099223265934979,-0.3424555545797821,0.8470452427864075,0.21864851749762,-0.2114800579554694,0.394283980547518,0.2254522144794464,0.2298034935870448,0.084474568368414,-0.3371037217492039,0.8401477932929993,0.2132897425947869,-0.21076191951362,0.3990053217539527,0.2235169112682342,0.2220620985107192,0.0736279717505031,-0.2981003577481383,0.7979769706726074,-1.9791216901362137e-05,-0.0238663900223069,0.2160835858847631,0.997097373008728,1.9791216901362137e-05,0.0238663900223069,-0.2163633135307886,0.9985196590423584,0.036110892797271,0.3305252373731271,0.2499388858088575,0.3716005384922027,0.0251583727786993,0.3813815965178773,-0.3643701872985868,0.9428658485412598,0.0168553514349993,0.6964640300745415,0.4180566904602318,0.6111338138580322,-0.0335756984975644,0.7474134887192053,-0.3989706366365771,0.9546332359313964,0.0009257442681208,0.74366325506759,0.4262344515765536,0.6173762083053589,-0.0717216534653969,0.8019471771349443,-0.4142346379156518,0.932609796524048,0.0949375586954662,0.7693023726609189,0.3322884732380842,0.7325561046600342,0.0380879949754785,0.8714777611332869,-0.5993212653285199,0.9401699304580688,P7,P7/tom_DTL_1_frame51.jpg,5
0.0866907931039219,-0.3843426516237373,0.4687868092695609,0.9811341166496276,0.0723224927900735,-0.3994716810826145,0.4806479155571209,0.9769060611724854,0.0676912760450366,-0.4001303282352385,0.4805588277083521,0.9807323813438416,0.0629430080541262,-0.4007378304385111,0.4805938599195949,0.9791361093521118,0.0794881912630345,-0.3963446664048866,0.418713538920312,0.979891836643219,0.0796076334313371,-0.3959081671318644,0.4187871377498666,0.9825575947761536,0.0799405953678672,-0.3954551393081372,0.418359292576506,0.981391429901123,0.0426765100141517,-0.3983481554472671,0.5332760684398025,0.971442937850952,0.0640240168514964,-0.3899139166959806,0.2559465567893093,0.9780996441841124,0.0778403259436853,-0.3715852093081627,0.49787378398626,0.9707460403442384,0.0858423275010624,-0.3690877349013141,0.4162157006774416,0.9758760929107666,-0.0113355711423436,-0.3224028954114631,0.6345257079798516,0.9956145882606506,0.1010867449554277,-0.3302144547997103,-0.0118962984891962,0.9997084140777588,0.0751757988262517,-0.2219753173744049,0.610639145476023,0.1558738201856613,0.17950213971987,-0.1397697907941998,-0.1896067496472835,0.959363043308258,0.1895175058687911,-0.152326915391481,0.4869949829810108,0.2341127395629882,0.2582094349269526,-0.0066625652313731,-0.1962032396582673,0.8824268579483032,0.2064823479405692,-0.1666770239042389,0.4807738028206669,0.2373941540718078,0.271672199359092,-0.0050435988874705,-0.2426841360637505,0.8594878911972046,0.2206857785599634,-0.1637457530062445,0.4517194174162071,0.2436574250459671,0.2696436576077811,-0.0060785564397945,-0.2149457065677442,0.8527069091796875,0.2176159381142341,-0.1570197763539274,0.4660529454016853,0.2412406057119369,0.2631859840332612,-0.0048984802913431,-0.1865026696330732,0.8125293850898743,-0.0649670798200263,0.0671175586152178,0.2148615045169827,0.9970163702964784,0.0649670798200263,-0.0671175586152178,-0.2149001750884435,0.9985959529876708,0.1018965399868263,0.4073437412036311,0.2402711755671108,0.3728082180023193,0.1312231786887486,0.3704792517550113,-0.4804768086737214,0.9477090835571288,0.1236206690833182,0.7829268846725842,0.2621879818254381,0.5947920680046082,0.1315393002151264,0.8723823117765119,-0.6424082153923516,0.9578733444213868,0.1091691022970501,0.845202513509563,0.2643458672825022,0.6210811138153076,0.1063574814736564,0.9682751415908872,-0.659230381767006,0.937911570072174,0.1980754488674929,0.8444673568392099,0.1817047120368985,0.6942708492279053,0.2139338136203742,0.9768481577962068,-0.8174294026441921,0.9399064779281616,P7,P7/tom_DTL_2_frame37.jpg,5
0.2024631715509663,-0.363970879894519,0.1109251344255423,0.9820119142532348,0.1994169238351731,-0.2481095819163064,0.1160041005815236,0.9775751233100892,0.1960951047951103,-0.227655892663713,0.115898257735151,0.98116272687912,0.1926358118251801,-0.2033156813688915,0.1158266762132784,0.9800683259963988,0.2023738602563926,-0.2836122243045781,0.0753124456761065,0.9800693988800048,0.2012790565337292,-0.2850896014522525,0.0753035515648558,0.982630729675293,0.2004015302013553,-0.2871519441994648,0.0751542902586321,0.9819434881210328,0.1584640324189643,-0.4209297425069345,0.1568464926506173,0.9727692008018494,0.176878680911324,-0.4131340978331012,0.1450511086717356,0.9792221188545228,0.1777086680729388,-0.3912434786945121,0.1329370271577339,0.9730886220932008,0.1825707562455982,-0.3892742659621476,0.0772981704770031,0.977832853794098,0.0732132844256391,-0.4041241001121052,0.3388109686029027,0.9960091710090636,0.1607614992287675,-0.3608960307432033,-0.2592548872183234,0.999736785888672,0.0812290120801674,-0.2059848889074179,0.4814841640566121,0.143756479024887,0.1645574630473527,-0.0990357047182776,-0.3059570568398509,0.9605658650398254,0.1277067344692582,-0.0659471170077692,0.54340081664774,0.2157181799411773,0.2113423975858412,0.1446727631155996,-0.2667214984840499,0.8929325342178345,0.1281606945834747,-0.0543666529439056,0.5893910287373489,0.219529777765274,0.2191774763914846,0.1943541580154566,-0.3197379220787954,0.8721045255661011,0.1459440852346063,-0.045120206298183,0.5352101682247381,0.2253539264202118,0.2239822058269657,0.1930475322171811,-0.2883162057679299,0.8657154440879822,0.1505987155833954,-0.0449332448708859,0.5228433595166779,0.2235946059226989,0.218901125736547,0.1799059908918805,-0.2542123839959797,0.8276421427726746,-0.0320163845772224,-0.0154054969163719,0.1976526555852739,0.9972271919250488,0.0320163845772224,0.0154054969163719,-0.1976033239539779,0.9987119436264038,0.0153185236138027,0.2983944904856043,0.3958241505628906,0.342843234539032,0.0574581018384535,0.3999554603679949,-0.2517333721070233,0.9450581669807434,0.0249704560061809,0.6852886805871214,0.6700351531510451,0.5622388124465942,0.0652298210607737,0.7768603458308775,-0.4374047928323207,0.9599043130874634,0.0065837075517421,0.747133400957576,0.6916327439583974,0.5976042151451111,0.0484244903982116,0.8504227703958627,-0.4084329804099549,0.9407390356063844,0.1010369479411044,0.7568931147813639,0.6073384295275996,0.6730063557624817,0.1470772320261442,0.8315674883437123,-0.4009030874939719,0.9425032138824464,P7,P7/tom_DTL_2_frame38.jpg,5
0.2358116588421137,-0.3786055545110668,-0.0190976756970597,0.9838010668754578,0.2432168280775624,-0.2882494983136192,0.0012704208070539,0.9798112511634828,0.2418285865011431,-0.2605949278003502,0.0011276388128919,0.9830390214920044,0.2401586595234082,-0.21023933686586,0.0010358696716485,0.9820564985275269,0.2432122749730152,-0.2880343641237674,-0.0762924932717207,0.9820569157600404,0.241996292518629,-0.2589078507954878,-0.0763369050123241,0.9843621850013732,0.240659956334047,-0.2568416519520012,-0.0764590799843387,0.983745813369751,0.2183432179366033,-0.4526187731321298,0.0948570466687798,0.9754819869995116,0.2198885416198985,-0.4506770258129314,-0.2118936315179831,0.9812971949577332,0.2169736440888272,-0.3882607921286302,0.0429895546840606,0.9757727980613708,0.2164130051489242,-0.3820665210474902,-0.0653123733732016,0.9800461530685424,0.0926818578851963,-0.411654567406697,0.3116754678350879,0.9963932633399964,0.1422277550610556,-0.3530790291780497,-0.3622907564701849,0.9997629523277284,0.0914519125768655,-0.2104435436047987,0.5294017970193623,0.1316487342119217,0.1607121453611818,-0.092506145992215,-0.2993948721931127,0.9621676802635192,0.1397979149344051,-0.0818318476919287,0.6218116827929435,0.1965513676404953,0.180732753135509,0.1114384858947029,-0.1414218460705795,0.8992618322372437,0.1445754875357063,-0.0875435655761489,0.6510510751714539,0.2008368372917175,0.1824812970517576,0.1490301311970024,-0.1860068797302123,0.8795409202575684,0.1550354863819745,-0.0802549558171068,0.5981630095453133,0.206309899687767,0.1839111236497073,0.1330393244871865,-0.1721570186635317,0.8734354376792908,0.1578093894422363,-0.0711171026462487,0.5999400862500573,0.2048850506544113,0.1817069657384427,0.1213812520644174,-0.1293842534125384,0.835894763469696,-0.0201362566298241,-0.012610999261945,0.2174273609569485,0.9973827600479126,0.0201362566298241,0.012610999261945,-0.2172409302970126,0.9988242387771606,-0.0043939735432056,0.3392583838655464,0.3440906696064889,0.3159952163696289,0.04400431363155,0.4364677730273308,-0.2195625393343241,0.9444335103034972,0.0050176729810863,0.7397837598851611,0.5491657614673829,0.537176251411438,0.0324905746229249,0.8348023469090192,-0.3960120731947363,0.9620431065559388,-0.0163408645644142,0.8049461226919866,0.5622865946109926,0.586294412612915,0.0063748775615093,0.9161056171055644,-0.3813965696559183,0.94441819190979,0.0827777931041324,0.8279207846964902,0.4773807563266085,0.6579160690307617,0.106251551252077,0.926504300810598,-0.3602365854112103,0.9451297521591188,P7,P7/tom_DTL_2_frame39.jpg,5
0.1732369071017599,-0.5322553857916085,0.0434124268914486,0.9853620529174804,0.1622174900677745,-0.5554421491761875,0.0224670171957509,0.9818159937858582,0.1572911802107017,-0.5576705022867311,0.0224051118012594,0.9847205281257628,0.1523474279328638,-0.5581318878590869,0.0222821343490857,0.9838385581970216,0.1583283333838927,-0.5690515141204253,-0.017318209031126,0.9838331341743468,0.1595192817478689,-0.5634776543924453,-0.0175090339885312,0.9859060049057008,0.1615815125721826,-0.557810377084021,-0.0176853528581741,0.9853556156158448,0.1178120218223567,-0.6083209441706274,-0.0077113817468556,0.9779218435287476,0.1481135318654933,-0.5576663932549162,-0.1836248120675848,0.9831517338752748,0.1620237785679305,-0.5117023440847792,0.0617409965311767,0.9781450629234314,0.1368688728018192,-0.5096627548643434,-0.0062202323141022,0.9819805026054382,0.0590351728755224,-0.4447881865620287,0.1224167475287955,0.9963801503181458,0.126293147346048,-0.3334491896438761,-0.2661765400597259,0.9996412992477416,0.0148645903058895,-0.3271895408917729,0.3524543842233801,0.1292071640491485,0.1327473461759167,-0.1387008720578117,-0.1446642197836113,0.9201485514640808,0.0737503705247141,-0.2931951852561549,0.532346497282769,0.1803991943597793,0.1579609523965261,-0.2238405144087459,0.0911363969246775,0.8236936330795288,0.0790261996594275,-0.2870267737819004,0.5606404937109633,0.1840120255947113,0.1684069498478563,-0.2366008192075634,0.1095403625812078,0.8066278100013733,0.0936564493651811,-0.2893165946540827,0.536136575985237,0.1892063021659851,0.1574436336768128,-0.2644564490273445,0.1036888916323475,0.8002157211303711,0.0961102960787899,-0.2866091619770418,0.5251818552378879,0.1878918409347534,0.1528177024311865,-0.2626775736826728,0.0984878217193271,0.767261266708374,-0.0284112296216065,-0.0220925869127326,0.157938772010505,0.9973170161247252,0.0284112296216065,0.0220925869127326,-0.1577546936745331,0.9988970160484314,-0.0378133652763744,0.3164492025900304,0.3064618234039155,0.3108005821704864,0.0204323284150433,0.4113639800551725,-0.1698099116748112,0.9449102878570556,-0.062309064938471,0.6303688348801494,0.5043896511078745,0.5217949151992798,-0.0460087034444516,0.7391203157640216,-0.2110258907250695,0.9607162475585938,-0.0716782444809278,0.6813620874183152,0.5182786817889001,0.5766105055809021,-0.0644375434185755,0.8067504511160657,-0.2187675372732198,0.9414327144622804,-0.033279426028726,0.6995102553621456,0.4301334923098662,0.6228818297386169,0.0033354017534834,0.8174065961944994,-0.3673617000743652,0.9348555207252502,P8,P8/eric_DTL_1_frame35.jpg,1
0.0964680794880249,-0.3367432625620508,0.4641055299614623,0.9853404760360718,0.0661742562235405,-0.3456308885852992,0.4440657230874044,0.981860101222992,0.0558101985246612,-0.3548629335937279,0.4439268687343984,0.9841063022613524,0.0530584691729974,-0.3576177281628974,0.4437781220885333,0.9835872650146484,0.0735006833743198,-0.3389169476233763,0.3857495141925778,0.9841862916946412,0.0764173214277877,-0.3355568004624544,0.3856490586552335,0.9858767986297609,0.098040424605969,-0.3579534530766073,0.385318572476897,0.9858813285827636,0.0455869736373597,-0.3620776196336194,0.3945481931769349,0.9786039590835572,0.094473347397802,-0.3522449034565378,0.1378542282651175,0.9843184947967528,0.0803789199945456,-0.3121009201408034,0.4642261880687302,0.9797016382217408,0.1008614836044879,-0.3131623213661693,0.3880792745561683,0.9835068583488464,-0.0055474306417269,-0.3510433939255501,0.5448211780318106,0.9967060089111328,0.1720633095807971,-0.1989179866695548,-0.1553342441345927,0.9996768832206726,0.0277911567679614,-0.1360061807653469,0.7983984855151096,0.1187918409705162,0.2110431790191127,-0.0232962382208339,-0.061245421306471,0.927302896976471,0.1392765727845806,-0.011995784439592,0.968279025844519,0.1652792394161224,0.2242216079692259,0.1422034375182718,0.2784992813379028,0.8328417539596558,0.1461986141495235,-0.0138478445877336,0.9992302546671245,0.1699903607368469,0.2388358962614407,0.1785942570576326,0.2796798080617837,0.8141217827796936,0.1596418221608975,-0.005670122938794,0.9654011767253045,0.1746981143951416,0.2360722961583459,0.170968999065666,0.2874721482734219,0.8077929615974426,0.1479097300236325,-0.0014069627007074,0.9521242149651916,0.1735221147537231,0.2274189084837566,0.1594397685960477,0.2917480709625775,0.7752528190612793,-0.0545867308900875,0.0225563504461972,0.1862742988461093,0.9975281357765198,0.0545867308900875,-0.0225563504461972,-0.1859802608904763,0.9990043044090272,0.1065302968594386,0.280098210251305,0.5449945021489483,0.2945632636547088,0.1618084293563463,0.4321307692824928,-0.4275523096255294,0.949289858341217,0.1802923596901495,0.6971295230416659,0.8775799643582659,0.5166488289833069,0.1751001041604864,0.8654950099548732,-0.5111247961423717,0.9643004536628724,0.173887058265432,0.7505077779973437,0.9027354799211866,0.5719689130783081,0.1684864794078394,0.9036905180991064,-0.5236214092567734,0.94657701253891,0.2792133934198784,0.846358578410958,0.824305759604098,0.6148677468299866,0.2892976246261055,0.9572391991480984,-0.7222907510553925,0.9403219819068908,P8,P8/grant_DTL_1_frame344.jpg,2
0.3338078206304056,-0.3253644355527116,0.6656273506920662,0.986723005771637,0.3465300458540407,-0.3539014441765742,0.6528180458999637,0.9836015701293944,0.3441390582091759,-0.3599672001086048,0.652815473929587,0.9856090545654296,0.3416832989021721,-0.366420221294495,0.6528326903843534,0.9851646423339844,0.3509243359763797,-0.3463186456358353,0.5731808148971427,0.9857103228569032,0.3518415321062174,-0.3465378929881491,0.5729390496817351,0.9872263073921204,0.3527212509534235,-0.347242245447019,0.5725607075904069,0.9872563481330872,0.318292750512848,-0.3947342033442657,0.5665319565382856,0.980533480644226,0.3358213060110039,-0.367581912077691,0.2116464450020801,0.9858176708221436,0.3118199933910062,-0.3304025580962815,0.6476786192170676,0.9816026091575624,0.3163828787959959,-0.321091395462416,0.5430900212306193,0.9850715398788452,0.1070200810424478,-0.4225103811393542,0.6808588217087018,0.9970181584358216,0.2821990829655442,-0.2764234085495688,-0.1295059650963715,0.9997090101242064,0.0456294576755976,-0.2610095375929547,0.9785151579475198,0.1148271933197975,0.240348295931411,-0.101606372090096,0.1044511353554233,0.9258851408958436,0.1193648040018163,-0.1416510060495059,1.321488247504404,0.1505130380392074,0.2134691059274863,-0.0227295520025181,0.7430029274175355,0.7893626093864441,0.1189644164501165,-0.1082086725362162,1.3991990202059028,0.1547675281763076,0.213432678428682,0.0051544910808166,0.8195215131156577,0.7702426910400391,0.1381863782399528,-0.1179961220924891,1.3991305743003684,0.1589816063642501,0.2163561164307101,-0.0150340066787363,0.8096795797787523,0.7624956369400024,0.144087947981407,-0.1265054073499366,1.325260645687501,0.1581091582775116,0.2054940031705172,-0.0315282626611287,0.764240999047538,0.7294949889183044,-0.0579568067126257,-0.0222471238447215,0.3330171234517474,0.997755527496338,0.0579568067126257,0.0222471238447215,-0.3335594680214823,0.9991025924682616,0.0199863881282185,0.2818694770883944,0.6594499502500113,0.2949388027191162,0.0999305759221172,0.3518982466774826,-0.4033493068114964,0.9536784291267396,0.0558507303984671,0.5690708062352136,0.9814644206316976,0.5363273024559021,0.0314491876943437,0.6872654424494291,-0.544936381025925,0.967194437980652,0.044211304703413,0.6262335302163382,1.0049035740122216,0.5830706357955933,-0.0128960956700175,0.7390314377316073,-0.5666985047424732,0.9496949911117554,0.1716314411911933,0.6215737497640966,1.0049858770642752,0.6295214295387268,0.1805721351124347,0.7473774291147314,-0.7008032972176187,0.94502991437912,P8,P8/grant_DTL_1_frame348.jpg,2
0.3268878277966698,-0.3386085400726637,0.6752964479876724,0.98781555891037,0.3388360503259522,-0.3654058771954162,0.6413842542051804,0.9849647879600524,0.3368239050838789,-0.3699322431546318,0.6413915253923647,0.986755073070526,0.3347073663686609,-0.375020983505494,0.6414178055403303,0.9864307045936584,0.3425552625706703,-0.3598753602860625,0.5807067165235464,0.986915111541748,0.3431845318844115,-0.3601631954244542,0.5805227035507349,0.9882649779319764,0.3439078072610341,-0.3606270452297548,0.5801261122268881,0.9883793592453004,0.3120447379011523,-0.3988173458661733,0.4435880189672413,0.9818657040596008,0.3281477167874864,-0.3756000816276643,0.2230882288653569,0.9867759943008424,0.30649058963345,-0.3391419855267274,0.6350316257105504,0.9828948378562928,0.3103691447516048,-0.3331257013764179,0.5577879345189488,0.9860970973968506,0.1046957727517655,-0.427908353017656,0.4566437991158312,0.9971956610679626,0.2795601897852267,-0.2737663260571767,-0.0168957070848286,0.9997335076332092,0.0526546395852162,-0.3189791392760954,0.8381432545912934,0.1224858611822128,0.2281759564437185,-0.0888473113854041,0.3054004309263332,0.8897168040275574,0.1439318778534772,-0.3058841985908134,1.3075991971479926,0.1383634805679321,0.2073427586717545,-0.1266607567774758,0.9537236050299212,0.7186633944511414,0.1583371384064033,-0.3039715128020097,1.3925764191546064,0.1422267258167266,0.2084685461960739,-0.1358727276952411,1.0570492523994526,0.7034808397293091,0.1750182805479839,-0.3080741243595404,1.4018402232495848,0.1459369510412216,0.2000733373472995,-0.165053508039923,1.0390360287657263,0.6958344578742981,0.1748836597109736,-0.3056355239891138,1.3172196010373047,0.1454516947269439,0.1924373443146581,-0.1643940113623161,0.9720391023023046,0.6656165719032288,-0.0587226530386361,-0.0220173625419621,0.2469922047963623,0.9979232549667358,0.0587226530386361,0.0220173625419621,-0.2475659793707727,0.9991867542266846,0.0185777534130021,0.2667225712206884,0.5163662144237693,0.2973569631576538,0.09777568003446,0.3468551050805726,-0.2572697941644978,0.9574368000030518,0.0533500767023336,0.5755149330628739,0.7615322086217685,0.5428394079208374,0.0302218845068309,0.6800062556121351,-0.4164393796293894,0.9689216017723083,0.0424717574301549,0.6210708943798354,0.7835615686225846,0.5871924161911011,-0.0113213682884273,0.7324833483874286,-0.4342590338728617,0.9505429863929749,0.1658475476489632,0.6123371598305852,0.8085254758968411,0.6264208555221558,0.177470436488804,0.7287615392901446,-0.5020445725234615,0.9462432861328124,P8,P8/grant_DTL_1_frame350.jpg,2
0.3206013076140612,-0.3387714691511875,0.587536721886724,0.9883803725242616,0.3322989043531154,-0.3635095122597447,0.5400007833469163,0.9856213927268982,0.3303435080320236,-0.3677540411057055,0.539973600981908,0.987269639968872,0.3282742823700347,-0.3726910317754568,0.5400480592425307,0.9871590733528136,0.3357928327334293,-0.35782329809218,0.4940831390030524,0.9875531196594238,0.3363452518286791,-0.3581644291232108,0.4939289696045166,0.9887803196907043,0.3370072163648997,-0.3586939497533786,0.4935362277791364,0.9890692234039308,0.305941292078398,-0.3968957293431978,0.3613094236547711,0.9820383787155152,0.3218551643234232,-0.373054704279909,0.1581489375720573,0.9865960478782654,0.300668321257289,-0.3384229432929031,0.5410511038109735,0.983074963092804,0.3043626749555804,-0.3331070314749145,0.4799838553684483,0.9859583377838136,0.1024914387554288,-0.4328739098772577,0.3931876824647851,0.9972490668296814,0.2770583207971651,-0.2713575719691363,-0.0436116312133331,0.9997493624687196,0.0790513153269035,-0.3421604419833087,0.791325411294335,0.1247766762971878,0.2194815838147745,-0.100685009954391,0.2650445569439121,0.8490570783615112,0.1669848381615779,-0.3536807158647019,1.2319328315134288,0.1280824542045593,0.2067717627217213,-0.2237333544915629,0.9217043245862336,0.6562231183052063,0.1818849560883447,-0.3591565089477948,1.321421869010604,0.1321403980255127,0.214443717501522,-0.2473436609445387,1.022790695164666,0.6451055407524109,0.1955093898156491,-0.3617234319833566,1.3250011693965908,0.1354542374610901,0.1964592936254831,-0.2757197040678339,1.0108760474960157,0.6374375820159912,0.1947403277812726,-0.356078628848412,1.245223529036956,0.1352332383394241,0.1893216023650543,-0.2688293060305279,0.9432153160801195,0.6094527244567871,-0.0580012000667483,-0.0214841151217297,0.2354514527516927,0.9980508685112,0.0580012000667483,0.0214841151217297,-0.2360272803001108,0.9992592334747314,0.0177522772990838,0.2598367371008479,0.4597881741483424,0.3038398921489715,0.0949319873475004,0.3401041700187158,-0.2292347234771915,0.960834503173828,0.0519847176143943,0.5694589701908636,0.6553583545438972,0.5467751622200012,0.0293128402393072,0.667714906889462,-0.3702831485246565,0.9705021977424622,0.0415831535994521,0.6109586387405628,0.6725987568006047,0.5934751629829407,-0.0106191249326245,0.720147700036617,-0.3852584131959627,0.9521897435188292,0.1621647367612423,0.599938714170792,0.682258492144987,0.6132855415344238,0.1722742305990708,0.7075032594162475,-0.4502862291179096,0.9463627338409424,P8,P8/grant_DTL_1_frame352.jpg,2
0.3179302552250121,-0.3424136695135777,0.6336790866727485,0.9889424443244934,0.3294355963224102,-0.3645041189643906,0.5518407379343248,0.9863266348838806,0.3274379759141706,-0.3685022982029768,0.5518862328145328,0.9878308773040771,0.3253019456922025,-0.3732290034742916,0.5518940348318512,0.9878969192504884,0.3331206816192537,-0.3589803920277847,0.5358419921484153,0.988197147846222,0.3337475787770411,-0.3589475120976567,0.5357372222015667,0.9892897009849548,0.3344815763543826,-0.3591897799341315,0.5353478306099428,0.9897343516349792,0.3032659077128187,-0.3950816940466904,0.3854255830411299,0.9823574423789978,0.3211071961471499,-0.3700081382078997,0.1885123931123238,0.9865756034851074,0.2980472700508367,-0.3417729415069074,0.5527154251356501,0.9833766222000122,0.3015203836563772,-0.3354966238737659,0.5241227035241596,0.9860230684280396,0.1009128878648059,-0.4377042413138438,0.3961624760951048,0.9973281621932985,0.2776270602555867,-0.2670705508552649,0.0072267230325746,0.999764084815979,0.0732707458049208,-0.3590937745911537,0.8042238392001415,0.1270627677440643,0.2158818951968871,-0.1163354242742732,0.3442042578194011,0.8009734749794006,0.1587869351098207,-0.3592559450939885,1.247623629150174,0.1185972690582275,0.2041697499780983,-0.2463752439558621,1.0213746514539643,0.5973565578460693,0.172889436050181,-0.3611314183349883,1.3432324877933202,0.1229075267910957,0.2115427576689918,-0.2691954353382064,1.1275656800284184,0.5898540616035461,0.1858899273755266,-0.3617195587184338,1.3453523060312498,0.1258721500635147,0.1943812579903736,-0.2962660036358354,1.111111630803279,0.5823425054550171,0.1854421726413643,-0.3569608854410931,1.266690644902713,0.1259432882070541,0.186807626997004,-0.2900641598043706,1.0415723517682864,0.5568551421165466,-0.0588008407762888,-0.0228360487292319,0.222619469107148,0.9981641173362732,0.0588008407762888,0.0228360487292319,-0.2231089950314345,0.999326229095459,0.0146921865285344,0.2535747834175441,0.4609527583807294,0.3035400509834289,0.0894297875830105,0.3399778695742484,-0.233252732119402,0.9635918736457824,0.0504776588333908,0.5633477002301268,0.6784939754751785,0.5450570583343506,0.0272579940318486,0.664173474011951,-0.390726876490483,0.9713773727416992,0.0445605886340516,0.6020191590060806,0.6982306474934068,0.5947363972663879,-0.0118419170847717,0.7170963813316186,-0.4081026276706596,0.952900528907776,0.1592035830996093,0.59333662830448,0.7050629855166175,0.5979443788528442,0.1662486020884247,0.7021812546913302,-0.4864956511574337,0.9450591802597046,P8,P8/grant_DTL_1_frame354.jpg,2
0.3193322565317169,-0.3464641352746293,0.62534018645873,0.9895995259284972,0.3300228933281325,-0.3673320405610333,0.5640336527496798,0.9872307777404784,0.3276677380038094,-0.3714241827138519,0.5640191536943501,0.9885945320129396,0.3251358468260992,-0.3762752105100136,0.5640421486873641,0.988755702972412,0.3346827370894559,-0.3612639060992323,0.5330768468999808,0.9889944195747375,0.3356092521619614,-0.360884946579405,0.5329614649438836,0.9899749159812928,0.3366288664318471,-0.3608567115769209,0.5325937485511716,0.9904864430427552,0.3026726893362821,-0.3962262667607985,0.3760254197673163,0.9830512404441832,0.3241175552770507,-0.3696904518135709,0.1914271483845101,0.987084686756134,0.298620890168995,-0.3457201556776426,0.5619673593066264,0.9837844967842102,0.3022988680781682,-0.3387258113866061,0.5202507790598345,0.9863558411598206,0.0992186890220306,-0.4381459100930234,0.4240444595595882,0.9973616003990172,0.2796070833790474,-0.2664752889669584,0.0063839587036919,0.999776005744934,0.0967270899559735,-0.3799235289481089,0.8342608393710536,0.1216325759887695,0.2165237794686322,-0.1696435260062802,0.3854156184853557,0.7474696636199951,0.1836871329400318,-0.3711569422308807,1.34714029870128,0.1122096627950668,0.2115410900753013,-0.2974168835270307,1.0983922670146824,0.5468528270721436,0.2009127229059858,-0.3695449016476123,1.437698549353259,0.1185883283615112,0.2211277637115275,-0.3192404546182347,1.204066876636235,0.5457256436347961,0.2065302165533647,-0.3704221708058753,1.419788298732474,0.1213690415024757,0.2040082966558111,-0.3416631165008854,1.1723394841511725,0.5383048057556152,0.2040595775251877,-0.3666328808508728,1.3550935138514524,0.121413730084896,0.1948069417742059,-0.3353185842580102,1.1141646955194542,0.5148780941963196,-0.0613107816778925,-0.02432198725696,0.2328533278152121,0.9982837438583374,0.0613107816778925,0.02432198725696,-0.233464246783375,0.9993880987167358,0.0116617936971731,0.2558150238759175,0.5045249001537527,0.3034732639789581,0.0856411122509019,0.3385570118582416,-0.2643623441774583,0.966040849685669,0.0500350444065764,0.5336527392028999,0.7385525242659728,0.5426860451698303,0.0254927223824836,0.6656554966002566,-0.4196706796162254,0.9720987677574158,0.0422178151332327,0.5891365031654301,0.7595061011635179,0.5971282720565796,-0.0138641238909336,0.7207087658041911,-0.4450130951251247,0.9534578919410706,0.1516164435238652,0.5852749723031709,0.7610575509576718,0.5832235813140869,0.1646083093335533,0.7019131062046073,-0.5214341563441279,0.9431437849998474,P8,P8/grant_DTL_1_frame356.jpg,2
0.3193633844065662,-0.3539155058107154,0.628087520781327,0.9897156953811646,0.3294000492436608,-0.3732859916622122,0.5693142513337451,0.9875311851501464,0.3269401723212494,-0.37735931541641,0.5692755640858357,0.9887808561325072,0.3243685662191047,-0.3821754954960786,0.5692888166345267,0.989139974117279,0.3348966967272704,-0.3666768946586766,0.5359782806430289,0.9892478585243224,0.3362568159936944,-0.3659177275040476,0.5358370390567877,0.9901332855224608,0.3377145963497028,-0.3655126582561736,0.5354667832348979,0.9908528327941896,0.3017751114973013,-0.4006646104026132,0.3429715511016996,0.9830114841461182,0.3254899357237266,-0.3721092163097939,0.2052478921389929,0.9866920709609984,0.2983384197936821,-0.3521026081211297,0.5638861093325997,0.9832021594047546,0.3026523282779623,-0.3442031716171622,0.5220249269829957,0.9856889247894288,0.0980155442904825,-0.4390782951242806,0.3548354110895637,0.997271716594696,0.2820360518781717,-0.2648824880516418,0.039251593041199,0.9997752904891968,0.0900204345792342,-0.3755281699867036,0.7845596495770178,0.1193995401263237,0.2107600731388086,-0.1569689209719089,0.4165643556946232,0.6928612589836121,0.1709052756896787,-0.3733957839309829,1.3127723954291992,0.1050038933753967,0.2038614079463749,-0.2795672804567351,1.108249277532415,0.4969647228717804,0.1845390900122357,-0.3747352598042537,1.4207449873219482,0.1120668873190879,0.2146945509597977,-0.3014637530600749,1.21875983444217,0.4989189505577087,0.1934808904420904,-0.3754936114174249,1.4015897534439976,0.114563338458538,0.1964098056454805,-0.3260931560602014,1.192988010773539,0.4918617308139801,0.1925653432129078,-0.3702104319104223,1.3312187198948644,0.1147314384579658,0.1867917174616566,-0.3199010555983618,1.1251923552057934,0.4707392454147339,-0.0628019932783003,-0.025249138051124,0.2024281702911154,0.9983461499214172,0.0628019932783003,0.025249138051124,-0.2029706327889762,0.9994385242462158,0.0064915061195736,0.2416846661381884,0.4774736811344862,0.3057116270065307,0.0845441756320723,0.3366354056298571,-0.203922484355871,0.968011200428009,0.0416646878295895,0.5251408815226226,0.6884988052471146,0.5350989699363708,0.0261606840300288,0.6594586227289108,-0.3642336598791406,0.9714539647102356,0.0288644588196955,0.5830992721397322,0.7090578408308283,0.5946922898292542,-0.0125902780558241,0.7189995715450884,-0.3808604094095333,0.9519969820976256,0.1500158948441716,0.5689664483876185,0.723352345676972,0.5615912675857544,0.1635886455000678,0.6891140548200936,-0.4397076892444202,0.9367499351501464,P8,P8/grant_DTL_1_frame358.jpg,2
0.3227882819797273,-0.3559332095853197,0.5917857974159133,0.9903476238250732,0.3321257443836633,-0.375763936157546,0.5351120226034616,0.988386869430542,0.3291606392023884,-0.3798975284827804,0.535128800041004,0.9895049333572388,0.3259087830611663,-0.3848624735286755,0.5351580582552548,0.9899136424064636,0.3380419394477783,-0.3697009896656593,0.4978819679838281,0.9899996519088744,0.3392519609798,-0.3691574109194302,0.4977230426836933,0.9907935857772828,0.3403383000606708,-0.3689419129183139,0.4974369566831607,0.991530418395996,0.3010648763101105,-0.4051626614477438,0.3262908533956876,0.983902394771576,0.3254789123748663,-0.3760719658187667,0.1597624456750973,0.9872233271598816,0.3002537281255145,-0.3521617132368009,0.5322224670418517,0.9839996695518494,0.3045190847163258,-0.3444658310250856,0.4827317884308634,0.9863756895065308,0.0926559563641444,-0.4405911875605373,0.3579103896791129,0.9972332119941713,0.2774639321574707,-0.2686416854231867,0.0221200811343615,0.9997819662094116,0.081430367277273,-0.3886519749321178,0.8051323990717679,0.1228691488504409,0.2089146983070004,-0.1738443039897959,0.3457846757228741,0.6573237180709839,0.1666695197810174,-0.3758046521340209,1.462087799687841,0.098236046731472,0.2012978439641968,-0.3037093431766458,1.0738079718497469,0.4537740051746368,0.1815102886032077,-0.3731994434483203,1.567788725248448,0.1054558977484703,0.211052593976276,-0.32618942150957,1.1841637156153353,0.4583366513252258,0.1900196207821085,-0.3733645579860852,1.5571994000200824,0.1077110767364502,0.1924776176835193,-0.3508721011779012,1.15884236800446,0.4516443014144897,0.1889620284082464,-0.370375770019499,1.4747481154382092,0.108215294778347,0.1831066004044985,-0.3454461858053836,1.0918115945530258,0.4324909150600433,-0.0669596227940515,-0.0257502720087772,0.2200195716847253,0.998419225215912,0.0669596227940515,0.0257502720087772,-0.2204631507651147,0.9994885921478271,-0.0029588647929206,0.2343001121999546,0.6437294090066151,0.319482147693634,0.0793653102392791,0.3319820364239823,-0.2129983675254013,0.9705967903137208,0.0167650079164212,0.4716792678193723,1.0169014612421186,0.5357586741447449,0.0211478577207535,0.663407527393147,-0.395981566807732,0.973002552986145,0.0017977945039723,0.5233090697170173,1.05445990351121,0.5941951870918274,-0.0185327769452795,0.7234312654358647,-0.4150921934844644,0.9542681574821472,0.1132375755678418,0.5135398952007096,1.07898503894896,0.5459292531013489,0.1566754866810621,0.6951189303772618,-0.501970394219581,0.9370188117027284,P8,P8/grant_DTL_1_frame362.jpg,2
0.3044081475580774,-0.3671939271284307,0.2389835764979529,0.9899867177009584,0.3029689491910005,-0.396871158490035,0.1917674207882496,0.9876977801322936,0.2982021758659679,-0.4019621497016082,0.1915763894680688,0.988681137561798,0.2899423889755503,-0.4099001343441887,0.1912792006199952,0.9888700246810912,0.3057541153287023,-0.39312802838753,0.1106972801452604,0.9891842603683472,0.3038505920302767,-0.3938029056112859,0.1104956885666929,0.9897140860557556,0.3016210227943996,-0.3952101783749559,0.1098291844689839,0.9901017546653748,0.2444920814800514,-0.4425283621761194,0.080849770737878,0.9825881123542786,0.2716601823914878,-0.4027341094862353,-0.2790455080712074,0.9847058057785034,0.2773193057111315,-0.3582629191160789,0.2198909884163699,0.9843010306358336,0.2777276139395701,-0.3539549865696626,0.1134655857776865,0.986622989177704,0.1037077438096168,-0.4219894267426476,0.2337301335835635,0.996813178062439,0.1911687504368387,-0.3216824452149518,-0.4831375012032686,0.999756634235382,0.0595108263636163,-0.3001316836023402,0.6658068268615408,0.1232400983572006,0.2044750024416446,-0.1480112105087053,-0.282687213991928,0.6686251163482666,0.1836380947097088,-0.1673769289826248,0.9823796739181484,0.0941776484251022,0.2725431309814147,-0.1445052700118795,0.3946839608627694,0.4455120265483856,0.2137493575875682,-0.1453446065300767,1.051421239567931,0.1021195575594902,0.2655103579773537,-0.0975641869986054,0.4784183877769825,0.4505105316638946,0.204028827444339,-0.1635026362272684,0.9928160165680292,0.1045744493603706,0.2689327304325419,-0.0984779513038862,0.4834307075118579,0.44333216547966,0.1914417828978764,-0.1724628277666608,0.9623386212077454,0.1049676612019538,0.2683119765732529,-0.1075210580095908,0.4195377819648719,0.4237172305583954,-0.0004048479892144,-0.0245048265969668,0.356716910345784,0.9977708458900452,0.0004048479892144,0.0245048265969668,-0.3578274839178744,0.9993891716003418,0.1101245942317961,0.1967138817246861,0.8085164285787332,0.3412588536739349,0.09246849508469,0.2988054326665391,-0.3509426524625249,0.9725271463394164,0.1773573035053207,0.5213987046980649,1.2372125823879905,0.5647532343864441,0.0305956310816945,0.6086661990788698,-0.4101957236477153,0.974547803401947,0.1526073222237061,0.5479837879440144,1.2778199912955277,0.6194379925727844,-0.033502362604966,0.6381602336241967,-0.4152583474264046,0.9560076594352722,0.3768427062734101,0.6374747145326386,1.3540327395183334,0.5778255462646484,0.1978201136758633,0.7153520336848127,-0.5408346399132197,0.940237820148468,P8,P8/random_1_frame41.jpg,3
0.3556756608300773,-0.3341446587112789,-0.0801842398075352,0.9817565083503724,0.3672202931539338,-0.3665673290382994,-0.1235794580238334,0.9768073558807372,0.3658994194140988,-0.3691295818732681,-0.123805146476735,0.9775416254997252,0.3642597940519119,-0.3720562603201295,-0.1240242076917325,0.9781601428985596,0.3667595592002028,-0.3651849983365154,-0.1988212922318604,0.9764641523361206,0.3623706044647873,-0.3673978354884532,-0.1989188406643879,0.9762740135192872,0.3581416697435032,-0.3696845627193801,-0.1994666708576944,0.9747960567474364,0.3297944205734854,-0.3951927450444764,-0.1353706187662001,0.9704105854034424,0.3278165886596922,-0.3873580775410012,-0.4845061057216119,0.96232008934021,0.3013520870472446,-0.3568518465861204,-0.0520555727265668,0.9781304001808168,0.2923222942208363,-0.3608885511455011,-0.1559425315249387,0.9781033396720886,0.1479508717612227,-0.387257646300248,0.1614393865031207,0.9964361190795898,0.1962286008072471,-0.3349199569681515,-0.618936478064199,0.9996179938316344,0.1282493416155796,-0.3220778354717424,0.9150577659538583,0.1179682463407516,0.2921383098567625,-0.1701030787899522,-0.3600151729886627,0.6681706309318542,0.2301676604710788,-0.3058600904888255,1.53059259473215,0.0954047217965126,0.328275518845148,-0.2264323784745486,0.3629694877423125,0.4423169195652008,0.2429129582632852,-0.315074511882263,1.6500403202081382,0.1076956912875175,0.334303454739795,-0.240671067558057,0.4351229888243473,0.452414870262146,0.2523283709788201,-0.3235336053104466,1.5861968439903982,0.1101954132318496,0.3113091456077138,-0.2600894705047841,0.4118860084389517,0.4454357922077179,0.2474879588122319,-0.3165651331008566,1.5214045856598857,0.1096574813127517,0.3059014483185648,-0.2515532015625387,0.3784881758881332,0.4246796369552612,0.0074445381936605,-0.018640914399806,0.3725608000748304,0.9974364638328552,-0.0074445381936605,0.018640914399806,-0.3736806824925681,0.9991912841796876,0.0566691167435912,0.1922931649524616,0.7470833914098636,0.3542861342430115,0.0275159696763174,0.2706489876691811,-0.2162983412571461,0.9730384945869446,0.0581656002090793,0.4699591977340731,1.156279884719999,0.5890185832977295,-0.0980893053289524,0.5474222839951433,-0.0782926747220124,0.9753524661064148,0.0225863998206963,0.5197709028575922,1.190928469518953,0.6419761776924133,-0.1681318821666001,0.5979904122289406,-0.063053204268422,0.9568547010421752,0.2327545218589453,0.5350007626083412,1.179906672313732,0.6060997247695923,0.0543100455207684,0.6382229482456518,-0.2272768963389833,0.9423868060112,P8,P8/random_1_frame42.jpg,3
0.1758436361904026,-0.0332511887065646,-0.2860515980962284,0.9613463878631592,0.1417701816454201,-0.1381696497491837,-0.3122254768808452,0.9599652290344238,0.1424021951257836,-0.1388402286476632,-0.3123072755774831,0.9626243114471436,0.1434730986238415,-0.138982302017956,-0.3123837025300031,0.9589115977287292,0.1366984031282917,-0.137158872738736,-0.3267010676974178,0.9615896344184875,0.1708633996023468,-0.0535353390541852,-0.326831545509718,0.959299623966217,0.1671045123941636,-0.0516368535433582,-0.3273975421071971,0.952239751815796,0.1811323220303638,-0.0688631107669362,-0.3151785283783094,0.962352216243744,0.1561634180676874,-0.0464444145393867,-0.3828577252648987,0.9504833221435548,0.1754928798227542,-0.0294875595449531,-0.2729678076573684,0.972512185573578,0.1683593518201234,-0.0237832859428162,-0.2923977580739526,0.9727555513381958,0.181091941333201,-0.0157079615335147,-0.2641244720252407,0.9947053790092468,0.0737407840888497,-0.0578657798365214,-0.2939405785544027,0.9985273480415344,0.1275803305694128,0.1503812541758398,-0.1347694190771534,0.1554208993911743,-0.0278966526930192,-0.0191020887928316,-0.2926562686288164,0.6831769347190857,0.0833860655480249,0.2099897574670224,-0.17235035394397,0.171397790312767,-0.0796178055725186,0.2704918226073475,-0.3325196297864786,0.4867133498191833,0.0680014274406457,0.2150569792632783,-0.2062941827464091,0.1817974597215652,-0.0907232382224938,0.2822586836675461,-0.3626159931725545,0.4949917495250702,0.0823360933287715,0.1801604253333768,-0.2211360338955499,0.183809146285057,-0.1198785461321222,0.2631097125148434,-0.3816009594203587,0.4885199964046478,0.0812467777146677,0.1828302932995456,-0.1804518331901494,0.1832844465970993,-0.1081539180946442,0.2553829957755431,-0.3457007784566631,0.4690274596214294,0.0320702755936216,-0.1461355017180119,0.0265220581043328,0.9947185516357422,-0.0320702755936216,0.1461355017180119,-0.0261232130497937,0.9981249570846558,-0.033105762627012,0.4966837420667387,0.3632105526301368,0.3230526745319366,-0.1385484318025235,0.5704483841087745,0.2732546587932685,0.899626612663269,-0.123542668364762,0.7654672944748024,0.7414242013492318,0.5364324450492859,-0.198835293759529,0.8357408214913083,0.634308585822826,0.9151166677474976,-0.1360998426475043,0.7943017795977984,0.7786040799478745,0.5920401811599731,-0.1964565002315323,0.8528207449958104,0.6757821550647357,0.9024651050567628,-0.1835138384769306,0.8915805832023397,0.7154535597248304,0.563656747341156,-0.2765644496699331,0.9609953720901924,0.5709743149044358,0.8769110441207886,P8,P8/rob_DTL_1_frame932.jpg,4
0.3679575266428734,-0.1650364901567283,0.0064763727575948,0.9645313620567322,0.3675170301629945,-0.23762141774397,-0.5138193924578993,0.9635066986083984,0.3652122611358546,-0.2429826826664119,-0.5195415182153652,0.9658769369125366,0.363456326684866,-0.2482771292905321,-0.5279720963796425,0.962588667869568,0.3698031404955088,-0.2302751030482442,-0.6560005786134904,0.9649544954299928,0.3710164599352211,-0.1966358299870367,-0.6515240888186359,0.9628997445106506,0.3696815227877459,-0.1987893123009955,-0.6174508330110337,0.956673800945282,0.348823287448773,-0.2355346696801588,0.1280516585178255,0.9654309153556824,0.3504272628011885,-0.224563525336614,-0.1167753457605466,0.9549261927604676,0.3473324409385473,-0.1846298004771593,-0.2604229939498845,0.9742574095726012,0.3490422329420156,-0.1708364024992213,-0.2699678197687841,0.9744216799736024,0.2532263060159035,-0.214211395794502,0.3264058954461644,0.9949185252189636,0.2923156829194598,-0.1775875720749275,-0.3031028247980981,0.9986511468887328,0.2073211264908432,-0.0970695054411654,0.4238594380063313,0.146035686135292,0.2538748217264065,0.1384344866554872,-0.2392474977661447,0.6823328137397766,0.2487001437502213,0.0213592465041243,0.5505886615425626,0.1582781076431274,0.1718384248295241,0.1494259706571374,0.1832081886502575,0.453537106513977,0.2576284972249513,0.0460147783439426,0.5698793564125445,0.1682835221290588,0.1223155597514339,0.137812025878921,0.2034910091780549,0.4607808589935303,0.2574240920658089,0.0323418213993316,0.5472356436894257,0.1702490448951721,0.097968820902853,0.103689307720926,0.1852496557603319,0.4549144506454468,0.2568592042884255,0.0392184748988041,0.5408430236239588,0.1699708700180053,0.0437022768847957,0.1105968909484266,0.1857234983532411,0.4367283284664154,-0.0168047600038075,-0.0441406721603249,0.1846180757568878,0.9950376749038696,0.0168047600038075,0.0441406721603249,-0.1842929774198964,0.9981967210769652,0.0990819549191698,0.3477952942327075,0.2837115662879377,0.3193654119968414,-0.1519032065373038,0.489803929487098,-0.1353930248773076,0.9067318439483644,-0.1119791472178578,0.8248391139928944,0.3809715038793199,0.5362535715103149,0.052540026427965,0.8912146465339662,-0.0906285576756544,0.919372856616974,-0.1698753956778255,0.9096156494581824,0.3887759651714624,0.5956265926361084,0.0189811034210915,0.9761823075469064,-0.0836446954772474,0.9044241309165956,0.1392690009750289,0.8959909361654412,0.3736577158269279,0.5700371265411377,0.1615861445181115,0.9868586108960958,-0.1086088994890531,0.8808342218399048,P8,P8/rob_DTL_1_frame933.jpg,4
0.297515849030312,-0.3381646694087335,0.3415821632726921,0.967553734779358,0.2994549040030216,-0.3615549952756162,0.3132683622848013,0.966899275779724,0.2966550426000833,-0.3668393274407402,0.3127088697890576,0.9689918160438538,0.2939093154116026,-0.3707844262134148,0.3118151120978548,0.9661097526550292,0.3058518843786768,-0.3495170124924245,0.2528848370792593,0.9681608080863952,0.3077778131622621,-0.3570667438495215,0.252853130543116,0.9662732481956482,0.3092808070797178,-0.3552356857294002,0.2547480769940958,0.9607942700386048,0.2753786668603116,-0.3976711162358048,0.3383709316288698,0.9684033989906312,0.2900240539562465,-0.3596683545339615,0.0964424340862371,0.9590116143226624,0.2781773514325009,-0.3436936918442233,0.3216913699517951,0.9759974479675292,0.2875405789739253,-0.3259887258515731,0.2555431845846212,0.9762093424797058,0.1662891721841539,-0.3555381312319129,0.4846459695770791,0.9947081208229064,0.2293275596655316,-0.2370415947002882,-0.1678003247070911,0.998765766620636,0.1123683261939703,-0.2325625768693017,0.6890599770219327,0.1374953985214233,0.1778779677229672,0.0843261694268712,-0.0849595872618816,0.6965644955635071,0.1592624968323005,-0.1601214927536843,0.8318751325678561,0.148141548037529,0.1537036915263148,0.0224502191492547,0.2554673468953874,0.458068698644638,0.1666171458613774,-0.1544446422710221,0.9036436126476548,0.1586907058954239,0.1290888280022965,0.0214042881896521,0.3047571149429874,0.4629702270030975,0.182189966113027,-0.1596136450227366,0.8711716838901461,0.1604078710079193,0.0741349056653078,-0.017775304261268,0.4355822661901047,0.456375777721405,0.1809060437657842,-0.1524901979731321,0.8148028488909981,0.1598907262086868,-0.0382099744391231,-0.0137731744599843,0.3609292381561551,0.4381711781024933,-0.0137802354444788,-0.0510052025466246,0.2232730370378579,0.9952796101570128,0.0137802354444788,0.0510052025466246,-0.2232852353411993,0.998283624649048,0.0557595987728951,0.3557819162478563,0.2436446562451951,0.3225913047790527,-0.159080631218847,0.4654136583230117,-0.2402398812058707,0.9148374795913696,-0.1325271653493301,0.7810295263758947,0.3026211897647735,0.5404335856437683,0.0117904862241165,0.8960263493106494,-0.3315410585884389,0.9247522950172424,-0.2265100458013572,0.8817425208310079,0.3068226339585018,0.5989267230033875,-0.0210260728919872,0.9817830923011868,-0.3338864143772674,0.90856271982193,0.1081403354143061,0.8613038675336944,0.3080179318977949,0.5808483958244324,0.137890616750969,0.9904474634285442,-0.36845500290242,0.8876350522041321,P8,P8/rob_DTL_1_frame934.jpg,4
0.2782653132331018,-0.4163950953713972,0.4319017998480008,0.9705162644386292,0.2808534886755005,-0.4377423678857557,0.3979620160815599,0.9700591564178468,0.277480104511052,-0.4423441691014269,0.3978271026967961,0.9718973636627196,0.2740614744456712,-0.4448531184217477,0.3975074504817076,0.9693614840507508,0.2882847157446142,-0.4257225286895016,0.3610504284191678,0.9711833596229552,0.2901262422307373,-0.434194686252736,0.3607134884231057,0.969463050365448,0.2921075364189307,-0.4306909682481526,0.3603746479160226,0.9646067023277284,0.2552971566928346,-0.4744855198967014,0.2783548433305944,0.9712271690368652,0.2783201761777545,-0.4267617189566633,0.115906580122791,0.9628883600234984,0.2599389831285613,-0.4150645544749528,0.3959143184962493,0.977961242198944,0.2705797382553059,-0.3963986969316349,0.3485457757307885,0.9781933426856996,0.1471092616555055,-0.4440470269761907,0.3935791170991441,0.994837999343872,0.2321523213207892,-0.2603396932835791,-0.1482061656338513,0.9988746047019958,0.0952941871350121,-0.3276880336395229,0.7015183224815363,0.1398971825838089,0.1857953312706554,0.0261960943673058,0.0506022908897471,0.7077824473381042,0.1595131414643286,-0.2202037398389589,1.023283951620788,0.1392819732427597,0.1688959872724412,-0.0667569379625837,0.6267830850484853,0.4422623813152313,0.1754397901833909,-0.2168048018154818,1.116115900790693,0.1497002243995666,0.1570171064598609,-0.0718285088662747,0.7036208372160534,0.4442317187786102,0.190159912074556,-0.2235986478631626,1.092286973042001,0.151118591427803,0.111003215893315,-0.102540034237553,0.7209175940971527,0.4370132088661194,0.1684609305327076,-0.1986062410060841,1.0202425844419258,0.1505164057016372,-0.036844268356349,-0.101160858577151,0.6546998975146072,0.420505166053772,-0.0183850398666814,-0.0391320256711,0.2254358466796115,0.9956453442573548,0.0183850398666814,0.0391320256711,-0.2255672567127342,0.9984122514724731,0.0530782045200021,0.3225223072982643,0.3078622690326287,0.3279931843280792,-0.0912191251425427,0.4246031048004438,-0.1657629948544187,0.9224109649658204,-0.0966976343819466,0.7468141862457366,0.3968572009398678,0.5556294918060303,0.0257416203583461,0.8474555412801994,-0.1737433551199689,0.9306634664535522,-0.1541965649229982,0.8276325244000825,0.405817583755976,0.6128533482551575,-0.0056104001247126,0.9206940003467816,-0.1677452621958457,0.9137246012687684,0.1150420994832171,0.8318682368181294,0.4500373003278602,0.592643678188324,0.1384911082095057,0.9472275155623356,-0.1715624271325457,0.8945146203041077,P8,P8/rob_DTL_1_frame935.jpg,4
0.2459944043724707,-0.4181926925918122,0.5297108142335686,0.9731388092041016,0.2516618377151958,-0.4447609003949637,0.4946346915871212,0.9728923439979552,0.2487739584827054,-0.4507092937871398,0.4945552707351188,0.9745285511016846,0.2456800594516027,-0.4555901619882967,0.4943485480971081,0.9722763895988464,0.2583598971805318,-0.4322816354593106,0.4611123711403582,0.9738786220550536,0.2599538490808413,-0.4379131361378001,0.4608262276503451,0.972313106060028,0.2615526330020137,-0.435144563893163,0.4604161208614654,0.9680056571960448,0.2308061328311822,-0.476168245310001,0.3551374779414171,0.9736951589584352,0.2507516606944602,-0.4303656952596772,0.2106978317560155,0.9663864374160768,0.2290506157241997,-0.4126071400389833,0.488130220448541,0.9796615839004515,0.2353640463288427,-0.39976020224312,0.4452182731333758,0.9799776077270508,0.1286068709159166,-0.4337744663411966,0.3942347424588416,0.9948663115501404,0.2093582857541419,-0.2913321140157759,-0.0457048471375676,0.998971164226532,0.0676229898633621,-0.2652986791397689,0.4029198167579592,0.1340671777725219,0.1440154826085569,-0.0299407826556609,0.136512562213567,0.7064395546913147,0.1321872226655341,-0.2124165156857834,0.3818542264586428,0.1335160434246063,0.1454146601406259,-0.0902951831721565,0.6352213721913086,0.4244876801967621,0.1474589563853649,-0.1857722255177711,0.4025987509353455,0.1448235511779785,0.1470600071719325,-0.089194009544946,0.7002688949347032,0.4271553158760071,0.1587556061785352,-0.2034886982294947,0.4042108888050847,0.1461891382932663,0.1212331192240866,-0.1317830900115396,0.6916683370732254,0.4199532568454742,0.1458745806718566,-0.1879696528964042,0.3768552373111172,0.1454040259122848,0.0737565814369775,-0.1230836953596826,0.6469059893323137,0.4049564003944397,-0.0130633244756,-0.0314105955472542,0.2006586934287041,0.995964288711548,0.0130633244756,0.0314105955472542,-0.2008080468008326,0.998540997505188,0.0508531539661585,0.3445946014391403,0.279672140181172,0.3484949171543121,-0.0879326763898591,0.3986840672694722,-0.1795453539777691,0.9297882914543152,-0.0627482715069398,0.7310759710761714,0.3435792181459789,0.5808046460151672,0.015603649625655,0.8145782114642279,-0.283078385433604,0.9369108080863952,-0.1348443948655484,0.8057841092034566,0.3511229910809922,0.6348835229873657,-0.0173681279349652,0.8859178160655437,-0.2903145123857639,0.9202006459236144,0.1121511163748065,0.8126786122806039,0.3618906883357847,0.6120691895484924,0.1156887706309803,0.90388239108485,-0.3397419785963005,0.9020859003067015,P8,P8/rob_DTL_1_frame936.jpg,4
0.2314541883689975,-0.3977968142350608,0.440984919319171,0.9755648970603944,0.2348805008783838,-0.4298238750470654,0.4143967710443391,0.9754440784454346,0.2317765890798687,-0.4357557135997699,0.4143125956058198,0.97691148519516,0.2285311722222631,-0.4408255588640308,0.4141898658929265,0.9748930931091307,0.241584428500547,-0.4179764225169894,0.377018025695535,0.9763283133506776,0.2429097421361311,-0.4173731024837273,0.3767662938823775,0.9749146699905396,0.244281889597419,-0.4151079343244672,0.3763781585518578,0.9710763692855836,0.2147936402977149,-0.4548142371789153,0.3074289403757447,0.9759221076965332,0.2353063541649613,-0.4154020674762529,0.146353081375456,0.9695627093315125,0.2166947590939601,-0.3894498556490126,0.4110261991507234,0.9812757968902588,0.2226764422183065,-0.3786828427515554,0.3630666471775504,0.9817031621932985,0.1150722987588784,-0.4375281230071614,0.3509312920671438,0.9949960112571716,0.1995192062035997,-0.2980207774783488,-0.0803007496256875,0.9990659356117249,0.0562060269135373,-0.2541591434383368,0.3162250646214328,0.1271119117736816,0.132377731883735,-0.0494649667581375,0.0660443919527546,0.7083093523979187,0.1033369128831649,-0.1710035951055643,0.2238481032712581,0.1271345019340515,0.12307895942209,-0.1117927601139743,0.6001261336127163,0.4106615781784057,0.1175052323723558,-0.1455574394914191,0.2333598651000656,0.1396714746952057,0.1269677559603007,-0.1116574438104231,0.6617490778917119,0.4148803353309631,0.1271713994702803,-0.1667577742781942,0.2299929730070409,0.1411441564559936,0.1118850060242443,-0.1381759267695207,0.6097059926604154,0.4076741933822632,0.1237446688017359,-0.1670648703638801,0.2156020046741361,0.1400355547666549,0.1003419733612426,-0.1370923927591321,0.5927275599971686,0.3927845954895019,-0.0149409103496393,-0.022469615095178,0.19125702938685,0.996280074119568,0.0149409103496393,0.022469615095178,-0.1913572621370391,0.9986705183982848,0.0500524803752245,0.3212833059690574,0.326311439857301,0.389756828546524,-0.0206826537490856,0.3745753489736746,-0.1719729089419263,0.9366960525512696,-0.0362952949702471,0.6833594595488895,0.4366700604148037,0.6139458417892456,0.0140205420427293,0.763353473751165,-0.2450150898651773,0.9429948925971984,-0.0824021927935952,0.7482798396847546,0.4464367947902438,0.6603796482086182,-0.0192313905750911,0.8389554786844095,-0.2523955780971384,0.9270268082618712,0.1028709999492443,0.7621038469231914,0.451562464302107,0.6401076316833496,0.1054261196687095,0.8511162160557109,-0.3128436205897073,0.910805881023407,P8,P8/rob_DTL_1_frame937.jpg,4
0.2240066869654689,-0.4056212177991558,0.4654881957416618,0.977671205997467,0.2252611338171533,-0.4303240895483428,0.435293261629024,0.9777013063430786,0.2221005253398034,-0.4354910292652471,0.4351721519124761,0.9790244102478028,0.2190275958887915,-0.4400212755683622,0.4350590427029871,0.9772309064865112,0.231984580346124,-0.4194873210994115,0.4037495889743664,0.9784730076789856,0.2331773090004978,-0.4200444176317487,0.4035728430786293,0.977166712284088,0.2344422054940548,-0.4175990381578874,0.4032695585508402,0.973763942718506,0.2059285616122522,-0.4526502392362851,0.307177019386667,0.9779358506202698,0.2240947741809426,-0.420478730872082,0.1698711130861031,0.9722533226013184,0.2103655775167844,-0.3994911966355953,0.4274926039710688,0.98262357711792,0.2167191230510277,-0.3884404554417554,0.3869472179457149,0.983142912387848,0.1046254881314871,-0.4446376497790997,0.3170436855358089,0.9951250553131104,0.2000823951736237,-0.2950603330839867,-0.0381567882114438,0.9991399049758912,0.0360229361347297,-0.2661305811973009,0.2422293112727064,0.1214728131890297,0.134177973363523,-0.089279291025359,0.0005558976760623,0.6972938179969788,0.0520854235360992,-0.1642247756388328,0.1299562874327753,0.1175649762153625,0.106411560513444,-0.1056236738438094,0.1737615637379979,0.3839347660541534,0.0536165409839281,-0.1306131760040509,0.1297877155244796,0.1299805790185928,0.1031038406716053,-0.1019018053049387,0.1840745438880612,0.3897488713264465,0.0674203546220834,-0.1397170999343144,0.1207840326412038,0.1313596069812774,0.0974109084345004,-0.1320648598460821,0.1857818969952076,0.3826191425323486,0.0696374747312883,-0.1434017416240137,0.1194215993536829,0.1303967386484146,0.092649218891471,-0.1373559706980516,0.1796520186978445,0.3675984442234039,-0.0218181174897104,-0.0264064082879151,0.1776176652741276,0.99652761220932,0.0218181174897104,0.0264064082879151,-0.1776266658445688,0.998780071735382,0.0435784353978126,0.3053434337893203,0.3084459773621237,0.4205694794654846,0.012214243506101,0.3617747654148744,-0.1805906904341888,0.9429210424423218,-0.0169426248156613,0.6568422826276487,0.4235510072204768,0.6416894793510437,0.017568950225405,0.7515862465254561,-0.2471535213200955,0.9484881162643432,-0.0561029026470088,0.7291885821009477,0.4312697821378203,0.6804566383361816,-0.0139995811476137,0.8148346632676995,-0.2580036783726762,0.9333100318908693,0.1002468432733531,0.7151994505952066,0.4104899753524667,0.662481963634491,0.1033090781690109,0.8226797319036135,-0.3436663524277922,0.9186998009681702,P8,P8/rob_DTL_1_frame938.jpg,4
0.226662716730545,-0.3996677288311716,0.4595605918398069,0.9797129034996032,0.2275291348200377,-0.4317475948982446,0.4392312698658211,0.979820966720581,0.2247377442798435,-0.4377824130653773,0.4391170710228542,0.9810132384300232,0.2219178860683062,-0.4413743440579218,0.4390188288429311,0.9794175624847412,0.2329407817147732,-0.4202938283298937,0.4026410417379457,0.9804928302764891,0.2337513309737628,-0.4175991622407468,0.4024947244703943,0.9792935848236084,0.2345004327231386,-0.4158136567678067,0.4022447094029074,0.976267158985138,0.2069042659122959,-0.4509791886981505,0.3370698217494559,0.9799341559410096,0.2225586958114203,-0.4215200712220107,0.1766602569991047,0.9747987389564514,0.2126609705178927,-0.3939867465905592,0.4297594931302564,0.9840097427368164,0.2179409441777417,-0.3839477494524993,0.382726880140996,0.9845619201660156,0.0959239105950865,-0.4497847770927225,0.3490441693221507,0.99542236328125,0.2006609856331093,-0.2932074162238091,-0.0324077339601791,0.999214768409729,0.0257113116260973,-0.2618894500523064,0.2918014455190269,0.1181694343686103,0.1261167064136497,-0.0935844751022377,-0.0116786339964102,0.6847350597381592,0.0275787744583219,-0.1466142501746353,0.2149288676550897,0.1086353585124015,0.0837796184080194,-0.1008470949100624,0.1590327795616505,0.3592060506343841,0.0253399192682587,-0.1137323669460357,0.2180153949320466,0.1203742250800132,0.0765455483109364,-0.0943558095286567,0.168155683754315,0.3662322163581848,0.0397649067387173,-0.1399913735977418,0.2119745878888101,0.1215731278061866,0.0720274745466578,-0.1242900171625706,0.1702020129855186,0.3590940535068512,0.0434407640361147,-0.1285189840858897,0.2060500511833572,0.1208488941192627,0.0690882490100365,-0.1317675801949452,0.1652087875339169,0.3439303338527679,-0.0250664819524477,-0.0253475489323362,0.1811280406119905,0.996792495250702,0.0250664819524477,0.0253475489323362,-0.1810993473323011,0.9988850951194764,0.0380582411279117,0.3068307967297347,0.3325478921334392,0.4400414824485779,0.0402107088311616,0.3605316540833605,-0.1773481368472133,0.9484899640083312,-0.0133875172347115,0.6510541669064661,0.4732378312109681,0.6623097658157349,0.0167157735998883,0.7555360994145843,-0.2180068628345836,0.9533718228340148,-0.0411226587869235,0.7224248340272666,0.4825349050470369,0.6929684281349182,-0.0132758616131037,0.8153762931292652,-0.2261031054822775,0.9386516213417052,0.0953865525337118,0.7113664153211698,0.4665233576454448,0.679054319858551,0.1009936993155092,0.8292814789696674,-0.3026517918002136,0.9257705211639404,P8,P8/rob_DTL_1_frame939.jpg,4
0.2389191764863718,-0.4159872558595966,0.1057546402136734,0.9816350936889648,0.2425807271529245,-0.4328978403980758,0.1108102496471157,0.981724500656128,0.2411059574484597,-0.4357429251758634,0.1105794997108604,0.9827865362167358,0.2398595500954796,-0.4385671472203055,0.1105405671016316,0.9813750982284546,0.2428329124904592,-0.4306156265273736,0.052305471528603,0.9823404550552368,0.2387122407258906,-0.4323878311464266,0.0522050255729981,0.9812676906585692,0.237725348859999,-0.4331698312358472,0.0521465385563958,0.9785689115524292,0.21721615426604,-0.461774682636561,0.1771065802789342,0.981717050075531,0.2127288340593654,-0.4600776825326421,-0.0968720936143702,0.9772489666938782,0.2246534367748877,-0.4181767856277671,0.1364272281284326,0.9855140447616576,0.2245027458157907,-0.4137407764679694,0.0598464157437612,0.9860466122627258,0.0893514218440717,-0.4514684218816684,0.3112208819148562,0.9958620071411132,0.1709977287917518,-0.3049827131979249,-0.2188079596756407,0.9992910027503968,0.0863317526389298,-0.2324290338785276,0.5170194824643186,0.1131173148751258,0.1685570709191554,-0.0855990900945831,-0.0802376319330624,0.7101209163665771,0.1086507893506125,-0.1192361596462086,0.565357695562705,0.1000494658946991,0.1653418135888993,-0.1275183828555498,0.2228379913216879,0.36092209815979,0.1081282342660731,-0.0825084453067421,0.5822519634702061,0.110948346555233,0.1643265173934866,-0.1373729231441876,0.2386148519360252,0.3645628690719604,0.114293665345124,-0.0965592142861187,0.5540450898527203,0.1122191026806831,0.1587880960301171,-0.1666050661894118,0.2756369175935126,0.358155608177185,0.1174288548879459,-0.1045064355644084,0.5516727997211547,0.1118186190724372,0.1545532430898062,-0.1655586168583953,0.2241379827727286,0.3446842730045318,-0.0200459150457155,-0.0216116772797379,0.1924804412527771,0.9970651865005492,0.0200459150457155,0.0216116772797379,-0.1922220887221082,0.9989917874336244,0.0236193629532077,0.3234772443798966,0.3220288702620462,0.4284160733222961,0.0638128283874909,0.3862003473611204,-0.299121377602047,0.9530067443847656,0.0160812908879948,0.6906476777127868,0.5279035211131297,0.6596381664276123,0.013080933807639,0.7621384853468787,-0.3844026281830436,0.9576598405838012,0.0034359371211506,0.7514967997676911,0.5472410899759991,0.6840192079544067,-0.0240175169419537,0.8219942311728244,-0.4002464645148187,0.943513035774231,0.1114151015188934,0.7683139953815661,0.5267244947502789,0.6873958706855774,0.0960318664114864,0.841204156758367,-0.5167163384909433,0.9325607419013976,P8,P8/rob_DTL_2_frame48.jpg,4
0.2365726845673498,-0.3910279188377966,0.18802134978294,0.9834287762641908,0.2422783523519985,-0.4263861331170646,0.1674908392652032,0.9835326075553894,0.2389281940093482,-0.4344891308088526,0.1673937409048377,0.9844831824302672,0.2353247110248131,-0.4439455715608388,0.1673290498728226,0.9832181334495544,0.24790377005489,-0.4143902293906014,0.1318111654815023,0.9840898513793944,0.2482372034931767,-0.4135287419372314,0.131712822043944,0.9831210374832152,0.2496579690251306,-0.4132237774980187,0.13159829260288,0.9806994199752808,0.2147433907612103,-0.4717426881282122,0.1149685736087056,0.983514130115509,0.2374624997344387,-0.4263561806217608,-0.0470627743577936,0.9795011878013612,0.2192354173446374,-0.3880585245274272,0.1794877319891527,0.9869239926338196,0.2250836420526891,-0.3736505265742056,0.1322918270902486,0.9874162673950196,0.0766897967699614,-0.4634454937156931,0.2012482551486456,0.996185302734375,0.193939122207092,-0.2893891416547255,-0.1531985716785649,0.999355673789978,0.0659749273591533,-0.304551320834038,0.4653220458035423,0.1037949696183204,0.123523348884435,-0.1092356200898328,-0.029176531849509,0.6673027276992798,0.1098267226946769,-0.2427226594727833,0.6945556979160431,0.0910152420401573,0.1124989939030476,-0.2113290535459576,0.2648842564343679,0.3303791582584381,0.1133986990450009,-0.2277206978862747,0.7323618222596142,0.1012226417660713,0.1124884681440848,-0.2264421360643358,0.2940857494324913,0.336449921131134,0.1250861768410488,-0.2304342244183657,0.7156392169747265,0.1024366319179534,0.1078426524515157,-0.253174172981487,0.289477780554448,0.3306522071361542,0.1273167900290449,-0.2293985321220263,0.6916553921443694,0.1021210402250289,0.1051281369219383,-0.2503604751325548,0.2699039838194902,0.3185904026031494,-0.0308569688264136,-0.0307822641948483,0.1514695921442286,0.99730783700943,0.0308569688264136,0.0307822641948483,-0.1513199709530652,0.9990902543067932,0.0217132632081764,0.3245327434794351,0.3481169780039301,0.4172550141811371,0.059961610713543,0.4195376787368303,-0.2024260098696448,0.956152617931366,0.0122888235891444,0.64778077922398,0.5561106022055178,0.6447795033454895,0.0061947623630338,0.7795624337269137,-0.2788596916119562,0.9602395296096802,-0.0045732303413318,0.7062260095414334,0.5763271943246557,0.6575844883918762,-0.0263820377709664,0.8364016734117378,-0.2918307821813915,0.9441676139831544,0.0741489915846101,0.7219062821182871,0.5533060525833352,0.671589195728302,0.0855804603170242,0.8541147596792987,-0.3977156611264839,0.9355875253677368,P8,P8/rob_DTL_2_frame49.jpg,4
0.1725806899515624,-0.3131029774370653,0.4107715897389961,0.9837581515312196,0.1668249089772969,-0.348813728852518,0.4159135287850265,0.9835149049758912,0.1639392310218478,-0.3532130170349181,0.4157448353835246,0.9845341444015504,0.1609356360630406,-0.3578075444145338,0.4155890597081825,0.9836018681526184,0.1696178739653579,-0.3437948370676891,0.3517748873708038,0.9843656420707704,0.1502828003504771,-0.3528517153376589,0.3518447378045199,0.983392894268036,0.1513481049689451,-0.3510284217000591,0.3516931189534819,0.9815624356269836,0.138060579300048,-0.377973825036129,0.4400096395328146,0.9835309982299804,0.1499912438508757,-0.3574715782983174,0.1562461726043046,0.9803799390792848,0.1456405221093945,-0.3399002347120219,0.432752534641408,0.9871578216552734,0.1472837305421781,-0.3352710846692159,0.3493175727907843,0.988070547580719,0.0586728120896691,-0.3390601089493641,0.5522019065537938,0.9965251684188844,0.144278241334321,-0.2124783105656775,-0.0789988213160472,0.9994190335273744,0.1034514915612161,-0.1238423459312861,0.6689453700073714,0.1001968681812286,0.2106523070995758,0.0718175324274133,-0.0290133247685098,0.698413074016571,0.1628415136974143,0.0605070765863497,0.8213714868488279,0.0858349800109863,0.2385984790413432,0.1968116080900704,0.240724878835946,0.3885833024978637,0.1667656610764575,0.0813157181079872,0.8427034672885373,0.0956091210246086,0.2498985165126322,0.2173855205836043,0.2281952106411077,0.3922916948795318,0.1733465979840835,0.088146169709912,0.7659993774196443,0.0966236367821693,0.2391568615668387,0.1953207814697477,0.2416745816443393,0.3864780366420746,0.1765355662596378,0.088855513361081,0.908520255506909,0.0965814739465713,0.2345310001508554,0.1939315602637419,0.2535420519421402,0.3735337853431701,-0.0167727597576631,-0.027762508710968,0.2268055684908686,0.9975122213363647,0.0167727597576631,0.027762508710968,-0.22693556133192,0.9991770386695862,0.1064284091792368,0.4080190617063482,0.3423160336670305,0.3942078351974487,0.1164358321460664,0.4978806580940724,-0.3646415740424419,0.9591678977012634,0.1841418180835666,0.8003726574607747,0.5229785898081413,0.6257220506668091,0.1555000884142713,0.9324878993364916,-0.4888011803805764,0.9639865159988404,0.1801530557647092,0.8517759468041544,0.5374430229353647,0.6453453302383423,0.1420282944072395,0.9898625983376534,-0.5066303260007642,0.9492466449737548,0.2631957238988957,0.9071168537420432,0.4464751851024824,0.6598126888275146,0.2335800871277914,0.9632770233940262,-0.7104461567340759,0.9412491917610168,P8,P8/rob_DTL_3_frame33.jpg,4
0.3564117318195551,-0.3657462108394509,-0.0953472597883147,0.9853286743164062,0.3730105090084263,-0.3927778878380241,-0.0817525651391013,0.9851288795471193,0.3728585617980715,-0.396773266100984,-0.0817730354878291,0.9860334396362304,0.3720444854967637,-0.4006682690185612,-0.0818077187799748,0.9852105975151062,0.3729010293880429,-0.3908496081009061,-0.178278885620088,0.9858996868133544,0.3721869574115067,-0.3940119023912404,-0.1781981030169871,0.98501718044281,0.371170589256894,-0.3969723329289752,-0.178356685788275,0.9833834171295166,0.3329714487183197,-0.4417742133465126,0.0383282271712631,0.985141396522522,0.3150138228105499,-0.4315205164920733,-0.4043548154326762,0.982329249382019,0.3286684087484429,-0.3644769207881131,-0.0360528433822413,0.9884210824966432,0.3273747454969467,-0.3627947989565757,-0.1629447464548898,0.9892465472221376,0.127088972097348,-0.3849154473635233,0.4089489638821961,0.9968543648719788,0.2201073212384477,-0.3358166345461723,-0.5732351210872529,0.9994752407073976,0.1300279690597679,-0.195932617107148,0.6591433453934,0.0922591239213943,0.2093618793737878,-0.1215289428364006,-0.419961397886764,0.7190361022949219,0.2127041472006544,-0.0725799081858306,0.8302489185144247,0.0789856761693954,0.2569081136330425,0.000461150079811,-0.0559917086518876,0.4226915538311004,0.2209742537068435,-0.0390782310670023,0.8411988212759633,0.0883885398507118,0.2616147098678363,0.0293447621897134,-0.0984444613663995,0.4249535501003265,0.2416953552878366,-0.0497907947974908,0.7137855486242836,0.0894592851400375,0.2660399012389751,0.0193826304556695,-0.0985847356975216,0.4188860654830932,0.2391752691356325,-0.0486374344171638,0.8592265415392236,0.0895060375332832,0.2626435214829513,0.0066066784054522,-0.0459304430645065,0.4019005894660949,-0.0258013726514698,-0.0110279312501017,0.2772195513790556,0.997482419013977,0.0258013726514698,0.0110279312501017,-0.2770632090014591,0.9990345239639282,-0.022286437540109,0.2905042297674726,0.3958034753031143,0.3734805583953857,0.105971620503476,0.3284033573317325,-0.229175293299235,0.943815052509308,-0.023440996602411,0.5907526023898212,0.6673758361176118,0.6093388199806213,0.0077349520844453,0.6135741372715801,0.102244725597881,0.9560056924819946,-0.0489206373037813,0.6345209335444376,0.6824803706045034,0.6443029642105103,-0.0309304186623103,0.6523388273819787,0.1241801419646322,0.9378378391265868,0.0377859091977163,0.6667356828628673,0.5435489057749464,0.64944988489151,0.0446765039909616,0.6839368833643175,-0.0355757536861674,0.9312923550605774,P8,P8/rob_DTL_3_frame34.jpg,4
0.3972348897833402,-0.3536941789526676,0.2580661537394789,0.986713409423828,0.403658741182853,-0.3789266248773166,0.2690539620482151,0.986562967300415,0.4002998717843958,-0.3832920710436589,0.2689839213715247,0.9873730540275574,0.3967108651820175,-0.3880416842300732,0.2689227818528944,0.9866491556167604,0.4101705101658863,-0.3744545885863837,0.1662689457787047,0.9872567653656006,0.4112337758733717,-0.3754684255167089,0.166514871349576,0.9864612221717834,0.4121364229186563,-0.3764262945509638,0.1668189279471075,0.9850090146064758,0.372355208189853,-0.4126711885822191,0.2978457523362322,0.98658549785614,0.3900824363285436,-0.3912765341413697,-0.1554625420766895,0.9840475916862488,0.3704637866928033,-0.3477540234439373,0.2999643274088031,0.9895170331001282,0.3753158626511881,-0.345153865884034,0.1668653730958678,0.9902538657188416,0.1635500025131258,-0.3762003841539427,0.4571531844459564,0.9970957040786744,0.2999985396811232,-0.2758139937776996,-0.3772890355663982,0.9995219707489014,0.1274052838054011,-0.2116256544668315,0.7790953910571018,0.0855051279067993,0.2077149132686515,-0.1451531487071918,-0.1903407105286078,0.7129744291305542,0.1719599558842488,-0.1567232120981909,0.9942699969150416,0.0722480490803718,0.1605574729550505,-0.1758062009818485,0.0396674887596227,0.4120907485485077,0.1746515367910426,-0.1422776271095371,1.0346498269551678,0.0813165828585624,0.1599310601724673,-0.183339166511927,0.0373614952043371,0.4183003604412079,0.1950962536764671,-0.1503684814232785,1.001592318280079,0.082381322979927,0.1559187264272668,-0.2041303821088732,0.0416120126263001,0.4110991954803467,0.1994484724235693,-0.1536867734754954,0.985783065931198,0.0824809968471527,0.1484496105449486,-0.2045798160001955,0.0488146500891957,0.3936459720134735,-0.0553150035856527,-0.0155671060406495,0.2472550010955936,0.9976667165756226,0.0553150035856527,0.0155671060406495,-0.2471945080297833,0.999117076396942,0.0173097936619584,0.3041431973458644,0.3556906490329679,0.3741956353187561,0.098236039661212,0.3517271970663876,-0.2011994396136882,0.9466712474822998,0.0149918624851266,0.6200098911731987,0.5653236375457092,0.6129656434059143,0.0354363804619911,0.6464633372934139,-0.0924322546180399,0.958973467350006,0.0247266463201363,0.6470444486514569,0.5767951417452278,0.6411100625991821,0.0238181314723317,0.7026802668808212,-0.0910555525312403,0.9395461678504944,0.1232303423123998,0.6820148609480756,0.4768293186555369,0.6513004302978516,0.1517253361653254,0.7010896945807731,-0.1869098735267852,0.9350431561470032,P8,P8/rob_DTL_3_frame35.jpg,4
0.1948454963204586,-0.4075364808046272,0.2211945285216009,0.9879841804504396,0.1994419110049574,-0.4320514371757486,0.2108346911603983,0.9878631830215454,0.1978185445203344,-0.4366932798083606,0.210814614737974,0.9885838627815248,0.1960868212086546,-0.4420471993216426,0.2108459860873882,0.9879422783851624,0.2015385473424643,-0.4267669007854045,0.1635769959048952,0.9884926676750184,0.2014746255029062,-0.4270099899558406,0.1634009470909471,0.987772822380066,0.2013754535615335,-0.4275806320089834,0.1632257050574983,0.986480474472046,0.1778735652573509,-0.465949747233774,0.1763943487269353,0.9877988696098328,0.1855959440763578,-0.4415519602151631,-0.0322159865369167,0.9856072068214417,0.1778740617376581,-0.4062049826806274,0.2181970907266315,0.9904926419258118,0.1801443420626249,-0.4001814353529451,0.1567989846903117,0.9911771416664124,0.0667065976014885,-0.4832720692737218,0.264377780560628,0.997355818748474,0.1441875005306739,-0.2884297380152218,-0.1805511300993663,0.9995679259300232,0.0383187224736049,-0.3031935729118455,0.4303973199420954,0.0928964391350746,0.127335097101536,-0.0878924673323992,-0.0109884153692615,0.731411337852478,0.0952590559512248,-0.2141607523737368,0.5435735744314083,0.0688744485378265,0.1227438954602633,-0.1073024270042849,0.395161212666172,0.4185970425605774,0.1040198853928786,-0.1693524116840209,0.5719854047341166,0.0765644311904907,0.1376486066440685,-0.0823488302817102,0.4434111548457287,0.4224220514297485,0.1106204669576594,-0.1815010365622175,0.5564247810043987,0.0777244493365287,0.1217192842261809,-0.1359237099366133,0.4306255767633525,0.4157817661762237,0.108382333732587,-0.1856576938145718,0.5360690884072447,0.078357920050621,0.1202247543812886,-0.1378729536829061,0.4053169035310381,0.3973158299922943,-0.0291599640656921,-0.0193961202833212,0.1746953620855146,0.997821807861328,0.0291599640656921,0.0193961202833212,-0.1746842067936111,0.999194085597992,-0.0048197067026834,0.303469119482368,0.3160319951169244,0.3873576521873474,0.0437528856165458,0.3295122422391977,-0.2022011158274959,0.9513041973114014,0.013977968630289,0.6308343326328733,0.4656361888897279,0.6250783205032349,0.0239485964606286,0.700453656076907,-0.2864921615561494,0.9619212746620178,-0.008344592764065,0.6930081891492675,0.4748039149731904,0.6475142240524292,-0.0068088550536712,0.7629118716892774,-0.299577272413892,0.9420619010925292,0.0734796440129996,0.6904683200174653,0.4532855585865198,0.6633669137954712,0.093949278840667,0.7962433253565028,-0.3772557124453234,0.9395273327827454,P8,P8/tom_DTL_2_frame40.jpg,5
0.1832413792042608,-0.3855165469539202,0.1844058845807051,0.9891089797019958,0.1876621623794844,-0.4110110287245147,0.1695067722861452,0.988993227481842,0.1858266931460097,-0.4157649702986473,0.1695450062637024,0.9896490573883056,0.1838350112297848,-0.4211710491822324,0.1695878724060513,0.9890686273574828,0.1901259378495282,-0.4059173752064302,0.1259153461284578,0.9895833730697632,0.190099842824721,-0.4066165193071451,0.1257878647829525,0.9889478087425232,0.1900545637862426,-0.4074983285815107,0.125654738452058,0.9877804517745972,0.1664982631732499,-0.4451637563174013,0.1345377708693221,0.9888892769813538,0.1752143589249662,-0.4217107038276756,-0.0656334408219906,0.9869474172592164,0.1672052119503341,-0.3857499723128124,0.1822655414529498,0.9912676811218262,0.1695739014395735,-0.3799449612691602,0.1224954754615447,0.9918990135192872,0.0596088115472979,-0.4688586346192107,0.2123118921940468,0.9973573088645936,0.135219622547776,-0.3070549438597727,-0.1805067040132156,0.9995920658111572,0.0663523498187781,-0.378706996610553,0.4748985604638104,0.0860936641693115,0.1137083854542669,-0.2439373345076555,-0.216175102735903,0.6947788596153259,0.130138718653684,-0.3787595441262608,0.6812984996746411,0.0656377151608467,0.1103622645107175,-0.3483381667700828,-0.1052857470234781,0.4001111686229706,0.1410266592326233,-0.3822074833287043,0.7306943559935791,0.0751854628324508,0.1165818170671753,-0.3672330499494124,-0.0986451664340641,0.4168127179145813,0.1438427771152473,-0.3838005309732732,0.7017543777055116,0.076623186469078,0.1065853969248017,-0.3872717650494602,-0.0998442119717687,0.4101383984088897,0.1433512612370285,-0.3780933464838071,0.6747077781580252,0.0775015130639076,0.1024966997502075,-0.3805338866577897,-0.0982401573504118,0.3876236379146576,-0.0299026046883488,-0.0178133397253605,0.1677337255692043,0.997989535331726,0.0299026046883488,0.0178133397253605,-0.167760371687572,0.9992673397064208,-0.0056360189480682,0.2923524230220798,0.3051533731878879,0.4200303554534912,0.0419029797494823,0.3183271009112736,-0.1630827789131894,0.9559742212295532,0.0107874628178949,0.6073539275013248,0.4304779470195678,0.6417381167411804,0.0204912373852611,0.6720985437768697,-0.2365253495362182,0.965418815612793,-0.0106066445523925,0.6670770984096216,0.4380018933502952,0.666034460067749,-0.0091113638843275,0.7313366331966262,-0.2467715044279886,0.9469064474105836,0.0680703318629379,0.6790209938280216,0.3918433095495119,0.6555724143981934,0.0874855665186753,0.7664558895279787,-0.343729743684744,0.9429749846458436,P8,P8/tom_DTL_2_frame41.jpg,5
0.1272501171314126,-0.4468095430746744,0.1804760462151281,0.9899803400039672,0.129141562992033,-0.4682654011876728,0.1447066757039368,0.989907205104828,0.1253042650707865,-0.4726501972900297,0.1447219094399384,0.9905158877372742,0.1213172641949978,-0.4772801076408335,0.144712545846569,0.989985167980194,0.137685340831881,-0.4594794871229573,0.1230499155387067,0.9904542565345764,0.1396923569152504,-0.4575750410440197,0.1229732314315408,0.9898882508277892,0.1416436495958771,-0.455723454883614,0.1228097408005235,0.9887956380844116,0.1088410634884196,-0.4805014128386467,0.0468000163803934,0.9896692633628844,0.1375892995714498,-0.4505932938411785,-0.0707183313198487,0.9877899289131165,0.1128407782341043,-0.4417281185335072,0.157549917816659,0.9917021989822388,0.1215369507036525,-0.4329856148894279,0.1267306381433053,0.9922342896461488,0.0202816864123482,-0.4589842761635366,0.1298690311557939,0.9970300793647766,0.1299558806319083,-0.3267820208030756,-0.1660032525077079,0.9995034337043762,0.0202051741142349,-0.4159307029297355,0.4324639167010571,0.0851742327213287,0.1194033113484803,-0.2862149827185892,-0.0607607081509044,0.6460372805595398,0.0794063357006855,-0.4263271550539892,0.7123461036435051,0.0633178874850273,0.1133785978385821,-0.3986735717150744,0.0541567225232214,0.3664827048778534,0.0869258452383202,-0.4314210643863156,0.7683395902169861,0.0743308514356613,0.118013032494439,-0.4213753890778883,-0.052973337562123,0.3865000903606415,0.0933737244448945,-0.4311367204041803,0.7416500274724886,0.0761358216404914,0.107674422751244,-0.4355667595570683,-0.0637184654206635,0.3801937997341156,0.0935534939836503,-0.4232634560271399,0.7104004233919317,0.0768360346555709,0.1023080242614152,-0.4264671794318987,-0.0175932487810057,0.358608603477478,-0.0293919759684664,-0.0214446332548919,0.160401475615749,0.9981302618980408,0.0293919759684664,0.0214446332548919,-0.1609596832278079,0.999327540397644,0.0308077398319841,0.2299681350621343,0.3434300889260936,0.4580911695957184,0.0412066545526591,0.3057949150553898,-0.1363503701753718,0.9601353406906128,0.011834866147879,0.5216054114823477,0.5055720188800261,0.6657074093818665,-0.0186571745498612,0.5985435669675099,-0.1725487049387662,0.9686075448989868,-0.0082232680521299,0.5862781186988487,0.5215817018330821,0.6928219795227051,-0.0416057097122801,0.622713664494268,-0.1789634822678634,0.9515301585197448,0.0495888173436479,0.5756406184737274,0.4979210754171144,0.6557571887969971,0.0347580308401899,0.6451429926995795,-0.2742105696705871,0.9453030824661256,P9,P9/eric_DTL_1_frame36.jpg,1
0.1352292098105897,-0.436802143649245,0.1272654111375228,0.9894639253616332,0.1369742734341505,-0.4588659482036469,0.0981340078234603,0.9890233278274536,0.1336698476304574,-0.4630487020889063,0.0981300194378219,0.9897845983505248,0.1304948718519841,-0.4666581220884799,0.098127086801323,0.9892913699150084,0.1444097283155845,-0.4507734723413316,0.0720172099234717,0.9896121621131896,0.1460684551206191,-0.4492957547613272,0.0719439837151757,0.989168643951416,0.1476425563867786,-0.4474777685436021,0.0718093101468273,0.987901508808136,0.1189291607287806,-0.4688620294688114,0.0145482507447827,0.9874526262283324,0.1406629643233683,-0.4436279965569039,-0.1007023625669055,0.9850329756736756,0.1221751270114896,-0.4313206941165134,0.1081554822705443,0.9893935918807985,0.1288262637870287,-0.4215500601447381,0.0726188144250065,0.989632487297058,0.0161579300669142,-0.4460087177669919,0.1112802444118361,0.9963700771331788,0.1267260268320118,-0.3411279761184512,-0.1991054415142157,0.9993571043014526,0.0195679583858506,-0.4507993071438061,0.3900011845100161,0.080115295946598,0.1009909754003194,-0.3202054294836208,-0.070920859294099,0.6011872887611389,0.0595892691680002,-0.4536126508902047,0.6320243742203545,0.0609451830387115,0.0764143498872789,-0.4074899657210722,0.2060751247164205,0.3399589657783508,0.0638088983696123,-0.4590544649781142,0.6803325843142115,0.0733994022011756,0.0763385015569368,-0.4249504280140313,0.1902076015664254,0.3654959499835968,0.0684365849641562,-0.4510975114236516,0.6504523167444449,0.0754278227686882,0.0672512753942114,-0.4324351235873613,0.1882056803874923,0.3596192002296448,0.0693241318748107,-0.4436534449413927,0.6261022977787508,0.0760539770126342,0.0618901122601808,-0.4242605615043628,0.1977717474377502,0.3389054834842682,-0.0306351351048918,-0.0157755694700334,0.1520823748370456,0.9981810450553894,0.0306351351048918,0.0157755694700334,-0.1525914253306766,0.9993672370910645,0.0280743983160225,0.2364891321289779,0.3145428603207201,0.4593701064586639,0.0421152270429712,0.296237633108384,-0.1702024112297202,0.9629774689674376,0.0230260129401565,0.4926757554728804,0.4885664210049098,0.6706472635269165,-0.0147348078280367,0.5755512624931423,-0.1817197373008532,0.9704983234405518,0.01141078511221,0.5326699065908901,0.5024812774685102,0.6967951655387878,-0.0412176884672571,0.6068740836062118,-0.1857868832051674,0.952768623828888,0.0921094892137109,0.562285201827584,0.4690301212926044,0.6501801013946533,0.0382241083317998,0.6722434206060596,-0.2860857425911158,0.9457449316978456,P9,P9/eric_DTL_1_frame37.jpg,1
0.1455995908588659,-0.4362992157290469,0.1032909643799767,0.9902685880661012,0.1445025593956076,-0.4592021706864323,0.075514404466374,0.9898653030395508,0.140744896202784,-0.4637172371781611,0.0755430487178713,0.990584671497345,0.1368913529006465,-0.4679741818592328,0.0755657452084233,0.990079700946808,0.1526835393603915,-0.4510378224235511,0.0503923460958528,0.9903793334960938,0.1547670730626734,-0.4493098326533374,0.0503188182779621,0.9900083541870116,0.1566325772688187,-0.4473580308416235,0.0502526425534622,0.9887828230857848,0.1221659083808269,-0.4745404548710681,0.0036913162292571,0.9883487224578856,0.1494459197472641,-0.4418302479052231,-0.1091716133792233,0.9861031174659728,0.1338104678028019,-0.4310460210896247,0.0897377450650895,0.9897055625915528,0.1417115725719895,-0.4199528962078909,0.0554178530115848,0.9896717071533204,0.0152054508568557,-0.4354140457135373,0.0935953430329641,0.996113896369934,0.133828311085638,-0.3505814617807919,-0.2083623607094287,0.9993072748184204,-0.0139294358466299,-0.461641413536364,0.374517427163482,0.083363763988018,0.0965753915540403,-0.3981089731299462,-0.1580302873230171,0.5690047740936279,0.0148198376888971,-0.4818538327438755,0.6353362995860687,0.06026366725564,0.0558927617595237,-0.4990236417966632,-0.0338199256089903,0.3351743817329407,0.0187136935929977,-0.4911691278215477,0.6881454226547177,0.0739281103014946,0.0391176527316946,-0.5422227251896802,-0.0336824318250065,0.3709995746612549,0.0280056932736338,-0.4906591623923422,0.658312389974338,0.0764427706599235,0.0351194356517468,-0.542866460168296,-0.033353095214604,0.3665510714054107,0.0248098732027059,-0.4736314387399163,0.6309476780862898,0.077797919511795,0.0368285908456336,-0.52376990700037,-0.0284985158652302,0.3431495428085327,-0.0329293929710543,-0.0121141021054961,0.1425360947010075,0.9982717633247375,0.0329293929710543,0.0121141021054961,-0.1430862625884549,0.9994062185287476,0.0190084932628181,0.2443726250103624,0.276767738325754,0.4746134579181671,0.0484801443939055,0.2926270298476466,-0.0544325864474337,0.9654189348220824,0.0140133102903319,0.5148098254236022,0.383059320566743,0.6791750192642212,-0.0031759391292493,0.5677801438282429,0.0075181961458834,0.972409188747406,0.0008887496864489,0.5508866303001123,0.3920656625064192,0.7139195799827576,-0.026011320913672,0.5958818824267725,0.0128694883975067,0.9555633664131165,0.0787597547919338,0.5743970278799746,0.3584512581972254,0.636034369468689,0.0406350477069535,0.6650030152474202,-0.061468698154041,0.944478452205658,P9,P9/eric_DTL_1_frame38.jpg,1
0.2809205563831869,-0.3701109808130823,0.2323782076659607,0.9907400012016296,0.2865562900555033,-0.3993553897499061,0.1901852153754683,0.9899800419807434,0.2826987354924657,-0.3995198519656203,0.1900997926492697,0.990810215473175,0.2783231278382706,-0.400593448832164,0.1902399783471919,0.9904120564460754,0.2929648286178182,-0.3895060555480768,0.131633186128605,0.9907483458518982,0.2938100731349701,-0.3844445532264129,0.1314830500911475,0.9905696511268616,0.2945631217630176,-0.3796791637666216,0.1311889301855243,0.9894630312919616,0.247371881849213,-0.3835833939426895,0.0930208357953183,0.9885830283164978,0.2721433459932822,-0.3705247358605194,-0.1694529680890863,0.9867164492607116,0.2576606195789069,-0.3642611343193591,0.2200994164709338,0.99016672372818,0.2637789374978257,-0.3664768106505249,0.1409573330335722,0.9901409149169922,0.0208010620438353,-0.3923458160195549,0.2579521688598025,0.9961790442466736,0.2206943427948142,-0.2572155837833808,-0.2977220151852205,0.99934321641922,0.0137217348447539,-0.3382301218256467,0.8769905194330703,0.0838406533002853,0.1827805741729465,-0.1520218073207909,-0.1718029378996977,0.5462188124656677,0.0902799649464345,-0.3106168176035783,1.431438342182517,0.0558973252773284,0.1630794217948322,-0.2156335625587479,0.1836104093834451,0.3113611340522766,0.0946640065604099,-0.3040733356847799,1.520482125469247,0.0686849579215049,0.1694859962843215,-0.2231616226316152,0.2178113005126147,0.348319798707962,0.1102333851489339,-0.2959395324457798,1.4789929355690448,0.0710607096552848,0.1420124300671048,-0.2579995954418543,0.1901199821625792,0.3440365791320801,0.1154406043441978,-0.2938789312175593,1.428221190894298,0.0725007206201553,0.1309014967925351,-0.2576665117973835,0.190064771497785,0.321093201637268,-0.0654439752333618,-0.0267836856372491,0.1891335410276684,0.9983482956886292,0.0654439752333618,0.0267836856372491,-0.1897630408099629,0.9994537830352784,0.0693680194382284,0.3971266581111353,0.4941016274181731,0.4706668555736542,0.1389720453331835,0.4884436823928739,-0.1985936710923797,0.9674509763717652,0.1232590005941568,0.7763590819602205,0.8745548380620212,0.6751461625099182,0.1171429933491503,0.87451754956176,-0.2741171814160926,0.9740409255027772,0.1046871900907225,0.810322869062555,0.9033780689114642,0.7100691795349121,0.0864651578507761,0.9268533894078028,-0.2926208270391113,0.9576720595359802,0.2523077123934669,0.8600191105647804,0.8040623580477526,0.6320368051528931,0.2613069785463521,0.9652557500284452,-0.4842345010272185,0.9469844102859496,P9,P9/grant_DTL_1_frame366.jpg,2
0.37147513220083,-0.381630924677741,-0.6223724738030141,0.991433322429657,0.3940748845896408,-0.4064761862120106,-0.6901102101709405,0.9908161163330078,0.3807837803803928,-0.4150576483965001,-0.6901867484285155,0.991560161113739,0.375802336856104,-0.421535505541518,-0.6901651290913048,0.9910823106765748,0.4056127911376986,-0.3998145647007015,-0.742033111176767,0.9915483593940736,0.4057233544595414,-0.400100331711685,-0.7422186892458444,0.9914082288742064,0.4050237004727617,-0.4010041723581278,-0.7422707062417507,0.9904129505157472,0.3297171647339567,-0.4464971705206018,-0.7205572015823574,0.9895700216293336,0.3549167512445257,-0.400879607250776,-0.9547078273309249,0.9879754781723022,0.3348982606609433,-0.3795622152798746,-0.5872461292033672,0.9909130930900574,0.3427764051790251,-0.3723203902472807,-0.656626499910641,0.9909552335739136,0.108861996081324,-0.4160766228958069,-0.4605123048820752,0.9964586496353148,0.2915906655335957,-0.2764821585845283,-0.8984651941253032,0.9993861317634584,0.0419748863200951,-0.3104023908313949,0.0394745473989272,0.0957298427820205,0.2267149521621912,-0.1146904388067381,-0.6612888042926814,0.5526229739189148,0.1074494843514815,-0.2690808728029772,0.3694405566893987,0.0533131994307041,0.2614697053350146,-0.1978605368932244,-0.3572754354438395,0.2997920513153076,0.1008954879635016,-0.2584131808517073,0.3549249129070634,0.0677484571933746,0.2737851825415445,-0.1997524465434983,-0.4102048326738041,0.3395614624023437,0.1249480888321185,-0.2562977504700701,0.3040685054135404,0.0693686753511428,0.272540256949141,-0.2300584044262652,-0.4251057432019703,0.3332303166389465,0.1339063296333998,-0.2571223323047589,0.3528753199365629,0.0704394653439521,0.260125098637485,-0.23224950248814,-0.3557605946028033,0.3144224882125854,-0.0557222456022234,-0.0202890224911624,0.1588190790483415,0.9984166622161864,0.0557222456022234,0.0202890224911624,-0.1586234349288011,0.999491572380066,-0.1138689039927301,0.1857991957210879,1.076473012869598,0.4740192890167236,0.0567139782856824,0.2730819011491925,0.5572726955894104,0.9618771076202391,-0.0933937955957102,0.4535927748345775,2.039561017649807,0.6752853393554688,0.0299033884123562,0.5426973809854112,1.256677370784126,0.9689720869064332,-0.111075438961524,0.517096458322326,2.146915826715852,0.7216616868972778,0.0096163972683142,0.6003493338039716,1.3307058989917084,0.9542449712753296,-0.0433714374654196,0.4684221891989144,2.1340304115458077,0.5886740684509277,0.0971818952348331,0.5700940145029936,1.2211076121273248,0.8987114429473877,P9,P9/grant_DTL_1_frame368.jpg,2
0.3752249768035864,-0.381426746274306,0.0829821990289921,0.9922022819519044,0.3876446440375163,-0.4036066135120286,0.023963126390096,0.9916630387306212,0.3813547359683801,-0.4105414957779413,0.0239441453271194,0.9923502206802368,0.3731158245535559,-0.4203409769941091,0.0239408338295646,0.9918912649154664,0.3985302334505418,-0.3954655743721438,-0.018898631887907,0.9923255443572998,0.4002016537621884,-0.395347447229877,-0.0190106439817757,0.992218852043152,0.4016715964199849,-0.3956740766533875,-0.0191280072351892,0.9913232922554016,0.3384969487311429,-0.441876563047623,-0.131330756342788,0.9905588626861572,0.3755927774737482,-0.4029200270606028,-0.3491728073406451,0.9891318082809448,0.3424292280440619,-0.3802587050915721,0.05936102709033,0.9916775822639464,0.3515376812282547,-0.3704373309783709,-0.0014266051316246,0.9917179942131042,0.0922040621449038,-0.4450608297951375,-0.067326044975523,0.9967291355133056,0.2958949461326274,-0.2544955723441015,-0.3373489104111662,0.9994213581085204,0.0957386782460959,-0.3469069082479694,0.4037536581787223,0.1198426410555839,0.2430126690986327,-0.1831126947968533,-0.0130842593958584,0.5107132196426392,0.1651939098349779,-0.3836993864892337,0.8994765732440934,0.0535243153572082,0.2553752572974193,-0.3239484098895668,0.4954010737286938,0.2777629196643829,0.1697181478832241,-0.3989216910497282,0.9360900022382524,0.067262478172779,0.2691783036192927,-0.3490107684020264,0.5288082800771624,0.3163065314292907,0.1840095790620853,-0.3944621866754442,0.9239826316679044,0.0685165077447891,0.257571099119588,-0.369194822445152,0.5124009240254476,0.3100350201129913,0.1882677002842329,-0.3830584128650085,0.9046233885829424,0.0685946345329284,0.2442748339883247,-0.3647929956168654,0.5031920785206137,0.292748361825943,-0.0819286387974004,-0.0276474213932544,0.1130152374360382,0.9985355138778688,0.0819286387974004,0.0276474213932544,-0.112799238018832,0.999539077281952,-0.0829029514668168,0.1688976210027535,0.8893572037266672,0.5124947428703308,0.0783646011626411,0.3157750826641291,0.3286449875632375,0.9636937975883484,-0.0586585367879837,0.4475977913036014,1.504915852044561,0.6811544895172119,0.0628906385382614,0.5953988497146468,0.5141804227971255,0.9698385000228882,-0.0584949858219439,0.4977216263125249,1.5760354478171248,0.7326235175132751,0.0411063554745618,0.6457765793280158,0.5382331249992025,0.9567354321479796,-0.0324331141830511,0.4826323486645084,1.534948622696751,0.5442164540290833,0.1363014598628029,0.6466834177737694,0.3948894919247372,0.8749563694000244,P9,P9/grant_DTL_1_frame370.jpg,2
0.3531473775307015,-0.3814282831430318,0.2149037190513115,0.9929571151733398,0.3627644465853615,-0.4052324331660901,0.149548042661302,0.9924787282943726,0.3580947936366668,-0.4116704249132178,0.1496227381238552,0.9930983185768129,0.3528890510142163,-0.4196050662517536,0.1494604506485765,0.9926815629005432,0.3714172548503593,-0.3977888495166997,0.1507538489142131,0.993079423904419,0.3726123822512111,-0.3978294178541529,0.1508897076431914,0.9929856061935424,0.3733747053834109,-0.3981071245095607,0.1510619676972452,0.9921799898147584,0.3283075766143986,-0.4388522562913685,0.0101434121570916,0.9914756417274476,0.352852098795979,-0.4055793263524331,-0.0521535641439708,0.990200698375702,0.3263045855799719,-0.3799708175934398,0.201819187181652,0.9924454092979432,0.3331282025403568,-0.3712243292400053,0.1814243595568253,0.9924976825714112,0.0915908755596754,-0.4401829881628161,0.1642356171299245,0.996984601020813,0.2921928289866755,-0.2617501056037331,-0.1208975301138038,0.9994671940803528,0.0611177824255058,-0.3583167612044735,0.5561882338632312,0.1592779457569122,0.2503875527541216,-0.1862970095729089,0.1283140069945407,0.503706157207489,0.1426094585356901,-0.3638068212002733,1.1688769744300411,0.0541366003453731,0.2285371523921049,-0.3167159087113429,0.6202116245805677,0.2593690454959869,0.1513055472275531,-0.3660852588155979,1.233153041477588,0.0663244724273681,0.2304100761384851,-0.3387225932257213,0.6709887750970589,0.2962847054004669,0.1658232488458229,-0.3627891096484512,1.210647445515142,0.0675534382462501,0.2165368347667223,-0.3591400498465787,0.658443044990567,0.2903146147727966,0.1690059987744337,-0.3559589949738503,1.1734416469177498,0.0674646571278572,0.2094505971482834,-0.3539682083417772,0.6325468287464594,0.2737473249435425,-0.0691629131566458,-0.0236559456370694,0.173940687835815,0.9986311793327332,0.0691629131566458,0.0236559456370694,-0.1739534290058647,0.9995813369750975,-0.0281507535714896,0.2499448324085574,0.6457540261601454,0.544868528842926,0.0821373228958089,0.3120738286716693,-0.0598376691603478,0.9671262502670288,-0.0255964173603651,0.5411909161830227,1.1622959764682976,0.6990322470664978,0.0547705326699517,0.6314052933624245,-0.0944748507008062,0.9726043343544006,-0.0178876422181657,0.5931585044457576,1.142061755388333,0.7485083937644958,0.033760541014453,0.6287384054407054,-0.102840212801805,0.9605512022972108,0.030755828455362,0.6035386876586959,1.348333783745849,0.5528575778007507,0.1572770030939683,0.7039837441222041,-0.2698461162622779,0.8849027752876282,P9,P9/grant_DTL_1_frame372.jpg,2
0.3343737871985863,-0.3785579633971336,0.4416382684377999,0.993640124797821,0.3425618710718912,-0.4012733797791405,0.392263291940322,0.9932172894477844,0.3382856757348872,-0.4075314596399039,0.3923030325207932,0.9937760233879088,0.3336704333633973,-0.4147931796945948,0.392293206253978,0.9933993220329284,0.3520767459414209,-0.3921726779729325,0.3625540505673211,0.9937607049942015,0.35444550229411,-0.3912484372812204,0.3625305056343707,0.9936780333518982,0.3566138136916003,-0.3906082328615747,0.3625030410825245,0.9929539561271667,0.313430719046868,-0.4328585670874117,0.2665950023240459,0.9923076033592224,0.342665958729235,-0.3968059397035127,0.1257141137719084,0.991165578365326,0.3119782824893726,-0.3774749509205664,0.419531971720029,0.993150234222412,0.31866515232559,-0.3669804435228457,0.3759545198630592,0.9932081699371338,0.086844301136024,-0.4421406057067013,0.3246728120902335,0.9971982836723328,0.2859194584088326,-0.2657062559590012,0.0349284827260546,0.9995096325874328,0.0657980707925346,-0.3772532202571976,0.8637524796424602,0.1932563334703445,0.2483055978235043,-0.225586071285572,0.3884550555481542,0.4946469664573669,0.1440975210770098,-0.3883074165697461,1.4275751769875706,0.0550270564854145,0.2134322041161491,-0.3754939102036526,0.9778364717101078,0.24326953291893,0.151521823657149,-0.3918161287512939,1.5048137715300702,0.0660965219140052,0.2138795850617824,-0.4023356509390509,1.04862348242844,0.2793447971343994,0.1637657331828724,-0.3873605019715049,1.4764542400360043,0.0674475654959678,0.1942224785427912,-0.4217487611817792,1.0191517590726935,0.2740138173103332,0.1672264300329468,-0.3809112045916934,1.4297654818021983,0.0672813281416893,0.1884242734128914,-0.4149262834195977,0.9868079349710572,0.2581267356872558,-0.0680685644770721,-0.0240908759795211,0.1849530153674589,0.99873685836792,0.0680685644770721,0.0240908759795211,-0.1850217175764379,0.9996210932731628,-0.0109727281225825,0.2651410686898889,0.571211777794339,0.5764362215995789,0.0790063698840763,0.3213048523344504,-0.1287012172249839,0.9702786803245544,-0.0053376226900687,0.5536108652406732,0.9742682030970043,0.7132119536399841,0.0363480686581691,0.6325167132318178,-0.1876512238542117,0.9751163721084596,-0.021364563280894,0.5679755063456241,0.971211989141315,0.7627354860305786,0.007407889176013,0.6338269547260382,-0.1996821538101427,0.9640781879425048,0.0383018353602664,0.6035138198473291,1.0089206827282609,0.5517687201499939,0.1564529219846579,0.702529708096534,-0.3358423377448755,0.8933347463607788,P9,P9/grant_DTL_1_frame374.jpg,2
0.3332175093792553,-0.3766401899799883,0.4482410275408732,0.9942400455474854,0.3405224062734333,-0.3992161730911366,0.3957068449897816,0.9938703775405884,0.3361023074424193,-0.4056311294827331,0.3957298012994678,0.9943765997886658,0.3311115572742596,-0.4130613037761949,0.3957228578904419,0.9940359592437744,0.3498049367678195,-0.3897879924818365,0.3665104290222609,0.9943636655807496,0.352053955393673,-0.3887621172544898,0.3664629285690415,0.9942936897277832,0.3540193169221148,-0.3880922935830023,0.3663538255450466,0.9936441779136658,0.3109546793976593,-0.4305638886218257,0.2568080381187291,0.9930413961410522,0.3424203790569112,-0.3932842949631587,0.1221575479863967,0.9920240044593812,0.3120787581115767,-0.3754697142228131,0.419453572982486,0.993760108947754,0.3186625093148398,-0.3648752023718027,0.3783809672126142,0.993823230266571,0.0866481199427439,-0.4392718116506678,0.3281714541508318,0.9973483681678772,0.2913838467727893,-0.2657755854377733,0.0399341389937434,0.999544620513916,0.0811663254292926,-0.3950888008491688,0.8856652464921575,0.2162822484970092,0.2357939452642584,-0.245884333325068,0.4623257596621986,0.4866212010383606,0.151504296833058,-0.3998160244236042,1.4483789753243712,0.0548545904457569,0.1815419148777889,-0.3791236159415586,1.0944518873275724,0.228668138384819,0.1584758024442439,-0.4031379881310143,1.5313571268228332,0.0649398937821388,0.1783210342878245,-0.4010595674501791,1.1784397935029682,0.263770043849945,0.1699989548838013,-0.3957624999117405,1.5030838882189284,0.0663980767130851,0.1583703056869523,-0.4208230931317349,1.1385539455153129,0.2590256333351135,0.1730628821348563,-0.390181021727624,1.4512100561611183,0.0661296918988227,0.1524565665422433,-0.4157038091592832,1.1016671119780523,0.2437266707420349,-0.0699438925728925,-0.0234919479413575,0.1770841117210184,0.9988109469413756,0.0699438925728925,0.0234919479413575,-0.1772012750202197,0.9996538758277892,-0.0172722682005028,0.2773527780530046,0.4422238908090433,0.6038638353347778,0.0813528286252189,0.3182704489168234,-0.1354591550718984,0.9730420112609864,0.0151916676121828,0.5964644290470382,0.7177428284185254,0.7270163893699646,0.0432315753778942,0.638374953576674,-0.2196869183517232,0.9772499799728394,-0.0088591171060013,0.6474730800453046,0.7412703276905928,0.7759613990783691,0.0247023079317741,0.6964681424260816,-0.2331196562917921,0.9670709371566772,0.0777116295772493,0.6174954229126262,0.6745679575476755,0.5491042733192444,0.1665127176543228,0.6972808980562363,-0.3847395958712996,0.8994695544242859,P9,P9/grant_DTL_1_frame376.jpg,2
0.3326425351319221,-0.375852197747374,0.4518820488985746,0.9948020577430724,0.3405918975150179,-0.3964352383737978,0.4031697475088002,0.9944708943367004,0.3361906294485053,-0.4025503351475603,0.4032524886088536,0.9949283003807068,0.3313586124268597,-0.4096322726074923,0.4033212156161886,0.994619607925415,0.3503016617556005,-0.3867714677533021,0.3602438439286158,0.9949179887771606,0.352778468247615,-0.3853233799621103,0.3601031498135617,0.9948573112487792,0.3549608734234256,-0.3842590991839008,0.3599470718072527,0.994272530078888,0.3106294511757954,-0.4260182768607221,0.2692077707845149,0.9937177896499634,0.3434974509489198,-0.3875785951985855,0.0750811932234876,0.9928082823753356,0.3108261753194434,-0.3749801629252897,0.4244960092103293,0.9943398237228394,0.3179168847584642,-0.3644911413711832,0.365179807585349,0.9944031238555908,0.0845856128094408,-0.4356947444599588,0.3443451191624243,0.997416079044342,0.2841252192953458,-0.2742716788930021,-0.0577425006737742,0.9995750188827516,0.0707225667219897,-0.4118436279485237,0.8719367234352021,0.2357144951820373,0.2134539409916317,-0.2626129020733847,0.202702142027916,0.4815585613250732,0.1365669384062901,-0.408319636817725,1.3643766630364709,0.0540577657520771,0.1505657526025202,-0.377751897579099,0.6846330531137632,0.2197123914957046,0.1419517218219248,-0.408931041125983,1.4455433377259417,0.0634775906801223,0.1437382552207211,-0.3916583557432416,0.7446828608818145,0.2572425603866577,0.1524943235726275,-0.4005465306270702,1.4106849153103365,0.0650814250111579,0.1256054944108092,-0.4113966784914701,0.7191166248914317,0.2534437477588653,0.1573896674343012,-0.3965080484344623,1.362022716936258,0.0651849135756492,0.1209258411340565,-0.4094100754795234,0.6944829055969703,0.2366653829813003,-0.0663041234892132,-0.0226782001723787,0.1881229678998725,0.9988672733306884,0.0663041234892132,0.0226782001723787,-0.1881809077437335,0.9996830224990844,-0.0073825555541087,0.2903872006198556,0.4290340727345232,0.6314958333969116,0.0899462666970115,0.3303762561380377,-0.1465165227598577,0.9756061434745787,0.0186414038856618,0.6115814600880108,0.6450506697072093,0.7428961992263794,0.037979218615676,0.6538051838646224,-0.2198563925218195,0.979280948638916,-0.0084354564675544,0.6730658157155675,0.6648884082184436,0.7896020412445068,-0.0065490858292795,0.7131173551208321,-0.233196452162308,0.9698793292045592,0.1008640878775646,0.634609880866951,0.5874552774935585,0.5521779656410217,0.1632407091978965,0.7202550591865626,-0.3808443231440989,0.90640389919281,P9,P9/grant_DTL_1_frame378.jpg,2
0.3252541227288226,-0.3894750385677044,0.4582673749616009,0.9952932000160216,0.331715941785232,-0.4109151014737175,0.4057865697914296,0.9949992895126344,0.326928230412037,-0.4166807802612548,0.4058550898013516,0.995415210723877,0.3218251908953962,-0.4229247381402038,0.4059204690927135,0.9951326251029968,0.3428054002588842,-0.4004510385833686,0.3630099306559625,0.995406985282898,0.3459592051464356,-0.3982742327219368,0.3628571608706626,0.9953572154045104,0.3490147055430521,-0.3961790593704159,0.3626968010155088,0.994829535484314,0.3007624853243931,-0.4331595547483116,0.2587833793219839,0.9943100810050964,0.3395340278065619,-0.3933964874166822,0.0639930436210107,0.9934994578361512,0.3047424038839003,-0.3850079683868528,0.4263375737910092,0.9948168396949768,0.3129593611623778,-0.3741437517792776,0.3671249262862137,0.9948855638504028,0.0778749018802245,-0.4372907774244572,0.3403512427759305,0.9973465204238892,0.2843509745598344,-0.2760060853453374,-0.0823445696970519,0.9995934963226318,0.0584561530942578,-0.4114945902207322,0.861823746676075,0.2403467744588852,0.2187386418808123,-0.2696602634944186,0.1588199739300074,0.4597689509391784,0.1225505764931269,-0.4127974911427836,1.3496604634290272,0.053371611982584,0.155782728960022,-0.3936892547318038,0.6268899371941935,0.2072328627109527,0.1277677287841223,-0.4146010487759883,1.430861752681687,0.0629271045327186,0.1499494723781307,-0.4090077169194429,0.6822969760195738,0.2470885962247848,0.1384584206912455,-0.4086505125285276,1.3945804859459143,0.0646804049611091,0.131514396645224,-0.4309262159527958,0.6563648480475008,0.244124174118042,0.1440223083112889,-0.4032621649033457,1.3470370212156777,0.0650923177599906,0.1252188262912687,-0.42828788149894,0.6359034330448513,0.2266623824834823,-0.0684602839241176,-0.0213595558202528,0.1887984990044455,0.9989218711853028,0.0684602839241176,0.0213595558202528,-0.1892228231682582,0.9997092485427856,-0.0100168507400286,0.288221753149374,0.4885887094668868,0.6575512290000916,0.0848465642495759,0.3424961965166307,-0.1230836611234144,0.977949321269989,0.0092427683055537,0.6041058037803354,0.7231690310748159,0.756035566329956,0.0256030330122716,0.6655550093171709,-0.1960599711789409,0.9811612367630004,-0.0113814929544429,0.6605894285828489,0.7490792263622768,0.8021856546401978,-0.0177335438971728,0.7151697779378708,-0.2070104397699761,0.9725660681724548,0.0805354045725845,0.6296710434792657,0.6563062736463527,0.5492522120475769,0.1501957047132517,0.7248755405045099,-0.3658975858181901,0.9126213192939758,P9,P9/grant_DTL_1_frame380.jpg,2
0.318695236712206,-0.3899439401058173,0.4583427963436475,0.9957414269447328,0.3256666018918496,-0.4108333632207184,0.4036342726083108,0.9954798817634584,0.3212408687155783,-0.4165839899519285,0.4037101116838621,0.9958581924438475,0.3165307259931075,-0.4227140983442965,0.403778871751675,0.9955999851226808,0.3357061964108541,-0.4007236813199502,0.3595886083821307,0.9958513379096984,0.3384020491225593,-0.3988536000660926,0.359438257544979,0.9958107471466064,0.3409027086061811,-0.3971985696980555,0.3592692462352226,0.995334267616272,0.2959005194851011,-0.4334386649392912,0.2492779142617642,0.994847536087036,0.3317496557033677,-0.3968485492014564,0.0495531810450328,0.994124710559845,0.2981335300143751,-0.3866078536059986,0.4240264214553467,0.9952590465545654,0.3061781976908398,-0.3755566376502474,0.3630318429512854,0.995330810546875,0.0704641567455348,-0.4379521049393813,0.3338745291842833,0.9973155856132508,0.2822502146072466,-0.2800956457298985,-0.1021918074721434,0.9996083378791808,0.0342841810185488,-0.4282399926055733,0.8837772636690965,0.2637082636356354,0.2250899337983639,-0.2684328243261527,0.1558856972885799,0.4462044239044189,0.1018212981930365,-0.4304451815934044,1.4127643410691542,0.0551962815225124,0.1663105381754115,-0.3949899973609377,0.647183551909229,0.1962797939777374,0.1083548059234435,-0.434113695173531,1.5023641748396703,0.0647623687982559,0.161285067299413,-0.4114374992745183,0.7078461717967299,0.2380073815584182,0.1185931331744005,-0.4270831213813687,1.4632222589924555,0.0667662993073463,0.142881104622107,-0.4340803561701743,0.6804534308373654,0.2357413917779922,0.1229426629144281,-0.4212353404741005,1.410424937217693,0.0672141164541244,0.1367634885963363,-0.430841892310161,0.6572639548257848,0.2175929546356201,-0.0699052794948864,-0.0212103468076339,0.2003569087777455,0.9989805221557616,0.0699052794948864,0.0212103468076339,-0.2010412822611696,0.9997328519821168,-0.0161788900059741,0.2868631771278955,0.4864843505774673,0.6851975321769714,0.0901849710167825,0.3413849660083657,-0.1263079112825225,0.9800998568534852,0.0063638457765568,0.5947332836939984,0.708347636212558,0.7718811631202698,0.0332008325769223,0.6641826178338459,-0.2000174937798722,0.9829190373420716,-0.0132494820904262,0.6528988877048018,0.7305359531444172,0.8162053823471069,-0.0093049132342623,0.7114561274084314,-0.2095878828172098,0.9750805497169496,0.073893988046361,0.6238211346975665,0.6612672898564836,0.5506023168563843,0.1558295467033012,0.7201992224807423,-0.3805440328338877,0.9188925623893738,P9,P9/grant_DTL_1_frame384.jpg,2
0.3296724990882052,-0.3297401880815938,0.2945215213341378,0.9939209818840028,0.3453392257837899,-0.3469114856852504,0.2517157950452401,0.9928340315818788,0.3445480223696083,-0.3501525297358595,0.2515377742770493,0.9927863478660583,0.3432576929055063,-0.3541219690075438,0.2513694990541589,0.9927076697349548,0.3427127130213548,-0.3483702027590915,0.167009827251394,0.993938684463501,0.3401675041162538,-0.3523140178292938,0.1666800039612655,0.993751585483551,0.3377087367529943,-0.3565337265575581,0.1659934648136636,0.9933711886405944,0.2874682190472511,-0.3981959166618964,0.1408791142979759,0.9899778962135316,0.3070693845388115,-0.3774016523855416,-0.2431917502917117,0.9886576533317566,0.3072077166941807,-0.3345951714992319,0.2770599445557977,0.9927284717559814,0.3030523574643749,-0.336726925243578,0.1621317724192637,0.9933375120162964,0.1274225392012716,-0.4137229625599287,0.2967572810792361,0.9963399171829224,0.180503297344969,-0.3246412288708976,-0.5003139146891118,0.9995680451393129,0.0941864727947983,-0.4166323690755674,0.9868980097420316,0.2520678639411926,0.2620713601046976,-0.2049448038533206,-0.2574675131279003,0.471364289522171,0.2062703264563002,-0.437182079569357,1.6368845229245472,0.0564707107841968,0.295780864138553,-0.3290838488857386,0.5856021426903182,0.2032768130302429,0.2278371700404963,-0.4560710977670977,1.7631919277034285,0.0669806152582168,0.2986199485974929,-0.369192274752844,0.6650744797183108,0.2452332526445388,0.2326254920016473,-0.4639445992751062,1.716451714452763,0.0689591094851493,0.2764661245582953,-0.3869745714865756,0.6573193376171478,0.2418837547302246,0.2272727953973284,-0.4541530716982707,1.6328766152401115,0.0694488659501075,0.2691963009799383,-0.3727112675353181,0.6106234368953607,0.2233174294233322,-0.0019116039631923,-0.0169167253363014,0.3748287320946273,0.9988895654678344,0.0019116039631923,0.0169167253363014,-0.375550351994258,0.9997363090515136,0.1048636087386439,0.2366186288431233,0.8953663711955169,0.6451455354690552,0.0874397939414352,0.2973955099372018,-0.4808320719202421,0.9807273745536804,0.1575993713676511,0.5276667864553208,1.4046222652175924,0.7639310359954834,-0.0003449955146902,0.585966918290363,-0.6682037791308779,0.9835634231567384,0.1288833113489156,0.5607159695878274,1.4516332344418124,0.8102070689201355,-0.0541749565017189,0.6214810340075383,-0.7085564376752668,0.9750086069107056,0.3220493312578331,0.611292234976147,1.4728093571191998,0.5717303156852722,0.127773699937371,0.701656655823575,-0.969160282421404,0.9246311783790588,P9,P9/random_1_frame43.jpg,3
0.3965136861975012,-0.295450739462095,0.0867357121638731,0.9903691411018372,0.4184985840115546,-0.3217416943188396,0.0419644253906996,0.9884132742881776,0.4183244881984838,-0.3268789606946134,0.0418114861458901,0.9883326292037964,0.4140929127480012,-0.3335658107058254,0.0415666884523419,0.9885867834091188,0.4101370108180653,-0.3189106084202706,-0.0369984732219608,0.98911714553833,0.4057050288338899,-0.3206417491179114,-0.0371130017598921,0.9885568022727966,0.4018946867115743,-0.3212787041753571,-0.0375193984923352,0.9875054955482484,0.3573766856209556,-0.3741415888232496,-0.0224295293576988,0.9837273359298706,0.3722982675904196,-0.3197971880758563,-0.3868742431911164,0.9755967855453492,0.3602877508742511,-0.2980752011193615,0.0935989159977617,0.9887434244155884,0.3523962363760531,-0.2760671996128216,-0.0157269704309288,0.9880186319351196,0.1475429290998689,-0.3858157602825117,0.2435723470022522,0.9961751699447632,0.2345706771727354,-0.3170278865560614,-0.596899210583589,0.9995056986808776,0.0917049040855244,-0.3603126217046897,1.097135386134592,0.2314018160104751,0.3283240213926554,-0.2054838482773588,-0.5096154238563115,0.4904378056526184,0.2061426634857691,-0.3676279183313554,1.8330324320757447,0.0588147342205047,0.3549350245674136,-0.327829811812017,-0.004463766946382,0.2423741668462753,0.2187543998030162,-0.3825913880152425,1.977119362937496,0.073679432272911,0.3550953759741894,-0.3589623974100838,0.0078530362964674,0.2873739898204803,0.2276258250204988,-0.3927302438417916,1.8889762235690075,0.0758353024721145,0.3343241746855443,-0.3601397694331408,-0.0065019463292476,0.2839252948760986,0.2269810160165987,-0.3836821048290868,1.8196616118336872,0.0759892761707305,0.3288503667042027,-0.3310095474836041,0.0065939193147054,0.2611827552318573,-0.0032659327339233,-0.0205938329978849,0.4182009848904895,0.9988480806350708,0.0032659327339233,0.0205938329978849,-0.4192009231732326,0.9997227191925048,0.0591644331359661,0.1901940471182946,1.0286088524764094,0.6160605549812317,0.0239250843864867,0.2653870759764619,-0.3068526735023841,0.9806223511695862,0.0563956552126015,0.4622298814656651,1.6166885393386683,0.766079843044281,-0.1149198608134326,0.5480636987783667,-0.2122462597984169,0.9841864705085754,0.0242582226152577,0.4967796537164548,1.670003484054561,0.8124033212661743,-0.2052698282364785,0.5914159124169485,-0.2050450090192235,0.974754810333252,0.229484068751592,0.513225163096273,1.6630753869880937,0.5985875129699707,0.0383900902687393,0.6537935259464864,-0.397857856408382,0.9298099279403688,P9,P9/random_1_frame44.jpg,3
0.4488027603612842,-0.2722388485519658,0.3132458670010709,0.9911059737205504,0.4740570565307125,-0.2964895252853705,0.2698253711704079,0.9892871379852296,0.471742285336788,-0.3009100893555226,0.2698097267114366,0.9892013669013976,0.4691337392051398,-0.3060737347901157,0.2698268016948663,0.9894375801086426,0.4744343497474574,-0.2955394135514312,0.1958791878509801,0.9899308085441588,0.4739345792877162,-0.2984254205546385,0.1958597844607191,0.9894020557403564,0.4737603596706907,-0.3010909441711001,0.1957144644814235,0.9883997440338136,0.431942416473785,-0.3363783910317038,0.1575901354362496,0.9850446581840516,0.4467817641050833,-0.3103111308562043,-0.2016457689081216,0.9772336483001708,0.4135361321970546,-0.2748082530994953,0.2961551173656886,0.9895188808441162,0.4137080386255941,-0.2669866323477108,0.1932443748553394,0.988765299320221,0.1354931893667761,-0.3575533184326669,0.2685550654512995,0.9963834285736084,0.3304942482570988,-0.2927202455207935,-0.5179008658543159,0.9995337724685668,-0.0134396251037356,-0.3584079807048675,0.8578679253285441,0.2500115036964416,0.3188265255336491,-0.2427159282718877,-0.8380691624566151,0.5184066295623779,0.1006256470897649,-0.3495159624178711,1.5593695441133923,0.0649774298071861,0.2831643421383113,-0.3105973574946578,-0.9950034785203894,0.2816463708877563,0.0938851375882854,-0.3633509601325713,1.6982581289373484,0.0784616768360138,0.2512199396270461,-0.3370067869459436,-1.0420179996511234,0.3275085985660553,0.1301056516360893,-0.3688260337854392,1.6494916110219844,0.0808381810784339,0.2512601160586453,-0.3386966928817385,-0.9953319512854032,0.3238533139228821,0.118360376224977,-0.3579689010061935,1.5616420691807569,0.0816165953874588,0.2540348465209991,-0.3238918604575868,-0.9739527936904776,0.2978562414646148,-0.0426150192504808,-0.0176172435094751,0.3769148278073583,0.9989002346992492,0.0426150192504808,0.0176172435094751,-0.3781522314639222,0.9997361302375792,0.0622771213815914,0.1919842958642744,0.6519551302360295,0.5988463759422302,0.0503071014470486,0.247194869914621,-0.293424337484569,0.9811434745788574,0.0696437744822059,0.4280196140417941,0.9597382504439276,0.770246148109436,-0.0830380489169395,0.4881490007875038,-0.2455577412003359,0.9849193692207336,0.0421568861834878,0.4693919640882363,0.9819026746564736,0.8132133483886719,-0.1849885442753778,0.5198797377307188,-0.2419871825887218,0.9749956130981444,0.2538266595572579,0.4724413552466136,0.969922367120506,0.6217528581619263,0.0230727159335931,0.5849128405732512,-0.3613719360727153,0.934931755065918,P9,P9/random_1_frame45.jpg,3
0.2160874922616739,-0.3722156960863556,0.2938858652715834,0.9914562106132508,0.2207446689160069,-0.4024688752955738,0.2933856117010991,0.989980697631836,0.2186513496519107,-0.4069093324059189,0.2932487838493853,0.9899527430534364,0.2165006516151212,-0.4115992624410179,0.29316420448038,0.9902319312095642,0.2236734810526174,-0.3970213523205932,0.2407136084652259,0.990490734577179,0.2235192102149551,-0.3972107907931321,0.2406154287980647,0.9899815320968628,0.2234700399062375,-0.3972182749808748,0.2404066561738573,0.9890964031219482,0.2006391630592693,-0.4323132408087438,0.2774294039089777,0.9860439896583556,0.2126631142313103,-0.4094674760614274,0.0408187448591421,0.9785609245300292,0.2028886845643162,-0.3667562627910964,0.2951801469002339,0.9895028471946716,0.2054164086180321,-0.3603642836080798,0.2257051965993267,0.9887914657592772,0.0907914057819137,-0.4424687202495153,0.334336994675134,0.9965052008628844,0.1853933897767374,-0.3083454769405924,-0.1557417823355083,0.9995467066764832,0.0322618386291721,-0.2789616706365729,0.3694884741679735,0.2383862286806106,0.1403582154996185,-0.2089134556971225,-0.3295594674533916,0.5256183743476868,0.0222573305454452,-0.1317254061263529,0.3321491171250424,0.0629283413290977,0.1366611072299029,-0.1898062439150856,-0.3680217745582632,0.2832491099834442,0.0151165302124819,-0.0934446710493767,0.3464155683464256,0.0759764090180397,0.1377627313805338,-0.1760561010540217,-0.3976887728694469,0.3299857079982757,0.0229861133862746,-0.0934330826296462,0.3183185192457455,0.0781958922743797,0.1348308611887166,-0.1958771273014028,-0.3725840710260526,0.3252179324626922,0.0276737901175371,-0.1041530146814576,0.3174853601522046,0.0788951590657234,0.1294562486878738,-0.2028177859686039,-0.3570127758142854,0.2968067228794098,-0.0291799627819544,-0.0181794944025005,0.1961276866405064,0.998827576637268,0.0291799627819544,0.0181794944025005,-0.1962772698014375,0.999701201915741,0.0267847008037691,0.3116225854702142,0.2413167494983869,0.5872800946235657,0.068703716825301,0.3530027399742778,-0.1681379712538233,0.9827423691749572,0.0181981646342885,0.6648208800274443,0.2802508219752386,0.7648177146911621,0.0187788732230059,0.7350479911964845,-0.2100937442941879,0.9860358238220216,-0.0055347580235074,0.7223525554811704,0.2772348150276697,0.8029391169548035,-0.0140016276642431,0.7898478576490184,-0.2184197220887904,0.9763156175613404,0.0882842833632742,0.7163626300826926,0.2171798014151951,0.628774106502533,0.0939833716165711,0.8043316118591328,-0.3144058784403132,0.9399498105049132,P9,P9/rob_DTL_1_frame941.jpg,4
0.2113135528758403,-0.3676447092079795,0.2372209834882654,0.9921404719352722,0.2156841701275669,-0.3972442752773842,0.2430319267425441,0.9908504486083984,0.2139586154527371,-0.4013851337422705,0.2429252811602436,0.9908455610275269,0.2122459039474048,-0.405719979221286,0.2428792072745766,0.991102695465088,0.2181874850852847,-0.3927820224052545,0.1859362378731072,0.9912676215171814,0.2180373854663098,-0.3933580740138244,0.1858538012713474,0.9908117055892944,0.2179283367142566,-0.3939462596598338,0.1857155205200082,0.9899699687957764,0.1972016673337682,-0.4249055470545143,0.2591005834066282,0.9872881770133972,0.2064172323916724,-0.4081750731990496,-0.0002646988336725,0.980342984199524,0.1990337494022223,-0.3614717934342411,0.25048813516418,0.990232527256012,0.2010197131272947,-0.3565720060822333,0.1740666672951285,0.9895551800727844,0.0871788042100485,-0.4344398275763311,0.3267613550368528,0.9967343211174012,0.1789719307224742,-0.3199896166362328,-0.1864482509172037,0.9995673298835754,0.0266373638776134,-0.2630144014242304,0.3469828072221353,0.2451291233301162,0.1592783879582583,-0.2718321433975128,-0.4902307922512242,0.5501432418823242,0.0004171272350935,-0.0730104244806771,0.2786772178718131,0.0797963440418243,0.1542320466475664,-0.2861239121050021,-0.6939640385952526,0.3181779980659485,-0.0114461005505872,-0.0201731524128774,0.2925279064391335,0.0921003967523574,0.1537385695275454,-0.2821720767298381,-0.7515884248102652,0.3655934035778045,-0.0087736969932262,-0.0214109818166024,0.2582741884834189,0.094466246664524,0.1511742692128268,-0.293819334407587,-0.7168245651311631,0.359692245721817,-0.0032345089021205,-0.0408481339455719,0.2619131193379245,0.0933608412742614,0.1464112655555909,-0.2947017310652774,-0.684099538911691,0.3262722492218017,-0.0280648467106678,-0.0175807231931855,0.1959908243444783,0.9988461136817932,0.0280648467106678,0.0175807231931855,-0.1961029263040041,0.9996954202651978,0.0246689708690928,0.3089619827924045,0.2799161897660762,0.5817903876304626,0.0657846051854889,0.3475843087923477,-0.1751570760232094,0.98425954580307,0.0146049686998385,0.6509030974584513,0.367515883550749,0.7664321064949036,0.017031067055669,0.7202595220283872,-0.2050213847276565,0.9872099161148072,-0.0080825296138834,0.7055357343125832,0.3685588592233847,0.7941759824752808,-0.0146194665108051,0.7732805380916984,-0.2129654563071863,0.9776777029037476,0.08361990678755,0.7015125917693497,0.2967711950901969,0.6453964114189148,0.0910292337008971,0.7880257573541487,-0.3245204386387629,0.9450898170471193,P9,P9/rob_DTL_1_frame942.jpg,4
0.2097120077909805,-0.3693012784773904,0.2506919557276333,0.992717981338501,0.2138216433707241,-0.3986071138917175,0.253945332477917,0.9916004538536072,0.2121908380845112,-0.4026371102226189,0.253827731593023,0.9916247129440308,0.2105739579321823,-0.406837415634787,0.2537662223991113,0.9918570518493652,0.2163251946884533,-0.3941610846282593,0.1994980589914716,0.9919233918190002,0.2162681642244003,-0.3946354779533861,0.1994129435663829,0.9915157556533812,0.2162087868276702,-0.3950474428693027,0.1992482671235412,0.9906948804855348,0.1960167950782436,-0.4238523646192519,0.2646849746393192,0.9883790016174316,0.2043622529846684,-0.4078511340891065,0.0106733730946547,0.9818617701530457,0.1979633410406128,-0.3617812367934943,0.2586724264872277,0.990805685520172,0.1999849106175593,-0.3571557454113288,0.1865614335932836,0.9901233315467834,0.0859578565731649,-0.4334818293933066,0.3319566901419882,0.9969058632850648,0.1771417454850152,-0.3220170782146576,-0.1787403391202351,0.9995843768119812,0.0246748287403703,-0.2579161665475837,0.3448690443447408,0.2506903111934662,0.1676486374994988,-0.327823154964483,-0.5051786277852909,0.5764304399490356,-0.0061811557071672,-0.0589637889613051,0.2622294572103808,0.0931743755936622,0.1625985077649605,-0.3339107854044687,-0.7512726294741697,0.3577262759208679,-0.0193986111579401,-0.0043204683652345,0.2764469797904015,0.1052572503685951,0.1619572475264933,-0.3280842121092634,-0.8149623585362195,0.4044183492660522,-0.0166412781867293,-0.0039832923706275,0.2398255205283519,0.1076087206602096,0.1600632728560906,-0.3347775858732031,-0.7744910691417788,0.3975003361701965,-0.0108016402996216,-0.0241450086885198,0.2447585578800763,0.1051233932375907,0.1554741589304198,-0.335702199116883,-0.7403037702213062,0.3594257235527038,-0.0279531025348034,-0.017322318934073,0.1975519628578655,0.9988651275634766,0.0279531025348034,0.017322318934073,-0.1977212158194275,0.9996957182884216,0.0238197629350213,0.3076177074677078,0.2859972942599217,0.5774794816970825,0.0647297722778971,0.3451099569840429,-0.1833728517426596,0.9856799840927124,0.0123061023767184,0.6468050233789637,0.3728523049644446,0.7685219049453735,0.0163293708339455,0.7149540027585525,-0.2120645926642567,0.988319456577301,-0.0102113085002471,0.6998765249301054,0.3739406558778954,0.7890781760215759,-0.0147793000318242,0.7675523626819951,-0.2197065575007271,0.9791380763053894,0.0799206069546471,0.6999423955072421,0.298498270279927,0.6573551893234253,0.0904991713033125,0.7830585468794553,-0.3440553627855975,0.9497405290603638,P9,P9/rob_DTL_1_frame943.jpg,4
0.2087947536136035,-0.3701151491357907,0.2105700393372998,0.9932531118392944,0.212924927209836,-0.3998193682747968,0.2151294211491887,0.9922915101051332,0.2113808333038738,-0.403786968629335,0.2150021737670112,0.9923329949378968,0.2098048346924708,-0.4078760883766548,0.2149689983471994,0.9925391674041748,0.2152833730826113,-0.3955755732643354,0.1611152533490608,0.9925478100776672,0.2152134642427486,-0.396164793743492,0.1610283755849808,0.9921788573265076,0.2150924922346191,-0.3966980245925123,0.1608943836419104,0.9913962483406068,0.1956142785740182,-0.4242446098282818,0.2406441341055575,0.98936128616333,0.2024263241746506,-0.4105714886017441,-0.0067220869651228,0.9833476543426514,0.1971976277793217,-0.3625041565364134,0.227686307773242,0.9913702607154846,0.1991334927006222,-0.3579865128042525,0.1556008026158476,0.9907457828521729,0.0853997082224499,-0.4342762937551668,0.321663005659985,0.9970943927764891,0.1720542175621905,-0.3231651073433451,-0.1834564549108482,0.9995989203453064,0.0353578033211295,-0.2581329955445602,0.3236516345518643,0.2483622729778289,0.1658764343778074,-0.3407564079101109,-0.4905231164800563,0.5982298851013184,-0.0062156700220939,-0.072384347853301,0.2119962109496233,0.1016016229987144,0.1582103905219834,-0.352272911804909,-0.6915787503867713,0.3830296099185943,-0.0149337089815799,-0.0250397981222562,0.2180039334522485,0.1146166324615478,0.1577634118545834,-0.3472897565249818,-0.7501201313757472,0.4301935136318207,-0.0097662414694865,-0.0236241050161314,0.1841580847382181,0.1172787472605705,0.1552906407873122,-0.3550819334442271,-0.717482008698921,0.4221950471401214,-0.0044412053753758,-0.0394241284075769,0.1946178430125514,0.1133469864726066,0.1504733430569922,-0.354873458089558,-0.6822486571883525,0.3803615272045135,-0.0269983013088144,-0.0171177346448319,0.1973424110198205,0.998883068561554,0.0269983013088144,0.0171177346448319,-0.1975139770093718,0.9996994137763976,0.0231735683484923,0.3080281231612917,0.294998589439542,0.5718872547149658,0.0638405727077234,0.3448190967985117,-0.2113549302801551,0.9869636297225952,0.0114297434274291,0.6450827250643963,0.3796645089863071,0.77032470703125,0.0156349869188163,0.7125273956187139,-0.2635008253887994,0.9893131852149964,-0.0107754623724719,0.697284453407562,0.3803122996232457,0.7834612131118774,-0.0144390296516338,0.765443539130768,-0.2749579966971927,0.9804534912109376,0.0792571140514205,0.6993549749532962,0.3052938390764466,0.6697015166282654,0.0906878349514429,0.7825186559705382,-0.4063070884690189,0.9539877772331238,P9,P9/rob_DTL_1_frame944.jpg,4
0.2067526596767806,-0.3723236854068076,0.2590493369129455,0.9937784075737,0.2109379144054327,-0.4015038150489468,0.2376056474786548,0.9929620027542114,0.2095438431957212,-0.4054179440590528,0.2375023670604166,0.9930078983306884,0.2081264568897069,-0.4094066189957996,0.2374546062026054,0.9931974411010742,0.2133111416829563,-0.3971031880929078,0.2000570357788899,0.9931792616844176,0.2133608129750799,-0.3975189609808249,0.199971358648245,0.9928464889526368,0.2133056832992065,-0.3978556652812798,0.199921161011974,0.9921310544013976,0.1949922599800881,-0.4247682263599104,0.2394708356886612,0.9903241395950316,0.2008609582341043,-0.410972707270542,0.018664436382689,0.9848230481147766,0.195634243885981,-0.3648901465086204,0.2589481228828412,0.9919904470443726,0.197804497264921,-0.3598402058170815,0.2023617018576699,0.9914225339889526,0.0851802617698936,-0.4363524762153042,0.3101989737925351,0.9972593188285828,0.1714807398390777,-0.3213579765653603,-0.1381295960016052,0.9996157884597778,0.0481877034204169,-0.302384400720153,0.3642499170832184,0.2323077917098999,0.1684783948459287,-0.3566268553035454,-0.4454280139108121,0.5996891856193542,0.0349383346136763,-0.1692582419299607,0.3194885581079477,0.0999931991100311,0.1544514402855667,-0.3814817616623042,-0.6776962393223601,0.3967377245426178,0.0262943601305047,-0.1331878385265656,0.3310084380235487,0.1155700013041496,0.1550446106453538,-0.3793519003231131,-0.7349216226481342,0.4495998322963714,0.0331370679762261,-0.1390044482042261,0.297907609816576,0.1186746284365654,0.1528320158038972,-0.3893040154603914,-0.7098345790261853,0.4415945410728454,0.0390732942349191,-0.146038277458103,0.3057347566658103,0.1139549985527992,0.148326899787504,-0.3876491114843479,-0.6721481041482814,0.3961986899375915,-0.026936266059487,-0.0170245429619576,0.1908190916725964,0.9989004135131836,0.026936266059487,0.0170245429619576,-0.1910392984684474,0.999710500240326,0.0198715579489681,0.3074498588169236,0.2959602339426789,0.5752473473548889,0.0641105106109229,0.3439845367466986,-0.2206945609217833,0.9881162643432616,0.0093893557726688,0.6405923299443865,0.370560705432517,0.7713285684585571,0.0162094503142837,0.7092184054777381,-0.2977517924547455,0.9901764988899232,-0.0111004811013357,0.694313586856579,0.3711035806848949,0.7815447449684143,-0.0112883274792413,0.7617941815715694,-0.3103555904177004,0.9816935062408448,0.0719576390435273,0.680858982820844,0.3048603430833122,0.6708081364631653,0.0919605880870454,0.779048444512485,-0.4298688130549568,0.95735901594162,P9,P9/rob_DTL_1_frame945.jpg,4
0.2032634779641687,-0.3687125864531768,0.2177244569722176,0.994233012199402,0.2075257056776913,-0.3972744923937324,0.2177449458690995,0.993538498878479,0.2061732850086039,-0.4009311849563376,0.2176237198958817,0.9935888051986694,0.2048421973482549,-0.4046290855250311,0.2175566897407269,0.9937706589698792,0.209643121901144,-0.3937494045433086,0.1703103103021995,0.9937258958816528,0.2095930890892826,-0.3945874541419867,0.1702454479797672,0.993427276611328,0.2093817541753773,-0.3953132368637428,0.1701593293860381,0.9927750825881958,0.1923279321250303,-0.4200190096312211,0.2398342212779358,0.9911424517631532,0.1967933605836588,-0.4093495125017812,0.0192124894446987,0.986087203025818,0.1924629900220795,-0.3610752158499314,0.2371070301599226,0.9924293756484984,0.19448954911479,-0.3570349895546833,0.1729644281915394,0.991921067237854,0.0861578449305273,-0.4299984836866463,0.3237920229448698,0.9973766803741456,0.1598237936020288,-0.3312459143254762,-0.135326823412886,0.9996240139007568,0.0567999415092384,-0.2903707185209982,0.3949126290503649,0.2168594151735305,0.1632663887028345,-0.3607665011227561,-0.4518262570791933,0.6199538707733154,0.0451343923890612,-0.1691829605490468,0.3400578665771208,0.0980472192168235,0.1635820097997453,-0.3806787161317299,-0.6891220229764979,0.4206601679325104,0.0353364791202373,-0.1338647065711669,0.3529906578063146,0.1152445077896118,0.1666284094900598,-0.3780536817327204,-0.7478731290421681,0.4741095304489136,0.0437906430508639,-0.1427977121367859,0.3189403941275062,0.1186816841363906,0.1642368103881091,-0.386420058030265,-0.7178085505220579,0.4652625322341919,0.0495131075387887,-0.1512112052234147,0.3252783504493838,0.113449826836586,0.1590421460228569,-0.3852850345329618,-0.6811371852381171,0.4164919853210449,-0.0256232839868351,-0.0163847482978632,0.1872444411281588,0.99886816740036,0.0256232839868351,0.0163847482978632,-0.187418097958285,0.9996941685676576,0.0206166263532706,0.3051953178956195,0.2201661656234712,0.5718364715576172,0.0628079460170041,0.3383676860592483,-0.211001739118633,0.989104390144348,0.0092618638711894,0.6322234354862046,0.2254437831629905,0.7715243101119995,0.0159593542908792,0.6948359696084158,-0.2893830500957453,0.9909291863441468,-0.0110318896969481,0.6841429140844338,0.2182770816572172,0.779195249080658,-0.0109333588220554,0.7460388739778695,-0.302700084878916,0.9827223420143129,0.0709710448320015,0.6923892730234643,0.1336067824380878,0.6798707842826843,0.0904325041095738,0.7673215429546845,-0.4238845431408827,0.9606635570526124,P9,P9/rob_DTL_1_frame946.jpg,4
0.2004880785353367,-0.3701186845501434,0.186706593338685,0.9947673678398132,0.2048567821144409,-0.3980372594938449,0.1848746472579983,0.9941554665565492,0.2036363479067776,-0.4015870596405479,0.1847752166003533,0.9942022562026978,0.2023922270391928,-0.4051478272439349,0.1846979303040336,0.9943680763244628,0.2066285595091532,-0.3947544864522385,0.1389410631543876,0.994327187538147,0.2064792040747281,-0.3957519157073282,0.1388759629210501,0.9940604567527772,0.2061175826557325,-0.3966360145766838,0.1388218872665668,0.993472695350647,0.1900617592106949,-0.4199639472692187,0.2118160713170414,0.9920047521591188,0.1933997503501892,-0.4104779350294377,0.0015573864356581,0.9874422550201416,0.1900666336358877,-0.362146714473002,0.2069550888749048,0.993102252483368,0.1918807575994631,-0.3584581455340897,0.1447107069990782,0.992653489112854,0.0850124887390333,-0.431547866414272,0.303150365838921,0.9975187182426452,0.1554636223320036,-0.3314536014769438,-0.1376041187601809,0.9996452927589417,0.0832067426937582,-0.3322276449649918,0.4558571960727857,0.2001203894615173,0.1616973266876336,-0.3662826642491469,-0.4610376818537357,0.6312170028686523,0.1010252039862716,-0.2831791222762688,0.5312290618979519,0.0945214256644249,0.1613993012848262,-0.4093628341036765,-0.7078615892950733,0.4375275075435638,0.0985468634272749,-0.2656353805411095,0.5619032864963879,0.114033319056034,0.1633704731350841,-0.4115957016564763,-0.7635720802903554,0.4949961304664612,0.1053987058276749,-0.2741863409356907,0.5290888465052634,0.1178381741046905,0.1609396582217178,-0.4193542633056425,-0.7417849990990211,0.4859458804130554,0.1087331173111682,-0.2744461325658916,0.5209651980254411,0.1123496070504188,0.1564714097406282,-0.4158583103247419,-0.703058071756187,0.4346038997173309,-0.0243396805716286,-0.016301601102809,0.1804611789381582,0.9989294409751892,0.0243396805716286,0.016301601102809,-0.1805978913322393,0.9997096061706544,0.01961712418868,0.3042527856428914,0.1889762094876654,0.5901987552642822,0.0602970204501924,0.3352743891992125,-0.2084879623129966,0.990044116973877,0.0083808124901927,0.6278282497276565,0.1752778370486967,0.7780535221099854,0.0150112493587856,0.6842973993064718,-0.2962452855758677,0.9916395545005798,-0.0115156771923532,0.6790046875017455,0.1669128473996573,0.7856665253639221,-0.0111243522448386,0.7340776189143798,-0.3100410322743532,0.9838491082191468,0.0699506672188717,0.6910167944348344,0.0823211300868915,0.687326192855835,0.0887801909244361,0.7582637550924333,-0.4270170881975052,0.9634718298912048,P9,P9/rob_DTL_1_frame947.jpg,4
0.2028361122491834,-0.4040196937861068,0.0883579615772646,0.9945068359375,0.2015914798392774,-0.418988412473199,0.0780962951444094,0.9941304922103882,0.199533859514069,-0.4221336339369846,0.0779799818902346,0.994203805923462,0.1960633407500022,-0.42752338123917,0.0779299361517298,0.9942466616630554,0.2046186086803157,-0.4141888729493495,0.0379438020168142,0.9943692684173584,0.2046667394033165,-0.4137647608490615,0.0378457651918558,0.9942592978477478,0.2046186086803157,-0.4138066996885993,0.0377725996307558,0.9936573505401612,0.1833969175356807,-0.4435647001100581,0.077981218671081,0.9925285577774048,0.193235884192182,-0.4271730610696365,-0.1040269296210918,0.98830384016037,0.1896637419387025,-0.4124794662766203,0.0991146834556,0.993078112602234,0.1936584642800668,-0.4054873616683798,0.044970352966433,0.99277526140213,0.0669714434523531,-0.4435791903940384,0.200257623665347,0.9965153336524964,0.1679408274028179,-0.3211535897335476,-0.2299377946650303,0.9996345043182372,0.0506692994698189,-0.3442544855922674,0.4574628293796337,0.1816733032464981,0.1323784788225557,-0.2855837725928197,-0.4749320795610867,0.5985714197158813,0.0876980392553515,-0.3091373142828372,0.6950094913128959,0.085844412446022,0.1456116189583639,-0.3821712180670093,-0.6456019636417439,0.4257155060768127,0.084490771289236,-0.2961108043199117,0.7456226489115223,0.104000799357891,0.1469577471899825,-0.3976823968125374,-0.6882395285031205,0.4907975196838379,0.0960082490350019,-0.2954254841048767,0.7179351632529988,0.1075408235192298,0.1457244772054002,-0.4080837396887163,-0.6672963444466187,0.4806669950485229,0.1007600408389514,-0.2952211519505989,0.6902567420011944,0.1025352701544761,0.1428458258997728,-0.4036260942661826,-0.6393974410764526,0.4314383864402771,-0.0285322309142672,-0.0186120356834708,0.1573318649290793,0.9989469647407532,0.0285322309142672,0.0186120356834708,-0.1574169235343824,0.9997316598892212,0.0077377158947266,0.2988099548389633,0.354710182991835,0.5836325287818909,0.0545406309788749,0.3569618263045246,-0.1408657477440143,0.9898887872695924,0.0087792289935073,0.6263976136628828,0.5498227185440965,0.745712399482727,0.0104960403928521,0.6745151868905339,-0.150532011918979,0.9916855096817015,-0.014724586127256,0.669486228509304,0.5655829769728461,0.758971631526947,-0.0193174954782229,0.7191859875463679,-0.1555073658245591,0.9842186570167542,0.0732203943773375,0.6819523411019062,0.506380528001785,0.6389016509056091,0.0729295673561286,0.7572792206167294,-0.2790244295715604,0.9616227746009828,P9,P9/rob_DTL_2_frame50.jpg,4
0.1895407862345937,-0.3984859598295301,0.1313552233065462,0.9948362112045288,0.1902255322836271,-0.4240165817106574,0.1200861647124496,0.994537591934204,0.1868943773121633,-0.4298176665136609,0.1200337771544624,0.9946101903915404,0.1833192254952798,-0.4356344197415417,0.1200194692512108,0.9946481585502625,0.1965751913667863,-0.4153968549178686,0.0831172488026834,0.9947848320007324,0.1977630015000528,-0.41510609201041,0.0830393327757284,0.9947057962417604,0.198746882897319,-0.4150849814990293,0.0829551972213412,0.9941740036010742,0.1686663776837452,-0.4525675616010802,0.0923597954843508,0.9929794073104858,0.1868618443994407,-0.4254602297127244,-0.0722017389464584,0.9892271161079408,0.1749986938538721,-0.4008140365930953,0.1346931659353519,0.9932678937911988,0.1811066286112503,-0.3905948745966908,0.0850159539116157,0.9930841326713562,0.056850278230858,-0.4428054750677991,0.1855554745244965,0.996327817440033,0.166567047962761,-0.3253642316744636,-0.1737183832008377,0.999639093875885,0.0467197445003634,-0.3766041074409509,0.471819510736184,0.1657531112432479,0.153482597520829,-0.2948855570989279,-0.0576957863558466,0.5808793306350708,0.0823917244818435,-0.3498017118062214,0.6949064843381122,0.0788741558790206,0.1375330978459632,-0.4297851336009382,0.2081973800767158,0.409030020236969,0.0871370445032193,-0.3438221744084306,0.7398050136590661,0.096521683037281,0.1408981013994141,-0.4497389324855141,0.2318961268672335,0.4801604151725769,0.0916555909859109,-0.3418944199201692,0.7123900543754065,0.0998579487204551,0.1277013406448109,-0.4557886189763631,0.2200199840876778,0.4702950417995453,0.0926797199020416,-0.3393541615861262,0.6889259900899473,0.0955558568239212,0.1267697271992352,-0.443846767487517,0.2144329646543264,0.4219435751438141,-0.0347875213184076,-0.0223088468680637,0.1425353919959588,0.9989352226257324,0.0347875213184076,0.0223088468680637,-0.1427458243243462,0.9997395277023317,0.0014436181004927,0.2771483619093235,0.2696269498382397,0.5645245313644409,0.0541517209630341,0.3201202730018354,-0.1243642203092956,0.99016934633255,0.0002317671015745,0.5881991286393499,0.3714474314633937,0.7267177104949951,0.0125537872047181,0.6329116701688196,-0.1450775939323244,0.9913756251335144,-0.0216005084769916,0.6308216697389838,0.3776745837970817,0.7472420334815979,-0.0128505902301638,0.6761925243258997,-0.1483437578322783,0.9836283326148988,0.0644502417373484,0.6412227529127821,0.3367028189039539,0.6161201596260071,0.0739625903229646,0.713490432305731,-0.2648914375331994,0.9597936868667604,P9,P9/rob_DTL_2_frame51.jpg,4
0.1806563971473552,-0.407106360097926,0.1314686853657982,0.9949476718902588,0.1829239101389045,-0.4326135263738535,0.1177411242723824,0.9947986006736756,0.1800520174513523,-0.4387685324947771,0.1177202983112036,0.9948663711547852,0.176917084779216,-0.4448458276086167,0.1177278560010024,0.9948764443397522,0.1883029247565149,-0.4239646445172611,0.0803522540911892,0.9950944185256958,0.1894351505809379,-0.4238537885882164,0.0802645716433288,0.995059370994568,0.1902750181771951,-0.4234416258907961,0.0801525529927766,0.9945664405822754,0.1623901894443742,-0.4618134961576199,0.0930839294954324,0.9932976961135864,0.1787541258891004,-0.4315789102840859,-0.0754963979209846,0.9899515509605408,0.1670220009544775,-0.4086824806143285,0.1340423914996533,0.9929636716842652,0.1719492320354498,-0.3973316105902175,0.0838807017626443,0.9927719831466676,0.0472857054471899,-0.4382423347816587,0.1893097385560586,0.995840847492218,0.1558631713130238,-0.33553446370164,-0.1777046299076355,0.999608039855957,0.0323843843509436,-0.4333038002814741,0.4900281256947471,0.1566250473260879,0.1446870333109015,-0.2776969869838647,-0.1372831907009477,0.5544305443763733,0.0697128077317403,-0.4382351524007009,0.7724815561599246,0.076509952545166,0.1293872666874249,-0.3884296969848017,0.0563487774048437,0.3916415870189667,0.0714423486151586,-0.4427012393010001,0.8293382257731404,0.0950710624456405,0.1298448196776191,-0.4086269054698685,0.073654404206198,0.4682430028915405,0.0768651639822162,-0.4405163825624401,0.8045114429130229,0.0986831784248352,0.1194467336979373,-0.4225937517059303,0.0721785500223257,0.4594165384769439,0.0788435567042283,-0.4337557604340373,0.7696368034528768,0.0948390290141105,0.1158923970754479,-0.4150017984176545,0.0653560019351529,0.4129409193992615,-0.0363075538972064,-0.0225087577139636,0.1403982540815001,0.9989355802536012,0.0363075538972064,0.0225087577139636,-0.1407656299238907,0.9997314810752868,-0.0055936912746797,0.271803902279999,0.2587448324634303,0.5812426805496216,0.0546979225955964,0.3119905011781581,-0.0765509274563174,0.9900418519973756,-0.0034276146961649,0.5774496529616037,0.3570619433352437,0.7196096181869507,0.0115208039801321,0.6220836763439668,-0.058293583665082,0.9908888339996338,-0.0224361980046977,0.6192196725010731,0.3459511237894544,0.7500671148300171,-0.0118168122707518,0.6616124397927652,-0.0564806543084846,0.9831979870796204,0.0514298215158663,0.6299016391445116,0.2783296546638856,0.5902141332626343,0.0744706641404547,0.701682236692398,-0.1227898818278798,0.955122411251068,P9,P9/rob_DTL_2_frame52.jpg,4
0.3225698095935805,-0.3087246892533848,0.3984646988957808,0.9954054951667786,0.3300244721074725,-0.3330957518563075,0.4033616435327936,0.9952925443649292,0.3266810376791792,-0.3375295131961542,0.4032584949120062,0.9953554272651672,0.321457854321541,-0.3468438467932046,0.4031458592460968,0.995366871356964,0.3338700629296524,-0.3293009075275646,0.3140292089120005,0.9955440759658812,0.3335208555734684,-0.3308646668986044,0.3140250566872656,0.9955110549926758,0.3345274809927395,-0.3356922588705834,0.3140279737565414,0.995067536830902,0.2781518322505616,-0.3881406125709564,0.4434247518059285,0.9939530491828918,0.3072687037661282,-0.3586912214378554,0.0336138820128858,0.9909095168113708,0.2984077510622812,-0.3081149429350387,0.4277272399158122,0.9936372637748718,0.3010885114468105,-0.3029924116073664,0.3073438380099068,0.9934404492378236,0.0787273635689729,-0.4463718852911713,0.6474181919302814,0.9961877465248108,0.2554298073051641,-0.2804974187473145,-0.1927543926832653,0.999637007713318,0.0792925917309842,-0.2711699189186681,1.1437367155190603,0.1415871530771255,0.2266628789830763,-0.317247367040856,-0.343815219327564,0.5356183648109436,0.1446761503967397,-0.1617760893310135,1.4832170385033134,0.0695793628692627,0.2233523469938214,-0.4346571715988096,-0.2680812155938886,0.3839528858661651,0.1460145333163471,-0.1337801608144441,1.5656788551830498,0.086963765323162,0.2298675555214952,-0.4809454896657613,-0.297060984853494,0.4684832096099853,0.1598403904873613,-0.130678659176716,1.5154406150774784,0.0903358832001686,0.2151185379043616,-0.4896097767126243,-0.2786942231765312,0.4581976532936096,0.1643516512622913,-0.1356573343132572,1.4700529092995416,0.0870901122689247,0.2043498744539678,-0.4827173595917094,-0.2549107529334007,0.4095852077007293,-0.052561304725123,-0.0348856782272906,0.3050754618693,0.9990271925926208,0.052561304725123,0.0348856782272906,-0.3055297362792185,0.9997569918632508,0.0838151003045631,0.3854812440277828,0.6511752194780528,0.5409852266311646,0.1371867984103791,0.4653459755353687,-0.4279335371573869,0.9895095229148864,0.1324948370197717,0.7474060761776844,1.0405309096619326,0.6994777917861938,0.1352455545071127,0.8456463468499639,-0.5503254595192251,0.9905468821525574,0.1238716123219483,0.7942972026684885,1.0692378146846884,0.721737265586853,0.1010481995092902,0.8857715545347983,-0.5765179559458806,0.9813910722732544,0.2794185235937338,0.8654428929505081,0.9405960056997544,0.5857980251312256,0.279154042646064,0.9518957859975656,-0.8639416797495254,0.9561607837677002,P9,P9/rob_DTL_3_frame36.jpg,4
0.3175355604251871,-0.3548126918456487,0.7118709997619016,0.9958482980728148,0.3254635230670993,-0.3791536279561197,0.6615519411468619,0.9957549571990968,0.3217950015769413,-0.3846911918422612,0.6616197274422071,0.9958112239837646,0.3177538288288689,-0.3904576861708665,0.661765051897637,0.9958213567733764,0.3327061679967367,-0.3705339113712043,0.6224140672508506,0.9959797263145448,0.3345490537244076,-0.3697396111527621,0.6223231365298569,0.9959500432014464,0.3361435052801357,-0.3688444116404813,0.6223166786283182,0.9955511689186096,0.2963747940895277,-0.4092000333927368,0.4792367990700867,0.9945518374443054,0.3257097034747468,-0.3741304207579634,0.2958893245919821,0.991810142993927,0.3000463494931604,-0.3543082820596978,0.6599410631167503,0.994254469871521,0.3066722431550471,-0.3443821840034608,0.6055881564875981,0.9940733313560486,0.108183395028801,-0.4141663113716246,0.4340538959176979,0.9965398907661438,0.2739499260338955,-0.2886666168080345,0.0686021959440268,0.9996683597564696,0.0130655267072477,-0.381310675424078,0.7124246889710031,0.2194598466157913,0.2324636730837358,-0.2541111658239516,0.0064176493625017,0.5464046597480774,0.0060005390823546,-0.418105674651816,1.04634110672354,0.1189976632595062,0.1247150161850242,-0.3679575987318765,0.1315951409606711,0.3945508301258087,-0.0076269334128074,-0.4415966599023977,1.093983516846487,0.1317194700241089,0.102361228387938,-0.3919991959364641,0.1281233145823099,0.4767286479473114,0.0090795711844118,-0.445965202749777,1.074910863130483,0.1359286457300186,0.0870298667438595,-0.4025413301237042,0.1323306807763548,0.4665759205818176,0.0147627412465202,-0.4358751758472681,1.0455289714280296,0.1305444836616516,0.0891907932869032,-0.3951895509922259,0.1393174367752262,0.4197652041912079,-0.0638713984100862,-0.014772666477744,0.2490706003065589,0.9991177916526794,0.0638713984100862,0.014772666477744,-0.2494256115246999,0.9997795224189758,-0.0266384754431105,0.2771908390906293,0.3279602388193418,0.5559134483337402,0.0379348188493079,0.3200413995886636,-0.3341598893088677,0.9899578094482422,-0.0050169009922913,0.5746153455715336,0.791542131044102,0.7082213759422302,-0.0033124917439221,0.623345110283752,-0.3904534386920022,0.990858256816864,-0.0218413814820487,0.6208884205185627,0.7512277488442896,0.7331900596618652,-0.0333665253058466,0.6739155069593458,-0.4173151451544065,0.9819905757904052,0.0897152702434071,0.6337949484889347,0.6111639260127082,0.5896634459495544,0.0974462452175803,0.6863837644575116,-0.5366928790842291,0.9564268589019777,P9,P9/rob_DTL_3_frame38.jpg,4
0.1806538994420526,-0.3760111546614812,0.0681377862018054,0.9961497783660888,0.186608679914211,-0.3995600167175581,0.0474930785455085,0.9960433840751648,0.1841510912725764,-0.4061099792644941,0.0475180049742812,0.9960553646087646,0.1811639894408715,-0.4134357595648467,0.047503775752476,0.9960985779762268,0.1907547913153082,-0.3908634215717851,0.0099785792399542,0.9963022470474244,0.1912293646215529,-0.3906847282122714,0.0099623094269252,0.9962543249130248,0.1914679923997854,-0.390740685501353,0.0097852780220201,0.9959099888801576,0.1620551764134976,-0.4373603216345595,0.0003546931783544,0.9945894479751588,0.1757462139611233,-0.4025624721194904,-0.167344030461314,0.9923097491264344,0.1623494840066511,-0.3836807254469851,0.06377670747539,0.9943363070487976,0.1674630553148462,-0.3722569292667295,0.0133985956791675,0.9942018985748292,0.0303826806694454,-0.4698165667071816,0.1228537194761686,0.9965755343437196,0.1435122256912504,-0.3110551010730016,-0.3099355390801272,0.9996854662895204,0.0043942657921817,-0.4372493319702654,0.4508823311726039,0.2139400094747543,0.2281181669205381,-0.2074991545276677,-0.2568594260693058,0.5914954543113708,0.0585949584536175,-0.4119455383389231,0.7215123142594329,0.1174847409129142,0.3535692295239652,-0.2196880394604581,-0.0393847488529856,0.4516454637050628,0.0641206713818917,-0.404067399475933,0.7818058307879929,0.1291120797395706,0.3762036292376448,-0.2075474350316357,-0.0438341134985642,0.5239174962043762,0.0776328305872299,-0.3959885543033442,0.7468012167774822,0.1334342062473297,0.3593894350281668,-0.2299394148202193,-0.0376562466915304,0.5148652195930481,0.0785748553629271,-0.393282903762012,0.7169948036941911,0.1296684592962265,0.3412252365353236,-0.2337937158956096,-0.0270773362078677,0.4687378704547882,-0.0301531170471302,-0.0260469619251789,0.1779422485219946,0.9988486766815186,0.0301531170471302,0.0260469619251789,-0.1786294942110197,0.9997336864471436,0.0200222579645152,0.2769531567530571,0.2716179298361278,0.534214198589325,0.0302394115111189,0.324711824316083,-0.2065825880062181,0.9885880351066588,0.0226105369358562,0.6142492666809788,0.4223978974824437,0.7092893719673157,-0.0158087203423592,0.6534497062130518,-0.2235326520630695,0.9903684258461,0.0177981175834461,0.6596307206175964,0.434955684311932,0.7305949330329895,-0.0438533112420601,0.6964149151579844,-0.2292676267542318,0.9791305661201476,0.0917827179053253,0.6809494303524549,0.4020294442567174,0.6111084222793579,0.0315564888607436,0.7695916957065755,-0.3201733182060123,0.9586421847343444,P9,P9/tom_DTL_1_frame53.jpg,5
0.1784933695601785,-0.3775484707168293,0.0580286541476197,0.9963493943214417,0.184733444191201,-0.4002859882780593,0.0411179609764267,0.9962403178215028,0.1821325046471226,-0.4074487405326363,0.0411245796676798,0.996219277381897,0.1792372280096684,-0.415523910294223,0.0410939653578783,0.9963019490242004,0.1897221510365053,-0.3895942139730268,-0.0025812815372311,0.9965634942054749,0.1904598717377051,-0.388578737259653,-0.002563261205585,0.9965026378631592,0.1908920791471501,-0.3879637715242557,-0.0027471118517714,0.996212363243103,0.1618847142952812,-0.4380655695592696,0.0083587894131895,0.9946019053459167,0.1764477588240813,-0.397575485346593,-0.1804356920694531,0.9927784204483032,0.160797508374278,-0.382448134407835,0.0615000374741604,0.994098663330078,0.1660104720526305,-0.3707810993819566,0.0040700148934181,0.9941022992134094,0.0297107782883723,-0.4696722250079151,0.1361800076726007,0.9965952038764954,0.1481142637695583,-0.3103138353913047,-0.3343332491653826,0.9997054934501648,-0.0039230746514999,-0.4100047004586483,0.456187500406325,0.222911924123764,0.2470795920240989,-0.233685422111834,-0.3525084272690593,0.6322557926177979,0.0450561567037048,-0.3564579766855719,0.7208096931254382,0.1123239994049072,0.3790944046163818,-0.2278518129907114,-0.2419942614473169,0.5048205852508545,0.0490750077109858,-0.3429422885179809,0.781494755572206,0.1224167197942733,0.4049576850045878,-0.216767039578744,-0.2694577306817146,0.5685437321662903,0.0631351233127293,-0.3368345877120216,0.7474145417585482,0.126541331410408,0.4098206138140362,-0.2401597388678991,-0.2548777844430708,0.5604652166366577,0.065419373366674,-0.3343705107939946,0.7174264196948272,0.1242029815912246,0.395275890921923,-0.2415749020855986,-0.2290216952972644,0.5155996084213257,-0.0318963663287577,-0.0236051386665402,0.1838612426767191,0.9984899163246156,0.0318963663287577,0.0236051386665402,-0.1845683433426058,0.9996713399887084,0.0172429961310909,0.2671083014052562,0.3362537231229079,0.5236025452613831,0.0362589312402857,0.3166520223867857,-0.1648850540681121,0.9882174134254456,0.0226776516133554,0.602189233661787,0.5245835442814349,0.7157669067382812,-0.0153124452733878,0.6392408963174251,-0.1156866844871085,0.9904910326004028,0.0180055426500015,0.6468355811568968,0.5420680653881516,0.7376975417137146,-0.0453211791783815,0.6832172215588933,-0.1134807937830693,0.9788422584533693,0.0895008745870747,0.6632876780363042,0.5206280861370908,0.6291457414627075,0.0257631068396201,0.7533683866204289,-0.1897768411220158,0.9609872698783876,P9,P9/tom_DTL_1_frame54.jpg,5
0.1807847391917114,-0.3815247316052244,0.1830464467570791,0.9962843060493468,0.1875329545299387,-0.4025387639286485,0.1470476081310761,0.9962350726127625,0.185007657896828,-0.4099246117783445,0.1470624828088954,0.9962223172187804,0.1822736036570128,-0.4183315282788532,0.1471002398158173,0.9963312149047852,0.1936842273986821,-0.3894807987160528,0.1249540675971123,0.996534526348114,0.1945276379256803,-0.3877297302273437,0.1249104677981206,0.9964752793312072,0.1950405931689164,-0.3865382662062057,0.1248153536610783,0.9962108135223388,0.1571519255620583,-0.4423956377311002,0.042631312559766,0.9946591258049012,0.180154369433732,-0.4017349260969445,-0.0612433841203317,0.9928287267684937,0.162615099093805,-0.3873450836290847,0.1573605318613984,0.9941725730895996,0.1681398198057621,-0.37479709406855,0.1260197253642991,0.9939317107200624,0.0290134897307396,-0.4535776709623059,0.1024817581740435,0.9967742562294006,0.1500771656534862,-0.3261187681433555,-0.162328406555427,0.999703049659729,0.0314381320494668,-0.4704800536885579,0.3393231756065956,0.2246182560920715,0.1849749755061263,-0.349353992575583,-0.1785462165701748,0.6503685116767883,0.0690337754867,-0.4457527058631814,0.5518892817843103,0.1163759753108024,0.0968924874126449,-0.457638946846174,-0.2437895447161829,0.5215229988098145,0.0708643618148942,-0.4410156214559137,0.5981634500801063,0.128678947687149,0.0845443166852894,-0.4968891013955986,-0.2130990805491584,0.584554135799408,0.0783759111672893,-0.4295109543677807,0.5703640506409905,0.1336885392665863,0.0837931803724948,-0.4861553104117952,-0.175836732318526,0.5785495042800903,0.0806371415325078,-0.4239196584155052,0.548548135842571,0.1316085755825042,0.0859287092350144,-0.4761735868630286,-0.1508450738056687,0.5327123999595642,-0.0353363684287232,-0.0214529633484041,0.138398809350096,0.9985684752464294,0.0353363684287232,0.0214529633484041,-0.1389909914571166,0.9996796250343324,0.0055990242668858,0.2733151982362528,0.1364366554490768,0.5454323887825012,0.0400863023229334,0.3216963099417322,-0.1689353124543703,0.9879146814346312,0.0202709036619124,0.6178080809219051,0.1178961144450122,0.7253216505050659,-0.0130453019501016,0.6505407522247232,-0.2256213478577519,0.9899457693099976,0.0145756013551815,0.6627956245034087,0.1133160870819501,0.7521216869354248,-0.0424197877741479,0.6965309282366436,-0.2374301660263044,0.9782642722129822,0.0785372746518651,0.6782252511791497,0.0469148706009069,0.6289792656898499,0.0236279717939936,0.7668930427140872,-0.3429106964936249,0.9572597742080688,P9,P9/tom_DTL_1_frame55.jpg,5
0.1784414670095948,-0.3844740903632915,0.435406806211277,0.9966243505477904,0.1837635538765787,-0.4012368955242564,0.4034887168244205,0.9965919256210328,0.1811535486715381,-0.4089244256003445,0.4035885483323159,0.996578335762024,0.1784159020800833,-0.4170258509689185,0.4036182824528409,0.9966768026351928,0.1910099743803783,-0.3864504701648475,0.3898781407766842,0.9968588948249816,0.1927282308613824,-0.3842672801629061,0.3898239871087942,0.9968039989471436,0.1941123106473022,-0.3829271830514148,0.3897838071030924,0.9965676069259644,0.1580398285842508,-0.4366213236242179,0.2770824188865313,0.9951695799827576,0.1824428824462933,-0.3960521628842897,0.2129504566272871,0.9935111403465272,0.1607715191885435,-0.3944339669876102,0.3981540765691101,0.9946741461753844,0.169545696214729,-0.3799680653680985,0.3778638380113419,0.9944471716880798,0.0292436220746067,-0.4394891772580953,0.2244019873287318,0.996963918209076,0.1473226252846175,-0.3407828011529465,0.0979249162280058,0.9997088313102722,0.0111841526931485,-0.4579691393332036,0.4563171317555573,0.2720239758491516,0.1034127971607063,-0.4242239821614185,0.0366561602145792,0.6235360503196716,0.0223175420495608,-0.5341850664999447,0.7061055522420939,0.1557391434907913,0.0422239172347263,-0.5543065902675226,-0.0113726990593429,0.537665069103241,0.0157840073937888,-0.5741647677719602,0.7422635256285656,0.1688379794359207,0.030609467376753,-0.5954916917105925,-0.0128743730826598,0.6015865206718445,0.0216785104423444,-0.5829845768228653,0.7310398801590032,0.1749927997589111,0.0277304348131251,-0.5988904528770496,-0.0101091378146133,0.5970571041107178,0.0243083078508778,-0.5604495037960271,0.7082703703144043,0.1730197072029113,0.0296975599269368,-0.5788495640125905,-0.0028129026726337,0.5488285422325134,-0.0363848506820649,-0.0181493589723212,0.0880057063968012,0.998665690422058,0.0363848506820649,0.0181493589723212,-0.0882331735642,0.9996914863586426,-0.0066554949467392,0.2723536399714726,0.0102184609611845,0.5766916275024414,0.0379046353447107,0.3201946945141403,-0.09147363719109,0.9869768023490906,0.0181584303989221,0.6156068929687213,-0.0076484324565147,0.7370182275772095,-0.0056791712049997,0.640985995680788,-0.1193383279725258,0.9881473779678344,0.0095361768606581,0.6614033029338972,-0.008996931661915,0.7697202563285828,-0.0314861886870264,0.6817165178575256,-0.1207894126140201,0.977055549621582,0.0513364859622956,0.6994961474729329,-0.0752328055819616,0.6255701780319214,0.0249445905409425,0.7607975497409922,-0.2048134098739547,0.9464296698570251,P9,P9/tom_DTL_1_frame56.jpg,5
0.1741486510939885,-0.3957449665208019,0.4538185011113453,0.9969510436058044,0.17881667703806,-0.4120127758646564,0.4207447956384859,0.9969245195388794,0.1757923158393611,-0.4199465409793771,0.4208285823409499,0.9969112277030944,0.1724927909795242,-0.4286683076095627,0.4208935791414058,0.9969992637634276,0.1863766315061002,-0.3961693653651965,0.4060293212759164,0.9971650838851928,0.1880426092601074,-0.3934960501242067,0.4059248024459964,0.9971149563789368,0.1894332426808419,-0.3918556374772586,0.4058433193132497,0.9969033002853394,0.154731636106362,-0.4445411676669776,0.2852437660447805,0.9956367015838624,0.1786404313706667,-0.4005916772060851,0.2152039320452119,0.9941476583480836,0.157580112981937,-0.405296560265634,0.4134338073720531,0.995174527168274,0.1670333307494286,-0.3890804231523018,0.3913101883026195,0.9949803352355956,0.0305148460291978,-0.4269556261087374,0.2295319098468978,0.997136652469635,0.1437638438337362,-0.3538304766490276,0.0983075138934761,0.9997302889823914,-0.0084472804895528,-0.4595407489613523,0.415592884549672,0.3357321321964264,0.0906510240454675,-0.4452148037211817,0.1492115152070431,0.62974613904953,-0.0033108620362888,-0.5811623644957816,0.635856065462617,0.216474711894989,0.0267920966938418,-0.5846374123344731,0.257217588334916,0.5603267550468445,-0.0084401439402324,-0.6272230991866331,0.675196429095348,0.2255134880542755,0.0161744470182517,-0.6199923293480041,0.2692969659162424,0.6196744441986084,-0.0039144876382992,-0.6348272279916057,0.6618872162931642,0.2312213778495788,0.0113148182753379,-0.6256057222368584,0.2647725065672016,0.6167528629302979,8.536758364259693e-06,-0.6150172511110212,0.6375949444229728,0.2282637953758239,0.0139117995394198,-0.6107426387402445,0.2607125326924405,0.5674555897712708,-0.0376029752174864,-0.0178153565135701,0.107290984110765,0.9987430572509766,0.0376029752174864,0.0178153565135701,-0.1076187685311324,0.9997186064720154,-0.015205141015622,0.2435989745020697,0.277914213716508,0.5933092832565308,0.0347851222687419,0.3146490141587593,-0.1235306424776326,0.9880306720733644,-0.006643811241044,0.4690497944184641,0.3568345348165904,0.734677255153656,-0.0040856744859212,0.6244251201727048,-0.3159862363796751,0.9888731837272644,-0.0104811067097956,0.5077584379322401,0.3644348243387009,0.7766006588935852,-0.0253901712646889,0.6607087822946269,-0.3322431828114311,0.9786492586135864,0.0199829252815197,0.5297213039698302,0.3448759139732896,0.6034101247787476,0.0244943988208794,0.7521942857622093,-0.4255477836671733,0.9472506046295166,P9,P9/tom_DTL_1_frame57.jpg,5
0.1778460624306651,-0.4301549989285149,0.1160316681147282,0.9968522787094116,0.1793976115428744,-0.4638347812011105,0.0895436890436657,0.9968782067298888,0.1746918266680578,-0.47503378892827,0.0895407970009224,0.9969507455825806,0.1702797432293864,-0.4851629812547403,0.0895709972810114,0.9969375133514404,0.1888793257032973,-0.4455759082321886,0.0578034951880285,0.9970911145210266,0.1907040986091471,-0.444560341613715,0.0577289879645919,0.997127652168274,0.1920483823010876,-0.4442181047707492,0.0576504290529111,0.99682354927063,0.1561522063517574,-0.4959729703423831,0.0230487728008606,0.9955653548240662,0.1800930594350102,-0.4551800357030541,-0.1209054601670007,0.9942018985748292,0.1598811737382544,-0.4367236270224567,0.1053377355003002,0.9949390292167664,0.1698656649334343,-0.4198406027303306,0.0620441172612731,0.9945964217185974,0.0274226745578625,-0.4426944437186361,0.1024651380322245,0.997049868106842,0.138961168900962,-0.3398120525073501,-0.2046071168041758,0.999597668647766,0.0010225810595525,-0.3511211982730641,0.4056812745955533,0.3089679777622223,0.1079345989664864,-0.2736687581044081,-0.1210353121790715,0.5819498300552368,0.0521917973691658,-0.3169158986002779,0.6786410084702535,0.1972652822732925,0.0837396420983406,-0.3923046223218134,0.0803817824851778,0.5168838500976562,0.0566292233046386,-0.3120680712936122,0.7331859245491206,0.2065372020006179,0.0827545656713312,-0.414611789450545,0.0932898106983658,0.5809385180473328,0.064959098358207,-0.3160130155836536,0.700708044128177,0.2120451778173446,0.0729413060337806,-0.4339334633790772,0.0915201280248207,0.579098105430603,0.0672949638055768,-0.3120286999146529,0.6747137134190561,0.2098758220672607,0.0688117235527574,-0.425844228908976,0.0880746727502806,0.531417727470398,-0.0332554651553912,-0.0146401567571258,0.130349231292313,0.9988051652908324,0.0332554651553912,0.0146401567571258,-0.1307191723491371,0.9997279644012452,-0.0023834957650189,0.2831797745267577,0.2989902398666436,0.6239495873451233,0.044583561225633,0.3092645575849534,-0.0120821378797172,0.9889026880264282,0.0035853976166709,0.5760542985776754,0.4369414989564539,0.7512131929397583,0.0192473434803243,0.6201882567573759,0.0513051493895548,0.9896448850631714,-0.0129087211720849,0.6290190986673583,0.4501964450206664,0.7912827134132385,-0.0071638373603362,0.666271550740151,0.0563920263026285,0.9796777963638306,0.0615957869969879,0.6402829334064251,0.4123710149342538,0.6084064245223999,0.0842312186546006,0.7143628981860005,-0.0202835397679994,0.949055790901184,P9,P9/tom_DTL_2_frame43.jpg,5
0.1771849194613858,-0.4405758030295258,0.1610134486873878,0.9970033168792723,0.1820964376595742,-0.4570492093082858,0.124483118677168,0.997010350227356,0.1772857487280199,-0.4681178270215261,0.1245020808103173,0.9970903396606444,0.1732736502464697,-0.4774574493946134,0.1245731711078599,0.9970561265945436,0.1887232995949612,-0.4441261261281541,0.1127878017552725,0.9971997141838074,0.1895362780414401,-0.4444251018974208,0.1127245781231254,0.9972396492958068,0.1904690054034608,-0.4445745897820541,0.1126935433846663,0.9969542622566224,0.1586017457467906,-0.4880892724589686,0.0213270556294143,0.9956265687942504,0.1783647351723155,-0.4544239664081977,-0.0408718725429416,0.994498074054718,0.1594913091193871,-0.4394209680526331,0.1315821221504175,0.9949764609336852,0.1685720608472397,-0.4223702858995652,0.1150858805918194,0.9947752356529236,0.0303055672597777,-0.4411146731494641,0.0166054313699357,0.9971131682395936,0.1478891459778173,-0.3387870156384056,-0.0957088817429816,0.9995436072349548,-0.0248626561681655,-0.3515480355984025,0.2271803749283787,0.3357553780078888,0.0998711903412716,-0.2525208938456034,0.037200352524205,0.539339005947113,0.0209541625903646,-0.3240395458344063,0.5295949036753712,0.1804825961589813,0.047550657302221,-0.3383035449694607,0.3268597347575963,0.4671258926391601,0.0206866251598518,-0.3120006446896068,0.5751676363047294,0.1889017224311828,0.0373150139518202,-0.3519482937995465,0.3720236556918431,0.5261741876602173,0.0365462757622183,-0.3174049800898832,0.5671436092785953,0.1940046995878219,0.0313263786159648,-0.3679705174329467,0.362439918866756,0.5247218012809753,0.0350581943945343,-0.317432963043657,0.5346907468362716,0.1927039176225662,0.0308293129897209,-0.3651284916095952,0.3329116432905473,0.4817343652248382,-0.0355122093226648,-0.0146797782457814,0.0880629219824838,0.9987872838974,0.0355122093226648,0.0146797782457814,-0.0885847488408499,0.9997057914733888,-0.0047201974970329,0.2839134062642622,0.2912304671880217,0.6487420797348022,0.045797077747619,0.3083679021623536,0.0505904685121517,0.98953515291214,0.0009589259776489,0.576776542855408,0.2549430054253826,0.7702651619911194,0.0171986122821773,0.6207079676191917,-0.0255720775056669,0.9900625348091124,-0.0153864611198789,0.6310165705737637,0.2515283486714671,0.8076314330101013,-0.0085450820874451,0.6675127998994252,-0.0342882241619273,0.9804140329360962,0.0506902427534538,0.6412062176519696,0.2332540637158358,0.630993127822876,0.0812125646136671,0.7222771398042781,-0.0670265099004603,0.950350821018219,P9,P9/tom_DTL_2_frame44.jpg,5
0.153080606720739,-0.5007426994358729,0.3163448280833816,0.9972680807113647,0.1639115347959055,-0.5091160322012103,0.2589517335801197,0.9972715973854064,0.1619225634198518,-0.5103237444951854,0.2589358659525653,0.9973437190055848,0.1600748282241929,-0.5113562267183832,0.2589766071584484,0.9973127245903016,0.1724554660001934,-0.498944454083992,0.2705810463389958,0.9974368810653688,0.1761908484781168,-0.4926996134559081,0.2705196915124518,0.9974725842475892,0.1798762550768235,-0.4861090300890562,0.2704580507827087,0.9972173571586608,0.1553211729120709,-0.4970974908269708,0.0610284108614723,0.9959946274757384,0.1757830361548068,-0.4683253936549566,0.1125991153037584,0.9950075149536132,0.1390804988633046,-0.4861182361720698,0.2564366717272553,0.9953932166099548,0.151204624289001,-0.4710050499795888,0.2701397547510618,0.9952433705329896,0.0425323036550168,-0.4395584999211674,-0.0208985714450079,0.9973049759864808,0.1470355838385618,-0.3376570532114379,0.0793381592151225,0.9995563626289368,-0.0319248947009689,-0.3439255952147337,0.0693235205115141,0.3920203447341919,0.0861693086813443,-0.2537467514777726,0.1953018333998883,0.4968529343605041,-0.0127598883697124,-0.4358045337352974,0.2393527118973484,0.243568018078804,0.0281159207395767,-0.3858218500225354,0.3561996482780801,0.4348144829273224,-0.0185291862066006,-0.4722250561111287,0.2520579498705377,0.2488049417734146,0.0131244149486666,-0.4262045904745192,0.3832668760830655,0.4932428300380707,-0.0050256922061415,-0.4805312873956185,0.250177364397293,0.2543779015541076,0.0104512200363359,-0.4365084845923178,0.3665924297005037,0.492104560136795,-0.0026948949651484,-0.4638470631236447,0.2446904817405546,0.2501086592674255,0.0124972005103061,-0.426582840407034,0.3538363438433403,0.4537796378135681,-0.0370940817227788,-0.0146616878603363,0.0310273659353639,0.9988677501678468,0.0370940817227788,0.0146616878603363,-0.0315198699338509,0.9997142553329468,-0.0087836038561602,0.288941320935521,0.192949493352837,0.6711768507957458,0.046544497610386,0.3106157568266181,0.1296490097674831,0.9884112477302552,-0.0007800868789619,0.5829077908611051,0.0683636934388078,0.7864990830421448,0.0176309355354176,0.6253363974257795,0.0024140057933243,0.9891974925994872,-0.0172254676183409,0.637739335651316,0.0580403864937848,0.8237922191619873,-0.007588814386788,0.6731652579778408,-0.0054005733948672,0.9799895882606506,0.0410948967308206,0.6509341113773008,0.0282018578805652,0.6498860120773315,0.0787919768909895,0.7313996226446892,-0.0536907660089537,0.946041703224182,P9,P9/tom_DTL_2_frame45.jpg,5
