Frame_Name,Person,Camera_Angle,Frame_Number,Position,NOSE_X,NOSE_Y,NOSE_Z,NOSE_V,LEFT_EYE_INNER_X,LEFT_EYE_INNER_Y,LEFT_EYE_INNER_Z,LEFT_EYE_INNER_V,LEFT_EYE_X,LEFT_EYE_Y,LEFT_EYE_Z,LEFT_EYE_V,LEFT_EYE_OUTER_X,LEFT_EYE_OUTER_Y,LEFT_EYE_OUTER_Z,LEFT_EYE_OUTER_V,RIGHT_EYE_INNER_X,RIGHT_EYE_INNER_Y,RIGHT_EYE_INNER_Z,RIGHT_EYE_INNER_V,RIGHT_EYE_X,RIGHT_EYE_Y,RIGHT_EYE_Z,RIGHT_EYE_V,RIGHT_EYE_OUTER_X,RIGHT_EYE_OUTER_Y,RIGHT_EYE_OUTER_Z,RIGHT_EYE_OUTER_V,LEFT_EAR_X,LEFT_EAR_Y,LEFT_EAR_Z,LEFT_EAR_V,RIGHT_EAR_X,RIGHT_EAR_Y,RIGHT_EAR_Z,RIGHT_EAR_V,MOUTH_LEFT_X,MOUTH_LEFT_Y,MOUTH_LEFT_Z,MOUTH_LEFT_V,MOUTH_RIGHT_X,MOUTH_RIGHT_Y,MOUTH_RIGHT_Z,MOUTH_RIGHT_V,LEFT_SHOULDER_X,LEFT_SHOULDER_Y,LEFT_SHOULDER_Z,LEFT_SHOULDER_V,RIGHT_SHOULDER_X,RIGHT_SHOULDER_Y,RIGHT_SHOULDER_Z,RIGHT_SHOULDER_V,LEFT_ELBOW_X,LEFT_ELBOW_Y,LEFT_ELBOW_Z,LEFT_ELBOW_V,RIGHT_ELBOW_X,RIGHT_ELBOW_Y,RIGHT_ELBOW_Z,RIGHT_ELBOW_V,LEFT_WRIST_X,LEFT_WRIST_Y,LEFT_WRIST_Z,LEFT_WRIST_V,RIGHT_WRIST_X,RIGHT_WRIST_Y,RIGHT_WRIST_Z,RIGHT_WRIST_V,LEFT_PINKY_X,LEFT_PINKY_Y,LEFT_PINKY_Z,LEFT_PINKY_V,RIGHT_PINKY_X,RIGHT_PINKY_Y,RIGHT_PINKY_Z,RIGHT_PINKY_V,LEFT_INDEX_X,LEFT_INDEX_Y,LEFT_INDEX_Z,LEFT_INDEX_V,RIGHT_INDEX_X,RIGHT_INDEX_Y,RIGHT_INDEX_Z,RIGHT_INDEX_V,LEFT_THUMB_X,LEFT_THUMB_Y,LEFT_THUMB_Z,LEFT_THUMB_V,RIGHT_THUMB_X,RIGHT_THUMB_Y,RIGHT_THUMB_Z,RIGHT_THUMB_V,LEFT_HIP_X,LEFT_HIP_Y,LEFT_HIP_Z,LEFT_HIP_V,RIGHT_HIP_X,RIGHT_HIP_Y,RIGHT_HIP_Z,RIGHT_HIP_V,LEFT_KNEE_X,LEFT_KNEE_Y,LEFT_KNEE_Z,LEFT_KNEE_V,RIGHT_KNEE_X,RIGHT_KNEE_Y,RIGHT_KNEE_Z,RIGHT_KNEE_V,LEFT_ANKLE_X,LEFT_ANKLE_Y,LEFT_ANKLE_Z,LEFT_ANKLE_V,RIGHT_ANKLE_X,RIGHT_ANKLE_Y,RIGHT_ANKLE_Z,RIGHT_ANKLE_V,LEFT_HEEL_X,LEFT_HEEL_Y,LEFT_HEEL_Z,LEFT_HEEL_V,RIGHT_HEEL_X,RIGHT_HEEL_Y,RIGHT_HEEL_Z,RIGHT_HEEL_V,LEFT_FOOT_INDEX_X,LEFT_FOOT_INDEX_Y,LEFT_FOOT_INDEX_Z,LEFT_FOOT_INDEX_V,RIGHT_FOOT_INDEX_X,RIGHT_FOOT_INDEX_Y,RIGHT_FOOT_INDEX_Z,RIGHT_FOOT_INDEX_V,shoulder_tilt_deg,hip_tilt_deg,shoulder_rotation_deg,hip_rotation_deg
eric_DTL_1_frame0.jpg,eric_DTL_1,FO,frame0,P1,500.6852036714554,224.35760521888733,-164.42055413126943,0.9984222650527954,502.82185846567154,215.4748826622963,-153.58584186434746,0.9977025389671326,502.5948568582535,214.7699404358864,-153.66938745975494,0.9976690411567688,502.2492118477821,213.8420180678368,-153.7304406762123,0.99784517288208,500.9848596453666,214.3200719356537,-188.63959977030757,0.9984050393104552,499.4563821554184,212.8361238837242,-188.6760654747486,0.998402774333954,497.8381429314613,211.12365102767944,-188.732893794775,0.9985563158988952,490.5039305090904,207.8358587026596,-88.40970654785633,0.9942300319671632,485.4037532806397,205.25574243068692,-244.69130071997645,0.9977498650550842,491.5541289448738,228.72233271598816,-135.44271674752235,0.9976758360862732,489.0491116642952,227.7179017066956,-181.20703729987144,0.9988013505935668,459.503268122673,244.78294813632965,36.62688683718443,0.9989474415779114,446.3746448755264,248.3843219280243,-310.2413826584816,0.999941110610962,469.6889047026634,309.09891510009766,81.6003336161375,0.2352525740861892,464.47725254297256,331.9703012704849,-337.10220062732697,0.9900387525558472,482.7842136025429,372.6400539875031,17.685045266523957,0.2024314552545547,486.4808248281479,396.18873608112335,-285.3034639656544,0.9635465145111084,488.3558477163315,387.66535770893097,16.28260799497366,0.1806357949972152,492.0421044826508,415.1897168159485,-313.467056453228,0.9465019106864928,489.7309476137161,390.6067626476288,-9.965115167200564,0.1895619183778762,494.4509187936783,415.6492692232132,-312.3048982620239,0.9418604969978333,487.0039847493172,386.6178785562515,3.165106214117259,0.1984964460134506,491.6057280898094,409.7733901739121,-282.85141372680664,0.8944501876831055,400.8063318133354,362.8022440671921,110.62129437923431,0.9975940585136414,375.9056580066681,361.2285610437393,-110.77344259619711,0.999504804611206,432.371849000454,456.8067982196808,172.77947708964348,0.6908634901046753,411.7138715982437,468.4734226465225,-195.80971652269363,0.9947388768196106,428.12534326314926,557.8555380105972,291.0177229642868,0.8560335040092468,379.1232975721359,589.0311728715897,-218.21229910850525,0.995979905128479,415.9374520778656,572.947801232338,297.8742450475693,0.778704047203064,367.58008402585983,604.6530283689499,-229.0166752338409,0.973942756652832,469.116708278656,582.7869203090668,252.747572183609,0.9205010533332824,424.9452083110809,614.5735461711884,-337.8485528230667,0.994324505329132,15.339738431289875,3.6161929477059402,87.83244567799605,83.58280646363967
tom_DTL_1_frame0.jpg,tom_DTL_1,FO,frame0,P1,496.5175219774246,331.4282720088959,-114.42606818675996,0.9984620809555054,499.90873754024506,325.2348840236664,-105.98780125379562,0.9976630210876464,499.6658388376236,324.1406217813492,-106.01536238193512,0.9976232051849364,499.4080234766007,322.94788402318954,-106.04762399196623,0.9977923035621644,499.0658422708512,325.5619421005249,-132.35562273859978,0.9984557628631592,498.10500133037567,324.8274668455124,-132.40129199624062,0.9984613060951232,497.0475143194199,323.9799805879593,-132.47330823540688,0.9985989928245544,490.4885902404785,315.36721378564835,-61.5474898070097,0.9942293167114258,486.5864617824554,318.3724400997162,-180.74221855401996,0.9978194236755372,489.76398754119873,330.5820178985596,-94.02961921691896,0.99760639667511,488.2677426338196,330.492995262146,-129.3522056043148,0.9987754225730896,464.00881576538086,320.48095202445984,21.939481884241104,0.998926877975464,454.8216458559036,335.6771391630173,-225.5842434167862,0.9999384880065918,496.3663433790207,337.0453231334686,97.21400490403175,0.2582188546657562,453.1431401968002,392.7746871709824,-286.06900370121,0.9885726571083068,540.0574786663055,351.7359833717346,110.68029579520226,0.2430938780307769,468.0205643177033,433.80264818668365,-277.6078414320946,0.955346405506134,556.823733329773,349.6997445821762,121.07473504543304,0.2150667607784271,469.6400624513626,442.8685178756714,-299.6679314374924,0.9347907900810242,562.3922606706619,350.60109877586365,101.11877846717834,0.224981814622879,473.7613617181778,441.4087314605713,-294.5961982011795,0.9293447136878968,554.6678946018219,351.15833735466003,100.49315473437308,0.2328048646450042,472.7483818531037,438.61245036125183,-275.0073301792145,0.8774447441101074,411.0817365646362,396.7893693447113,91.76853999495506,0.9976943731307985,400.086598277092,405.6514341831207,-91.92912822961809,0.9995275735855104,434.0594265460968,454.3975653648377,195.83151125907895,0.6541959047317505,412.31579518318176,469.58254766464233,-112.98843187093736,0.9944400787353516,423.3862452507019,521.0706299543381,332.50747525691986,0.8251100778579712,402.06870996952057,554.59654712677,-91.5247653722763,0.995458722114563,418.95773220062256,534.2439393997192,344.0399948358536,0.7511094212532043,391.4810045957565,566.7144069671631,-93.41345715522766,0.9737502932548524,450.0632665157318,545.4844334125519,327.36396861076355,0.902806282043457,434.1939539909363,570.221906542778,-159.65030640363693,0.9937681555747986,58.844070397980786,38.86876179984102,87.87436723393414,86.5746744134089
tom_DTL_2_frame0.jpg,tom_DTL_2,FO,frame0,P1,1016.0676956176758,401.8410551548004,-146.26416206359863,0.9822656512260436,1007.5947189331056,358.0195105075836,-126.891188621521,0.9628060460090636,1004.8152923583984,358.14346075057983,-127.00562953948976,0.9656380414962769,1001.9548416137696,358.27333331108093,-127.0114803314209,0.9677621126174928,1010.1060104370116,357.54186272621155,-178.7172889709473,0.9714294672012328,1008.8842391967772,356.94512486457825,-178.7803030014038,0.9742356538772584,1007.702407836914,356.4106035232544,-178.91937732696533,0.9762145280838012,981.906394958496,358.5457921028137,-18.208628296852112,0.9538730382919312,990.3033828735352,356.64318323135376,-263.00854682922363,0.980874001979828,1004.1098785400392,399.4353067874909,-102.11174726486206,0.9889978170394896,1004.3780136108398,397.33739018440247,-171.47160530090332,0.9949415922164916,959.9759674072266,381.9594812393189,178.97013187408447,0.9983614087104796,971.652946472168,386.4892816543579,-421.74113273620605,0.9999386072158812,936.9460487365724,508.29487323760986,224.0009880065918,0.2351930737495422,951.0617637634276,519.4657480716705,-478.6575508117676,0.9847582578659058,944.8085403442384,627.4105739593506,135.61705112457275,0.2234577238559723,950.1989364624023,645.5979466438293,-418.8092708587647,0.9487085342407228,952.7151489257812,658.8732719421387,144.87351894378662,0.1982319056987762,953.6446952819824,676.3604593276978,-469.5795822143554,0.9276173114776612,955.7948684692384,663.3044528961182,96.97229146957396,0.2075681388378143,958.8486099243164,677.8654360771179,-454.1610431671143,0.9219176173210144,947.7111053466796,650.538125038147,110.83060026168825,0.2147804349660873,955.6734466552734,669.7961497306824,-410.2706909179688,0.86714768409729,813.7934303283691,594.3567681312561,194.22497749328613,0.9974169135093688,817.4154281616211,597.1738600730896,-194.29595947265625,0.9994992017745972,879.0517616271973,729.1092538833618,380.8327102661133,0.6027769446372986,883.794994354248,749.0343117713928,-171.5599822998047,0.9921417236328124,876.068229675293,899.9347043037415,604.3869209289551,0.782533586025238,868.5787582397461,929.2599606513976,-83.88485670089722,0.9936919212341307,855.1215362548828,932.961151599884,621.1175537109375,0.7185810804367065,844.2143440246582,960.6166362762452,-81.8191409111023,0.9707008004188538,936.2751388549804,920.5222249031068,549.3527412414551,0.8738121390342712,925.059928894043,951.2244844436646,-215.17690658569336,0.9916905760765076,21.202553565757004,37.87481132198615,88.88639116884133,89.46587388774698
eric_DTL_1_frame1.jpg,eric_DTL_1,FO,frame1,P1,514.475715816021,236.83144009113312,-220.74109008908272,0.9839918613433838,515.7999784350395,228.6099762916565,-205.75107097625727,0.9664543867111206,515.3730561137199,228.04101306200027,-205.84554243087769,0.9689956903457642,514.8568222522736,227.3541487455368,-205.93540805578232,0.9709345698356628,513.9201073050499,227.9571692943573,-244.014451533556,0.9742302298545836,512.1387940049171,227.0777819752693,-244.0412034392357,0.9767448902130128,510.2674419283867,226.09404718875885,-244.078188598156,0.9785353541374208,502.8279880285263,222.9827599525452,-118.2643138319254,0.958302080631256,496.0194289088249,221.36997550725937,-289.8666464686394,0.982660710811615,506.9450803399086,243.164599776268,-184.17582353949547,0.9900364875793456,504.1533934473992,242.61997145414352,-234.9452438354492,0.995408833026886,474.61821603775024,260.427771627903,20.65222877264023,0.99849271774292,451.3973887562752,269.8660578131676,-356.9697760939598,0.9999312162399292,487.9503615498543,322.0688817501068,88.63632722198963,0.2502709925174713,473.6796310544014,349.30210757255554,-391.0075849294663,0.9856398701667786,498.4546661376953,390.11640655994415,27.52495350688696,0.242686241865158,495.5140689611435,411.06914699077606,-382.1182296872139,0.952407717704773,504.7435976266861,407.34971809387207,26.756279919296503,0.2184818983078003,499.6869160532952,426.95706927776337,-417.2854710817337,0.9327431917190552,505.7446210384369,410.3745239973068,-8.426865439862013,0.2279006093740463,503.0699152946472,426.43275213241577,-414.43435859680176,0.9273685812950134,502.84959733486176,406.48906326293945,10.94684192724526,0.2344031929969787,500.7453565001488,421.55810821056366,-386.0082511305809,0.8756769895553589,408.82334983348846,365.4084664583206,122.47702905535698,0.9975165128707886,380.4248080849648,366.56079363822937,-122.50927852094172,0.9994381666183472,443.1789609193802,463.88409781456,144.2768106907606,0.6116267442703247,421.4438773393631,478.9982316493988,-156.02457675337791,0.9923468232154846,434.8437597155571,570.5002562999725,245.6502310037613,0.7906755208969116,392.2683009505272,594.3370298147202,-102.3130528628826,0.994057297706604,415.5425627827644,593.2464640140533,251.6337752044201,0.7296516299247742,390.3603446483612,598.5257527828217,-102.79765194654463,0.9719769358634948,475.567051589489,592.6648135185242,197.28510576486588,0.8769867420196533,432.5646358728409,614.9036076068878,-197.46480238437653,0.9919016361236572,22.11966666375945,2.3236152286042784,86.4811842840574,83.38784749227631
eric_DTL_1_frame2.jpg,eric_DTL_1,FO,frame2,P1,501.1719325184822,220.7216735482216,-168.47702610492706,0.9854999780654908,504.0891888737679,211.46281880140305,-159.96193781495094,0.9696701169013976,504.0381438136101,211.04823976755145,-160.02378752827644,0.9719635248184204,503.8265873193741,210.53699493408203,-160.11413797736168,0.9737445116043092,501.5936949253082,210.23731362819672,-192.9285622537136,0.9766985177993774,499.6563028693199,208.92526936531067,-192.94631028175357,0.97895610332489,497.409315943718,207.4528726935387,-192.9720232784748,0.980585753917694,490.5242238640785,205.3037576675415,-94.45045134425165,0.9621673226356506,482.3127220869064,202.60995656251907,-250.8424036204815,0.9842055439949036,493.6959436535835,227.4698550701141,-142.83558423817158,0.9908945560455322,490.1393773555756,226.53423178195956,-185.00270849466324,0.995791792869568,461.2841658592224,247.17724120616916,46.60326983779669,0.9985591173171996,443.9777433872223,248.96932232379916,-310.7857363224029,0.99993097782135,469.0531270503998,311.71208757162094,95.24762350320816,0.2434890270233154,461.1777469515801,329.9708343744278,-334.89635449647903,0.985889494419098,485.4779660105705,378.39618372917175,30.59184305369854,0.2374913841485977,485.8077157139778,398.7145993709564,-301.0928196310997,0.9547163248062134,492.3158223628998,396.8036545515061,30.48516009002924,0.2155067920684814,491.0282678604126,414.9607684612274,-331.0485127568245,0.9363076686859132,492.913195014,400.7455630302429,-3.7433956768363714,0.2247735112905502,493.1212884783745,414.7814910411835,-326.5331373810768,0.931136429309845,489.3999165892601,395.46327090263367,14.36176922172308,0.2314632833003997,490.66444194316864,409.960368514061,-298.3601427674293,0.8814030885696411,399.9672050476074,361.0133203268051,111.05040706694126,0.9973782300949096,374.95803451538086,359.5978527069092,-111.07826714217664,0.9993958473205566,433.78119826316833,454.1556409597397,166.6329107582569,0.6186211109161377,409.3303374052048,469.823278427124,-151.83162677288055,0.9927003383636476,423.2881138920784,561.3007371425629,276.804253667593,0.8000704050064087,378.50390005111694,590.2675940990448,-141.34786660969257,0.9944204688072203,409.8175164461136,575.813737154007,283.6135573387146,0.7411208748817444,364.8427320718765,607.8158732652664,-146.07487639784813,0.9733814001083374,461.72909593582153,584.6909343004227,241.4507705271244,0.8816719055175781,424.0542053580284,615.2693628072739,-244.44918298721316,0.9922073483467102,5.911911212376489,3.239367321588418,87.22764000080174,83.57619677120091
eric_DTL_1_frame3.jpg,eric_DTL_1,FO,frame3,P1,500.3320785164833,221.0012169480324,-209.61518895626068,0.9869218468666076,503.8416514992714,210.78683203458783,-197.1530950665474,0.97267484664917,503.9172494411469,210.22589701414108,-197.2665092945099,0.9747313261032104,503.7785204648972,209.46379470825195,-197.36775097250936,0.9763445258140564,500.9156683087349,209.6784000992775,-233.64151698350904,0.9790053367614746,499.063847720623,208.3700137734413,-233.6659313440323,0.981030821800232,496.9132022857666,206.81933724880216,-233.6900686621666,0.9825042486190796,489.3132023215294,203.93070286512372,-115.7813041061163,0.9658668637275696,482.4885747432709,202.4563809633255,-274.8232101202011,0.9857463240623474,492.71067702770233,228.09757632017136,-175.2121343612671,0.9917812347412108,489.1110998988152,226.9191045165062,-222.8013850748539,0.9961991906166076,460.24241721630096,245.08559429645535,22.723456110805277,0.9986852407455444,438.239710688591,249.65601336956024,-338.55047434568405,0.9999350309371948,472.5507872104645,309.9393550157547,73.17226260900497,0.2447117269039154,461.9309559464455,334.82264506816864,-361.96003675460815,0.9861382246017456,482.9768273234368,375.1946032047272,-18.745638202875853,0.2407358288764953,486.2181193828583,399.5004397630692,-323.56947642564774,0.9572003483772278,489.8922555446625,396.69453251361847,-29.81878656893969,0.2210811376571655,491.0621709227562,415.46810507774353,-358.84750014543533,0.9400752186775208,491.6146973371506,399.8490989208221,-61.59689483046532,0.2302243113517761,493.9397755861282,414.6796463727951,-354.0372824072838,0.9351790547370912,488.2965260148048,394.1928886175156,-36.247349586337805,0.2363152205944061,491.8044367432594,410.2593182325363,-320.6548173427582,0.8877955675125122,398.7970126271248,359.065642118454,111.7193951755762,0.9975705146789552,371.44278216362,358.3394453525543,-111.81191001832484,0.9994361996650696,434.1751871705055,455.7486147880554,133.99952502548695,0.6358093619346619,407.7390751838684,470.7095773220062,-210.90625843405724,0.9927518963813782,425.41898542642593,566.0845872163773,265.73727598786354,0.810936450958252,377.7222942113876,589.8076181411743,-192.47500923275948,0.9947789311408995,412.2820162773132,580.900079369545,273.8986157774925,0.7534373998641968,365.5311477780342,606.8937265872955,-196.44161558151245,0.9745233654975892,466.26961290836334,586.4868658781052,212.76897025108337,0.8871616721153259,418.4772381782532,615.9432318210602,-307.25538516044617,0.9926530718803406,11.734647309501646,1.5207241527764381,86.51481356029811,83.02322303446567
rob_DTL_3_frame3.jpg,rob_DTL_3,FO,frame3,P1,518.1963443756104,275.4143500328064,-204.3512713909149,0.982013463973999,525.9566080570221,224.30864453315732,-183.02484512329104,0.9664187431335448,525.5219614505768,224.61477041244507,-183.21952521800995,0.9676191806793212,525.1263892650604,224.4893717765808,-183.33000540733337,0.971714973449707,522.7969229221344,225.47897815704343,-238.41317474842072,0.970911145210266,519.4670355319977,225.6341975927353,-238.41307818889615,0.9709821939468384,516.1210227012634,224.5019084215164,-238.5490983724594,0.9732971787452698,503.97875905036926,221.83340549468997,-72.54507422447205,0.961950957775116,493.8975262641907,215.12385427951813,-308.63060116767883,0.981083869934082,510.1317894458771,272.197630405426,-154.9141788482666,0.9914540648460388,507.3468840122223,265.3299307823181,-224.68284487724304,0.9957177639007568,477.7560245990753,281.3784456253052,155.83619356155396,0.998536229133606,435.29120564460754,231.6043281555176,-432.0000386238098,0.9999178051948548,495.3752732276917,432.3523199558258,212.4852043390274,0.2250015884637832,450.71678280830383,355.67543148994446,-525.8619475364685,0.9829443693161012,529.2978572845459,579.6010565757751,59.44435268640518,0.2257084101438522,513.8324010372162,553.0129408836365,-541.4397025108337,0.9509878158569336,544.0462303161621,641.905574798584,13.374525122344494,0.2085553556680679,504.6417689323425,581.4870572090149,-602.7921438217163,0.9329867959022522,537.4447131156921,637.0038914680481,-44.74384501576424,0.2173994779586792,519.4763052463531,590.3079628944397,-596.14337682724,0.9269118309020996,528.0943715572357,613.4289479255676,28.38307276368141,0.222818523645401,514.0371072292328,574.4104671478271,-537.9600191116333,0.8776593208312988,386.50205969810486,458.8163888454437,185.97163259983063,0.9975076913833618,341.34541869163513,409.88346576690674,-186.07005894184115,0.999389946460724,457.3178493976593,706.850094795227,200.6360149383545,0.5865433812141418,426.3790833950043,715.9133005142212,-301.9399917125702,0.9898204803466796,479.7862851619721,960.3883051872252,335.53617238998413,0.7681659460067749,452.770346403122,1003.9853811264038,-293.46019864082336,0.993977189064026,469.7347927093506,988.4759259223938,339.3656265735626,0.7262253761291504,438.3776664733887,1036.8310689926147,-304.2431938648224,0.9740208387374878,557.67502784729,1053.4996247291565,222.44671940803528,0.856868326663971,534.1515505313873,1087.0233535766602,-502.7952289581299,0.9916343092918396,49.530826823068764,47.29833100499923,85.86817607888737,83.07956367373635
eric_DTL_1_frame4.jpg,eric_DTL_1,FO,frame4,P1,522.2546851634979,204.3504415154457,-245.8360398709774,0.9837351441383362,529.9172967076302,193.30002546310425,-231.50951996445656,0.9696502685546876,530.4955534338951,193.11974692344663,-231.62667426466945,0.9707306027412416,530.9778496026993,192.8371039032936,-231.7728660702705,0.9744284749031068,525.8801311254501,192.73146653175357,-263.71176713705063,0.9737228751182556,523.3698846697807,192.06383526325223,-263.7829843461513,0.9737871885299684,520.8771265149117,191.30483257770535,-263.84265235066414,0.9758687019348145,518.4614900350571,192.00328677892685,-143.16581876575947,0.9655166864395142,505.0953375697136,190.2932589650154,-299.30506509542465,0.9828312397003174,511.3816371560097,210.89416360855105,-207.8925740122795,0.992214024066925,505.7117568850517,210.0778660774231,-249.483822375536,0.9960788488388062,482.3133454322815,231.1529933810234,-3.4284975016489625,0.99858558177948,435.786465704441,230.8337324857712,-325.87294536828995,0.9998942613601683,470.82280457019806,289.12963992357254,77.45977061986923,0.2636553645133972,431.4001574516296,301.4453171491623,-354.6388106942177,0.9824002385139464,455.05708408355713,347.44942021369934,5.473969637416303,0.263226717710495,441.2227646112442,345.763534784317,-346.16765093803406,0.9474983215332032,452.1350833773613,365.41424214839935,-5.348938026465476,0.239246517419815,438.9195727109909,361.2327580451965,-381.75301855802536,0.9279703497886658,451.2028357386589,366.8252432346344,-41.55669598281384,0.2492309063673019,444.5764319896698,357.009997010231,-384.1708713769913,0.9214794039726256,450.2818775773048,359.5858007669449,-12.658347038552163,0.2533921301364898,443.72646594047546,350.5518128871918,-346.78233873844147,0.8698404431343079,367.3136385083199,339.555438041687,104.89949463307858,0.9974663853645324,320.06824934482574,341.05057168006897,-104.84832836687563,0.999305009841919,362.2308803200722,426.582265496254,68.51007641106844,0.6018812656402588,322.80369663238525,441.2509781122208,-270.846283942461,0.9897325038909912,313.91825461387634,521.3165973424911,169.3747473359108,0.774105966091156,250.19284310936928,551.2767189741135,-249.83287847042084,0.9938877820968628,285.93524181842804,544.1605682373047,174.83395418524742,0.7321860194206238,243.7827055752277,558.3372305631638,-264.4699455797672,0.9730024337768556,351.2832386493683,538.8430058956146,108.76551727950572,0.858735203742981,290.783241212368,563.5759354829788,-385.8454194664955,0.9911968111991882,0.39314939833224116,1.812584652979431,81.7892205681001,77.30606356508278
rob_DTL_3_frame4.jpg,rob_DTL_3,FO,frame4,P1,538.062436580658,239.45782005786896,-230.6085580587387,0.9844712018966676,546.1810326576233,205.6690514087677,-221.6056215763092,0.971789002418518,545.7263660430908,194.7502774000168,-221.0807079076767,0.972826898097992,545.2527737617493,205.1774024963379,-220.470033288002,0.9763237833976746,543.513286113739,194.29387271404264,-240.87236881256104,0.9754770398139954,541.1993336677551,203.62865209579468,-240.9282284975052,0.9755582213401794,538.8510060310364,209.33079779148105,-241.04788184165955,0.9776470065116882,521.2430548667908,205.16221046447757,-108.7811440229416,0.9673086404800416,514.833916425705,201.03657603263852,-333.70176672935486,0.9836052656173706,522.2600197792053,245.637001991272,-194.8963075876236,0.9920755624771118,517.4290180206299,243.25994789600367,-229.52693045139316,0.9959955811500548,467.8071427345276,223.5801512002945,93.7841945886612,0.9984199404716492,441.0601222515106,235.22754728794095,-447.4451529979706,0.9998921751976012,442.0803701877594,350.6832718849182,199.25196290016171,0.2400390654802322,475.1323091983795,448.8238298892975,-498.2370722293854,0.9834117889404296,438.09677481651306,432.5866377353668,100.73060631752014,0.2398974001407623,528.3753597736359,695.160984992981,-394.4243824481964,0.948283553123474,445.4172420501709,545.4926919937134,99.23473834991456,0.219141274690628,546.7591023445129,757.2055006027222,-438.879679441452,0.9288095235824584,449.3224632740021,549.601686000824,52.01142579317093,0.228168249130249,548.2233953475952,747.56596326828,-422.2153079509735,0.9227105975151062,445.3896260261536,531.346914768219,76.65974110364914,0.2321441024541854,541.3228011131287,728.4304404258728,-383.7768602371216,0.8722785711288452,378.718718290329,361.2480425834656,154.03658151626587,0.9971196055412292,330.09034395217896,401.5802478790283,-153.49531710147858,0.9992035627365112,447.9397308826447,738.2435917854309,152.41465508937836,0.5934473276138306,419.6873795986176,755.1780724525452,-267.0846909284592,0.9892339110374452,470.44769167900085,1055.1787304878235,236.1910665035248,0.7630013823509216,440.8684515953064,1103.7703800201416,-302.23137617111206,0.9928378462791444,462.0317888259888,1101.5065097808838,235.76931059360504,0.7218981981277466,427.3351192474365,1150.72856426239,-319.1878402233124,0.9712526798248292,540.4299473762512,1142.256817817688,139.3985116481781,0.8537276387214661,509.5101392269135,1202.877917289734,-482.4507808685303,0.9900828003883362,23.531448357119995,39.6721946643094,87.17080078905433,81.01452112069683
eric_DTL_1_frame5.jpg,eric_DTL_1,FO,frame5,P1,525.1800450086594,196.80055570602417,-311.6468879580498,0.9860151410102844,534.7292459607124,186.70441842079163,-290.0954315364361,0.9745928645133972,535.8394933342934,185.42260026931763,-290.1427884697914,0.9755266308784484,536.8467848300934,186.6082916855812,-290.1987683475017,0.9786688685417176,528.7892493605614,184.4717099070549,-309.1939546465874,0.9779173135757446,525.9989476799965,185.19892704486847,-309.3081307411194,0.9779908657073976,523.0296073555946,185.57763904333115,-309.3324065804481,0.9798685908317566,526.3882614970207,187.0223124027252,-166.2171567082405,0.9705371856689452,507.3006296157837,185.62301671504972,-273.1110535264015,0.985225260257721,515.0243982672691,204.24977123737332,-263.2434096634388,0.9928497076034546,507.6486294865608,203.36560934782028,-288.5138831138611,0.996380627155304,491.0250472426415,215.6453617811203,-11.030412413179874,0.9985445141792296,437.1686994433403,226.78730326890943,-281.7792943120003,0.999890387058258,477.7179394364357,275.4021530151367,65.34046906977892,0.2904822528362274,437.58267003297806,297.76955246925354,-302.0546415448189,0.9833269119262696,453.7617377638817,327.50176537036896,-22.85876318067312,0.2938255965709686,437.0021623373032,348.5290122032165,-288.3997762799263,0.942713975906372,448.0620061755181,350.86766612529755,-35.598063953220844,0.2666560113430023,434.29722434282303,363.2531714439392,-324.2970243692398,0.9199112057685852,447.5908955931664,353.1852580308914,-69.87390847504139,0.276263415813446,437.98292702436447,362.99576818943024,-326.0135097503662,0.9137827157974244,446.9086787104607,345.2415279150009,-39.471900060772896,0.2786957323551178,438.2922448515892,358.53662741184235,-289.01602244377136,0.8639861345291138,362.5732354521752,327.19188034534454,102.30913963913918,0.9971724152565002,311.4692345261574,338.6624008417129,-102.16585677862167,0.9992036819458008,377.7902042269707,408.9210908412933,70.35076768696308,0.6111775636672974,327.9814803600311,426.6839176416397,-256.0558738708496,0.9897825717926024,314.7773284316063,507.7035653591156,149.13124266266823,0.7717750668525696,248.9363173544407,539.3871529102325,-260.84004962444305,0.9930744171142578,292.20966321229935,523.450214266777,152.60621997714043,0.7326207756996155,222.87216940522197,559.3528279066086,-271.4416134059429,0.9718393087387084,358.4457886815071,525.8908668756485,95.85554973781107,0.8592823147773743,289.4239846765995,552.2933174371719,-439.10214364528656,0.990227222442627,11.688602845154602,12.650628558155939,78.74978692110558,75.96764608098627
rob_DTL_3_frame5.jpg,rob_DTL_3,FO,frame5,P1,544.8090505599976,252.67450153827667,-245.7966470718384,0.9856849908828736,549.3339586257935,240.6388235092163,-225.19956707954407,0.975316882133484,548.5074734687805,236.44857466220856,-225.2836382389069,0.9764437079429626,547.5671768188477,232.3076355457306,-225.3246921300888,0.9794288277626038,546.3204646110535,235.9577304124832,-269.28240180015564,0.9784532189369202,543.5596346855164,230.4247891902924,-269.3732964992523,0.9786728024482728,540.7129311561584,224.4554311037064,-269.51354920864105,0.980546534061432,526.644948720932,203.49869906902316,-115.85000932216644,0.9703304171562196,519.1942226886749,199.52879905700684,-363.11251044273376,0.9848321676254272,529.4935190677643,240.1955670118332,-199.63176369667053,0.9916486740112304,524.3197631835938,225.54713308811188,-257.31692254543304,0.995670735836029,475.5060589313507,236.87660694122317,56.56735360622406,0.9980067014694214,440.9892797470093,237.6265686750412,-469.3158209323883,0.9998669624328612,449.129730463028,290.9695100784302,139.66557919979095,0.2649209797382355,473.8064503669739,447.8877818584442,-526.6192638874054,0.9839296936988832,466.04676604270935,520.6870007514954,76.27326965332031,0.2685413956642151,520.5347263813019,678.9328694343567,-443.9848458766937,0.943369686603546,476.8845748901367,584.3087840080261,84.4652670621872,0.2450231462717056,532.8116583824158,732.3485040664673,-492.7259051799774,0.9210891127586364,474.4084024429321,609.8788404464722,31.93336933851242,0.2538240849971771,534.9734008312225,730.7387280464172,-475.5786716938019,0.9152119755744934,468.9321899414063,593.7289381027222,50.96565395593643,0.2565037608146667,529.1116905212402,716.3661003112793,-434.6957552433014,0.8661215901374817,384.1634523868561,435.1259922981262,146.56124889850616,0.99645733833313,327.9765594005585,346.9113349914551,-146.24813854694366,0.9990058541297911,452.967392206192,751.4974164962769,154.29362297058103,0.6035381555557251,416.63201093673706,753.8957619667053,-263.83217990398407,0.9896695613861084,458.5479211807251,1047.3928141593933,268.4641402959824,0.7641893625259399,418.4994399547577,1106.2648344039917,-327.6796066761017,0.9925021529197692,442.49831199646,1084.503149986267,272.9410743713379,0.7222161293029785,400.4288077354431,1145.2903318405151,-348.38711857795715,0.9707908034324646,517.8167688846588,1146.4061737060547,192.9061996936798,0.8555253148078918,464.9573814868927,1215.369372367859,-525.4221189022064,0.9895084500312804,1.2446955752735551,57.505563611231196,86.2447303612621,79.13760993103074
eric_DTL_1_frame6.jpg,eric_DTL_1,FO,frame6,P1,530.3433186411858,195.7989740371704,-361.41696441173553,0.9871042966842652,540.0712119340897,189.10181111097336,-340.74045979976654,0.9777584671974182,541.250858426094,188.76258558034897,-340.81813555955887,0.9787774085998536,542.2686082720757,188.40734213590625,-340.9151350259781,0.9814547300338744,533.5499804019928,187.4731050133705,-356.2237355709076,0.9805868864059448,529.9066305756569,186.2364142537117,-356.3450108766556,0.9807872176170348,526.0558452606201,185.05653703212735,-356.36758983135223,0.9824658632278442,531.8482821583748,185.79420816898343,-218.1835559606552,0.9732642769813538,510.4241093993187,183.044729411602,-315.63931119441986,0.986321985721588,519.880674302578,201.04711258411407,-313.1877284646034,0.992469072341919,510.63247990608215,199.02943301200867,-333.3407961130142,0.996088981628418,498.182056427002,216.7788602113724,-76.88361768424511,0.9981917142868042,431.6678842902184,228.6936467885971,-298.706480383873,0.9998701214790344,483.24618178606033,273.7796846628189,-24.64192920178175,0.3310820758342743,424.97343200445175,300.9401945471764,-337.0153824687004,0.9833385944366456,463.1066545844078,335.70058846473694,-112.6608111858368,0.3358607292175293,430.3909266591072,349.5169632434845,-344.2943941950798,0.9381182193756104,457.869306743145,353.7509291172028,-130.19314441084862,0.3100347220897674,425.7302425503731,363.39194202423096,-381.91851675510406,0.9122653007507324,453.97679191827774,356.03867995738983,-160.28884783387184,0.3185697793960571,428.5834328532219,363.496405005455,-387.40319418907166,0.9067055583000184,453.0608551502228,351.2932189702988,-127.4276986271143,0.3205370306968689,433.0867568850517,356.50566375255585,-347.9599766731262,0.8599839806556702,372.3771768808365,329.6429291963577,92.8283248692751,0.9967025518417358,313.7251560688019,334.4144577980041,-92.6524808704853,0.9990699291229248,402.24324679374695,400.08151268959045,43.5864427164197,0.6323304772377014,323.3931735754013,424.3858860731125,-259.4339209794998,0.9903631806373596,315.31188172101974,506.2294167280197,118.5105179399252,0.7803700566291809,247.95245325565335,537.939803481102,-297.88044387102127,0.9929341673851012,299.5668355226517,521.1797519922256,120.64963148534298,0.7412291169166565,215.1890220940113,561.6445447206497,-310.1566423177719,0.9720730185508728,375.0954475402832,522.4897940158844,52.74111799150705,0.864884614944458,289.52988412976265,551.4018589258194,-451.9649100899696,0.9899294376373292,10.155769349626256,4.650951573857645,73.3085017779022,72.4522059708587
rob_DTL_3_frame6.jpg,rob_DTL_3,FO,frame6,P1,539.4268226623535,263.7276542186737,-324.5257794857025,0.9863512516021729,546.2703824043274,248.62349152565,-310.6721270084381,0.977814793586731,546.5923118591309,245.8274334669113,-310.97094655036926,0.9790188074111938,546.729748249054,242.79934287071228,-311.2760102748871,0.9816074967384338,540.2728128433228,241.9250446557999,-367.4315536022186,0.980770230293274,536.6787707805634,234.9727427959442,-367.5492918491364,0.9811220169067384,533.028370141983,228.32325160503387,-367.7211034297943,0.982750654220581,527.3856890201569,201.0169905424118,-212.5243592262268,0.9721350073814392,512.6610696315765,186.6708201169968,-471.09464049339294,0.985562026500702,526.5147221088409,254.91814255714417,-277.70812153816223,0.991382360458374,518.5006678104401,244.9428516626358,-351.84118151664734,0.99539452791214,481.386308670044,234.3327623605728,-19.324256479740143,0.99787575006485,428.91557335853577,235.98608672618863,-542.122700214386,0.9998258352279664,475.9630751609802,407.38402247428894,80.3716179728508,0.3050960600376129,467.522646188736,477.490131855011,-593.9925456047058,0.9834712147712708,501.94196462631226,603.1707215309143,-36.46450951695442,0.3129767179489136,512.9606938362122,692.312285900116,-504.3910360336304,0.9377939701080322,510.5192506313324,660.7861161231995,-0.7996115600690246,0.2904215157032013,519.2767810821533,753.2631683349609,-552.843382358551,0.9120604395866394,509.3637549877167,671.1893105506897,-101.6966038942337,0.2989737689495086,523.0794560909271,751.9706869125366,-548.2662677764893,0.9069436192512512,505.7286429405213,659.3592238426208,-88.60633492469788,0.3021694123744964,520.2166271209717,730.2404165267944,-501.34403586387634,0.8609510064125061,384.4195604324341,436.76573395729065,145.02857565879822,0.995759129524231,328.2656264305115,407.2965717315674,-144.79158639907837,0.9988811016082764,454.40136551857,745.0178861618042,228.71035873889923,0.6149051189422607,408.1686007976532,756.0374522209167,-293.4509289264679,0.990126132965088,432.1315205097199,1035.5889916419983,397.3837065696716,0.7666292190551758,288.98672461509705,1115.4279470443726,-409.830197095871,0.9923869371414183,410.3850281238556,1075.1408672332764,406.03312253952026,0.7221299409866333,230.2990365028381,1152.502040863037,-435.9341633319855,0.970791220664978,423.16516399383545,1142.6614665985107,341.04576230049133,0.8555778861045837,452.93723344802856,1227.986741065979,-610.7554721832275,0.9892120957374572,1.8047617619005114,27.690151026344267,84.26869416962991,79.03455987863
tom_DTL_2_frame6.jpg,tom_DTL_2,FO,frame6,P1,1186.7659378051758,269.078773856163,-160.4203748703003,0.9855083227157592,1204.5618438720703,252.87000238895416,-138.53439331054688,0.9775723218917848,1204.4732666015625,250.11779844760892,-138.7563514709473,0.978872001171112,1204.4398498535156,246.96447014808652,-139.02182579040527,0.9813170433044434,1203.4080505371094,250.2770090103149,-206.08755111694336,0.9805926084518432,1202.428321838379,246.0820287466049,-206.22041702270508,0.9809790849685668,1201.219367980957,241.5484464168549,-206.39802932739255,0.9826923608779908,1189.2127990722656,219.32728350162503,-47.58315324783325,0.9710081219673156,1181.6544342041016,214.1572612524033,-417.3262882232666,0.9837715029716492,1166.3663864135742,264.21320378780365,-117.07554817199708,0.9875529408454896,1163.5163497924805,260.14727532863617,-205.4513454437256,0.9925822019577026,1059.1709518432615,271.6147005558014,147.47869491577148,0.9965000152587892,1072.1222305297852,272.2415328025818,-427.7991199493408,0.9997825026512146,960.5796432495116,418.54878187179565,217.90842533111567,0.2785264849662781,966.1643600463868,439.13363099098206,-514.116153717041,0.9764841198921204,916.150245666504,540.2704954147339,106.42390251159668,0.2844013273715973,931.365909576416,568.2555055618286,-431.174898147583,0.9125586748123168,910.7027435302734,571.8159127235413,130.35447120666504,0.2647093832492828,925.7715797424316,599.2501473426819,-479.544038772583,0.884697437286377,917.7579116821288,578.1905794143677,63.42100381851196,0.2725045084953308,932.731819152832,600.8108067512512,-458.8971519470215,0.8782209157943726,914.9863815307616,567.4687385559082,69.931161403656,0.2758239507675171,931.714096069336,589.1256237030029,-421.2262344360352,0.8280110359191895,816.2912750244141,451.1929178237915,186.44821643829343,0.9951825737953186,785.581226348877,463.1438326835632,-186.16101264953613,0.9985274076461792,860.9310150146484,643.4900522232056,229.76879596710205,0.5617344379425049,829.4556999206543,651.5679001808167,-220.4672384262085,0.9825701117515564,750.3869247436523,826.1983752250671,367.87041664123535,0.7069142460823059,709.9247932434082,860.9659194946289,-109.11874294281006,0.9809149503707886,710.4154014587402,854.3629860877991,376.51147842407227,0.6717550754547119,663.2355880737305,891.2178254127502,-102.13412761688232,0.9545193910598756,830.0630378723145,875.5767917633057,334.5582103729248,0.8022797107696533,807.8734588623047,915.3775334358216,-182.6023292541504,0.9760125875473022,2.7709108157737647,21.263660685181698,88.71031307008003,85.2883931726119
random_1_frame8.jpg,random_1,FO,frame8,P1,276.14394211769104,428.4883685112,288.4988785982132,0.985669732093811,279.4571170806885,444.9594247341156,296.0682874917984,0.9785669445991516,278.69948291778564,441.5037031173706,295.8746882677078,0.9800300002098083,277.8835154771805,438.06767320632935,295.71228635311127,0.9819238185882568,277.0156559944153,416.1174478530884,282.6393461227417,0.9813762307167052,277.2234569787979,416.1090030670166,282.53287172317505,0.9820378422737122,277.3186010122299,417.0803453922272,282.16854095458984,0.983483910560608,270.0615532398224,409.3395857810974,282.5346566438675,0.9724440574645996,271.6604800224304,418.1939823627472,220.64560997486117,0.9842320680618286,270.4743355512619,426.2786750793457,277.7899235486984,0.9865822792053224,271.7889425754547,424.41537141799927,259.0003479719162,0.9912774562835692,247.3377537727356,412.50012373924255,247.05904746055603,0.99617999792099,251.67943108081815,392.2286834716797,83.16764888167381,0.9997648000717164,256.72470343112946,545.5318751335144,227.2341661453247,0.261533260345459,246.34955441951752,429.4693839550018,-59.44736570119858,0.9369996190071106,275.9347183704376,710.9081168174744,149.27177929878235,0.2783937752246856,257.22957730293274,543.1461846828461,-141.3746693134308,0.8596575260162354,282.7947118282318,753.7647151947021,149.1606873869896,0.2656812667846679,257.5581320524216,546.1496496200562,-151.42713570594788,0.835512638092041,289.0991551876068,785.5207190513611,130.59205394983292,0.2744772434234619,257.433265209198,539.777214050293,-140.96089106798172,0.8289864659309387,281.8026839494705,754.1736731529236,138.03156459331512,0.2802877128124237,256.9853277206421,543.4642460346222,-138.87306416034698,0.7850602865219116,205.02856278419492,454.5469822883606,82.88367187976837,0.9956323504447936,211.515262067318,456.00800704956055,-82.83901005983353,0.9986661076545716,237.25644409656525,644.9462766647339,97.43652477860452,0.5705731511116028,245.5491080284119,674.5111656188965,-187.59052139520645,0.983822762966156,276.3504755496979,972.1562490463256,-17.808275006711483,0.7194979786872864,282.84675908088684,992.7616038322448,-384.63336193561554,0.981537103652954,274.93371415138245,1022.6731896400452,-32.69856683909893,0.6937347054481506,280.3485944271088,1026.5388288497925,-405.622503042221,0.9577587842941284,312.99877762794495,1079.345458030701,-90.97451043128969,0.8046954870223999,323.7625995874405,1129.1709241867063,-481.6714549064636,0.9744292497634888,77.9111956362893,12.693140119831849,88.48252183688253,87.75847906668045
rob_DTL_3_frame8.jpg,rob_DTL_3,FO,frame8,P1,787.2346758842468,307.63861298561096,-293.5147547721863,0.9870513677597046,811.0400104522705,293.11461210250854,-273.24079513549805,0.9806296229362488,813.3650994300842,292.43106722831726,-273.4271228313446,0.9819512963294984,815.2859902381897,291.46576166152954,-273.66565704345703,0.9836723208427428,800.9203791618347,289.5301616191864,-317.3511815071106,0.9831612706184388,796.7810654640198,286.7613172531128,-317.40383863449097,0.9837547540664672,792.5841379165649,283.65811944007874,-317.4151682853699,0.9850691556930542,799.0534329414368,279.9075222015381,-132.88187831640244,0.9750678539276124,771.8027257919312,270.32575964927673,-328.5238587856293,0.9857275485992432,768.2983231544495,313.2001519203186,-232.5029754638672,0.9878861904144288,757.2912454605103,310.3277313709259,-290.39958357810974,0.9921199083328248,721.466760635376,332.626930475235,77.29713052511215,0.9965412616729736,616.663498878479,323.0297827720642,-387.2254836559296,0.9997819066047668,649.5622301101685,456.0274922847748,130.57627826929092,0.2914421558380127,544.6410369873047,462.64577865600586,-437.8883349895477,0.942848265171051,615.4210996627808,563.0716753005981,18.42782199382782,0.3174625337123871,577.960832118988,573.5268831253052,-431.3507401943207,0.8711502552032471,608.8197755813599,597.1522951126099,-9.87212810665369,0.2983866930007934,561.7313647270203,605.7525944709778,-487.5062191486359,0.8475610613822937,609.7694063186646,601.3734912872314,-43.68294954299927,0.3086605668067932,575.4727506637573,597.4603843688965,-479.36206698417664,0.8415629267692566,608.2236814498901,589.6990585327148,5.929622333496809,0.3114516139030456,580.8786034584045,591.6347551345825,-426.5987241268158,0.8000522255897522,486.5706539154053,526.809196472168,127.77889251708984,0.995721399784088,385.7224702835083,526.614500284195,-127.72057861089706,0.9986100792884828,447.5538468360901,696.3546538352966,-24.404401928186417,0.5786867141723633,359.4310176372528,721.5975022315979,-256.64834439754486,0.9839912056922911,331.16183280944824,892.2969102859497,-59.408267587423325,0.7206587195396423,292.5026500225067,940.5610942840576,-365.1602804660797,0.9809074401855468,306.8930768966675,931.7544150352478,-70.33979147672653,0.6928794384002686,244.7538685798645,982.3559832572936,-385.571483373642,0.9547892808914183,434.4740867614746,925.1941609382628,-199.1926431655884,0.8075512647628784,377.9148280620575,980.7014036178588,-554.8370146751404,0.9736354947090148,5.2321532850343715,0.11061434720238594,77.28608285622887,68.460357149441
tom_DTL_2_frame8.jpg,tom_DTL_2,FO,frame8,P1,1358.7645721435547,301.8188416957855,429.3351173400879,0.9694251418113708,1326.6780853271484,301.7323565483093,449.56624031066895,0.9569706320762634,1325.8719635009766,300.3942668437958,449.1425228118897,0.96978497505188,1326.7037200927734,297.9715883731842,448.84961128234863,0.958147406578064,1325.9137344360352,299.82717275619507,440.9250068664551,0.9676662683486938,1323.607292175293,297.9069900512696,440.875883102417,0.977389931678772,1322.358283996582,294.9084949493408,440.064697265625,0.9741946458816528,1316.0881805419922,296.1983048915863,472.0619487762451,0.9496002793312072,1297.130012512207,291.0105800628662,426.6271305084229,0.9747678637504578,1323.5197448730469,313.2051730155945,427.3421001434326,0.9496549367904664,1315.0291442871094,311.3616907596588,411.6774272918701,0.9620059728622437,1222.6360702514648,350.5791485309601,441.0841369628906,0.9958826899528505,1166.8933868408203,322.1632575988769,211.7175006866455,0.9997429251670836,1157.6715087890625,466.47642374038696,482.4159622192383,0.2877638339996338,1050.0984191894531,437.7987277507782,116.70635461807252,0.8918089270591736,1158.2201385498047,563.0434799194336,426.0997867584229,0.3310070037841797,997.4092483520508,549.1895699501038,130.3930950164795,0.8074951171875,1167.532196044922,580.4524540901184,421.06401443481445,0.3183286190032959,991.6391372680664,580.6119060516357,128.60185146331787,0.7877587080001831,1176.1150360107422,582.5281620025635,423.27818870544434,0.3296341001987457,991.1750793457032,585.9559607505798,133.41599464416504,0.7815069556236267,1165.1934814453125,577.9390740394592,426.7026615142822,0.3318400382995605,988.9145278930664,569.1965746879578,134.76496696472168,0.7448101043701172,930.8159065246582,468.117356300354,161.8736171722412,0.9960395693778992,875.9995079040527,487.99596905708313,-162.28089809417725,0.9987395405769348,1038.435401916504,527.9308319091797,479.3072319030762,0.5833585858345032,816.4360427856445,594.520275592804,-485.8111953735352,0.985172152519226,943.977870941162,594.9749422073364,663.1743621826172,0.7171569466590881,770.0739097595215,737.148220539093,-940.1093673706056,0.9812375903129578,886.0287666320801,620.6956958770752,678.526782989502,0.7030479311943054,719.2390251159668,760.0418400764465,-974.94873046875,0.9572094082832336,986.5890884399414,606.04008436203,684.9743843078613,0.7940032482147217,858.0239868164062,796.3272356987,-1124.1188049316406,0.9717960357666016,27.01107636198634,19.932664530728022,76.34029730111934,80.40175856483417
random_1_frame9.jpg,random_1,FO,frame9,P1,256.717822432518,277.5781605243683,-229.70615196228027,0.9430609941482544,259.5054029226303,261.8171380758285,-259.3289544582367,0.942521870136261,258.4649752378464,252.90199661254883,-259.4077755212784,0.9579611420631408,257.40522384643555,245.1093783378601,-259.6720213890076,0.9420915246009828,261.0355714559555,283.502081990242,-268.93951070308685,0.9473657608032228,260.6591601371765,285.16211581230164,-268.9020015001297,0.956868588924408,260.31386852264404,286.8087147474289,-269.2702901363373,0.946394145488739,246.9688960313797,200.83443975448608,-307.9774852991104,0.9412896633148192,251.0246238708496,261.11516523361206,-353.1062042713165,0.9551578164100648,248.4701436758041,278.00832641124725,-235.2111577987671,0.945557177066803,249.7812067270279,270.5074179172516,-248.18551349639893,0.951790452003479,218.7560515403748,175.95788490772247,-274.68139362335205,0.990077257156372,221.9931992292404,133.05854439735413,-308.76297974586487,0.984793782234192,220.65593147277832,441.63578724861145,-230.6970933675766,0.2782857716083526,244.43151485919952,149.0346401929855,-331.5084310770035,0.8260228633880615,261.454846739769,813.3000731468201,-347.9536556005478,0.3336252570152282,296.0927848815918,293.627783536911,-314.4400364160538,0.766559898853302,271.75810742378235,873.5801844596863,-374.1392699480057,0.3249012529850006,308.1661695241928,342.6658501625061,-353.456591963768,0.7554846405982971,285.66926193237305,933.3030166625977,-424.92385935783386,0.3404052853584289,307.73799550533295,315.7817393541336,-337.6868176460266,0.7518847584724426,281.4327656030655,910.4006032943726,-375.3353220224381,0.3457726240158081,303.2429184913635,294.89325392246246,-316.2336747646332,0.7153722047805786,133.02733248472214,191.0725165605545,-12.9118373952806,0.9896368980407716,131.8067183494568,191.95490074157715,13.43444649130106,0.9918105602264404,108.41845628619194,186.0654301643372,315.98826110363007,0.537243664264679,118.76496249437332,259.12722420692444,318.7345814704895,0.9034539461135864,108.12043273448944,386.2845904827118,715.316383600235,0.6529743671417236,117.02284109592438,438.1812171936035,666.5713894367218,0.9014196991920472,113.6277020573616,438.19492077827454,755.7158646583557,0.6480362415313721,121.99857914447784,464.6659471988678,701.1234185695648,0.8861491680145264,94.71378993988036,412.0101726055145,695.1566097736359,0.7303455471992493,98.19068610668182,458.0677671432495,630.709849357605,0.8915836215019226,85.68468747116037,35.86323487594725,84.57419214899727,87.34740332821626
tom_DTL_2_frame9.jpg,tom_DTL_2,FO,frame9,P1,1079.9364852905271,279.9125111103058,-562.9439735412598,0.9427690505981444,1077.1556854248047,273.1629037857056,-619.7780227661133,0.944862425327301,1084.0446853637695,267.82522201538086,-619.8672294616699,0.9592994451522828,1090.2605438232422,262.64251828193665,-620.3521156311035,0.9449039101600648,1042.448501586914,286.7914116382599,-639.5823097229004,0.9484227299690248,1026.6914749145508,289.51271653175354,-639.1034317016602,0.9560700058937072,1011.2976837158204,292.14489698410034,-639.6871948242188,0.945744514465332,1060.7124710083008,238.81299555301663,-685.6178855895996,0.9454395174980164,953.9130592346193,286.0718500614166,-751.5843772888184,0.9545978903770448,1085.2687454223633,272.2516071796417,-549.4826889038086,0.9458293318748474,1052.1225357055664,277.5621557235718,-569.4903373718262,0.9505324959754944,1134.5159912109375,228.91080021858212,-628.4787368774414,0.9900447130203248,955.9054756164552,249.44501996040344,-613.7228965759277,0.9788192510604858,1080.4306411743164,342.6106059551239,-467.3396015167236,0.3293382823467254,1440.1295471191406,60.92700406908989,-632.7461814880371,0.8241236805915833,927.443904876709,409.4073951244354,-438.1465244293213,0.3859457075595855,2045.587921142578,-43.78606706857681,-517.9557037353516,0.7867872714996338,897.5335121154785,426.1395835876465,-498.4832382202149,0.3741964101791382,2166.256256103516,-54.67396214604378,-574.8510932922363,0.7744925022125244,932.039394378662,429.19466257095337,-516.7886352539062,0.3872387707233429,2239.920959472656,-78.26418220996857,-564.2026519775391,0.7703747153282166,923.3625411987304,432.896271944046,-455.579252243042,0.3926439583301544,2188.296432495117,-79.20551687479019,-525.516300201416,0.7370085716247559,332.3257255554199,448.71185302734375,-84.81202840805054,0.9894903302192688,240.6031322479248,465.3855264186859,85.61041831970215,0.991016447544098,302.1262836456299,479.79323744773865,296.0263252258301,0.5655034780502319,508.31302642822266,450.61108231544495,481.7098617553711,0.8522809147834778,13.97905558347702,599.8718619346619,862.4719047546387,0.6373583078384399,198.94323348999023,569.1547322273254,949.6880149841307,0.8383795022964478,13.319092690944672,609.3333435058594,908.4413909912108,0.6258965134620667,194.460883140564,583.362500667572,1001.6441345214844,0.8336524367332458,-137.85105228424072,626.9157385826111,798.237133026123,0.6871418952941895,-1.440453864634037,618.8156175613403,994.6171188354492,0.8243553042411804,6.5583001065716555,10.302934624211202,4.722744155434055,61.71054106165833
random_1_frame10.jpg,random_1,FO,frame10,P1,188.36006796360016,-832.4512357711792,-152.20971995592117,0.9141431450843812,205.77124500274655,-817.393491268158,-179.7654161453247,0.9189391136169434,207.5809605717659,-804.046046257019,-180.4865111708641,0.9338371753692628,209.26018291711807,-790.3901362419128,-181.19859105348587,0.9213141202926636,200.0998276472092,-857.8830161094666,-181.52949982881543,0.9195088744163512,197.0593057870865,-881.6303687095642,-181.37794971466064,0.9237423539161682,194.1462764143944,-904.8116135597228,-182.41557067632675,0.9142718315124512,198.01663118600845,-834.5107655525208,-165.0687283873558,0.922329604625702,178.38767725229263,-980.9149508476256,-178.80395179986954,0.933173656463623,176.1006635427475,-832.5157232284546,-118.56928086280824,0.9297858476638794,168.0169129371643,-899.9180903434753,-124.41728895902634,0.9298386573791504,146.2184655070305,-892.9208173751831,-334.75846123695374,0.9846950173377992,101.8937821686268,-990.2171897888184,58.06614750623703,0.949926495552063,57.122099071741104,-458.9557363986969,-429.7571141719818,0.3124988079071045,6.523565009236336,-601.5213441848755,334.8629437685013,0.743393063545227,44.51206120848656,19.15698041021824,-592.2173879146576,0.3688515722751617,-36.90670168399811,-760.9872336387634,671.0604908466339,0.7131176590919495,42.97975206375122,-30.24149625003338,-619.945173740387,0.3647458851337433,-53.65072904527187,-781.8399438858032,766.2958397865295,0.7053988575935364,64.00867232680321,-19.28529917448759,-622.9685707092285,0.379014641046524,-52.81144769489765,-905.883333683014,703.7193140983582,0.7020577192306519,63.33489063382149,-50.08370867371559,-598.9760806560516,0.3842552304267883,-43.297881841659546,-880.9859547615051,649.8931939601898,0.6719793081283569,-98.85413336753844,-609.8869028091431,-154.6943166255951,0.9005283713340759,-124.1125072836876,-709.3258709907532,154.44705337285995,0.8981413245201111,-64.62849250435829,-685.5434341430664,267.25539922714233,0.5291573405265808,-94.31724652647972,-933.945511341095,625.1485538482666,0.7730802893638611,-182.8299697637558,-699.2242178916931,1059.9044289588928,0.5787131786346436,-154.04024666547775,-577.1232824325562,1277.337673187256,0.7564741373062134,-192.3034104704857,-634.4900960922241,1179.2339825630188,0.5699838399887085,-151.85589176416397,-476.55624437332153,1344.8339576721191,0.7562568187713623,-222.32635855674744,-790.4586157798767,1058.9419169425964,0.6228823065757751,-200.1742252111435,-604.3331892490387,1324.8377757072449,0.7444132566452026,65.50771841815686,75.74778446228862,83.56221389171205,85.32902791737814
random_1_frame11.jpg,random_1,FO,frame11,P1,310.9738756418228,286.98542189598083,-202.80590969324112,0.9225890040397644,314.5968248844147,278.80215549468994,-191.73078721761703,0.9268682599067688,314.8104979991913,277.9495007991791,-191.8044087290764,0.9402492642402648,315.0544630289078,277.0188661813736,-191.8834238052368,0.9290024042129515,312.5481239557266,278.26715910434723,-215.4395007491112,0.9274638295173644,311.09545719623566,277.1019513607025,-215.5172870755196,0.93126380443573,309.52971959114075,275.82179856300354,-215.59102499485016,0.9227621555328368,307.37105202674866,271.0181931257248,-131.2439250946045,0.9297815561294556,300.70377826690674,270.0106725692749,-235.71807527542117,0.9397510886192322,304.94402551651,289.7742933034897,-177.11029487848282,0.936533272266388,301.95505940914154,288.6890615224838,-207.871786236763,0.9367268681526184,280.6425889730453,283.3899774551392,-31.23478312790394,0.9858660101890564,263.3408870697021,301.6420966386795,-258.571449637413,0.9549253582954408,243.87635278701785,315.7188640832901,53.99074673652649,0.2857420146465301,271.69271206855774,363.6154067516327,-268.2573347091675,0.768623948097229,228.8694639205933,347.342342376709,93.00340908765791,0.3346050083637237,282.7713009119034,417.2921943664551,-211.54243683815,0.7390782833099365,224.9540463685989,355.78835678100586,101.61215272545816,0.3313377201557159,285.7860836982727,429.2490134239197,-228.55071330070496,0.7305279970169067,226.16564536094663,356.6774775981903,85.08461490273476,0.3440776765346527,287.70916759967804,428.6759579181671,-228.4210349321365,0.7273274660110474,227.20033025741577,354.8732490539551,86.15281879901886,0.349346399307251,286.2497750520706,425.19996881484985,-209.90571630001068,0.6970926523208618,229.5572533607483,370.3442122936249,68.26451823115349,0.9101676940917968,202.60303664207456,370.3809471130371,-68.23828119039536,0.908231258392334,247.0660319328308,444.9331307411194,6.297780625522137,0.5542045831680298,216.5863510966301,452.2042067050934,-122.0987675189972,0.7944492697715759,241.6568168401718,523.3636591434479,56.11574655771256,0.604739248752594,189.6729159355164,547.5155553817749,-118.8713851571083,0.7797998189926147,229.21884274482727,536.0858829021454,57.60417640209198,0.592771053314209,180.69614881277084,558.6809060573578,-124.18565022945404,0.7765015363693237,275.02249455451965,542.0663268566132,12.902717970311642,0.6526076197624207,217.01275312900543,567.3004608154297,-203.75480198860168,0.768768310546875,46.531254078347445,0.07808606840084037,85.64783281872243,78.8299184865906
tom_DTL_2_frame11.jpg,tom_DTL_2,FO,frame11,P1,1348.9481735229492,354.09085750579834,-120.5842351913452,0.9285929799079896,1362.9552841186523,340.83059549331665,-104.3954300880432,0.9323373436927797,1361.2751770019531,339.6810221672058,-104.52258825302124,0.9447997212409972,1360.0474548339844,337.9792249202728,-104.68030214309692,0.9344278573989868,1363.9184188842771,340.2227210998535,-155.24548530578613,0.9328634142875672,1362.2125625610352,339.3110704421997,-155.21917819976807,0.9365583658218384,1360.5992889404297,337.8141725063324,-155.3660774230957,0.9286829233169556,1337.1077728271484,334.32950019836426,-6.87433585524559,0.9350244998931884,1333.9211654663086,333.3242511749268,-228.74643802642825,0.9437564611434937,1320.6559753417969,357.12292313575745,-74.2936635017395,0.940573275089264,1320.1924896240234,357.2561109066009,-141.88887119293213,0.9407495856285096,1184.84619140625,390.0784957408905,165.07545948028564,0.9868536591529846,1213.8553619384766,381.8396830558777,-306.9726276397705,0.9593527913093568,1014.2605590820312,511.6689205169678,248.7920093536377,0.2735246121883392,1009.9668502807616,500.7198107242584,-423.931360244751,0.7788149118423462,915.0300979614258,597.769181728363,152.73147583007812,0.3147067427635193,903.0678176879884,610.1322770118713,-347.5969219207764,0.7341105341911316,902.1101760864258,620.8890080451965,164.52750205993652,0.312127411365509,883.3201789855957,633.4916353225708,-382.7105140686035,0.7205419540405273,903.452968597412,620.0293707847595,114.69844579696657,0.3242099285125732,888.9667510986328,631.0920023918152,-337.9478931427002,0.7160418033599854,901.6497802734376,616.7528486251831,127.32285976409912,0.3293440341949463,892.3967742919922,625.4542779922485,-327.16970443725586,0.6836839914321899,823.3056449890137,568.0865907669067,165.40597915649414,0.9183785915374756,817.5418281555176,582.3680663108826,-165.44354438781738,0.916925847530365,745.3801345825195,696.8446612358093,189.019718170166,0.5123260617256165,782.6822662353516,701.136474609375,-138.41593265533447,0.8020979166030884,621.6678428649902,837.8567790985107,304.26209449768066,0.5637683272361755,598.4551048278809,856.7901062965393,-75.23014783859253,0.7743924260139465,584.1872406005859,865.7177424430847,312.641716003418,0.5622236132621765,564.3990325927734,879.4861006736755,-65.76310873031616,0.7742930054664612,670.228443145752,884.4537663459778,273.1545352935791,0.6185634136199951,701.2148666381836,863.115656375885,-129.23682689666748,0.7597129344940186,15.85492705280669,68.02164114633115,86.48337646101696,89.0019360722584
random_1_frame12.jpg,random_1,FO,frame12,P1,257.799018740654,354.3216893672943,-204.53694647550583,0.9145578742027284,261.5196212530136,361.7939431667328,-210.2385522723198,0.9252150654792786,261.43213427066803,361.4708533287048,-210.3480015397072,0.9380874633789062,261.3095179796219,361.3705906867981,-210.65385675430295,0.9284355044364928,260.0606943368912,355.8380274772644,-212.5560131072998,0.9222148656845092,258.869712471962,349.1289520263672,-212.52131062746048,0.9239779114723206,257.6985975503921,342.23451352119446,-212.80314701795575,0.9159165620803832,252.9876744747162,335.37312483787537,-204.74933910369876,0.9318529963493348,248.10829627513883,316.6111708879471,-223.27503097057345,0.9315933585166932,250.92396986484528,343.53098011016846,-195.9912894368172,0.9344798922538756,248.84329557418823,330.7697184085846,-198.1973220705986,0.9307620525360109,229.34412348270416,345.0574903488159,-225.61265623569489,0.98157000541687,217.64924550056455,204.75353062152865,-160.95351612567902,0.9422044157981871,214.34059751033783,483.0929310321808,-227.3712946176529,0.2875719368457794,213.22528076171875,81.26262176036835,-199.00049757957456,0.7284104228019714,247.48939442634585,641.0606002807617,-263.46316707134247,0.3090075254440307,237.3773272037506,49.711471140384674,-201.7358238697052,0.688645601272583,251.60648214817047,675.3744530677795,-287.8559191226959,0.3054999411106109,243.82246887683868,56.85341864824295,-213.15843677520752,0.6740973591804504,260.4040199518204,701.0849113464355,-304.91065526008606,0.3196543455123901,243.5549377202988,31.8771433532238,-226.5561808347702,0.6724333763122559,259.01359260082245,692.0718679428101,-276.89200496673584,0.3289097845554352,240.1762639284134,23.76923467218876,-214.5061812400818,0.6455458998680115,134.34407365322113,361.5995211601257,-39.50232236087322,0.9138847589492798,131.74939393997192,288.0477375984192,40.09137852489948,0.9097195267677308,110.35038071870804,291.8500601053238,158.11745822429657,0.4956546425819397,117.721197783947,259.37667167186737,289.11858236789703,0.7388138771057129,84.85791704058647,369.2251629829407,479.7475173473358,0.5162205100059509,92.2008738219738,360.23588013648987,517.1100463867188,0.7084575891494751,86.03211030364037,398.6512887477875,514.63205909729,0.5181076526641846,92.70590290427208,391.67804503440857,544.9313206672668,0.7162294983863831,66.9751005768776,334.15078043937683,517.5870599746704,0.5661285519599915,71.51968973875046,320.40454959869385,549.7529864311218,0.6966912746429443,85.2351897770506,87.97961970922705,79.74776840481724,88.13287274104854
tom_DTL_2_frame12.jpg,tom_DTL_2,FO,frame12,P1,1709.3720626831057,320.8783721923828,-236.2868356704712,0.8762269616127014,1779.5606231689453,312.1441447734833,-261.0162162780762,0.8980370163917542,1790.5389404296875,309.6708369255066,-261.3069820404053,0.9110456705093384,1800.5846786499023,306.0532021522522,-261.6441822052002,0.9047081470489502,1752.4761199951172,323.6142897605896,-262.5105857849121,0.8877524733543396,1745.365104675293,345.7158958911896,-262.45076179504395,0.8850743770599365,1738.7999725341797,315.103372335434,-263.2313632965088,0.8740728497505188,1802.5686264038088,296.69623017311096,-240.68346977233887,0.9036260843276978,1666.5187454223633,299.82414722442627,-224.251070022583,0.8797938823699951,1671.6515350341797,315.3728699684143,-211.83863639831543,0.9031128883361816,1644.524803161621,313.59289169311523,-214.84517097473145,0.8965415954589844,1593.6261749267578,344.33692932128906,-218.20462703704837,0.9794557690620422,1504.0295791625977,334.5836126804352,-164.31618690490723,0.9265811443328856,1357.0196914672852,428.6704730987549,-292.2241401672363,0.3024412989616394,1281.221809387207,367.43860244750977,-235.93438625335693,0.669776976108551,1469.6091842651367,426.74333810806274,-347.1224784851074,0.3297621309757232,1437.6332473754885,325.5985879898072,-249.4406032562256,0.6423574090003967,1508.825569152832,415.7273769378662,-368.7620258331299,0.3279856145381927,1475.5022048950195,316.2146759033203,-249.3395519256592,0.6343123316764832,1565.3290557861328,396.2546038627625,-369.24488067626953,0.3411891162395477,1493.3966445922852,302.21991777420044,-257.82002449035645,0.6331547498703003,1545.3635787963867,402.62460350990295,-353.87572288513184,0.3493233323097229,1476.8204498291016,306.3856244087219,-257.8542709350586,0.6100101470947266,605.3020477294922,607.8006863594055,-14.716387689113615,0.9162763953208924,539.7785568237305,618.082537651062,15.277639031410216,0.907622754573822,589.6832656860352,629.5453119277954,153.2956838607788,0.5114065408706665,848.7502670288086,579.3106698989868,208.2335901260376,0.7071493268013,470.225887298584,705.0945138931274,468.25475692749023,0.4975067377090454,609.7175788879395,681.9314932823181,387.343111038208,0.6697680950164795,487.1871757507324,707.5076651573181,497.0329856872559,0.4933494329452514,571.0395240783691,692.4829387664795,409.063138961792,0.6769739389419556,338.3432006835937,742.3366212844849,450.9729194641113,0.5453837513923645,548.221435546875,711.3558197021484,390.0424289703369,0.6680465340614319,6.212647555744354,8.918047622589857,31.025071421782304,24.596407354170253
random_1_frame13.jpg,random_1,FO,frame13,P1,250.4549754858017,-275.54394590854645,-216.9409036040306,0.8126639127731323,258.7806475162506,-313.7004450559616,-245.44930768013,0.8446492552757263,259.13266491889954,-323.2397713661194,-245.7309112548828,0.8569838404655457,259.41212141513824,-332.4706518650055,-246.1693032979965,0.8545777797698975,254.4523183107376,-312.35818469524384,-268.9427442550659,0.8299099802970886,251.60136020183563,-323.2574670314789,-268.50787031650543,0.8243410587310791,248.8150990009308,-335.29286098480225,-268.8828330039978,0.8158506155014038,242.63735914230347,-433.2027471065521,-258.439857006073,0.8537194132804871,228.1392502784729,-433.05553913116455,-356.3691427707672,0.8207563757896423,236.79440832138064,-246.17395877838132,-193.3071955442429,0.8528650999069214,232.8011268377304,-319.1930298805237,-225.12045788764956,0.8388932943344116,207.0529991388321,-416.9697570800781,-265.68078875541687,0.9529072046279908,167.96908223628998,-517.393310546875,-274.2874176502228,0.8631860017776489,212.6433836817741,38.98430649936199,-171.393530189991,0.280679702758789,189.8411123752594,-234.15326642990112,-264.8755308389664,0.6065759062767029,234.70602524280548,98.79371935129166,-137.70321679115295,0.308003693819046,259.0039436817169,-105.21581602096558,-132.2420191168785,0.5893505215644836,239.7557210922241,126.36940056085588,-158.31617939472198,0.3117402195930481,275.5645672082901,-59.333129316568375,-154.51560467481613,0.5867966413497925,251.52507424354556,118.4559930562973,-177.2108324766159,0.3249393701553345,278.16796457767487,-123.40533822774889,-165.53552395105362,0.586615800857544,250.68639433383944,125.0053181052208,-146.7005363702774,0.3325246274471283,271.594593167305,-148.60860073566437,-139.96706533432007,0.5653105974197388,8.251276083290577,-215.96701657772064,-39.96676713228226,0.8289127945899963,-9.94429276138544,-270.5994277000427,41.29486130177975,0.8189802169799805,105.60256281495094,-207.40001142024997,291.2936763763428,0.4648238122463226,80.66137447953224,-335.0110738277436,410.4352442026138,0.6381750106811523,85.3846238553524,-313.1939306259155,1037.3457217216492,0.4495469331741333,110.3716704249382,-176.46516704559326,993.2272419929504,0.6038826704025269,82.23438757658005,-320.9964331388473,1106.0392999649048,0.4461545646190643,114.21532899141312,-163.17274749279022,1059.3050060272217,0.6114287376403809,92.2039650976658,-345.22450518608093,1087.8248310089111,0.4933972954750061,123.55054181814194,-146.2503462433815,1075.734761238098,0.6034063696861267,68.7344732919936,71.57943219558518,12.418838114924682,77.3788870593849
tom_DTL_1_frame16.jpg,tom_DTL_1,FO,frame16,P1,490.6968684196472,326.8590080738068,-146.27004647254944,0.83134925365448,493.0056896209717,320.8512507677078,-137.56050449609756,0.8601259589195251,492.85867381095886,320.28276884555817,-137.6405167579651,0.8712254166603088,492.6959781646729,319.58059895038605,-137.704025298357,0.8690750002861023,491.9229483604431,320.1903000473976,-163.16633623838425,0.8468744158744812,491.0133097171784,319.30111330747604,-163.20678466558456,0.8418553471565247,490.0245434045792,318.2739645838737,-163.26027649641037,0.8342244625091553,485.1105798482895,314.8672122955322,-86.05794882774353,0.8681831955909729,482.2502932548523,313.9279118180275,-201.65483593940732,0.838593602180481,483.8470695018768,328.6418480873108,-123.89989811182022,0.8675276041030884,482.27613723278046,327.8902382850647,-157.69683122634888,0.8549790382385254,462.8128813505173,336.9854099750519,-1.4739727699197829,0.9575872421264648,446.1498638391495,342.6263724565506,-234.00280648469925,0.8768631219863892,458.89996433258057,385.4670530557632,31.40962600708008,0.3016607165336609,447.259628534317,399.67501962184906,-256.7996580004692,0.6451419591903687,459.5426641702652,426.4518889188767,-14.57138003781438,0.3232886493206024,458.54338681697845,440.66959714889526,-243.26797664165497,0.6283942461013794,461.0792534351349,437.7208763360977,-18.097427666187286,0.3201349079608917,459.20187056064606,450.4422187805176,-269.6219134926796,0.625284731388092,462.20740377902985,439.33564376831055,-39.38490414619446,0.3327996730804443,462.1645270586014,449.9116253852844,-269.602695286274,0.6248453259468079,461.0099083185196,436.006574511528,-25.35798972845077,0.3392879068851471,461.5594310760498,446.673966050148,-242.7946676015854,0.6022775769233704,414.1606389284134,403.6077255010605,72.82184278964996,0.8458995223045349,392.7932195663452,403.887615442276,-72.88065952062607,0.8370516896247864,436.9807326793671,461.8589098453522,113.64679419994354,0.4987646341323852,410.4021960496903,474.1663278341293,-142.89402508735657,0.6738848090171814,425.7097055912018,531.3928277492523,208.7720940113068,0.4933466017246246,402.9009901285172,551.0042219161987,-135.37031409144402,0.6432265043258667,418.6543343067169,540.6539157629013,215.4757443666458,0.4833978116512298,393.261602640152,564.1889672279358,-139.51614779233932,0.6485099196434021,449.6833426952362,546.2117468118668,177.77220779657364,0.5368891954421997,429.6730270385742,571.3790467977524,-219.17458999156952,0.6426956057548523,18.702598257893214,0.7504694410187667,85.90119055027465,81.65698649653434
rob_DTL_2_frame18.jpg,rob_DTL_2,FO,frame18,P1,881.5462303161621,504.3823778629303,-287.0229434967041,0.7800926566123962,874.844799041748,498.3215296268463,-283.2546329498291,0.7961385846138,872.7974510192871,497.5406849384308,-283.3509635925293,0.802822470664978,870.6679344177246,496.73232078552246,-283.3937644958496,0.8108438849449158,877.2063446044922,501.2977194786072,-318.6174488067627,0.7938486933708191,876.7247200012207,502.20351219177246,-318.740873336792,0.7864711880683899,876.3147926330566,503.15613627433777,-318.9288139343262,0.7901443243026733,857.8663444519043,497.1777820587158,-211.9507741928101,0.8034092783927917,865.7357597351074,506.30903005599976,-372.9142284393311,0.8032982349395752,876.5805244445801,508.6686551570892,-253.21120262146,0.8419079184532166,879.6053123474121,511.4302897453308,-300.0830554962158,0.8464125394821167,835.65673828125,511.1944591999054,-70.08160829544067,0.9597185850143432,865.8609008789062,540.6932973861694,-395.50944328308105,0.8891226053237915,875.7799530029297,562.0997714996338,-32.947118282318115,0.2871140241622925,908.3487510681152,594.6329283714294,-420.4310703277588,0.6740206480026245,910.9506225585938,625.0303173065186,-105.94186305999756,0.3061626851558685,947.6464462280272,655.9066414833069,-384.61621284484863,0.6552301645278931,916.4580917358398,629.7263932228088,-115.55331945419312,0.3057700097560882,947.3556518554688,661.326334476471,-424.1318893432617,0.6523513197898865,924.3534278869628,644.0535736083984,-151.8092393875122,0.3175287842750549,946.1051559448242,658.8808679580688,-423.4800624847412,0.6508838534355164,921.6749382019044,644.7591018676758,-124.44063663482666,0.3242036402225494,942.2008895874023,656.6683030128479,-384.360237121582,0.6265212297439575,766.3888549804688,628.9636373519897,111.40563726425172,0.8609530925750732,776.9147300720215,646.0887908935547,-111.29424333572388,0.8532246351242065,823.3794021606445,727.274751663208,104.75238561630248,0.4556219577789306,860.5918121337891,746.790783405304,-172.9392957687378,0.6953780651092529,833.2884407043457,861.8735146522522,197.89767265319824,0.4582544863224029,830.8537101745605,886.3467836380005,-111.0376524925232,0.6698195934295654,824.809684753418,879.6849489212036,203.9490795135498,0.4595035910606384,817.9135322570801,907.5909733772278,-106.78439855575562,0.67095947265625,878.6046981811523,897.2547912597656,133.52665901184082,0.5069417357444763,871.5999412536621,920.1007103919984,-199.42853450775144,0.6605565547943115,44.32314571278786,58.423280949843935,84.6973580167746,87.29393780971678
tom_DTL_1_frame18.jpg,tom_DTL_1,FO,frame18,P1,495.8132475614548,335.63166522979736,-126.16055238246918,0.8019800186157227,499.1680734157562,328.93590772151947,-117.85506972670557,0.8164101839065552,498.88975632190704,328.15830731391907,-117.92686048150064,0.8224356770515442,498.55232763290405,327.2037397623062,-117.9898746907711,0.8296683430671692,498.2807056903839,328.9159623384476,-142.46743467450142,0.8143536448478699,497.41005849838257,328.22738456726074,-142.5038157105446,0.8077033758163452,496.4960142374039,327.33149802684784,-142.55014407634735,0.8110135197639465,491.711270570755,321.4652643799782,-71.41336767375469,0.8228453397750854,489.4331152439117,321.3835383653641,-181.7862285375595,0.8227612972259521,489.3339021205902,336.6667459011078,-105.88419118523598,0.8576159477233887,488.2626085281372,336.09595370292664,-138.20996019244194,0.8617064356803894,471.2911283969879,342.7070780992508,7.570664322003722,0.9637079834938048,446.203043460846,346.6880302429199,-217.1451786160469,0.9001936912536621,464.7795560359955,383.640548825264,45.073306784033775,0.3194707334041595,448.6046254634857,402.23665368556976,-234.25005877017972,0.7053412199020386,467.2434411048889,429.7873114347458,2.2900154795497656,0.3428113758563995,459.9814220666885,442.08683598041534,-213.62378919124603,0.6869165301322937,467.3874042034149,440.4472715854645,-0.1255268631794024,0.33479043841362,461.7987914085388,453.2881323099136,-236.49003785848615,0.6832082867622375,468.36853873729706,441.8520349264145,-20.759400755167007,0.3469509482383728,465.2936257123947,452.75719237327576,-236.0903581380844,0.6816181540489197,467.8573136329651,438.0702670812607,-7.959698036313057,0.351632297039032,464.5975034236908,448.58579647541046,-212.4494839310646,0.6559766530990601,422.4766412973404,409.19354939460754,77.42442110180855,0.8746247291564941,397.4587687253952,409.0382988452912,-77.43932908773422,0.8678039312362671,444.23005521297455,465.55604457855225,99.41840082406998,0.4751827418804168,415.7029867172241,479.86589431762695,-125.2941547036171,0.7249518632888794,430.6822950839996,535.7611746788025,175.4692144989967,0.4893231093883514,409.36361503601074,555.9779766798019,-113.3330934047699,0.7022769451141357,420.2733120918274,549.2895350456238,180.09995234012604,0.4870527982711792,405.8649648427963,560.223224401474,-108.62156277894974,0.7016233205795288,456.4319511651993,552.2856550216675,140.92715093493462,0.5410200953483582,439.7640770673752,573.0330119132996,-189.81931740045547,0.6936012506484985,9.016463074873446,0.3555492992994118,83.62967290556624,80.82328443295141
rob_DTL_2_frame20.jpg,rob_DTL_2,FO,frame20,P1,890.5734443664551,489.88309621810913,-93.88824462890624,0.7863545417785645,886.4322280883789,484.3842566013336,-83.86683940887451,0.7883082032203674,885.190544128418,484.3490445613861,-83.97954225540161,0.7963196635246277,883.8745880126953,484.2748546600342,-84.00155067443848,0.8108404874801636,886.9869232177734,483.556934595108,-128.03629875183103,0.7932021021842957,885.9721755981445,482.55197525024414,-128.12161445617676,0.7883395552635193,885.007152557373,481.5151834487915,-128.33925247192383,0.7967464327812195,875.7995223999023,479.2541456222534,-13.841728270053864,0.7965816855430603,876.6348266601562,472.5921499729157,-214.0938234329224,0.8093535304069519,886.4084815979004,493.0477380752564,-61.375157833099365,0.8448607325553894,887.7915573120117,492.44932651519775,-119.91546392440796,0.8556567430496216,860.4644393920898,501.3857173919678,116.19768619537354,0.9662169814109802,863.9039039611816,473.7735879421234,-295.23548126220703,0.9101510643959044,875.6568145751953,560.3974914550781,152.45551586151123,0.290217787027359,904.5822715759276,505.1259505748749,-329.43803787231445,0.7308142185211182,905.2001953125,632.2904348373413,85.61646223068237,0.3110868036746979,923.3652305603028,632.9109907150269,-273.80993843078613,0.7001399397850037,909.8647499084472,654.545087814331,89.71786737442017,0.304110437631607,930.0822830200196,666.1731719970703,-303.4715938568115,0.6915469765663147,906.862564086914,649.1524314880371,61.37919187545776,0.3153009116649627,929.5287322998048,662.1781826019287,-290.6622505187988,0.6887037754058838,908.162841796875,639.7629833221436,70.424644947052,0.3194076418876648,926.5481185913086,654.9183225631714,-266.7586612701416,0.6549512147903442,783.7802124023438,632.4017357826233,132.56529808044434,0.8864316344261169,772.7137184143066,626.8494343757629,-132.5315523147583,0.8808769583702087,845.4513359069824,733.4877133369446,121.43187046051024,0.4345230460166931,823.8313865661621,762.0384335517883,-205.01010417938232,0.7432327270507812,845.7506561279297,886.9915437698364,177.11756229400635,0.4697520136833191,820.6040382385254,907.819755077362,-213.226375579834,0.7278748154640198,832.3580932617188,911.2423396110536,178.2017469406128,0.4753716886043548,803.9306831359863,933.6599850654602,-217.700514793396,0.7251757383346558,901.3228797912598,907.510313987732,107.60378837585448,0.5365332961082458,884.3264007568359,928.0370664596558,-324.90657806396484,0.7188723683357239,82.89960760551844,26.64391881918999,89.52103469357574,87.60956999047815
tom_DTL_1_frame20.jpg,tom_DTL_1,FO,frame20,P1,494.1462242603302,329.84889030456543,-133.20750269293785,0.8076820969581604,497.672487616539,323.52886068820953,-108.86576235294342,0.8094208836555481,497.4062079191208,322.9271300435066,-108.39803838729858,0.8166295886039734,497.0646164417267,322.1600606441498,-108.926851272583,0.8297067880630493,496.42184722423553,323.12363827228546,-180.4851837158203,0.813837468624115,495.4119200706482,322.3330425620079,-180.57827407121655,0.8094585537910461,494.4113938808441,321.3788985610008,-180.7719824910164,0.8170299530029297,488.6259852647781,316.24099868535995,-96.53680595755576,0.8167919516563416,485.9512896537781,315.71695107221603,-223.2065627574921,0.8283495903015137,487.8826500177384,331.5971916913986,-133.70974311232567,0.8603397011756897,486.5045936107636,330.57797491550446,-167.69852006435394,0.8700729012489319,469.9305210113525,339.2011572122574,-22.34399650990963,0.9695638418197632,442.0974934101105,340.7477329969406,-249.73932605981827,0.9191290140151978,466.6779609918594,382.9409972429276,11.974569763988256,0.3355275392532348,441.6324752569199,399.941663980484,-275.6741394996643,0.7569128274917603,461.5468039512634,425.9803615808487,-36.42300215363503,0.3427249193191528,456.1501997709274,439.4764935970306,-274.68936252593994,0.7279523611068726,462.012481212616,438.9758182764053,-43.52059972286224,0.326787918806076,457.2743954658508,450.8858687877655,-303.7047954797745,0.7190670371055603,462.0260102748871,440.1825139522553,-62.84131912887096,0.3380438685417175,460.5352463722229,450.554190158844,-303.1513180732727,0.7162456512451172,460.9582550525665,435.4342806339264,-46.35174246132374,0.3404125869274139,460.34139919281006,447.0534673929215,-274.11422127485275,0.6823372840881348,424.4852213859558,405.4018473625183,71.80892796814442,0.897598922252655,398.0462422370911,404.6690663099289,-71.83543539047241,0.8927093148231506,441.4372404813767,466.4595550298691,65.91790160536766,0.4736441671848297,412.30122542381287,475.7917610406876,-147.76977771520615,0.7678991556167603,429.5618458986282,536.4169850349426,159.1663128733635,0.5079243779182434,411.33053255081177,547.162232875824,-131.40955969691277,0.7545928359031677,419.7011021375656,547.9602792263031,165.15892428159714,0.5097494721412659,393.02522563934326,560.1821399927139,-134.80251842737198,0.7502312660217285,450.53685307502747,550.5907595157623,115.81186044216156,0.5713564157485962,436.6902047395706,561.2728213071823,-217.1501566171646,0.7461404204368591,3.1804385482396222,1.587599721112099,83.02174737969547,79.57094441497424
tom_DTL_1_frame21.jpg,tom_DTL_1,FO,frame21,P1,488.874156832695,325.14978885650635,-129.2789925634861,0.8268364071846008,491.6255518198013,319.1052596569061,-121.30362769961356,0.8283706307411194,491.5369191169739,318.41864562034607,-121.36878401041032,0.8348510265350342,491.4061034917832,317.5870617628097,-121.42073214054108,0.8466495871543884,490.383896112442,318.371766269207,-145.84277093410492,0.8323735594749451,489.4858438968658,317.32684767246246,-145.87853622436523,0.8284221887588501,488.5351324081421,316.1704775094986,-145.93062311410904,0.8352544903755188,483.6267192363739,311.8011102080345,-72.72440318763256,0.8348355889320374,480.459947347641,311.12830007076263,-183.1105676293373,0.8453603982925415,482.710767030716,326.485936999321,-107.860006660223,0.8742378950119019,480.7972025871277,325.7958575487137,-140.0713336765766,0.8830328583717346,464.9372216463089,337.05633544921875,7.23194126598537,0.9725843667984008,437.0270437002182,336.6909267902374,-217.6791256070137,0.9272132515907288,462.0810978412628,381.3928812742233,44.03396692872048,0.3670424222946167,436.1846340894699,392.3755099773407,-242.45094269514084,0.7806479930877686,459.6081587076187,426.4703326225281,3.682985834777355,0.3763429820537567,451.6882109642029,437.3046801090241,-241.06083154678345,0.7539622187614441,460.61239671707153,438.9894874095917,0.002908714987825,0.3534855842590332,452.9417653083801,448.28253424167633,-267.01160234212875,0.7452809810638428,460.10724234580994,440.00824213027954,-19.24161341786385,0.3644313216209411,457.1304323673248,448.2977820634842,-268.65182769298553,0.7425709962844849,459.3228689432144,435.2504596710205,-5.966397766023874,0.3646242022514343,456.5730350017548,444.6413466930389,-241.1596457362175,0.7098904848098755,417.3883956670761,403.8205019235611,69.82388931512833,0.907716691493988,392.5720714330673,403.4053838253021,-69.89107498526573,0.9034081101417542,438.0282289981842,462.6090949773789,84.8756215274334,0.5016711950302124,411.9881143569946,472.8669900894165,-151.40253907442093,0.79043048620224,423.6724369525909,534.3029284477234,152.7182577252388,0.5407498478889465,404.2350250482559,552.0451167821884,-163.90831857919693,0.7788331508636475,416.71478712558746,541.9156345129013,156.53634989261627,0.5378352403640747,394.9638361930847,564.7608760595322,-169.75483345985413,0.7736085057258606,448.8377069234848,548.5510938167572,119.46983268857002,0.6039304137229919,431.2273081541061,570.8471057415009,-245.50677627325055,0.7711294293403625,0.7500911637387162,0.9583327800520465,82.92608463865274,79.92810475928087
rob_DTL_2_frame22.jpg,rob_DTL_2,FO,frame22,P1,884.4539451599121,515.0811731815338,-498.44032287597656,0.8403114676475525,883.0764770507812,506.9209599494934,-491.0896682739258,0.8396692872047424,882.7566146850586,506.4140224456787,-491.183967590332,0.8424727320671082,882.3767280578613,505.88873863220215,-491.286735534668,0.8567716479301453,881.843433380127,507.8834652900696,-524.4629859924316,0.8457608819007874,880.407772064209,507.7654373645783,-524.5339393615723,0.8412297368049622,879.0321922302246,507.6819777488709,-524.5909309387207,0.8491964340209961,871.7817878723145,502.7075207233429,-377.6242446899414,0.8420004844665527,867.4832725524902,505.86302161216736,-530.7705116271973,0.8585301637649536,879.4087028503418,519.9649608135223,-446.6669654846192,0.8843461275100708,878.184757232666,520.3352665901184,-491.1595916748047,0.893434464931488,847.1856307983398,510.56041717529297,-185.57969570159912,0.975136697292328,853.4428596496582,539.5736575126648,-495.6063079833984,0.9344525933265686,882.9242706298828,548.3497595787048,-88.74459028244019,0.3818240463733673,910.73392868042,586.7084169387817,-515.438117980957,0.8015409708023071,906.946620941162,590.429949760437,-158.2113218307495,0.3874864280223846,954.3194389343262,644.5755100250244,-486.08001708984375,0.775423526763916,910.9180641174316,595.9225130081177,-176.68912410736084,0.3657764196395874,963.7090301513672,656.2295365333557,-529.0558433532715,0.766150712966919,912.3104095458984,597.7061605453491,-215.13529300689697,0.375992476940155,961.3518905639648,660.1071739196777,-535.5461883544922,0.7633955478668213,910.6150245666504,597.5003600120544,-177.10779190063477,0.3752743601799011,955.8185005187988,627.0424246788025,-487.87038803100586,0.7315530180931091,773.7408256530762,632.0363545417786,105.01240968704224,0.9167686700820924,769.8123550415039,649.0055322647095,-104.96471643447876,0.9129710793495178,822.8750610351562,723.7099027633667,84.9046540260315,0.4646370708942413,847.4443244934082,738.7361741065979,-175.89599132537842,0.7996800541877747,836.2144088745117,856.802659034729,198.5879802703857,0.503463864326477,829.4688034057617,876.4920473098755,-81.28196954727173,0.7910220623016357,828.2794761657715,874.0256595611572,206.0306024551392,0.5100575685501099,817.2699737548828,895.8881521224976,-73.56674909591675,0.7803065180778503,881.3565444946289,892.966582775116,127.73561954498292,0.5745537877082825,869.3429946899414,911.184468269348,-171.3698673248291,0.7796005606651306,77.82953978549483,76.96529700881888,88.84376333373818,88.92817597017617
tom_DTL_1_frame22.jpg,tom_DTL_1,FO,frame22,P1,495.48452603816986,335.49220156669617,-165.98653864860535,0.8561859130859375,499.3264328241348,329.46315121650696,-156.97548937797546,0.8555577397346497,499.1180505752564,328.8200088739395,-157.03676909208298,0.8580867648124695,498.8687342405319,327.9875009059906,-157.09839570522308,0.8709810972213745,498.1730282306671,328.8753399848938,-180.89527040719983,0.8610615134239197,497.1765260696411,327.9513065814972,-180.94319450855252,0.8569735288619995,496.1503987312317,326.81846272945404,-180.9994615316391,0.8641530871391296,491.4555712938309,321.4686912894249,-105.29926738142969,0.857528805732727,488.3456214666367,320.38230323791504,-212.86473941802976,0.8724482655525208,488.6084668636322,336.82534635066986,-143.6078912615776,0.8958286643028259,487.2253110408783,335.81132769584656,-175.1147357225418,0.9040387868881226,475.5547950267792,342.8182793855667,-27.857460133731365,0.9776026606559752,441.0967590808869,343.09974801540375,-239.45108127593997,0.9409974217414856,469.7435771226883,388.9439799785614,7.51962354965508,0.4299418926239013,443.5705654621124,399.23017597198486,-267.4922136068344,0.8206691145896912,462.6341936588288,432.3756291866303,-35.003784008324146,0.4357251524925232,453.1674231290817,441.09183859825134,-270.3012111783028,0.7964333891868591,461.03398311138153,445.7680298089981,-40.27998170256615,0.4086122810840606,453.330153465271,453.4465787410736,-299.1017575263977,0.7872090935707092,460.35340189933777,446.4089003801346,-61.07266308367252,0.4183500707149505,456.7840189933777,453.4297137260437,-299.13086235523224,0.7845370173454285,459.6380960941314,442.18363654613495,-44.81558248400688,0.4155319929122925,457.1260961294174,449.46836042404175,-270.0219748020172,0.7533382177352905,426.910010933876,411.0062689781189,71.20278261601925,0.92494398355484,398.7860391139984,409.6269186735153,-71.23402954638004,0.9215995669364928,446.85948050022125,468.7364090681076,51.952995389699936,0.495832622051239,414.6590287685394,479.7222336530685,-147.94208246469498,0.8185384273529053,433.4259542226792,536.7709193229675,109.81017762422562,0.5317309498786926,408.2944028377533,556.8156827688217,-136.83897185325625,0.8111478686332703,421.5045608282089,550.0737197399139,112.51738634705544,0.5365433096885681,404.2647889852524,560.7627508640289,-141.81849932670593,0.7991502285003662,458.0594973564148,552.5157585144043,70.07277636229992,0.6034457087516785,435.7775480747223,575.0440686941147,-218.254214823246,0.8005411028862,0.4680071119564699,2.807842166403134,80.75057334273751,78.83068944073204
rob_DTL_2_frame23.jpg,rob_DTL_2,FO,frame23,P1,899.4639015197754,462.6443946361542,-46.62020444869995,0.8007367253303528,895.3042602539062,459.6029949188232,-42.25780248641968,0.7890040874481201,893.287467956543,458.6566472053528,-42.35877871513367,0.7925065159797668,891.1934852600098,457.6424825191498,-42.355170249938965,0.811286985874176,897.8263092041016,461.3716757297516,-85.22725582122803,0.7986562252044678,897.5290489196777,461.2269330024719,-85.29114961624146,0.7940959930419922,897.2696685791016,461.0336852073669,-85.52016019821167,0.8050369024276733,881.9134712219238,450.7069659233093,2.855556830763817,0.7924444675445557,889.5388412475586,452.4944758415222,-191.4562082290649,0.8126770257949829,893.5383796691895,461.3469886779785,-22.351972460746765,0.849894106388092,897.3003959655762,464.32687997817993,-79.20426607131958,0.8658664226531982,856.7790985107422,468.9569413661957,118.02836179733276,0.9770136475563048,876.2091636657715,437.4199891090393,-281.0533618927002,0.9468202590942384,865.8990097045898,545.2211022377014,154.43930625915527,0.3895929753780365,892.3980331420898,551.8672943115234,-316.41629219055176,0.8329256772994995,899.8112869262695,629.8954367637634,103.12766790390016,0.3955922722816467,931.453456878662,626.2171626091003,-272.4403381347656,0.8044359087944031,905.657444000244,644.8944783210754,111.40298366546632,0.3718757331371307,933.383731842041,658.3589315414429,-302.87939071655273,0.7939876317977905,922.1642303466796,653.2336807250977,81.69974327087402,0.3808697760105133,932.9209327697754,657.680504322052,-287.23551750183105,0.7902933955192566,923.1851577758788,643.6446118354797,88.22733879089355,0.3783617913722992,929.8554039001464,655.2483630180359,-264.58465576171875,0.7532548308372498,779.2840576171875,623.369300365448,131.5079641342163,0.9310810565948486,780.2903366088867,622.2713541984558,-131.67001247406006,0.9290888905525208,820.0172996520996,741.570131778717,127.66254901885986,0.4520550370216369,829.134407043457,757.4381446838379,-160.30108451843262,0.8287308812141418,832.8329086303711,886.5390014648438,174.74827766418457,0.5056726932525635,821.2640762329102,902.6839470863342,-142.20012187957764,0.8252869248390198,818.8702583312988,910.4660654067992,177.80932903289795,0.5175772905349731,791.4056396484375,931.5922594070436,-143.56786251068115,0.8109696507453918,891.4946365356445,908.6404466629028,118.14185857772829,0.5881563425064087,884.458065032959,932.0468616485596,-230.24604320526123,0.8136302828788757,58.36258132912615,47.49442107947188,87.2126452276049,89.78092673629409
tom_DTL_1_frame23.jpg,tom_DTL_1,FO,frame23,P1,491.8585638999939,330.8962539434433,-127.19020941853525,0.8205541372299194,495.67823445796967,324.8138362169266,-104.36470404267313,0.8099458813667297,495.5894976854324,324.0687336921692,-105.0078461766243,0.8131018280982971,495.4304791688919,323.14277505874634,-104.34072464704514,0.8300317525863647,494.3811095952988,323.92222368717194,-201.53737592697144,0.8186483383178711,493.4683141708374,322.71658688783646,-201.59712928533557,0.8145368695259094,492.5101096630096,321.3965721726417,-201.7976542711258,0.8243939876556396,488.0671309232712,316.1818171143532,-46.39010082185269,0.8129077553749084,484.31104695796967,315.13659048080444,-241.08077824115756,0.8312245011329651,485.63391172885895,332.2611265182495,-141.4090110361576,0.8648366332054138,483.8978208303452,331.09609282016754,-180.5570785403252,0.8792340755462646,474.1294909715653,336.4432266950608,-39.95470315217972,0.9792906045913696,437.5954377651215,335.3716051578522,-250.2954225540161,0.9521260261535645,467.7636162042618,382.7516701221466,-2.560029490850866,0.4394973814487457,435.16346740722656,394.0148433446884,-270.5825809836388,0.8484522104263306,456.5211389064789,429.7621294260025,-55.70678114891052,0.4402264058589935,449.7097417116165,438.9624186754226,-281.4335653781891,0.8210040926933289,455.8222414255142,440.2123550176621,-65.33790376782417,0.4092498123645782,448.500174164772,450.22077882289886,-312.49140107631683,0.8100141882896423,455.43947303295135,440.9732059240341,-86.87621426582336,0.4182237982749939,451.9451243877411,449.9474731683731,-314.103510260582,0.8063878417015076,454.950276017189,436.8910636901856,-66.24414713680744,0.4135375916957855,452.2007195949554,446.1094501018524,-282.0540810227394,0.7687715291976929,428.5623950958252,401.7740209102631,66.87352605164051,0.937854826450348,400.5318084955216,400.6906554698944,-66.86112874746323,0.9360997080802916,443.4952536821365,464.767085313797,0.4175669050309807,0.4883101880550384,412.7340860366821,474.4608495235443,-165.81295037269592,0.8439987897872925,429.981524348259,537.33593583107,56.580611139535904,0.5345585346221924,409.764630317688,547.8453814983368,-156.19257295131683,0.8415161967277527,419.20323264598846,549.6246790885925,58.6769046485424,0.5448049306869507,407.1635466814041,552.8166334629059,-160.2576225399971,0.8250299096107483,452.1991585493088,553.2940520048141,1.084865678334609,0.6148256659507751,436.29994332790375,563.413022518158,-250.7882793545723,0.8305286765098572,1.6801254228977882,2.2133460350989367,80.14660476369784,78.16225381484655
rob_DTL_2_frame24.jpg,rob_DTL_2,FO,frame24,P1,915.9752655029296,465.9569013118744,-139.3787956237793,0.7985212802886963,915.208225250244,459.1620719432831,-133.0967903137207,0.7767698168754578,915.051612854004,458.2279551029205,-133.35182189941406,0.7803577184677124,914.8671913146972,457.3056185245514,-133.39772701263428,0.8062806129455566,913.1070327758788,460.4053723812103,-176.59006118774414,0.7800690531730652,911.3491058349608,459.9882674217224,-176.68072700500488,0.7714099884033203,909.5902633666992,459.588543176651,-176.89918041229248,0.78121018409729,907.4862670898438,450.1706099510193,-60.62877416610718,0.8017069697380066,899.2742156982422,452.8721523284912,-236.90709114074707,0.7965996861457825,911.8368530273438,467.3567891120911,-107.93598890304564,0.8687870502471924,910.4282569885254,468.71386885643005,-157.42565631866455,0.8777984380722046,899.220027923584,470.8613204956055,60.11514186859131,0.9810553789138794,868.4593391418457,434.8987877368927,-289.7930431365967,0.9567800164222716,924.064121246338,541.0256552696228,92.00490474700928,0.4135825037956238,855.6051063537598,530.8449018001556,-386.77502632141113,0.8478003144264221,951.6361427307128,620.9540247917175,8.218697905540466,0.4229723513126373,881.4233779907227,593.1214499473572,-496.6788482666016,0.8085395693778992,956.1754417419434,645.5118155479431,5.669213980436325,0.3949365615844726,879.6149253845215,613.9212083816528,-546.0368156433105,0.799685001373291,952.0375442504884,647.0946836471558,-31.26533389091492,0.4056914448738098,891.5930557250977,611.6559863090515,-543.1662940979004,0.7953197956085205,948.0922508239746,638.6812591552734,-9.07157689332962,0.398766428232193,890.8816909790039,603.7744116783142,-498.2878303527832,0.7546473145484924,809.6848297119141,611.7384481430054,123.41915130615234,0.9438268542289734,777.3584175109863,600.8605027198792,-123.48162174224854,0.9424121975898744,869.6819686889648,732.6967620849609,98.88636589050292,0.478691816329956,840.8116722106934,741.815779209137,-251.87856674194336,0.8564868569374084,855.9277725219727,885.5775904655457,179.4169521331787,0.5462957620620728,824.4199562072754,912.094509601593,-206.13126754760745,0.8562700152397156,836.7934799194336,905.3273606300354,180.6998634338379,0.5554110407829285,797.4202537536621,939.4234299659728,-206.6736888885498,0.8388397693634033,907.2077178955078,922.9411053657532,83.61060619354248,0.621465265750885,875.046272277832,955.2176070213318,-334.14093017578125,0.8452299237251282,49.457849228469684,18.598257873024465,84.97600116665767,82.54076440900387
grant_DTL_1_frame58.jpg,grant_DTL_1,FO,frame58,P1,576.3924479484558,373.61342310905457,-226.405708193779,0.8184467554092407,577.6925253868103,369.1493475437164,-205.08588016033173,0.7987562417984009,577.0195055007935,368.41224431991577,-205.2474403381348,0.8018519282341003,575.8376812934875,366.94164276123047,-205.36723852157596,0.8253938555717468,575.0133204460144,365.6816375255585,-260.81432461738586,0.8016676902770996,568.993284702301,335.6576764583588,-260.8032202720642,0.7936411499977112,567.0073127746582,333.08626413345337,-260.912509560585,0.8026163578033447,555.3505182266235,323.09077620506287,-79.48712468147278,0.821185290813446,551.069712638855,318.1221127510071,-338.8182306289673,0.8166483044624329,569.8429441452026,367.89095163345337,-179.90256071090698,0.8818597197532654,567.0939588546753,365.2650797367096,-250.3647494316101,0.8899810910224915,517.5002467632294,364.9076807498932,94.39886033535004,0.982884168624878,525.7396709918976,362.2112560272217,-457.1532797813416,0.9611002206802368,539.8760497570038,519.3629121780396,152.62463986873627,0.3827046751976013,539.8043704032898,530.5402886867523,-502.7329480648041,0.8617897033691406,587.8464031219482,668.212251663208,81.56515806913376,0.3958173394203186,593.6388158798218,676.8898630142212,-483.4325981140137,0.8264725208282471,605.3370022773743,696.5878129005432,81.28755748271942,0.3692615330219269,608.283998966217,664.5937156677246,-533.195868730545,0.8180425763130188,607.0305919647217,707.0537066459656,33.13862532377243,0.3792705237865448,614.3306851387024,679.2501640319824,-526.450252532959,0.8139038681983948,599.8847365379333,658.2520079612732,56.60629525780678,0.3742823004722595,609.9893045425415,695.3378176689148,-479.6335279941559,0.7759882807731628,459.1762340068817,521.84375166893,169.35665130615234,0.949312150478363,458.8155198097229,533.9960253238678,-169.45370972156525,0.9481403827667236,548.7531208992004,746.8574094772339,247.8904759883881,0.4381625950336456,538.8082301616669,769.5947313308716,-230.4082936048508,0.8663508296012878,585.3119087219238,936.2918758392334,426.7451083660126,0.5158146619796753,567.9532098770142,990.2711606025696,-183.6345863342285,0.8693228960037231,573.5172915458679,955.5600714683532,436.623694896698,0.5351929068565369,557.0573043823242,1022.3132157325743,-184.9519157409668,0.8516395092010498,651.785159111023,1009.3062615394592,353.7609136104584,0.5983226895332336,632.354485988617,1037.2324347496033,-321.95478558540344,0.8579888939857483,18.121143471722878,88.29979680523955,89.14414415759931,89.9390001142932
grant_DTL_1_frame80.jpg,grant_DTL_1,FO,frame80,P1,677.5337862968445,305.640732049942,-307.000869512558,0.8365839123725891,685.046374797821,291.4954376220703,-282.0868384838104,0.8188653588294983,684.8900771141052,291.18345379829407,-282.2081172466278,0.821639895439148,684.7935175895691,290.7948660850525,-282.23344802856445,0.842839241027832,683.1921100616455,288.1085479259491,-342.6821565628052,0.8214848041534424,681.2357497215271,284.56008195877075,-342.6806437969208,0.8142533302307129,678.917806148529,281.2584221363068,-342.79844641685486,0.8223385214805603,670.9307885169983,279.886246919632,-142.41495072841644,0.8390232920646667,659.2887353897095,268.57088685035706,-423.07140469551086,0.8349692225456238,666.2305283546448,311.49755001068115,-250.5936276912689,0.8936672806739807,663.0285501480103,307.610160112381,-329.92326378822327,0.9009789228439332,597.8116035461426,344.2880058288574,76.06521606445312,0.984557807445526,584.5938920974731,329.38114643096924,-529.5305335521698,0.9649871587753296,583.6115598678589,475.4942464828491,149.54506695270538,0.3514129519462585,578.2620978355408,483.9009118080139,-589.0418744087219,0.874535083770752,597.0401573181152,606.4959096908569,40.24544253945351,0.369888961315155,599.8043990135193,612.6496481895447,-573.9669370651245,0.8415651321411133,603.0352163314819,649.6416020393372,29.593323692679405,0.3463820219039917,603.4477186203003,648.958797454834,-638.5508394241333,0.8326556086540222,601.9433856010437,649.6889805793762,-18.755543008446693,0.3553051054477691,609.1812944412231,649.3309378623962,-634.6923851966858,0.8284246921539307,604.199595451355,629.0153288841248,12.468069568276404,0.351518839597702,607.6475429534912,636.7353916168213,-572.5215697288513,0.7920835614204407,500.4241454601288,514.7432148456573,179.37267422676086,0.9543327689170836,491.5823829174042,523.9420223236084,-179.54430878162384,0.9532237648963928,554.3021392822266,703.634340763092,165.55120825767517,0.4056589305400848,530.3955137729645,697.4995279312134,-154.3779355287552,0.8735746145248413,536.2357878684998,879.111385345459,299.88150358200073,0.5100822448730469,525.1275479793549,897.7727365493774,-38.93849328160286,0.8811659216880798,515.6849277019501,901.47469997406,300.5971384048462,0.539618968963623,517.0988166332245,911.5939450263976,-36.54479473829269,0.8637495040893555,595.5812072753906,912.0368957519532,163.4603887796402,0.6002145409584045,600.9094905853271,918.2001614570618,-199.3041694164276,0.8695781826972961,48.43702780199453,46.13380550149494,88.74966285631496,88.58882900334862
grant_DTL_1_frame90.jpg,grant_DTL_1,FO,frame90,P1,690.2052283287048,304.22751903533936,-242.5694024562836,0.8529109954833984,696.2102651596069,290.9622037410736,-203.2485777139664,0.8369609117507935,695.5794739723206,290.1291847229004,-203.2985633611679,0.8394526839256287,694.8265671730042,289.01057481765747,-203.28839242458344,0.8585419654846191,694.3350148200989,288.10980319976807,-298.7425196170807,0.8393194675445557,692.3687410354614,285.31282782554626,-298.53996992111206,0.832805871963501,690.0875544548035,282.0803368091583,-298.3875024318695,0.840087354183197,677.0662450790405,275.8700144290924,-69.16899114847183,0.8550941348075867,667.027337551117,268.45691442489624,-377.6756823062897,0.8514559268951416,675.0952076911926,310.4094207286835,-171.3483202457428,0.9042903780937196,671.2662363052368,307.94918060302734,-325.9870147705078,0.9108744263648988,601.9025731086731,337.9308485984802,151.16799116134644,0.9860855340957642,584.5515990257263,319.8677158355713,-498.0782318115234,0.968487024307251,581.1622309684753,473.0824792385101,234.92578268051147,0.3432098031044006,566.3526391983032,477.87208914756775,-556.9500589370728,0.8863375186920166,603.014874458313,609.6101474761963,163.82572174072266,0.3809362351894378,598.4366655349731,611.463189125061,-520.7587766647339,0.8564176559448242,609.755437374115,653.1599736213684,166.89225912094116,0.3550134599208832,601.8858361244202,652.7840995788574,-579.775378704071,0.8476901650428772,610.986442565918,651.9146776199341,115.27044296264648,0.3634930253028869,608.8807368278503,652.0915746688843,-566.7596697807312,0.8437057137489319,607.6266860961914,637.1699738502502,137.66383588314056,0.3605231046676636,607.4176025390625,637.287003993988,-514.1056001186371,0.809798538684845,492.254501581192,519.7134876251221,197.13137090206143,0.9587937593460084,459.9307823181152,516.4650321006775,-197.3851293325424,0.9577974081039428,546.0779714584351,725.2740383148193,172.8160411119461,0.3853921890258789,531.3776206970215,738.1014561653137,-170.23244619369507,0.883720338344574,533.560928106308,895.8913707733154,302.392920255661,0.5164716243743896,504.3182945251465,932.9708075523376,-62.28289291262627,0.8924168348312378,510.76863169670105,930.1784348487854,304.69110131263733,0.5545969009399414,495.3576028347016,943.8686442375184,-57.63486340641976,0.8758069276809692,601.8657517433167,937.7235317230223,182.5211584568024,0.6112459301948547,576.4911317825317,980.6172037124634,-192.52134561538696,0.8809587955474854,46.152032098656434,5.738818642151614,88.4691462565917,85.31607636898241
grant_DTL_1_frame96.jpg,grant_DTL_1,FO,frame96,P1,690.1142048835754,299.6935021877289,-227.16595351696012,0.8675885796546936,697.2726130485535,283.2430100440979,-188.1186819076538,0.8532213568687439,697.1491456031799,282.5353252887726,-188.1815582513809,0.8554551601409912,696.8978333473206,281.7336881160736,-188.20370256900787,0.8726513981819153,694.6948599815369,280.5348372459412,-286.2141788005829,0.8553498983383179,692.603702545166,277.66441226005554,-285.9927999973297,0.8494808673858643,690.0291681289673,274.272598028183,-285.7530426979065,0.8560429811477661,680.7900953292847,272.8100430965424,-50.99998891353607,0.8694808483123779,666.661376953125,262.34646677970886,-365.3939867019653,0.8662648797035217,677.0188021659851,308.5800039768219,-150.45753836631775,0.9138305187225342,672.8547048568726,305.622900724411,-305.146701335907,0.9197731614112854,607.8301692008972,342.4225080013275,185.16307532787323,0.9874339699745178,584.2656540870667,310.4004406929016,-486.2135124206543,0.9716371297836304,578.0293250083923,476.4070236682892,267.95086205005646,0.3271118402481079,563.4877181053162,474.4776678085327,-552.547652721405,0.8968427777290344,599.2331528663635,612.3120760917664,174.55705761909485,0.3810633718967438,595.742654800415,611.5359306335449,-530.8199572563171,0.8693765997886658,605.92698097229,652.9309344291687,176.3467562198639,0.3541325330734253,597.4953389167786,652.7050495147705,-592.4143767356873,0.8607627153396606,609.1215562820435,652.3977327346802,122.57064878940582,0.3622296750545501,607.5224661827087,653.5079097747803,-577.3096990585327,0.8569250702857971,604.3455290794373,638.381667137146,146.99452757835388,0.3591113686561584,605.962450504303,639.5372271537781,-522.6498305797577,0.8245046138763428,489.0827786922455,532.4575746059418,207.60085344314572,0.9626463651657104,457.1631932258606,522.4212098121643,-207.77187645435333,0.961934208869934,545.6249785423279,728.413896560669,279.58581805229187,0.3806645572185516,525.1828122138977,751.9249820709229,-176.84439182281494,0.8944408297538757,522.9253470897675,906.0589599609376,469.1425609588623,0.5286094546318054,497.8897154331207,957.6689314842224,-92.65107661485672,0.902906894683838,491.0158360004425,942.358067035675,480.3771650791168,0.5680619478225708,478.58659744262695,985.4377126693726,-100.76058000326157,0.8873671889305115,596.0508728027344,945.8112931251526,384.2367088794708,0.6260918974876404,583.2498478889465,1003.5039353370668,-278.2965552806854,0.8921576738357544,53.651256757156204,17.45453146405606,87.98981187430996,85.60570507958278
grant_DTL_1_frame108.jpg,grant_DTL_1,FO,frame108,P1,695.0448560714722,297.34980940818787,-161.73340559005737,0.8805670142173767,699.5831537246704,281.1769902706146,-136.01178288459778,0.8675311207771301,698.8475632667542,280.2935993671417,-136.12401723861694,0.8695141673088074,697.9335951805115,279.13906931877136,-136.19479537010193,0.8851072192192078,697.2791147232056,278.845978975296,-208.26688885688785,0.8695133924484253,695.0358438491821,276.3067209720612,-208.29315304756165,0.8641974329948425,692.3637199401855,273.1790614128113,-208.40018928050995,0.8701750636100769,677.579619884491,268.07592272758484,-11.528296954929829,0.8817487955093384,667.2581791877747,260.9359413385391,-315.6525385379791,0.8792258501052856,680.9876561164856,306.4707577228546,-103.99786680936812,0.922190487384796,677.038950920105,303.96581053733826,-203.5433739423752,0.9276738166809082,613.9573216438293,343.4220600128174,210.21092176437375,0.9885149002075196,582.3914337158203,313.80046248435974,-460.8432376384735,0.9744681715965272,590.5489110946655,472.6581645011902,284.6071708202362,0.3094334304332733,564.6842837333679,468.990865945816,-523.0383217334747,0.9058483839035034,596.7114686965942,607.4615693092346,182.13142812252045,0.3629935681819916,593.6841988563538,607.4779200553894,-491.5697979927063,0.8798431158065796,601.7038536071777,647.7431774139404,182.92320013046265,0.3371837139129638,591.8396544456482,645.3559041023254,-546.3422226905823,0.8707367181777954,602.6541924476624,646.7448806762695,134.84251141548157,0.3448811769485473,603.2615518569946,647.2205328941345,-535.1798129081726,0.8668364882469177,599.2439031600952,632.4180221557617,156.56019687652588,0.3421407341957092,602.7340793609619,633.6190295219421,-484.8379576206207,0.8344181776046753,485.55755138397217,535.4208898544312,208.85389029979703,0.9659125208854676,452.5376057624817,525.6407940387726,-208.8341599702835,0.965579628944397,544.9612283706665,730.046718120575,272.0054769515991,0.3833203315734863,517.76726603508,752.8014206886292,-185.29740571975708,0.9040186405181884,518.3165287971497,908.540346622467,454.2983365058899,0.5398839712142944,496.692441701889,958.9372730255128,-125.13945400714874,0.9121814966201782,486.69254422187805,938.2349109649658,463.8231611251831,0.5771942734718323,475.0772058963776,991.3183164596558,-133.52648556232452,0.8972362279891968,589.9428391456604,942.6145935058594,374.73554134368896,0.6381203532218933,584.8457193374634,1003.1518149375916,-302.3336970806122,0.9020434617996216,43.17998464717351,16.49863180268187,87.30683441041464,85.47993519388883
grant_DTL_1_frame112.jpg,grant_DTL_1,FO,frame112,P1,695.166392326355,301.8604266643524,-123.17530453205109,0.8923118114471436,701.7258739471436,285.18752574920654,-99.34966027736664,0.880496084690094,701.1945390701294,284.26329016685486,-99.47214603424072,0.8822789192199707,700.4739475250244,282.9826533794403,-99.5457163453102,0.896384596824646,698.8277363777161,282.4027168750763,-165.55536031723022,0.8823295831680298,696.4799880981445,279.6474874019623,-165.62460958957672,0.8775424957275391,693.7944746017456,276.3378775119781,-165.7901930809021,0.8829641342163086,680.9646105766296,270.42882084846497,20.627858340740204,0.8929334282875061,669.085214138031,262.58084893226624,-274.0672481060028,0.8909469842910767,680.7720065116882,310.250483751297,-70.84811300039291,0.9297211170196532,676.8098473548889,306.9008982181549,-158.17824482917786,0.9347918033599854,615.5072951316833,344.4563412666321,229.3230611085892,0.9894554615020752,582.0220613479614,315.2365279197693,-434.7604501247406,0.9770148992538452,587.3587131500244,469.8985254764557,305.4578483104706,0.2925295531749725,560.4010319709778,464.5771622657776,-508.0008816719055,0.9137420058250428,597.4033498764038,608.9387369155884,206.96391463279724,0.343244194984436,594.3568968772888,607.4892497062683,-465.3344142436981,0.8885679841041565,601.0982966423035,646.1748576164246,209.57869827747345,0.319272369146347,592.2107005119324,644.3556761741638,-524.937390089035,0.878956139087677,602.1806645393372,645.3558397293091,162.57572650909424,0.3264197409152984,602.4601078033447,645.908932685852,-519.6963965892792,0.8749794960021973,599.1040205955505,632.3441863059998,182.2344732284546,0.3241308331489563,601.2929606437683,631.4270639419556,-457.6812028884888,0.842098593711853,486.4997470378876,536.6958618164062,204.27169024944305,0.9688485264778136,451.2190210819245,524.4590985774994,-204.14696753025052,0.9688729047775269,552.3511862754822,726.449875831604,252.21341371536252,0.3928467929363251,523.5605478286743,747.6993441581726,-228.22336077690125,0.9128355979919434,518.2753944396973,909.1104340553284,411.9922614097595,0.5540457367897034,497.8684401512146,958.4999227523804,-214.23618257045743,0.9205088019371032,489.9326956272125,935.5018901824952,419.2582046985626,0.586837887763977,472.1819007396698,992.0325350761414,-224.2025256156921,0.9059060215950012,592.5004434585571,937.1592378616332,334.0075707435608,0.6514331698417664,589.5678663253784,1003.3108806610109,-385.59839129447937,0.9109702110290528,41.108532012651324,19.1285862125593,87.11340662375389,85.06283328860151
grant_DTL_1_frame120.jpg,grant_DTL_1,FO,frame120,P1,692.1066784858704,296.6514587402344,-115.94662517309187,0.9030158519744872,698.8232946395874,281.3291358947754,-90.53461253643036,0.8923580646514893,698.8397741317749,281.0820400714874,-90.67411690950394,0.8939628601074219,698.7154698371887,280.5730104446411,-90.77341228723526,0.9066829681396484,693.8806700706482,277.3267114162445,-150.09967267513275,0.8940157294273376,690.0110793113708,273.94046545028687,-150.16060173511505,0.8897030353546143,685.8319187164307,270.0817859172821,-150.3009992837906,0.8945955634117126,679.7655344009399,269.5613944530487,40.98570808768272,0.9034430384635924,663.0170273780823,258.4847456216812,-224.80103373527527,0.9017021656036376,678.6177635192871,306.5997612476349,-60.1336307823658,0.936667025089264,672.4924778938293,301.15824580192566,-138.1280940771103,0.9412640929222108,625.4647707939148,347.085657119751,240.3169745206833,0.990470290184021,575.3089213371277,305.0403571128845,-367.6895606517792,0.979308307170868,608.7458109855652,474.7503197193146,319.85252380371094,0.3091129660606384,546.830620765686,453.5156571865082,-427.82634973526,0.9211214780807496,604.4684815406799,605.2139854431152,204.47312951087952,0.3664532899856567,589.2982721328735,605.9088921546936,-416.8580889701843,0.8963527083396912,605.9647035598755,642.0004606246948,198.839750289917,0.338079959154129,590.5878567695618,640.4337501525879,-472.3753416538239,0.8859282732009888,607.8254699707031,640.8100748062134,152.1919083595276,0.3452259600162506,599.9474358558655,640.6439280509949,-472.050451040268,0.8819280862808228,605.3813552856445,627.0207953453064,180.7292711734772,0.3403511047363281,598.6525082588196,627.0452570915222,-412.240161895752,0.8487232327461243,496.46864891052246,533.9553737640381,198.23507845401764,0.9717380404472352,452.1523654460907,519.3617534637451,-198.1575894355774,0.9718987345695496,561.7535090446472,728.3918166160583,238.80261540412903,0.405556857585907,520.7396256923676,745.3617024421692,-248.46605122089383,0.9206706285476683,513.4824693202972,911.5573811531068,398.2935547828674,0.5640609860420227,498.7837278842926,955.3059267997742,-253.0259621143341,0.9279733300209044,492.0670795440674,938.9340019226074,408.6409056186676,0.5928366780281067,473.1082284450531,993.2603216171264,-263.39981853961945,0.9134964942932128,586.6018795967102,947.2485494613647,316.21268033981323,0.661111056804657,584.4598031044006,1004.4215083122252,-424.3750548362732,0.9190067648887634,39.972869909693316,18.22702687110211,85.28421771394012,83.62088163120812
grant_DTL_1_frame124.jpg,grant_DTL_1,FO,frame124,P1,692.8090524673462,296.8398141860962,-135.5389952659607,0.912632405757904,700.0598359107971,282.28987097740173,-110.75185149908066,0.903005301952362,700.2724599838257,282.23708510398865,-110.9058478474617,0.9044479727745056,700.2664089202881,281.989860534668,-111.01768791675568,0.915927529335022,695.1197862625122,277.36111879348755,-168.4817898273468,0.9045130014419556,691.4274787902832,273.3817720413208,-168.5544991493225,0.9006275534629822,687.413821220398,269.09734547138214,-168.7023639678955,0.9050516486167908,680.4592823982239,270.733369588852,21.792989820241928,0.9128269553184508,664.3040370941162,258.0597871541977,-236.73587143421173,0.911368489265442,679.3144726753235,306.57198429107666,-80.13805657625198,0.9429038166999816,672.7118611335754,300.6100130081177,-155.80373346805573,0.947086215019226,631.1141467094421,347.3787474632263,214.30562496185303,0.9913783073425292,569.0288829803467,303.91096472740173,-365.21828055381775,0.981373131275177,614.2453908920288,470.6469261646271,288.7768042087555,0.3242251873016357,543.1278848648071,452.4381172657013,-426.9593739509583,0.9280046820640564,606.1485528945923,598.5775780677795,169.21800792217255,0.3860702514648437,589.2848825454712,603.6854481697083,-425.5904173851013,0.9038517475128174,608.3671045303345,634.4038009643555,164.6984589099884,0.3526940643787384,591.6947507858276,637.4830842018127,-477.6949346065521,0.8927729725837708,610.9335279464722,633.0446934700012,119.47412967681883,0.3596813380718231,601.4972805976868,638.1251406669617,-475.6754243373871,0.888764500617981,607.2768187522888,619.7359585762024,145.8698183298111,0.3525346517562866,599.8858952522278,624.683346748352,-420.77711820602417,0.8556873798370361,506.22479796409607,533.4363341331482,195.36304414272308,0.9743375778198242,451.4940547943115,517.0171594619751,-195.0395214557648,0.9746330380439758,571.0527062416077,722.3882603645325,170.55905878543854,0.4189389944076538,517.2615838050842,738.4688329696655,-305.74044585227966,0.9274415373802184,522.4635672569275,908.0858731269836,285.0524389743805,0.5693846344947815,497.6366651058197,951.74307346344,-351.65627002716064,0.9344627261161804,501.1487281322479,937.1600103378296,287.8520536422729,0.5956755876541138,474.3227863311768,992.6531553268431,-367.3562693595886,0.9197157621383668,593.8120436668396,947.4847984313964,182.88678109645844,0.6683021187782288,583.0692172050476,1004.933853149414,-553.6342692375183,0.9260180592536926,34.997035600239826,16.69919786474935,83.88513991762241,82.01968308838369
grant_DTL_1_frame126.jpg,grant_DTL_1,FO,frame126,P1,692.6862287521362,297.3892056941986,-88.36261868476868,0.9213008880615234,700.3173279762268,282.6920413970947,-59.91387739777565,0.912607491016388,700.7087159156799,282.51089572906494,-60.08139207959175,0.9139024019241332,700.9329271316528,282.1080815792084,-60.18748283386231,0.9242625832557678,695.5347990989685,277.84674882888794,-118.81900548934937,0.9139795899391174,692.0573687553406,273.83663177490234,-118.8805541396141,0.91047865152359,688.1852030754089,269.35042798519135,-119.0344861149788,0.9144793152809144,682.5808238983154,271.2676012516022,74.60766613483429,0.9213199019432068,665.8489894866943,257.6905757188797,-189.5472639799118,0.9200912117958068,678.8059258460999,307.64842987060547,-32.60595269501209,0.948531985282898,672.5164890289307,302.1224248409271,-109.82608705759048,0.9523349404335022,631.482617855072,346.6499161720276,256.7532402276993,0.9921979904174804,572.0883393287659,300.4208207130432,-328.6759078502655,0.9832322597503662,616.296637058258,470.6619572639465,326.3992917537689,0.3413971960544586,541.2057065963745,446.5214002132416,-398.0476820468903,0.9342939853668212,608.2140254974365,594.278039932251,191.05243384838104,0.4115775525569916,586.3418769836426,597.553403377533,-414.8509061336517,0.9112815856933594,609.7779679298401,630.0275301933289,178.661288022995,0.3733516037464142,589.1801476478577,633.1088733673096,-471.976615190506,0.8999391198158264,610.1721882820129,631.1308193206787,133.5413959622383,0.380082219839096,599.0518140792847,634.5908045768738,-470.4576051235199,0.895977795124054,607.2973537445068,616.4931035041809,167.2810399532318,0.3703499436378479,598.1991934776306,621.1587953567505,-410.82913756370544,0.8634609580039978,504.43535685539246,534.4502413272858,195.0244903564453,0.9766658544540404,450.2382338047028,515.6917190551758,-194.89743411540985,0.9770868420600892,563.9284801483154,718.6239838600159,156.96719527244568,0.4270078539848327,515.1927959918976,733.7054872512817,-312.1434688568115,0.9335178136825562,520.6342148780823,906.6686367988586,265.3207737207413,0.5675346851348877,496.8000090122223,949.8308730125428,-360.6349217891693,0.9401786923408508,497.9338753223419,937.0665407180786,267.36035227775574,0.594592273235321,474.8412466049194,990.8012080192566,-376.2124192714691,0.9253119230270386,594.1342306137085,940.6738758087158,163.64958107471466,0.6704158186912537,586.2183451652527,997.1667337417604,-560.7377672195435,0.932187020778656,37.89514107408593,19.091584683440544,84.20692105553232,82.086883512367
rob_DTL_1_frame780.jpg,rob_DTL_1,FO,frame780,P1,924.4599151611328,505.0994288921356,-40.8513879776001,0.9287371039390564,931.1258697509766,493.9195418357849,-24.251262545585632,0.9208712577819824,930.7854652404784,493.281991481781,-24.37956154346466,0.9220919609069824,930.4854583740234,492.5495553016663,-24.497360587120056,0.9314064979553224,930.0713539123536,491.9002568721771,-70.55315494537354,0.9222261309623718,928.8837432861328,490.15127420425415,-70.65858364105225,0.9191471934318542,927.54976272583,488.2757019996643,-70.81411600112915,0.9227883219718932,919.7928428649902,481.8517255783081,52.57350325584412,0.9277278780937196,915.9471702575684,478.1892228126526,-154.52746868133545,0.9276760816574096,912.7506637573242,507.585836648941,-8.060307204723358,0.9529556035995485,910.9237289428712,504.5513892173767,-69.02169227600098,0.9567572474479676,867.7461433410645,509.1441786289215,201.06757164001465,0.9925246834754944,859.1772079467773,498.511655330658,-280.09105682373047,0.9849019646644592,834.342212677002,581.7374682426453,269.6275806427002,0.3115127682685852,840.8346176147461,591.6184687614441,-328.70784759521484,0.9386908411979676,839.6906089782715,672.7746891975403,187.24345207214355,0.37606281042099,844.1733741760254,686.6110253334045,-219.91318702697757,0.9100622534751892,842.4457740783691,698.464093208313,195.8776617050171,0.3423363864421844,844.4252586364746,707.8037810325623,-244.13140296936035,0.8967477679252625,843.929328918457,701.3768434524536,156.57257080078125,0.349053144454956,847.2271728515625,711.7139911651611,-227.44507312774655,0.8927627801895142,839.2385101318359,692.0654153823853,166.4046049118042,0.3406215012073517,844.9396705627441,704.161684513092,-208.51727485656735,0.8558936715126038,753.4818077087402,627.8763771057129,154.1132354736328,0.9775256514549256,727.3549461364746,628.6240696907043,-153.81441593170166,0.9791128039360046,783.8511085510254,762.9816913604736,226.7552089691162,0.4351005852222442,766.0132598876953,776.0782527923584,-198.7201738357544,0.9396325945854188,768.5893821716309,900.7951140403748,357.36316680908203,0.584031879901886,755.7190132141113,933.3660578727722,-243.33821296691892,0.9457472562789916,757.2910308837891,922.3619413375854,365.0564861297608,0.6007341742515564,738.0310249328613,961.8822741508484,-255.83627700805664,0.9315197467803956,827.1088600158691,924.727520942688,312.789831161499,0.6857447624206543,821.634635925293,965.176112651825,-370.50899505615234,0.9382510781288148,51.13405515512375,1.6392301933762574,88.9797295334686,85.1502176333786
rob_DTL_1_frame788.jpg,rob_DTL_1,FO,frame788,P1,923.8026809692384,504.8244595527649,-32.483603954315186,0.934800148010254,930.3674125671388,493.3674144744873,-16.414250135421753,0.9274956583976746,930.0137901306152,492.5249648094177,-16.51599884033203,0.9287765026092528,929.7370147705078,491.6052031517029,-16.583011150360107,0.9371597170829772,929.5108222961426,491.7180812358856,-64.0143871307373,0.9289951920509338,928.432273864746,490.02107977867126,-64.09995317459106,0.9264599084854126,927.2363090515136,488.2117474079132,-64.26165103912354,0.9298373460769652,919.3188285827636,481.3379645347595,59.709506034851074,0.9313837885856628,915.6695365905762,478.0779218673706,-153.5946750640869,0.93381929397583,911.952953338623,507.1231234073639,0.3397916536778211,0.9557604789733888,910.4612159729004,504.4450771808624,-62.590298652648926,0.9602029919624328,863.8976097106934,506.6803658008576,206.1907768249512,0.9924373030662536,859.4502067565918,498.0683183670044,-279.314832687378,0.98640376329422,829.4467735290527,575.8140563964844,265.5208969116211,0.2817952632904053,841.8210983276367,588.3873295783997,-329.56918716430664,0.9428723454475404,817.6435089111328,648.3671450614929,182.5143241882324,0.3403082489967346,846.8636512756348,680.8125615119934,-235.89839458465576,0.9082549810409546,817.0296478271484,676.8485355377197,192.4090003967285,0.3104741275310516,845.1811408996582,705.5213713645935,-261.4390754699707,0.893787682056427,815.8878707885742,679.2829942703247,156.484694480896,0.3166560232639313,848.7475204467773,709.734263420105,-241.12858772277832,0.889528214931488,817.1581077575684,672.997612953186,163.76761436462402,0.3092197477817535,846.6053009033203,701.5985441207886,-223.2562065124512,0.8480597138404846,753.4306526184082,630.4556107521057,154.01325702667236,0.9783111810684204,727.5028038024902,631.2613677978516,-153.72555255889893,0.9808723330497742,783.5506439208984,762.9240775108337,186.54241561889648,0.4308080375194549,765.838737487793,777.1140146255493,-179.61031436920166,0.945076048374176,768.0364608764648,901.22216463089,271.3282585144043,0.5920886993408203,756.1005020141602,934.6235847473145,-208.13899040222168,0.9507043361663818,754.9084854125977,923.1284308433532,274.1520595550537,0.6042976379394531,738.0132293701172,961.9507026672364,-218.80300998687744,0.9370721578598022,824.8838424682617,925.1090598106384,215.3501844406128,0.6977264881134033,820.4056549072266,965.2408719062804,-329.0247631072998,0.9436796307563782,62.68742559674416,1.7800020683825097,89.47516509179077,85.18404546398322
rob_DTL_1_frame795.jpg,rob_DTL_1,FO,frame795,P1,923.7639999389648,503.8201439380646,-51.08806371688843,0.9391483068466188,930.1926612854004,491.9687497615814,-34.32215094566345,0.9322006106376648,929.828395843506,490.8967459201813,-34.43377375602722,0.9336651563644408,929.556484222412,489.82802510261536,-34.49398756027222,0.9412810206413268,929.3863677978516,490.9242331981659,-83.92616987228394,0.934139370918274,928.3421516418456,489.3319344520569,-84.00240898132324,0.9322975277900696,927.205696105957,487.7052283287048,-84.17600154876709,0.9355550408363342,919.317741394043,480.2156531810761,47.400548458099365,0.931209146976471,915.6699371337892,477.7270567417145,-176.00471019744873,0.9383645057678224,911.9547843933104,506.28907442092896,-15.918867588043211,0.9569026231765748,910.4898834228516,504.139369726181,-81.53468370437622,0.9627066254615784,863.6329078674316,505.8165442943573,199.37936782836917,0.9922500848770142,859.405689239502,497.9438531398773,-295.77195167541504,0.9877511262893676,829.7427177429199,575.0196933746338,251.67317390441892,0.2553236186504364,841.256217956543,587.1191811561584,-348.2033157348633,0.9460141062736512,822.4302864074707,651.4632296562195,163.30647468566897,0.308285504579544,849.2897415161133,680.6693959236145,-266.7943382263184,0.905644416809082,822.6727867126465,680.3681302070618,172.1057653427124,0.281992644071579,848.5059356689453,705.6033182144165,-297.0010471343994,0.8903471231460571,822.3287200927734,682.8517055511475,137.1701717376709,0.2877240180969238,852.8264236450195,709.7714066505432,-277.7280807495117,0.885698676109314,821.6818428039551,674.4189047813416,144.46746826171875,0.281174749135971,850.1998901367188,701.6625952720642,-255.21140098571777,0.8393042087554932,753.6737251281738,631.4391660690308,154.11651134490967,0.9788488745689392,727.6556396484375,631.8770956993103,-153.83893489837646,0.9823970198631288,783.5465240478516,762.9151296615601,186.23326778411865,0.4246861338615417,766.1917304992676,777.0251154899597,-179.08299922943115,0.9497685432434082,767.149658203125,901.227056980133,284.5298194885254,0.5978959798812866,756.5616416931152,933.6634612083436,-197.1907997131348,0.9550926089286804,754.317798614502,923.0939269065856,288.70737075805664,0.6074773669242859,739.1792106628418,959.151120185852,-207.49600410461423,0.941937267780304,822.6172828674316,925.2136659622192,226.7631196975708,0.7065862417221069,819.0859794616699,964.8662853240968,-322.3740005493164,0.9484246373176576,61.76655444873177,0.9642965629766065,89.51086487514632,85.17074726535336
rob_DTL_1_frame799.jpg,rob_DTL_1,FO,frame799,P1,923.7769317626952,503.3389556407929,-72.11710453033447,0.9432907104492188,930.19437789917,491.176575422287,-54.59332823753357,0.936418116092682,929.831371307373,490.0848412513733,-54.73484516143799,0.9378273487091064,929.5626068115234,488.96700382232666,-54.82451677322388,0.9449821710586548,929.3039131164552,489.925389289856,-105.26236295700072,0.9389301538467408,928.1639671325684,488.0374252796173,-105.3307056427002,0.9375758171081544,926.9097518920898,486.1612093448639,-105.50116539001463,0.9408394694328308,919.185962677002,479.3245697021485,30.871775150299072,0.9304635524749756,914.270839691162,475.73204040527344,-197.3070287704468,0.9423837661743164,911.9849395751952,506.18382453918457,-35.55197596549988,0.9586864113807678,910.4340934753418,503.9590609073639,-102.4481463432312,0.9653570055961608,863.6979103088379,507.6253616809845,181.67391300201416,0.9923557043075562,854.5996284484863,497.9317831993103,-307.4219226837158,0.9889625906944276,839.502067565918,576.2082767486572,249.80867385864255,0.2348468601703643,840.128288269043,587.3170638084412,-363.3035087585449,0.9493777751922609,842.3334503173828,662.7100968360901,161.96067810058594,0.2824677526950836,850.5041313171387,683.283326625824,-298.67268562316895,0.9075035452842712,839.6367073059082,692.4430274963379,167.57639408111572,0.2592964172363281,851.1208534240723,709.1646909713745,-332.323694229126,0.8915992975234985,840.7943916320801,696.4392399787903,132.0268964767456,0.2648591101169586,853.9831924438477,712.594678401947,-322.13507652282715,0.8867672085762024,841.4922523498535,687.5215816497803,142.68978595733645,0.2592377960681915,852.4554634094238,704.2965459823608,-290.9926700592041,0.8373138904571533,756.2251853942871,635.2531385421753,152.05442905426025,0.9797265529632568,727.6193046569824,633.3575463294983,-151.83172702789307,0.9838744401931764,785.0213813781738,762.8649187088013,183.23309898376465,0.4307303428649902,766.241397857666,776.8681740760803,-222.87726402282715,0.9540889263153076,767.1248817443848,901.4441871643066,294.9283218383789,0.6069275140762329,756.6653251647949,933.6661005020142,-256.7431354522705,0.959077000617981,752.9972648620605,923.8606095314026,300.21039962768555,0.6114367246627808,739.1489410400391,958.8317656517028,-269.5765686035156,0.9461753964424132,821.784725189209,927.8896522521972,233.3968448638916,0.7160552144050598,818.1435585021973,965.1432180404664,-403.12039375305176,0.9527739882469176,46.814433527258586,3.7912091652320896,88.93429263589356,84.62239176308358
rob_DTL_1_frame803.jpg,rob_DTL_1,FO,frame803,P1,923.701400756836,502.6669979095459,-112.20328330993652,0.9480237364768982,930.0276374816896,490.4699528217316,-93.87036323547365,0.9417631030082704,929.7493743896484,489.4435250759125,-94.03279066085815,0.9430369138717652,929.5214653015136,488.36749792099,-94.14490699768066,0.9496267437934875,928.5737800598145,488.95358204841614,-144.9312400817871,0.944291353225708,927.045078277588,486.8556332588196,-144.99838829040527,0.9431647062301636,925.356788635254,484.7727799415589,-145.1501226425171,0.9462579488754272,918.7879371643066,478.9144170284271,-3.2433953136205678,0.9342386722564696,911.5189933776855,474.43846464157104,-233.83190631866452,0.9472228288650512,911.9888877868652,506.01330041885376,-73.38696241378784,0.9617071747779846,909.9732398986816,503.6626875400543,-140.95614910125732,0.9683473110198976,865.378360748291,510.2204310894013,144.9977731704712,0.9928244948387146,846.7103004455566,498.55822920799255,-326.39124870300293,0.9900543689727784,849.484977722168,593.3039474487305,224.05177116394043,0.2181410193443298,837.9981422424316,592.8577780723572,-387.6108455657959,0.9526202082633972,847.7376365661621,669.3244886398315,136.03028297424316,0.2624304890632629,850.945930480957,689.5623993873596,-344.13783073425293,0.909560203552246,845.9672927856445,697.5278520584106,138.8302516937256,0.241958349943161,851.9324111938477,714.5188522338867,-381.92779541015625,0.892905056476593,847.7143478393555,701.1064124107361,101.2831735610962,0.247586041688919,854.8604393005371,716.2591123580933,-374.12083625793457,0.8879507780075073,844.617748260498,691.6740918159485,116.29385232925416,0.2424022704362869,854.1120529174805,708.0807781219482,-338.0797863006592,0.8350447416305542,759.7957420349121,637.4237322807312,146.03234767913818,0.9812331795692444,727.4314498901367,634.0471744537354,-145.90044021606445,0.9853596687316896,786.9089126586914,762.8373670578003,154.47448253631592,0.4493096768856048,765.7426643371582,775.9890961647034,-278.3638572692871,0.9582037329673768,766.9771957397461,901.413996219635,260.64599990844727,0.6242045164108276,756.6646385192871,933.357367515564,-350.72144508361816,0.9628070592880248,752.5058555603027,923.7189888954164,264.85525131225586,0.6202626824378967,739.1845893859863,958.03231716156,-368.4089756011963,0.9500694870948792,821.9795036315918,930.8529996871948,184.94577884674072,0.7316773533821106,818.100643157959,964.9855041503906,-516.0963249206543,0.9569854140281676,31.993605267216196,5.956105391532105,87.73214398733879,83.67389995198864
rob_DTL_1_frame809.jpg,rob_DTL_1,FO,frame809,P1,921.3032341003418,502.0696806907654,-146.3395643234253,0.9521211385726928,928.217067718506,489.9591529369354,-128.18803310394287,0.9462303519248962,928.2247352600098,489.02323365211487,-128.36161136627197,0.9473132491111756,928.2121467590332,488.0316960811615,-128.49191665649414,0.9536572098731996,925.6293296813964,487.9904973506928,-177.34910488128662,0.9488140344619752,923.645725250244,485.623437166214,-177.40925788879397,0.9478078484535216,921.4825057983398,483.2036232948303,-177.552752494812,0.950847327709198,917.0117568969728,478.518168926239,-33.099539279937744,0.937288761138916,906.6683578491212,472.2048497200012,-255.01413345336917,0.9508402347564696,909.719066619873,505.5899512767792,-105.59025049209596,0.9644429087638856,906.328239440918,502.88419246673584,-170.5757188796997,0.970895767211914,868.5890579223633,512.2124540805817,113.499755859375,0.993368685245514,841.3140678405762,498.2406771183014,-331.94775581359863,0.991024136543274,856.6339302062988,590.8588671684265,199.29551124572757,0.2247819751501083,836.6837310791016,595.3172135353088,-388.62905502319336,0.9557124972343444,857.3060417175293,673.0957818031311,110.3428030014038,0.2750037908554077,850.7237434387207,689.9505686759949,-371.4223766326904,0.9145613312721252,857.5746917724609,700.5954837799072,108.9167547225952,0.2523480951786041,851.8586540222168,715.1349020004272,-414.5825672149658,0.8980991840362549,857.9175567626953,704.3706393241882,67.99268245697021,0.2592579126358032,854.5111083984375,716.3259959220886,-410.9423732757568,0.8931549787521362,855.5720329284668,695.8629727363586,89.85425233840942,0.2528619468212127,853.5848808288574,708.8026571273804,-367.9270648956299,0.8399388194084167,764.989070892334,639.1292309761047,138.05502891540527,0.9825873374938964,727.4654960632324,633.9097380638123,-137.9659080505371,0.9865477085113524,789.1451454162598,763.2413721084595,103.91909837722778,0.4639217257499695,764.1879272460938,775.7404232025146,-248.4666538238525,0.9615750312805176,768.3198165893555,902.938027381897,184.2448711395264,0.6327531933784485,756.5786933898926,931.8265771865844,-302.2441577911377,0.9658820629119872,752.9731178283691,927.2002816200256,185.91603755950928,0.6255084872245789,739.3197441101074,955.7891750335692,-318.5000324249268,0.9528932571411132,825.3685569763184,938.6006784439088,99.67034339904784,0.7408639192581177,815.4795455932617,964.2866706848145,-439.01315689086914,0.9603425860404968,27.124065899575726,7.918974778933261,86.4961232037129,82.25840215465013
rob_DTL_1_frame815.jpg,rob_DTL_1,FO,frame815,P1,916.2983894348145,500.59203028678894,-78.97874593734741,0.9564401507377625,924.1173934936523,489.3021297454834,-53.74423742294312,0.9509936571121216,924.5161056518556,488.5872352123261,-53.9402711391449,0.9519487619400024,924.8820304870604,487.7899754047394,-54.07526850700378,0.9578787088394164,920.2968978881836,486.6087305545807,-97.03627109527588,0.9533853530883788,917.988624572754,483.9624524116516,-97.04227924346924,0.952445387840271,915.388069152832,481.0838198661804,-97.1597385406494,0.9553297758102416,914.4787216186523,478.4838902950287,55.33407926559448,0.9419865012168884,901.0937690734864,469.6038579940796,-144.1067361831665,0.9546886682510376,905.5684089660645,504.4701504707336,-33.16253185272217,0.9675074219703674,901.139430999756,500.8949053287506,-90.52807331085204,0.9734686017036438,875.207405090332,515.9071755409241,166.36918544769287,0.993989884853363,828.6262893676758,488.4780263900757,-230.5509853363037,0.991908848285675,862.9273223876953,591.5135407447815,239.38472270965576,0.2608914077281952,823.2963752746582,585.7635498046875,-301.8489360809326,0.9585591554641724,862.4014663696289,672.8587603569031,122.40865230560304,0.3291725218296051,841.1307334899902,666.632022857666,-320.343017578125,0.920506715774536,862.2759819030762,700.0858426094055,136.21747970581055,0.3024836182594299,842.8740692138672,695.1874423027039,-359.3310642242432,0.9044842720031738,861.1041641235352,703.9386320114136,97.3907732963562,0.3100467920303345,848.6273574829102,697.9856729507446,-355.34311294555664,0.8996585607528687,859.5444488525391,695.0719571113586,98.70668649673462,0.3012945055961609,848.6819458007812,689.1695308685303,-315.1450538635254,0.8478158116340637,770.3744888305664,641.4586329460144,131.97235107421875,0.9840733408927916,725.8480453491211,633.8570165634155,-131.8033504486084,0.9877086877822876,800.0475311279297,765.169472694397,49.12722945213318,0.4781915247440338,760.8744621276855,776.2302374839783,-260.7481384277344,0.9645219445228576,769.9587821960449,907.2769618034364,88.5789942741394,0.6384023427963257,756.5600967407227,931.900670528412,-308.2562255859375,0.96853369474411,753.0259895324707,931.1966872215272,86.44354104995728,0.6338552236557007,739.4759559631348,955.6427907943726,-321.71204566955566,0.9552193284034728,826.2274932861328,948.3583402633668,-3.536803498864174,0.7484043836593628,811.6242027282715,966.6530871391296,-461.9926643371582,0.963298797607422,30.4915753091679,9.688212238527854,83.30659085874703,80.41855824962448
eric_DTL_1_frame39.jpg,eric_DTL_1,FO,frame39,P10,499.992805480957,210.8870017528534,230.30696552991867,0.9607858061790466,500.6458636522293,201.9083257317543,212.91142198443413,0.9558892846107484,498.4018549323082,200.44671034812927,212.91455602645877,0.9567485451698304,496.2365262508392,199.3128461241722,212.93133440613747,0.962084949016571,506.9109694957733,205.42123520374295,209.0963058769703,0.95804101228714,508.6902742385864,206.08642143011093,209.09067845344543,0.9571948647499084,510.1863723993301,206.7468330860138,209.1163914501667,0.9597910046577454,492.8586522936821,199.23832046985623,153.97248914837837,0.9477850198745728,507.363483607769,207.34891027212143,135.4904979020357,0.9592134356498718,493.1024842262268,212.37945932149887,213.89513024687767,0.9707350134849548,499.59521502256393,216.5109644532204,207.87802928686145,0.9761040210723876,446.1066756248474,224.88887244462967,130.36883257329464,0.9944128394126892,503.814466714859,247.89069294929504,69.68297432363033,0.9927138686180116,395.5147529244423,216.21436351537704,206.6601336300373,0.3317167162895202,480.4517937302589,212.55742758512497,3.8136372854933134,0.9447811245918274,408.16880255937576,175.9805983901024,318.9233370423317,0.3802936971187591,431.59287506341934,163.49684858322144,-66.3294151648879,0.9187116622924804,404.25537103414536,166.83132773637772,327.48221534490585,0.3531655967235565,428.71540892124176,148.97567597031593,-87.95858630537987,0.9037829637527466,413.2192853093147,156.5395004451275,319.21506267786026,0.3613587915897369,421.5993673801422,149.95625337958336,-87.43518397212029,0.8996812105178833,415.7065718770027,162.43976253271103,317.8413479924202,0.3505280613899231,423.2719069123268,155.3571011722088,-68.55305694043636,0.8508567810058594,392.5152842402458,344.1008676290512,46.48249667137861,0.98564612865448,430.582016646862,357.6077039241791,-46.58382925391197,0.9889348745346068,406.30094814300537,444.7436149120331,46.60064659267664,0.5206896066665649,440.1631813645363,467.2546750307083,-71.33831125497818,0.9679713249206544,415.3025055527687,550.3596163988113,58.60255575925112,0.6550135016441345,415.2086574435234,561.3425146341324,-120.90896913409232,0.9715165495872498,406.0858593583107,560.992507815361,57.570144310593605,0.6610669493675232,401.8133116364479,571.369189620018,-127.51502758264542,0.9595180749893188,433.5500756502152,573.2182575464249,26.58014372736216,0.7213463187217712,436.5199700593949,591.8828620910645,-178.3346964418888,0.9648578763008118,21.731793366992665,19.535700557917277,46.44091095058288,67.75406449326715
eric_DTL_1_frame40.jpg,eric_DTL_1,FO,frame40,P10,496.4140757918358,203.37640988826752,152.50483977794647,0.9646536111831664,496.6144813299179,193.4959946274757,130.8365493863821,0.9602596163749696,494.329574227333,191.8721208572388,130.8378913104534,0.9610295295715332,491.98998588323593,190.42186433076856,130.88639970123768,0.9658279418945312,502.7901371121407,196.96581745147705,126.73451259732246,0.962187647819519,504.7105256915093,197.73306012153623,126.71639229357244,0.9614214897155762,506.5407369732857,198.5692067742348,126.70636682212351,0.9637588262557985,484.70667999982834,189.06105399131772,140.8697347342968,0.9529234170913696,503.7318041920662,199.47966730594635,40.79894609004259,0.9632230997085572,489.59876376390457,205.40683448314667,133.5427513867617,0.9734690189361572,495.59257584810257,209.3147241473198,127.1496086716652,0.978356122970581,427.1365097165108,208.41254210472107,21.78155744075775,0.9948049187660216,501.3021078109741,235.4731903076172,13.941171258687971,0.9934207201004028,378.3079271912575,199.8101522922516,124.71107290685175,0.3961590826511383,469.3077636361122,200.95289182662964,74.93743818998337,0.897887110710144,399.4310933947563,148.0081323683262,242.661930590868,0.430567592382431,424.9120324850082,147.35035827755928,162.4928585588932,0.8957875967025757,396.0948450565338,130.45442405343056,251.2343147099018,0.4043908417224884,417.5653531551361,134.83088582754135,169.95653635263443,0.884732186794281,399.6374899744988,128.174999833107,239.5704492032528,0.4127352237701416,415.05140125751495,134.68800488114357,162.75272431969643,0.8821751475334167,401.94999742507935,135.11937192082405,240.43044072389603,0.4009987115859985,415.4886780381202,138.89892575144768,163.12177941203117,0.8333042860031128,388.64039623737335,349.17273211479187,22.116328537464145,0.9870437383651732,431.5188354849816,360.0551333427429,-22.56791412457824,0.9900278449058532,407.0608061552048,445.307052731514,72.62338969111443,0.5599240064620972,438.32147282361984,462.0421917438507,44.04293931275606,0.9696712493896484,411.7305980324745,542.9725472927094,85.97913575172424,0.6806498765945435,415.8873420357704,556.5736043453217,54.22184029966593,0.9720188975334167,402.7830292582512,553.6468696594238,88.56440874934196,0.691718578338623,404.5002418756485,567.336602807045,56.31454491615296,0.9614490866661072,434.852659702301,574.0119143724442,68.99601741880178,0.7155637741088867,437.24616742134094,590.0559728145599,27.65376739576459,0.953514039516449,20.045404376983257,14.240792106353668,6.034586750154328,46.181442226707176
rob_DTL_3_frame40.jpg,rob_DTL_3,FO,frame40,P10,479.42138671875,168.8354229927063,252.6781225204468,0.9666398167610168,481.0062181949616,167.22366750240326,222.8281134366989,0.9616391062736512,480.5749833583832,167.00214385986328,222.66769587993625,0.9618979692459106,480.1173555850983,166.39985382556915,222.69547283649445,0.9667149186134338,480.892471075058,167.101149559021,224.8222124576569,0.9631468057632446,480.4753339290619,167.0175451040268,224.85938787460327,0.9616039395332336,480.1703345775604,166.7656373977661,224.73458468914032,0.9643572568893432,477.2052490711212,132.98046559095383,158.70397925376892,0.9559186697006226,495.78922390937805,151.6423398256302,162.1793657541275,0.965184211730957,475.0781393051148,172.93241143226624,236.57709538936612,0.9750367999076844,474.7741377353668,172.1824336051941,237.942978143692,0.9796420335769652,439.716432094574,199.344225525856,62.697149366140366,0.9948660731315612,466.3078629970551,223.82451117038727,100.37297397851944,0.993950366973877,380.9324741363525,144.8386913537979,-172.0726454257965,0.4382554590702057,447.7387583255768,193.0613386631012,-169.38838720321655,0.8602313995361328,333.2054829597473,58.39146360754967,-437.8386390209198,0.4606108665466308,407.14391112327576,82.99028009176254,-339.09828543663025,0.8519698977470398,325.39684295654297,46.004506051540375,-520.7606112957001,0.4385989308357239,398.6116218566895,56.9956111907959,-362.0800316333771,0.846936821937561,334.117294549942,51.80072084069252,-502.5200343132019,0.4459199011325836,395.72787165641785,59.70657616853714,25.771477594971657,0.843498706817627,338.05827498435974,56.91378906369209,-441.472270488739,0.4298067688941955,397.5264537334442,68.17057371139526,-217.0958894491196,0.799044668674469,388.7327778339386,458.6643719673157,60.606607496738434,0.9882546067237854,415.7003080844879,474.238361120224,-60.83975449204445,0.9909922480583192,426.35429978370667,693.6074066162109,51.69578075408936,0.5173258185386658,458.4371030330658,713.6283159255981,-74.59862977266312,0.9589183926582336,471.1981201171875,904.1575741767884,101.31533056497574,0.6354656219482422,474.0919768810272,925.3347516059875,-1.6776231676340103,0.9591866731643676,459.33414101600647,929.1718339920044,99.37777519226074,0.6553649306297302,457.134804725647,950.648410320282,-0.7459501759149134,0.9494341015815736,535.9540271759033,952.395043373108,-10.217400826513767,0.673370361328125,534.0466868877411,980.5872058868408,-131.14207684993744,0.9293999671936036,42.6329190437671,30.006816861384777,54.785725052496446,77.48043151802302
eric_DTL_1_frame41.jpg,eric_DTL_1,FO,frame41,P10,500.16097021102905,159.55967617034912,138.71191217005253,0.9695042967796326,499.52983301877975,154.53117749094963,105.3635579496622,0.9651396870613098,496.9135485887528,154.12798619270325,105.35929842293262,0.9654240012168884,493.54720652103424,153.15577390789986,105.37732349336147,0.9696664810180664,508.3434864282608,154.19596606492996,106.42753058671951,0.9663325548171996,511.2042261362076,153.30409362912178,106.34898041188715,0.9649824500083924,514.4733263254166,152.22903555631638,106.1449992954731,0.9673365354537964,491.2243446111679,142.0283197760582,-7.824807417578995,0.959790587425232,514.2591032981873,150.6298239827156,4.287774501834065,0.9679725766181946,494.1037846803665,161.71701192855835,108.96826902031898,0.9768885374069214,502.0291709303856,160.00885158777237,108.89512982964516,0.9810322523117064,431.76200944185257,175.12662410736084,-43.18904705345631,0.995188534259796,512.3676310181618,180.51680612564087,-47.36009769886732,0.9944209456443788,384.2089647054672,181.53171038627625,20.30628291144967,0.4768817722797394,496.0964813232422,180.9979018568993,25.69893249124289,0.8476285934448242,416.6160327792168,146.18786588311195,65.85748211294413,0.4828228056430816,491.5678425431252,144.08273273706436,185.29625222086904,0.8073374032974243,424.571582019329,129.9832047522068,81.62298183143139,0.4618892669677734,500.1026181578636,126.3265383541584,210.4343340396881,0.7993622422218323,434.3499316573143,126.04481944441795,74.83324427902699,0.4688240885734558,495.79412418603897,122.01393646001816,223.91836804151532,0.7947412133216858,430.43899351358414,137.55557724833488,71.42796909809113,0.4474107325077057,491.2512177228928,128.7638699412346,196.54834616184235,0.7533811330795288,375.72689640522,375.3277906179428,46.34375037997961,0.989375114440918,413.41750913858414,375.6741009950638,-47.17582987993956,0.9918733239173888,362.2051500082016,441.7633203268051,383.7519486546517,0.5316842198371887,402.8107681274414,485.8370722532272,187.09148690104485,0.9598791003227234,373.6538920998573,519.773987531662,399.9631186723709,0.6561611890792847,385.5036184191704,553.1326407194138,139.00862456858158,0.9593992829322816,362.5032476186752,539.5935760736465,405.3422775864601,0.6815465092658997,376.8373515605927,572.070319890976,139.4781767874956,0.9515634775161744,385.4000391960144,525.5534510612488,433.2922530770302,0.6890085339546204,406.7975466251373,572.5614460706711,147.11281570792198,0.927176594734192,3.8257327861112773,0.5264325310164333,2.9622081874285575,68.04939417097636
rob_DTL_3_frame41.jpg,rob_DTL_3,FO,frame41,P10,576.5370297431946,194.29404973983765,260.6896984577179,0.9721416234970092,576.6568922996521,178.54419350624084,198.30571174621585,0.968254327774048,572.4261045455933,174.01793360710144,198.37848544120789,0.9685348272323608,568.0886507034302,169.82301771640778,198.4528362751007,0.9723181128501892,586.5115642547607,188.73194754123688,210.65527260303497,0.969141721725464,588.9728665351868,191.05211198329928,210.7316994667053,0.9678687453269958,590.9928274154663,193.3859556913376,210.5394011735916,0.9698346853256226,549.6658658981323,159.19273138046265,-12.75122132152319,0.963197648525238,580.8792471885681,189.5503056049347,35.48027828335762,0.970523715019226,559.5252370834351,190.48640191555023,190.4865789413452,0.9788092970848083,570.6524991989136,202.74637162685397,205.27758300304413,0.9825285077095032,422.7260112762451,130.62080025672913,-106.8456807732582,0.9955005049705504,560.7906174659729,244.1542017459869,-12.744128219783306,0.9947913885116576,318.2138442993164,89.53704804182053,-30.52130699157715,0.518205463886261,510.0203275680542,272.7383637428284,188.56720089912412,0.8139476180076599,296.96096420288086,10.993977785110474,80.1667669415474,0.5196738839149475,496.8458104133606,230.3093683719635,528.1168699264526,0.751898467540741,286.2787771224976,-21.0471298545599,98.05372685194016,0.4987774193286896,498.0883061885834,208.38037848472595,583.9831852912903,0.7481268048286438,298.048996925354,-24.40222531557083,93.2802826166153,0.5052648782730103,489.7266697883606,191.17302060127255,576.3963747024536,0.7437313199043274,303.0743408203125,-7.812388222664595,86.1353525519371,0.4827782213687897,484.566947221756,195.8829528093338,536.1791396141052,0.7073073387145996,359.19885635375977,433.9164876937866,53.12915459275246,0.9903230667114258,454.1934084892273,492.41714000701904,-53.550926595926285,0.9925920963287354,414.3807578086853,657.4326038360596,192.70492136478424,0.557648777961731,470.85578441619873,702.1232485771179,99.1465151309967,0.9610345959663392,450.3562295436859,861.8868398666382,7.127994932234287,0.6817589998245239,469.9704301357269,922.5330448150636,-55.00747472047806,0.958357274532318,442.9668509960175,899.7995853424072,-7.424761075526476,0.7085569500923157,452.0386505126953,949.6716141700743,-68.31972599029541,0.9523735642433168,509.5764434337616,928.4318661689758,-18.001199886202812,0.7097331285476685,549.2255544662476,1010.7713913917542,-92.42326855659483,0.9215566515922546,39.43117292528895,31.626076583707324,34.27741208777087,48.31615191829099
eric_DTL_1_frame42.jpg,eric_DTL_1,FO,frame42,P10,436.1120944023132,162.466022670269,95.20512346923353,0.9683882594108582,430.17154371738434,154.15050175786018,156.81144639849663,0.96750009059906,433.2492768764496,152.2387868463993,156.1221822500229,0.9679046273231506,436.1210290193558,150.63229790329933,155.93078058958054,0.9707801342010498,422.9226949810982,158.34651172161102,41.5672322511673,0.965836763381958,420.5073355436325,159.96426326036453,41.56541416049004,0.9648544788360596,418.2275537252426,161.47191089391708,41.37803827226162,0.9653211832046508,461.8326058983803,149.57348877191544,16.805801464244723,0.9631356000900269,423.6115262508392,161.92129808664322,22.07228096202016,0.9664571285247804,452.4207140803337,163.62572348117828,177.5970537662506,0.9782833456993104,444.4787745475769,169.7794709801674,47.65553743392229,0.9794996380805968,480.8419386744499,151.63194471597672,83.15820357203484,0.9956249594688416,477.76721835136414,163.86462527513504,-25.718336280435324,0.9950574636459352,450.36807239055634,183.85752302408216,79.15011878311634,0.4887771308422088,438.0392705202103,201.15099799633023,-64.95352309942245,0.7683035135269165,415.2707841992378,176.67273783683777,167.40535688400269,0.4989157915115356,422.7436563372612,189.29602831602097,-51.06918881833553,0.698228120803833,392.2826378941536,176.7476870417595,191.76481106877327,0.4855994880199432,422.6310386061669,168.77900594472885,-58.39198622852564,0.6935152411460876,408.881875038147,167.2470041513443,170.16364285349846,0.4920742809772491,410.4964780807495,180.6789682507515,-37.64655866473913,0.6885944604873657,419.2027775645256,168.06114542484283,162.66568106412888,0.4694484174251556,413.1447609066963,181.52535712718964,-43.978734739124775,0.6574794054031372,398.2989943027496,354.69794976711273,85.68094290792942,0.9912399649620056,397.4117660522461,355.1701316833496,-86.00358474254608,0.993226945400238,366.38232588768005,414.86138808727264,182.38048496842384,0.5780810117721558,441.7547552585602,315.50748604536057,-32.26793219149113,0.9625392556190492,369.0952981114388,544.2501299381256,153.19677045941353,0.7071757912635803,462.5938144922257,374.5326706171036,-1.694428586401045,0.956128478050232,358.9363268613816,564.3990483283997,156.91351920366287,0.7321151494979858,457.9656482338905,384.5173370838165,8.320466011762619,0.9489054679870604,380.1257061958313,578.3612785339355,190.8036817610264,0.7308210134506226,490.3484404683113,393.6125472784042,28.00284080579877,0.9183069467544556,75.89082146265183,28.02185980230839,88.38237247815697,89.70391052476384
rob_DTL_3_frame42.jpg,rob_DTL_3,FO,frame42,P10,534.7546291351318,154.43041563034058,145.05237758159635,0.9705103039741516,537.9073619842529,149.12183046340942,107.9784768819809,0.9699481725692748,534.7312617301941,146.77886188030243,107.94217854738235,0.9705687761306764,531.4943289756775,143.96389424800873,107.99060314893724,0.9728673696517944,544.6432900428772,152.75270998477936,105.22439002990724,0.967738151550293,546.293363571167,153.26476514339447,105.303592979908,0.9671643376350404,547.5781202316284,153.17301750183103,105.13609439134598,0.9667401313781738,517.9225981235504,138.9198499917984,-82.45794743299484,0.9659284949302672,542.8407168388367,156.46321892738342,-31.26823917031288,0.9682520031929016,522.073370218277,154.68637883663175,102.73564875125884,0.97945636510849,529.3485188484192,158.3172905445099,93.02542179822922,0.9804535508155824,422.4208188056946,121.24219089746477,-168.7231081724167,0.9958969950675964,520.8851408958435,190.7491886615753,-41.02680221199989,0.9951958656311036,294.18198108673096,6.892341915518045,-172.19199299812317,0.5234552621841431,469.5676159858704,184.67393696308136,23.355266600847244,0.7449719309806824,247.5482207536697,-144.72978830337524,-155.74106633663175,0.5406465530395508,469.7533965110779,59.52087208628655,172.38298773765564,0.6866697669029236,211.51968955993647,-202.431555390358,-150.63810467720032,0.5282541513442993,489.015154838562,31.82415448129177,218.09497475624084,0.6868970990180969,244.91269290447235,-189.45134818553925,-125.71708112955092,0.5341817140579224,469.9398529529572,15.172054097056389,214.59586679935452,0.6827702522277832,252.75273084640503,-166.70313119888306,-139.32239055633545,0.5122660398483276,457.88214325904846,22.71419182419777,177.97772705554962,0.6533951759338379,379.2776691913605,433.5721242427826,41.67478501796722,0.9920595288276672,438.8653886318207,484.8903250694275,-42.24113881587982,0.9938635230064392,425.60622096061707,593.5381364822388,311.71918630599976,0.6114587783813477,482.3224210739136,688.8528800010681,228.52163314819336,0.9622491002082824,444.4416046142578,828.4058547019958,9.190235808491709,0.7328417301177979,497.3400664329529,914.7020030021667,-52.2338305413723,0.9560031294822692,445.5547106266022,868.2797884941101,-13.287368081510069,0.7569321393966675,498.1386137008667,948.2673811912535,-75.83883225917816,0.950460970401764,487.51001715660095,929.3697166442872,14.281831607222555,0.7549389004707336,543.4449219703674,993.5402154922484,-104.52240228652954,0.919773280620575,35.21866891648836,40.735724886891816,52.364830484134586,54.6218829799818
eric_DTL_1_frame43.jpg,eric_DTL_1,FO,frame43,P10,476.4080137610436,57.46125765144825,-150.22588908672333,0.9409868121147156,465.6343547105789,44.84228450059891,-170.09420910477638,0.9427784085273744,465.4876607656479,42.82109619677067,-169.9951318204403,0.944927453994751,465.2276218533516,41.020818412303925,-170.0168450176716,0.9493014812469482,460.59793186187744,50.87846782803536,-188.36428889632225,0.9418829083442688,457.05303597450256,52.99348221719265,-188.17486116290087,0.9387718439102172,453.5502158999443,54.92368414998055,-188.63849160075188,0.9373907446861268,448.7247608304024,46.70192193984985,-172.48276469111445,0.9355477690696716,435.0238026380539,66.57352538406849,-252.99085003137589,0.9231215119361876,475.7325151562691,67.86922444403172,-137.28338637948036,0.9510769248008728,456.7611025571823,119.78561747074129,-160.43265014886856,0.9430944323539734,465.46220749616623,104.12933886051178,-118.37320014834404,0.9920204281806946,421.070631980896,127.20803380012512,-188.45734050869945,0.9901008605957032,499.4666673541069,170.4438101053238,-77.79298335313797,0.4850764870643616,371.9098063707352,181.89727306365967,-210.39151367545128,0.6991585493087769,522.5289917588234,175.51777309179306,-112.49732154607771,0.5263118743896484,411.6737350821495,137.904024630785,-175.01643854379654,0.6659177541732788,525.0499736070633,173.21051967144012,-129.0916325300932,0.5210819840431213,419.3434458374977,129.28778278827667,-189.3449323773384,0.6694024801254272,540.1797432899475,168.5260499715805,-123.41458378732204,0.5258339047431946,409.7604110836983,117.41125053167345,-187.6881150007248,0.6643392443656921,539.5194820165634,173.0445648431778,-114.07575324177742,0.5063744783401489,403.6346229314804,120.8940397799015,-175.18437817692757,0.6396177411079407,343.32235634326935,349.25355327129364,33.190264742821455,0.9835608601570128,331.1927479505539,368.8337972164154,-33.26937549561262,0.9865605235099792,333.5427253842354,297.24594765901566,328.75044614076614,0.5715316534042358,374.7268426418304,300.8102992773056,179.38742288947105,0.9084606170654296,429.7047965526581,255.48905605077744,587.9222503900528,0.6842575669288635,391.2996914982796,271.336798787117,428.4874722957611,0.8829436302185059,439.055392742157,255.2192735671997,614.8522250652313,0.6979394555091858,394.9674210548401,259.85486167669296,463.3974452018738,0.8725350499153137,453.9253659248352,194.9070342183113,617.9963791370392,0.7067554593086243,423.1580078601837,233.62543153762817,474.1951376795769,0.8561610579490662,27.46942842115307,58.22253107850683,57.64966642014828,79.65673876787476
eric_DTL_1_frame44.jpg,eric_DTL_1,FO,frame44,P10,374.2465896606445,229.46194833517075,-177.67388108372688,0.9276066422462464,368.4401967525482,218.15461033582687,-205.33020895719528,0.9374211430549622,369.0955058932304,214.59809440374372,-205.3104177415371,0.9412717819213868,369.6408638358116,211.17411130666733,-205.44114711880684,0.9448821544647216,364.57195776700974,225.7004531621933,-211.9350033998489,0.9312165379524232,362.2370098829269,227.05073249340057,-211.59952238202092,0.9257800579071044,359.9652622938156,228.19229763746264,-211.9819967150688,0.9220355749130248,365.852586209774,201.78651642799375,-234.41645649075508,0.9363519549369812,352.25486093759537,225.7520878314972,-257.7563254237175,0.9110402464866638,377.99410742521286,227.86448872089383,-170.5147594511509,0.9474968314170836,374.10813772678375,243.7395697236061,-177.64447996020317,0.932753562927246,374.6596944928169,208.91306340694427,-190.48213943839076,0.9910309314727784,369.5763129591942,234.07058322429657,-202.77381762862208,0.981759250164032,401.50132727622986,232.19180899858475,-132.27795764803886,0.482081651687622,338.4712748527527,105.65937691926956,-238.36773893237117,0.6906105875968933,400.7984707355499,222.89400684833527,-108.60646897554398,0.547828197479248,384.7781829237938,-26.086178585886955,-222.66585940122604,0.6861055493354797,393.1110292673111,217.0370720624924,-128.35709792375565,0.5440043807029724,401.17157757282257,-53.20534896850586,-252.1600864827633,0.6868336796760559,409.0503514409065,208.61754059791565,-136.20845325291157,0.5477877855300903,395.0987391471863,-68.39344051480293,-242.4171463251114,0.68115234375,416.1617525219917,215.88382077217105,-115.98754484951496,0.5308023691177368,384.1811565756798,-60.85505314171314,-225.2022517323494,0.6591939926147461,295.2386022806168,394.7748086452484,-1.1382815472315997,0.9812113642692566,300.2083618044853,411.43324649333954,1.7282042200677097,0.983524739742279,281.47046130895615,381.6915999650955,291.2837182879448,0.5616485476493835,322.76761186122894,355.67161560058594,148.5033434033394,0.8827674388885498,338.29708445072174,466.0508286952973,448.82813227176666,0.646419882774353,346.3429841399193,456.35294449329376,362.9707912802696,0.8212007880210876,344.6860628724098,482.01237177848816,469.6401106119156,0.6542819738388062,351.3527762889862,461.5809836387634,389.05997693538666,0.8182613849639893,346.1987489461899,473.6314219236374,414.0813373327255,0.6586267948150635,349.7121312618256,501.06464064121246,386.6252591609955,0.7936156392097473,78.5765067535743,73.38842866126353,67.5318301341681,29.975729528775105
rob_DTL_3_frame44.jpg,rob_DTL_3,FO,frame44,P10,444.9986565113068,113.7509098649025,-99.95542645454408,0.9201887845993042,453.03343892097473,132.7317926287651,-126.29704982042313,0.929629385471344,452.98319578170776,134.85212713479996,-126.4448019862175,0.936986804008484,452.7184295654297,134.5656430721283,-126.52746498584747,0.9363667368888856,453.25552582740784,126.77663683891296,-136.21623158454895,0.9170264005661012,451.91128849983215,124.58261936903,-136.09813928604126,0.9154037237167358,433.75858068466187,105.53926259279253,-136.60218000411987,0.9038354754447936,435.2081322669983,102.4445942044258,-182.17515349388125,0.9329375624656676,427.6368033885956,80.4282420873642,-211.2256497144699,0.897680938243866,446.78967475891113,124.80930089950562,-101.46496564149857,0.9425708651542664,434.8687899112701,113.2298505306244,-118.25098603963852,0.926983654499054,426.4086949825287,52.9535248875618,-140.9581571817398,0.9917629957199096,388.2503664493561,58.29541504383087,-163.3746439218521,0.9833269715309144,400.05653858184814,109.86714899539948,-110.28628170490263,0.4852509796619415,316.68347239494324,-43.61794084310532,-227.72836446762085,0.701920211315155,402.4706554412842,113.923542201519,-199.9928319454193,0.5613032579421997,278.9179480075836,-194.58730101585388,-256.52301013469696,0.7012357711791992,387.0437264442444,107.07331985235214,-216.2825846672058,0.5592151880264282,272.6851272583008,-232.94721364974976,-270.0037014484405,0.6979777216911316,407.1003949642181,96.51032745838164,-256.7774283885956,0.5640932321548462,256.2998288869858,-253.83094668388367,-280.6019139289856,0.6935756206512451,414.6380889415741,102.70483016967772,-218.87211799621585,0.5488718748092651,257.84154653549194,-241.0403823852539,-264.9952071905136,0.6744673848152161,390.5260491371155,416.33557319641113,37.84067988395691,0.9830343127250672,379.9817490577698,422.8287506103516,-37.47277200222016,0.9851376414299012,404.5426297187805,567.8708124160767,208.9746379852295,0.5967685580253601,428.42952489852905,604.3406367301941,-41.96220248937607,0.8916670083999634,442.5605285167694,773.8829398155212,215.0498253107071,0.6707274913787842,444.592752456665,823.9771199226379,-3.471953859552741,0.8320770263671875,420.9029030799866,759.2167067527771,207.7371472120285,0.6789681315422058,384.3314337730408,848.1047058105469,-1.3850303320214152,0.8258933424949646,488.49276781082153,757.1637868881226,123.185732960701,0.6830366849899292,463.2714200019837,782.1445727348328,-82.84136921167374,0.8053469657897949,7.969204176867563,31.624751406279195,30.43252644346373,82.0300786034118
eric_DTL_1_frame45.jpg,eric_DTL_1,FO,frame45,P10,375.2577251195908,77.17698003351688,-287.0447446405888,0.9176071286201476,369.9717563390732,80.56039372086525,-358.6678035259247,0.9299357533454896,367.46428030729294,75.59639506042004,-358.65699887275696,0.9379711151123048,364.8544024825096,70.71482993662357,-358.74610263109207,0.93734472990036,374.6075412631035,96.05825477838516,-357.4384625554085,0.9161906838417052,373.841761469841,100.88475832343102,-357.0074538588524,0.9127815961837769,372.2813202142716,103.94917583465576,-357.56181567907333,0.9004209637641907,347.35138380527496,61.986284613609314,-488.3665138483048,0.9356439709663392,357.293153822422,106.92458033561708,-471.3544142842293,0.8970966339111328,366.0559353232384,62.906275033950806,-301.593158185482,0.9415585398674012,371.88327956199646,77.8007834404707,-297.0752547979355,0.9237545728683472,339.94025748968124,14.533809341490269,-408.4340360164642,0.991485059261322,347.1172483563423,78.1781622171402,-362.3503894805908,0.9766898155212402,362.4608601331711,71.84321688115597,-288.83019626140594,0.4978353679180145,295.0202236175537,-76.03610797226429,-295.44226306676865,0.6945825815200806,395.46135300397873,105.3459013402462,-291.1815242767334,0.5896282196044922,442.1522071957588,-238.31365543603897,-263.4934923648834,0.7233333587646484,400.1968731880188,112.80094069242476,-348.5972434282303,0.5880036354064941,481.7352964878082,-263.3933767080307,-289.967160910368,0.7188365459442139,430.1040492653847,103.81541085243224,-359.1024830341339,0.5910959243774414,478.94115084409714,-285.0485180616379,-293.6901084780693,0.7136233448982239,433.3871747255325,107.18273442983627,-301.8780270218849,0.5762117505073547,456.9625816345215,-279.3016101717949,-269.26548007130623,0.6961199045181274,276.30642580986023,277.8733782768249,-41.93532635271549,0.983969509601593,292.8285412788391,305.0503488779068,42.86422351002693,0.9858146905899048,246.28794795274732,303.08744210004807,201.71456336975095,0.6080143451690674,342.0972402691841,243.99031168222427,259.377352386713,0.8519708514213562,355.3448878526688,415.6677129268646,511.9481195807457,0.6624305844306946,364.2313341498375,377.8764101266861,562.2782718539238,0.7754349112510681,381.1057436466217,426.124676823616,537.3977182507515,0.6636869311332703,378.5130424499512,382.54505443573,599.3789228200912,0.7837984561920166,371.9633101820946,442.0538375377655,449.1664010286331,0.6507150530815125,342.51972991228104,448.5525670051575,612.4184076786041,0.7454904317855835,83.56609971671776,58.70268089113631,81.1479600664091,78.97477172326882
random_1_frame46.jpg,random_1,FO,frame46,P10,442.0905022621155,158.92230433225632,-314.29543197155,0.9091039299964904,432.99775409698486,150.56414449214935,-337.5624681711197,0.917052924633026,432.84588062763214,149.84557956457138,-337.5725827217102,0.9294297099113464,432.6194026470184,149.1692481637001,-337.5091792345047,0.9201770424842834,430.59923458099365,153.9355430006981,-365.8295328617096,0.9080202579498292,427.8297102451325,154.66787868738174,-365.8980324268341,0.909204602241516,424.9960063695908,154.74108922481537,-366.633885383606,0.8932738304138184,427.0203651189804,148.7819395661354,-334.9457485675812,0.9246659278869628,414.2356766462326,159.9469639658928,-463.99851536750793,0.894334077835083,446.00796341896057,163.85909748077393,-302.92323660850525,0.9385900497436525,443.85183095932007,171.07121348381042,-340.17929124832153,0.9247615337371826,460.45102429389954,144.7776619195938,-270.97243189811707,0.9899289608001708,333.1099964380264,162.10010612010956,-405.2885159254074,0.9786528944969176,395.88914942741394,304.9306114912033,-148.60344290733337,0.4555912911891937,239.7299302816391,169.04517495632172,-422.4349555969238,0.7116944193840027,409.96459424495697,488.4906847476959,-72.46385458111763,0.5441187620162964,218.28265953063965,458.49223279953,-403.8914145231247,0.7334427833557129,405.4400272369385,517.608767747879,-76.15159127116203,0.5458988547325134,236.2510681152344,524.6233525276184,-427.2676930427551,0.7239987850189209,408.3042299747467,516.814151763916,-110.04395639896391,0.5513995289802551,208.1167860031128,513.1663112640381,-420.5765427350998,0.7204642295837402,403.63174736499786,500.9888529777527,-89.86150243878365,0.5391161441802979,227.85992312431333,506.7730324268341,-404.2300062179565,0.7052997350692749,375.52553248405457,404.3260314464569,-6.992569897323847,0.9848747849464417,304.4023150205612,403.4921472072601,8.356434427201748,0.987044095993042,371.8344717025757,491.1218881607056,543.9294369220734,0.5604337453842163,310.73565340042114,475.258549451828,367.1243505477905,0.8298750519752502,371.8473800420761,583.843873500824,939.021942615509,0.6225194931030273,322.941587805748,570.3462648391724,779.5937576293945,0.760032057762146,365.4569759368897,574.494612455368,976.1779899597168,0.6314697861671448,323.4640004634857,561.6832194328308,825.8225309848785,0.7617698311805725,344.556201338768,666.6072297096252,930.2277159690856,0.6211447715759277,280.60337245464325,645.8897128105164,786.795835018158,0.728730320930481,7.746506068874559,0.6717336495761401,46.52698566126437,12.178157015793511
random_1_frame47.jpg,random_1,FO,frame47,P10,313.34187042713165,276.8306818008423,99.70065787434578,0.9179996252059937,314.6542786359787,268.61686062812805,81.68827944993973,0.9251511693000792,313.2270922660828,266.83913719654083,81.64452949166298,0.9363151788711548,311.7227404117584,265.0383825302124,81.64103078842163,0.927962064743042,318.1155502796173,271.5078947544098,72.94551801681519,0.9169417023658752,319.12209033966064,271.73813033103943,72.89727342128754,0.9180006384849548,320.15079963207245,271.98487162590027,72.84660366177559,0.903552770614624,305.0854481458664,260.1570658683777,23.81968418508768,0.932064652442932,316.5212798118592,270.1733306646347,-16.826405331492424,0.9044505953788756,307.011118888855,276.40761721134186,83.19748809933662,0.9445252418518066,310.11620831489563,279.8780596256256,70.91145861148834,0.9320436120033264,253.7627439498901,262.0547436475754,22.668399021029472,0.9906954169273376,299.65592634677887,290.231751203537,-66.97556620836258,0.9807388186454772,220.3136147260666,247.64164340496063,98.06854838132858,0.4951920211315155,283.31171798706055,278.5262988805771,-138.37103581428528,0.6976340413093567,229.70992875099185,247.4883897304535,200.9295053482056,0.5204278230667114,255.3485813140869,250.8313158750534,-197.75044518709183,0.7211575508117676,224.09200727939609,242.4505182504654,218.9774593114853,0.5178366899490356,246.7401157617569,243.51411986351013,-210.5936868190765,0.717875599861145,227.6446979045868,243.35865902900696,206.36187267303467,0.5238937735557556,244.81462609767917,243.0687725543976,-201.73058551549911,0.7151087522506714,231.3284637928009,247.16109669208527,199.19172984361649,0.5130676031112671,246.7748829126358,246.319708108902,-195.4785515666008,0.6977154612541199,211.86391657590863,366.93439960479736,56.98001033067703,0.9862070679664612,231.3601267337799,381.1352286338806,-56.98226088285446,0.9882904291152954,235.8120810985565,442.73157501220703,76.38097298145294,0.573824405670166,231.887273311615,457.5231552124024,-43.65235674381256,0.8463363647460938,238.25861239433289,517.8994603157043,108.11564707756042,0.6476680040359497,203.7606870532036,530.4795045852661,-42.95810666680336,0.7835215330123901,232.1069220304489,528.0321671962738,108.72407221794128,0.6555238366127014,189.2144111990929,537.9640033245087,-44.54318737983704,0.7840943932533264,268.2866694927216,533.4825472831726,94.69799080491066,0.6457557678222656,222.54080772399905,560.1664590835571,-76.16991904377937,0.7545228004455566,31.54864982866614,36.06919067748451,62.88984649178819,80.29204642899444
rob_DTL_3_frame47.jpg,rob_DTL_3,FO,frame47,P10,735.0785636901855,167.25947499275208,274.9527955055237,0.9257203936576844,743.0774903297424,149.10382211208344,232.10144877433777,0.9323117733001708,740.1257300376892,146.54159903526306,232.03763902187347,0.9423271417617798,737.2584915161133,144.25579369068146,231.99462175369263,0.9348631501197816,751.8725824356079,154.1689646244049,219.5283204317093,0.9248065948486328,754.8455214500427,154.6071034669876,219.6392512321472,0.9256584644317628,757.8949356079102,155.17672419548035,219.69770193099976,0.9127143025398254,725.6631731987,145.0809270143509,91.7773175239563,0.9384682774543762,753.8901615142822,157.36608266830444,32.46051795780659,0.9134051203727722,717.9637742042542,170.11200428009033,235.6927227973938,0.9494043588638306,727.4439883232117,175.95829725265503,217.28366553783417,0.9383294582366944,584.176754951477,190.4296571016312,-13.984883911907673,0.9912092685699464,717.651629447937,223.0086475610733,-5.624260883778334,0.982495665550232,434.222903251648,209.8717886209488,35.11526718735695,0.5423803329467773,630.1181030273438,191.72115683555603,-38.69884863495827,0.6698052287101746,457.10039734840393,112.4312549829483,124.59988743066788,0.5369657874107361,533.547055721283,122.95316129922868,-62.99384459853172,0.6844455003738403,448.60602378845215,90.451337993145,114.68672454357149,0.5248578190803528,529.9891912937164,89.69892203807831,-66.25055596232414,0.681647002696991,481.9647324085236,83.16172957420349,116.8814581632614,0.5313733220100403,523.179395198822,83.91786307096481,-71.14594280719757,0.6791753768920898,480.8693289756775,95.87900519371031,126.10134780406952,0.5187587738037109,518.207448720932,97.42511630058289,-64.34347718954086,0.6602361798286438,409.1074812412262,451.2013828754425,34.8379884660244,0.9872695803642272,512.1054661273956,461.09084844589233,-35.104199051856995,0.9892458319664,364.0262532234192,664.8649835586548,52.19147309660912,0.5837942361831665,439.5962154865265,680.3134775161743,6.658133268356323,0.8487287759780884,342.8621757030487,868.6351275444031,37.22450137138367,0.6457430124282837,372.1763598918915,872.3714661598206,9.713313840329649,0.7816170454025269,321.3473618030548,896.5806770324707,35.239237546920776,0.6655206680297852,346.76939249038696,897.8908610343933,9.691624157130718,0.7846178412437439,390.55089712142944,895.9529113769531,-8.170045707374811,0.6244690418243408,410.7467722892761,926.6889023780824,-44.81101021170616,0.7358435392379761,13.716742390908806,5.484504896843308,3.5842205524061796,34.17900062296441
tom_DTL_2_frame47.jpg,tom_DTL_2,FO,frame47,P10,1228.0912399291992,199.89361703395844,558.6230850219727,0.9206668138504028,1224.6928024291992,206.6986334323883,579.8793983459473,0.923836588859558,1219.7996520996094,207.7060067653656,579.5927810668945,0.9337013959884644,1215.6354904174805,208.12879264354703,579.5336723327637,0.927367091178894,1233.5931015014648,205.7819938659668,581.2707710266113,0.9112009406089784,1233.618392944336,206.63884699344635,581.2606430053711,0.9124518632888794,1233.7474822998047,207.05368280410767,580.594425201416,0.9034238457679749,1196.2511444091797,212.3504716157913,599.4704246520996,0.9259936809539796,1218.7160110473633,211.2490010261536,606.8354988098145,0.901797652244568,1205.0659561157229,205.8471232652664,556.5955924987793,0.9349050521850586,1213.2099151611328,205.3757679462433,556.3580131530762,0.9186955094337464,1139.9173736572266,223.8843137025833,456.198091506958,0.990967571735382,1152.063102722168,238.754158616066,509.28131103515625,0.9839189648628236,1057.4443817138672,227.24057793617249,500.5644035339356,0.5045477151870728,1034.8110580444336,247.06275165081024,431.13407135009766,0.6243342757225037,988.0678939819336,212.1931117773056,564.1562461853027,0.5089881420135498,943.780117034912,220.37488996982572,464.6838283538818,0.6345247626304626,960.0446319580078,209.5840734243393,580.1023292541504,0.5025930404663086,934.6864700317384,201.352373957634,502.3860740661621,0.6347762942314148,984.419174194336,211.4600157737732,596.3592338562012,0.5093356370925903,927.366828918457,210.43247759342196,484.10436630249023,0.6327728629112244,985.2932739257812,215.2708661556244,572.4285507202148,0.5000109672546387,945.6760025024414,210.8110874891281,460.93153953552246,0.618431031703949,948.046932220459,397.5577712059021,37.49256491661072,0.9884087443351746,971.2845611572266,408.7792432308197,-37.90982365608215,0.9902020692825316,870.428581237793,518.5639142990112,-207.73701667785645,0.5941900014877319,879.140796661377,533.0716609954834,-188.10946941375727,0.8601241111755371,756.8265151977539,764.1050004959106,-609.3704795837402,0.658295214176178,767.1273422241211,764.1016530990601,-587.8408241271973,0.7879589796066284,710.9370231628418,798.6952614784241,-658.5325813293457,0.6858825087547302,727.540283203125,795.0761461257935,-625.3502655029297,0.7972206473350525,811.3101768493652,820.1131939888,-782.1397590637207,0.6388037204742432,822.1463012695312,821.1607360839844,-682.9633140563965,0.7442188858985901,50.7579584411777,25.775938671182512,77.11225727807818,72.87166463878663
random_1_frame48.jpg,random_1,FO,frame48,P10,289.1174441576004,309.4596462249756,-50.76721876859665,0.9099860191345216,280.42374217510223,277.22653114795685,-69.08005237579346,0.9170640707015992,278.8900038003921,268.1337037086487,-69.22646114230156,0.9273004531860352,277.5303857326508,257.98299407958984,-69.43340200185776,0.9208974242210388,289.4179058074951,318.66073966026306,-87.44699624180794,0.9073911905288696,288.0661517381668,308.33526134490967,-87.4647807776928,0.9088465571403505,287.663302898407,311.46871840953827,-87.81877064704895,0.8975152373313904,272.092560172081,225.8409867286682,-104.86275199055672,0.922815203666687,277.8154556751251,285.5933756828308,-183.94302302598956,0.899280846118927,278.00701129436493,290.3215346336365,-54.09725670516491,0.9356638193130492,283.3617733716965,308.53048944473267,-78.2649761736393,0.919995903968811,239.1781828403473,130.3132500052452,-82.627794444561,0.990732192993164,251.84646344184875,266.0961879491806,-184.984757065773,0.9846898913383484,267.9266070127487,183.16293799877167,-32.7656986117363,0.467774748802185,244.5674533843994,376.527599811554,-248.4334363937378,0.6180862188339233,302.1347155570984,299.7174915075302,-84.33069932460785,0.5009403824806213,293.6015012264252,536.9161205291748,-225.84301447868347,0.6167411804199219,305.3493835926056,269.7522621154785,-92.75193575024603,0.499775767326355,304.3774037361145,580.5648782253265,-253.94785833358765,0.6159248948097229,313.9279452562332,303.83257818222046,-116.26439207792282,0.5073259472846985,302.50626361370087,559.1905488967896,-236.1917518377304,0.611770510673523,314.1721431016922,328.54643654823303,-95.4782210290432,0.4969563484191894,297.6378536224365,538.7816889286041,-220.37507808208463,0.5953130125999451,173.91281640529633,237.484849691391,45.87215784192085,0.9892077445983888,192.40456891059875,346.0966212749481,-46.25481314957142,0.9909976124763488,196.62413436174396,364.0477030277252,201.8617513179779,0.5537168383598328,233.20922696590424,505.7627673149109,113.5785391330719,0.8428457379341125,221.65975534915924,631.3104422092438,440.32063698768616,0.620346188545227,231.3983343839645,702.3477907180786,300.22076320648193,0.7796274423599243,225.65859854221344,675.9637455940247,465.8125638961792,0.6599264740943909,227.59756565093997,723.9411087036133,318.52978122234344,0.7870786190032959,229.2712780237198,717.7397184371948,451.32744097709656,0.6148810982704163,243.52221417427063,786.5737071037292,293.5201967954636,0.7256080508232117,84.66984639562607,80.33772687177482,82.94462666502187,78.6503906403718
rob_DTL_3_frame48.jpg,rob_DTL_3,FO,frame48,P10,713.3498382568359,204.02374148368835,41.34572222828865,0.9078354835510254,720.8496809005737,218.21482121944427,30.024435818195343,0.916015326976776,719.3410348892212,197.1358287334442,29.99342612922192,0.9278778433799744,716.536238193512,183.8403707742691,29.864670038223267,0.9198604226112366,721.5239238739014,208.64279508590695,7.198698632419109,0.9014696478843688,720.9945845603943,223.9069086313248,7.401059232652187,0.9055289030075072,720.5303907394409,220.89439630508423,7.09175543859601,0.888763964176178,708.9929437637329,155.1200920343399,3.2684400770813227,0.923096477985382,719.4059872627258,212.3231452703476,-101.44967705011368,0.8942474722862244,701.864984035492,240.49509465694427,34.404303431510925,0.9354202151298524,703.5950088500977,211.0266888141632,3.3840233366936445,0.921166181564331,626.4478754997253,125.15817850828172,-38.00382122397423,0.9912590980529784,696.5139126777649,185.1285552978516,-86.75587624311447,0.9854468703269958,514.3824362754822,90.678268969059,-30.39863616228104,0.4972307384014129,561.1568999290466,265.79797089099884,-110.09131997823717,0.6129554510116577,525.1443493366241,53.68980333209038,-11.589671596884727,0.5340198278427124,510.0125062465668,234.13724541664124,-39.17260184884071,0.6179495453834534,515.7977414131165,22.693715170025826,-14.161071851849556,0.5305162072181702,510.6476426124573,218.80438148975367,-12.08755161613226,0.621524453163147,542.7892184257507,31.193946674466133,-10.879246965050696,0.5369924902915955,485.79038858413696,216.77202880382535,-21.17537297308445,0.6185048222541809,546.3156366348267,54.61183413863182,-11.888946779072285,0.526826798915863,482.5976157188416,223.8631671667099,-38.08321729302406,0.6029320359230042,448.23983788490295,427.0196914672852,61.05371430516243,0.990131378173828,465.4124665260315,456.8678820133209,-61.36911392211914,0.991760551929474,422.6066315174103,373.070307970047,221.46615743637085,0.5916462540626526,427.0008301734924,664.0021920204163,75.29175817966461,0.8569554090499878,370.5120599269867,768.4326696395874,263.1633925437927,0.6505874991416931,371.4746296405792,856.9180154800415,141.25263154506683,0.7958824634552002,344.5164978504181,853.249204158783,272.7274525165558,0.6901113986968994,357.9738700389862,875.119743347168,155.30041694641113,0.80428147315979,392.9547142982483,861.0101437568665,275.7415902614593,0.646307647228241,406.7366552352905,918.1041812896729,149.15673673152924,0.7452360391616821,40.560622496533746,60.086790856141654,34.83025504062994,82.01504395123587
random_1_frame49.jpg,random_1,FO,frame49,P10,311.6475409269333,267.0373785495758,102.65878883004189,0.9169891476631165,312.3864722251892,259.3696279525757,85.18308302760124,0.9243634939193726,310.74129271507263,257.6881175041199,85.13464441895485,0.9350408911705016,308.9697201251984,255.9158831834793,85.11469987034798,0.927823543548584,316.19554471969604,262.19185626506805,76.33373725414276,0.9112553596496582,317.26929092407227,262.5137561559677,76.29813584685326,0.9149016737937928,318.43026542663574,262.8731777667999,76.26073011755943,0.8997926115989685,302.2790871858597,251.38558173179624,29.945119723677635,0.93075293302536,315.8012065887451,261.88932180404663,-10.71443834528327,0.9047021865844728,305.468404173851,267.3570520877838,87.16441613435745,0.9418072700500488,309.26529264450073,270.63562512397766,74.83049774169922,0.9289581775665284,249.18406021595,261.41320860385895,34.718405082821846,0.9919509887695312,299.40787410736084,284.78446114063263,-68.52445700764656,0.986864447593689,208.856441617012,252.5195437669754,120.96511006355286,0.5366092324256897,278.20549964904785,285.3995294570923,-175.0805554986,0.5939704775810242,220.74753153324127,254.07666635513303,248.3105096817017,0.5021988749504089,258.65492701530457,259.6595720052719,-294.0319516658783,0.6078658103942871,215.56484615802765,249.2186496257782,270.52783143520355,0.4944192171096802,251.00048863887787,253.42743504047397,-314.6706792116165,0.6188651323318481,219.96555519104004,250.02489638328552,257.1922233104706,0.5011011958122253,250.55542254447937,251.23115730285645,-303.5407156944275,0.6164492964744568,225.34295213222504,253.70707261562347,246.99406599998477,0.4930150508880615,252.63819217681885,253.8174114227295,-292.26757049560547,0.5971336364746094,210.5207249522209,365.1936604976654,58.21059027314186,0.9909670352935792,235.05082535743716,377.4517664909363,-58.16195765137672,0.9925418496131896,234.23920381069183,441.5693805217743,71.32116258144379,0.5987560749053955,236.0889766216278,452.5775046348572,-43.17256876826286,0.8705710768699646,239.8353182077408,515.9479854106903,94.59289389848708,0.6719070672988892,210.2767469882965,527.4034912586212,-52.03952769935131,0.8158029913902283,233.10207998752597,527.6745688915253,94.1829959154129,0.7086847424507141,196.3376675248146,534.5663588047028,-54.79835221171379,0.8225132822990417,272.690612077713,530.6293227672577,77.45647177100182,0.6680306792259216,226.45105159282684,559.1370396614075,-87.39693439006805,0.7695959806442261,24.954539380693667,26.552073849391785,64.05880098164192,78.09690843873084
tom_DTL_2_frame49.jpg,tom_DTL_2,FO,frame49,P10,1280.1940155029297,265.9789717197418,552.4638175964355,0.8543203473091125,1275.6492233276367,265.62652945518494,558.8299942016602,0.8557871580123901,1270.7611083984375,267.21187591552734,558.4041023254395,0.8725390434265137,1265.8612060546875,268.7725192308426,558.240852355957,0.8630495071411133,1281.8427658081057,265.29177367687225,579.1050910949707,0.8364044427871704,1279.7173690795898,266.47512674331665,579.1793632507324,0.8424678444862366,1276.753921508789,267.7542346715927,578.3461761474609,0.826688826084137,1243.9178466796875,282.1139073371887,539.7623634338379,0.8686566352844238,1256.4363098144531,278.2722222805023,632.0845413208008,0.8324805498123169,1246.442756652832,272.4749493598938,538.1567573547363,0.8767202496528625,1252.1241760253906,272.88429737091064,562.8741645812988,0.8575522899627686,1228.3166885375977,282.2492837905884,349.6658420562744,0.9919304251670836,1201.054801940918,306.3184511661529,557.9514312744141,0.9865853786468506,1161.2591171264648,319.4936764240265,240.3599452972412,0.5192118883132935,1026.6852951049805,381.0026729106903,497.89512634277344,0.5431260466575623,1093.3758544921875,321.6417074203491,202.3845148086548,0.5151585340499878,919.4689178466796,398.178391456604,463.9785861968994,0.5548417568206787,1060.136375427246,331.8485641479492,189.90148544311523,0.5122058391571045,943.780632019043,392.737101316452,499.7160530090332,0.5678747892379761,1088.6531066894531,310.3493928909302,220.40536880493164,0.5177656412124634,880.6216049194336,397.53791213035583,458.28929901123047,0.5655755400657654,1103.1026458740234,308.7659454345703,216.1867618560791,0.508284330368042,889.3132209777832,395.3312051296234,449.6972751617432,0.5496317148208618,969.6144104003906,450.3512728214264,40.54177165031433,0.9915532469749452,976.530990600586,461.3677167892456,-41.15688443183899,0.992803394794464,853.4061813354492,559.0676736831665,-114.56173181533812,0.5997023582458496,871.681079864502,570.408718585968,-132.1019983291626,0.8744034767150879,660.9627342224121,829.1509079933167,-404.406623840332,0.6630632877349854,687.3169326782227,824.953465461731,-402.7437973022461,0.7957531809806824,622.5607109069824,868.2445120811462,-436.9424629211426,0.7136169672012329,646.8942832946777,855.3552317619324,-425.9388828277588,0.8216290473937988,673.9386749267578,865.5394291877747,-514.0917205810547,0.6547703146934509,698.9812088012695,887.5615668296814,-453.7233066558838,0.74014812707901,41.44086822621775,57.87769421393303,82.54311391262767,85.16089797609516
rob_DTL_2_frame53.jpg,rob_DTL_2,FO,frame53,P10,1026.6826629638672,343.54578495025635,281.76587104797363,0.8687927722930908,1026.5378952026367,331.4473593235016,263.1510257720947,0.8701601624488831,1022.922019958496,328.6146569252014,263.199405670166,0.8852391839027405,1019.2033767700196,325.93403577804565,263.20301055908203,0.8766948580741882,1033.9243698120115,335.92350482940674,233.26616764068604,0.852716326713562,1035.3834915161133,336.2507128715515,233.2215642929077,0.8581836819648743,1036.406364440918,336.5539741516113,233.17720413208008,0.8439720869064331,1008.7405014038086,322.31537103652954,207.6933002471924,0.8817669749259949,1027.492446899414,335.8431673049927,70.13295650482178,0.8491755723953247,1013.2605743408204,344.43490505218506,270.89258193969727,0.8888216614723206,1020.7416915893556,350.0871777534485,229.51093196868896,0.8714659214019775,896.052360534668,340.7489061355591,250.4099464416504,0.9921621084213256,1006.1658096313477,386.20436668396,-78.4592342376709,0.9878703951835632,849.2849349975586,329.7170126438141,529.7946166992188,0.5160940885543823,949.4126129150392,363.6879408359528,-304.1364097595215,0.5277378559112549,874.4821929931641,327.5912868976593,856.5467262268066,0.4760982394218445,890.3991508483887,329.41075801849365,-510.72532653808594,0.5471599698066711,864.4840049743652,318.94190311431885,924.9231147766112,0.4754828214645386,871.6031455993652,316.64822816848755,-540.853443145752,0.5727943181991577,871.1789131164551,318.95867228508,905.7555198669434,0.4812493920326233,871.5048408508301,315.9339451789856,-527.446117401123,0.5717406272888184,874.6168899536133,322.2848582267761,859.0825080871582,0.473156601190567,876.3231468200684,320.8709371089936,-507.9156303405762,0.5504060983657837,816.130256652832,563.9018297195435,140.71343421936035,0.9923359751701356,893.3342170715332,577.3816680908203,-141.08792781829834,0.9934917092323304,845.3433609008789,726.790280342102,127.07772731781006,0.6261866092681885,910.7732963562012,743.049488067627,-69.96113061904907,0.8860568404197693,852.736759185791,897.4442410469055,114.79419708251952,0.6741639971733093,865.0851058959961,906.926064491272,-70.77270984649658,0.8151763081550598,834.4275283813477,922.1428155899048,110.92110872268675,0.7305477261543274,843.7803840637207,927.1833515167236,-68.72819423675537,0.8381456136703491,911.8406867980956,931.6586923599244,60.031256675720215,0.6280967593193054,927.3347854614258,952.0005655288696,-122.32958793640135,0.7575865983963013,22.43111472147831,9.904026062666114,71.48819335464405,74.67884778494637
tom_DTL_1_frame59.jpg,tom_DTL_1,FO,frame59,P10,493.9846040010452,306.5875487923622,178.42684096097946,0.8811420202255249,495.5933482646942,303.1409634947777,165.80077421665192,0.8826858401298523,493.7742097377777,301.945068359375,165.76643121242523,0.8962883949279785,491.8454858064652,300.72695606946945,165.7653037905693,0.8885411024093628,499.8832057714462,305.9186661243439,161.18004441261292,0.8667355179786682,501.0545103549957,306.6478662490845,161.1422324180603,0.8715492486953735,501.9224170446396,307.141148686409,161.02069634199142,0.8586274981498718,485.5227652788162,300.2406622171402,116.33650186657906,0.8929793238639832,498.10756838321686,306.6620166897774,85.25611773133278,0.8630301356315613,486.9088697433472,305.96810603141785,163.74758291244507,0.8988479971885681,491.3882728815079,308.8088599443436,156.230593085289,0.8828899264335632,443.1532806158066,308.8576645255089,76.9932082593441,0.9923120737075806,482.361300945282,322.4331352710724,47.29293590784073,0.9885033369064332,416.2150790691376,300.19064474105835,64.21945358812809,0.5365679860115051,452.56725311279297,300.2199467420578,15.673830583691595,0.5155788660049438,411.71864318847656,267.443001806736,41.77017755806446,0.5179539918899536,431.3191670179367,271.78788018226624,-4.372437092475593,0.5518007874488831,407.3947548866272,254.03392869234085,34.442581593990326,0.5155534148216248,424.43082761764526,258.6606414914131,-10.544441644102337,0.5778065323829651,411.00514125823975,253.5579925775528,31.021907798945904,0.5207706689834595,423.56781220436096,257.51360869407654,-6.919205283746123,0.5762731432914734,412.6921806335449,259.15442448854446,40.2320272475481,0.5097670555114746,424.145676612854,261.5942299962044,-3.4027925049886107,0.5546439290046692,417.7027555704117,384.6666194200516,33.65007124096155,0.9930157661437988,442.5751733779907,398.6442514657974,-33.86685495078564,0.9940658211708068,421.8971117734909,454.29063808918,32.74466693401337,0.6586472392082214,437.6371350288391,463.5609287023544,-27.283875592052937,0.8958578705787659,428.9519280195236,530.5691373348236,42.00269530713558,0.698927640914917,429.6790977716446,533.4153974056244,-6.547160407528281,0.8296158909797668,426.1775336265564,541.325243473053,43.86562116444111,0.7534953355789185,426.5571452379226,544.4328727722168,-2.6100902734324336,0.850204586982727,439.2291934490204,550.5056258440018,12.989058639854193,0.6433384418487549,442.23448383808136,558.5393797159195,-39.21676652133465,0.7561028599739075,19.098011891898565,29.33481941530382,37.14411165397751,69.7768137111995
tom_DTL_1_frame60.jpg,tom_DTL_1,FO,frame60,P10,487.937460064888,305.4300812482834,178.6051123738289,0.8928224444389343,489.83194506168365,300.8301483988762,167.68832123279572,0.8942699432373047,488.36078095436096,299.7164605855942,167.67890292406082,0.9064912796020508,486.8966588973999,298.7020568847656,167.6768388748169,0.8995357751846313,494.2355507612229,303.1329737901688,164.86737298965454,0.8798045516014099,495.6277606487274,303.46573054790497,164.84787726402283,0.8840556144714355,496.8428438901901,303.7038815021515,164.79620665311813,0.8724696040153503,481.7977981567383,297.3528749346733,115.3200703561306,0.9033315777778624,493.7621376514435,302.9506160020828,101.11628946661948,0.8762902617454529,481.1388981342316,303.8426135778427,162.28934079408646,0.908332884311676,485.3497667312622,305.4828518033028,158.03419053554535,0.8939216732978821,440.39498233795166,302.540715277195,69.04572106897831,0.9926862716674804,470.7760180234909,313.6995795369148,72.91371899843216,0.989476442337036,407.98375475406647,298.17681562900543,75.75555056333542,0.5553629994392395,446.1297436952591,300.01242619752884,112.95097544789314,0.5277602076530457,401.59560906887054,262.736276447773,73.67684483528137,0.5556746125221252,422.3765262365341,265.7497812509537,183.0773000121117,0.575529158115387,396.63412034511566,251.4370436668396,73.08610180020332,0.5522401928901672,418.8251473903656,253.71389770507807,192.98839616775516,0.5974645018577576,399.911865234375,250.3788987398148,67.56370335817337,0.5573760271072388,417.6085377931595,252.83399057388303,193.003902554512,0.5954784154891968,402.1268849372864,254.96689516305923,71.87390215694904,0.5442659854888916,417.7174640893936,256.8868115544319,185.4844150543213,0.5724443793296814,408.86414980888367,388.4135791063309,7.763743987306952,0.993639886379242,439.2616631984711,394.2958499193192,-8.05847048945725,0.9945989847183228,413.3808099031448,464.4277827739716,-7.534581944346428,0.677801787853241,435.2182774543762,463.2976342439652,-7.67546902410686,0.9006311297416687,425.5691767930985,531.0440145730972,-54.28090037405491,0.7198686003684998,428.57963597774506,532.8494182825089,-33.77948409318924,0.837069571018219,424.8316000699997,544.6687134504318,-57.451310366392136,0.774718165397644,427.04075717926025,543.1058887243271,-28.64708038419485,0.8558025360107422,437.1107157468796,557.5656753778458,-80.11287993192673,0.6653135418891907,438.6105684041977,559.5368028879166,-64.46796338260174,0.7542822957038879,20.168133948021595,10.952029830164545,7.255645539631814,27.497435213904417
tom_DTL_1_frame61.jpg,tom_DTL_1,FO,frame61,P10,481.2797391414642,301.06325525045395,331.6019994020462,0.90353262424469,482.0079149007797,297.4045096039772,325.51024425029755,0.9048357605934144,480.4714297056198,296.318756878376,325.5544738769531,0.915833294391632,478.940043926239,295.4143608212471,325.59023916721344,0.9095738530158995,486.1571742296219,299.870421230793,324.2746592760086,0.8918121457099915,487.3933836221695,300.45012724399567,324.2354943752289,0.8956344723701477,488.5750951766968,301.1070157289505,324.24447906017303,0.8852109313011169,473.4565762281418,294.8598945736885,271.70096611976624,0.9129816293716432,485.8918658494949,302.07326942682266,265.5401260256767,0.8886460661888123,475.7031637430191,300.4514556527138,311.6983551979065,0.9174742102622986,479.62933230400085,302.36174589395523,309.7450361251831,0.9045079350471495,440.69074845314026,304.11640053987503,170.91479444503784,0.9933568835258484,471.0123603343964,312.55776411294937,215.89009791612625,0.990513026714325,401.9849338531494,298.9071708917618,187.0322611927986,0.5861793756484985,438.3612867593765,289.1195132136345,218.89705342054367,0.5371927618980408,391.8179129362106,262.89524269104004,207.94080251455307,0.5915553569793701,408.83802831172943,259.74258226156235,233.1954510211945,0.6107664108276367,387.908222079277,253.44401895999908,205.63362908363345,0.5871695280075073,403.4765650033951,250.76819950342176,232.25530260801315,0.6301641464233398,391.453773021698,251.9639791250229,202.142940223217,0.5921643972396851,402.6325943470001,249.672647356987,231.1290255188942,0.6286081671714783,392.97284388542175,255.62574738264084,206.9569621682167,0.579553484916687,403.4193613529205,252.90027624368668,233.5549077987671,0.6060612201690674,411.1561117172241,389.2487823963165,-16.54967475682497,0.9942641854286194,441.2221977710724,393.6460462808609,16.38686528429389,0.9951279759407043,413.35219073295593,458.2035526037216,-26.05100727081299,0.7084116339683533,436.02190375328064,459.9384928941727,23.73076225072145,0.9090861678123474,425.7524435520172,530.0743917226791,-169.858573615551,0.7470291256904602,433.5127830505371,531.5346786975861,-105.89400842785837,0.8517308831214905,427.0991749763489,540.9007687568665,-186.7309273481369,0.7970360517501831,432.5734151601792,539.0211281776428,-120.7630809545517,0.8691290020942688,430.5206401348114,563.4755924940109,-219.038518846035,0.6968026161193848,436.80978083610535,561.6770811080933,-152.77790701389313,0.7747868895530701,15.55689892145377,8.320704006341662,56.012797124156975,47.60864113370127
tom_DTL_1_frame62.jpg,tom_DTL_1,FO,frame62,P10,479.462508559227,298.9648122787476,306.4732925891876,0.9131696224212646,479.3525068759918,294.6598439216614,297.12568187713623,0.9143449068069458,477.5930349826813,293.63974153995514,297.1600595712662,0.9242410063743592,475.8982944488525,292.7990513443947,297.1989469528198,0.9186084866523744,484.15712785720825,297.4026228785515,292.55400359630585,0.902620017528534,485.546007514,298.1701350808144,292.52136039733887,0.906055986881256,486.787628531456,298.9941335320473,292.53527104854584,0.8966781497001648,470.15385460853577,293.0725687742233,242.64635092020035,0.9216639995574952,484.2303235530853,300.3805879354477,222.66524416208267,0.8997665643692017,473.8952647447586,299.3070026636124,288.5487594008446,0.925696611404419,478.6132650375366,301.4837254881859,282.023189663887,0.914032816886902,435.6435409784317,303.3672742843628,172.5393746495247,0.9939154982566832,474.7232780456543,314.441293656826,170.72602933645248,0.9914354681968688,395.2462120056152,301.1827927827835,169.50829231739044,0.6194795370101929,440.50487995147705,292.28690165281296,175.20048916339874,0.5378484129905701,388.23080348968506,262.84258764982224,176.6193929314613,0.6242684721946716,409.99764239788055,264.85379844903946,190.14200288057327,0.6390460729598999,383.8496768474579,255.4082733988762,174.34075194597244,0.6184830665588379,402.12709307670593,256.0749805569649,187.98500204086304,0.6562453508377075,388.39249312877655,253.3155098557472,168.76245939731598,0.623420000076294,400.909165263176,252.855553150177,187.44789826869965,0.6552277207374573,390.38619124889374,256.5744622349739,174.46587842702866,0.6116237640380859,402.4465870857239,256.38575118780136,190.85144609212875,0.6324101090431213,410.05803751945496,393.445937871933,4.018442077562213,0.99481463432312,442.4525098800659,396.1260120868683,-4.152347001247108,0.9955962300300598,415.5936094522476,459.6793954372406,-5.997773157432675,0.7354751229286194,437.3527125120163,461.7498263120651,3.13841316383332,0.9175764322280884,426.3217395544052,532.2695389986038,-120.07184126973152,0.7709052562713623,433.94300723075867,535.1351283788681,-110.42332166433334,0.8656812906265259,426.35219728946686,542.9582620859146,-133.64384096860886,0.8169944882392883,431.99815249443054,544.1168655157089,-123.24521291255952,0.8815146088600159,431.7690603733063,558.2576415538788,-164.2356698513031,0.7223615646362305,439.8920134305954,559.37054002285,-158.79193943738937,0.7936561107635498,15.821130892431862,4.7294496141552305,2.6566853160830752,14.156319741436361
tom_DTL_1_frame63.jpg,tom_DTL_1,FO,frame63,P10,481.6887331008911,291.8826996088028,274.8239766955376,0.9218497276306152,481.4035474061966,287.29689794778824,263.2023040652275,0.9229077696800232,479.7425601482392,286.7383117079735,263.22238951921463,0.9318140149116516,478.10245621204376,286.24826365709305,263.3187580704689,0.9267446398735046,485.871537566185,288.94162195920944,265.7637718319893,0.9123543500900269,487.1939860582352,289.4547342658043,265.7188657522201,0.9154459834098816,488.4225636720657,289.9830366373062,265.6129227876663,0.9070068001747132,473.2499978542328,287.7722564935684,195.68501579761505,0.9294910430908204,487.0816601514816,291.35482078790665,187.13201200962067,0.9097862839698792,476.2911229133606,293.77951323986053,250.7864060997963,0.933117687702179,481.11582934856415,295.5512639284134,257.3245162367821,0.9226235151290894,436.866325378418,303.79040133953094,117.35493671894072,0.9944753050804138,476.95245122909546,312.7910442352295,153.2784823179245,0.9922775030136108,394.4903190135956,303.59751254320145,105.24594900012016,0.6564098000526428,438.7350010871887,292.2403880953789,169.5004177093506,0.5260457992553711,385.1535315513611,265.1126071214676,120.12105756998062,0.6587502360343933,407.0857025384903,266.11813551187515,186.6762734055519,0.6592673659324646,381.48979210853577,257.09552574157715,114.35888251662254,0.6519997119903564,399.34288144111633,257.3365837931633,187.9598692059517,0.6751458644866943,386.6419365406037,255.062020778656,113.10303863883018,0.6565680503845215,398.9115124940872,254.220849275589,184.64670592546463,0.6750736832618713,388.4575020074845,258.9416288137436,120.01730874180794,0.6452012658119202,400.1766185760498,257.70089507102966,186.19349402189252,0.6519572138786316,412.4333939552307,393.54347002506256,-7.520463153719902,0.9953178763389589,444.0144574642181,397.2906222343445,7.30379543825984,0.9960240721702576,415.923996090889,459.6214075088501,13.218950796872376,0.7609960436820984,438.2234637737274,461.7817851305008,38.701547741889954,0.9251217842102052,423.2842569351196,529.1296813488007,-130.5288350880146,0.7932760119438171,435.995470046997,533.7954763174057,-106.53243273496628,0.8785581588745117,423.5143550634384,539.0161610841751,-146.642806828022,0.8351399302482605,435.1614207029343,542.1213260889053,-121.78187137842178,0.8929443955421448,426.20396733284,555.1552103757858,-172.83012807369232,0.7482251524925232,438.1669192314148,559.8767600059509,-152.91220897436142,0.8124342560768127,12.654892442746593,6.766615591787831,41.86539516585185,25.145520181593724
tom_DTL_1_frame64.jpg,tom_DTL_1,FO,frame64,P10,483.9034752845764,287.022822201252,240.853524684906,0.929663062095642,483.7986770868301,281.532585978508,225.48319172859192,0.930615484714508,482.1518779993057,280.9162235856056,225.49378949403763,0.9386310577392578,480.5103170871735,280.4059413671493,225.53909450769424,0.9340685606002808,488.3241137266159,283.5682664513588,231.71871918439865,0.9211166501045228,489.6514881849289,284.1777557730675,231.7000560164452,0.9238988757133484,490.8921031951904,284.7522636651993,231.7295597791672,0.9163039922714232,475.7043431997299,282.3229121565819,155.47464805841446,0.9365387558937072,489.5543564558029,286.82051903009415,170.87361752986908,0.9188055396080016,478.1613249778748,289.80649304389954,217.73988497257236,0.9398008584976196,482.7273488044739,291.7300481200218,225.4120600819588,0.9303575754165648,439.311026930809,303.1597922444344,82.45023357868195,0.9949976205825806,478.5552982091904,311.3985831141472,148.6757218837738,0.9930315017700196,394.212210059166,304.9135227799416,73.03653860092163,0.690078616142273,438.1539452075958,292.5139247775078,170.63455206155777,0.5080956220626831,384.938905119896,266.6064701080322,95.32270270586014,0.6912965774536133,404.7874270677567,266.1644565463066,186.71861243247983,0.6761351227760315,381.26899087429047,258.55429178476334,89.60582399368286,0.6842527389526367,397.5506969690323,257.81307822465897,188.9002084136009,0.6912743449211121,386.3142557144165,256.0351282954216,90.52462077140808,0.688383936882019,397.22658920288086,254.67406767606732,184.19575452804563,0.6920391321182251,388.10293650627136,259.90137523412704,96.50807404518127,0.6774612665176392,398.40063428878784,257.8211064338684,185.2125849723816,0.6686962246894836,413.5898859500885,392.5487806797028,-16.242404602468014,0.9957770109176636,445.0485634803772,395.86714565753937,16.011154118925333,0.9964114427566528,416.08474910259247,459.5275332927704,9.09725259616971,0.7843915820121765,438.8545424938202,460.6339629888535,49.31022316217423,0.9319213032722472,421.92219257354736,529.2904765605927,-123.96053606271744,0.8136193156242371,438.4675072431564,533.2470552921295,-98.17462903261185,0.8902230858802795,422.7914868593216,539.0257102251053,-138.30253887176514,0.8514895439147949,438.1435035467148,541.0788140296936,-102.7235854268074,0.9032025337219238,423.62661159038544,555.5815333127975,-166.3357619047165,0.7720668911933899,437.37515687942505,559.5017637014389,-142.524074614048,0.8296505212783813,11.85627476651579,6.021480402690006,59.34962820670813,45.71479165341009
grant_DTL_1_frame396.jpg,grant_DTL_1,FO,frame396,P10,687.4028134346008,252.33953654766083,560.1552557945251,0.9366871118545532,689.1523432731628,235.534445643425,517.2149777412415,0.937546730041504,685.6227707862854,231.51745676994324,517.2410809993744,0.9447615146636964,682.0865678787231,227.5420528650284,517.2269833087921,0.9406552910804749,697.6953506469727,243.04539263248444,504.4720494747162,0.9289977550506592,699.8138666152954,244.34426307678223,504.4216454029083,0.9315021634101868,701.7511081695557,245.58893144130707,504.4340693950653,0.9246661067008972,667.5847434997559,218.8429892063141,339.3267774581909,0.9428781867027284,693.9733672142029,242.90147066116333,280.6574356555939,0.9269121289253236,672.4584245681763,253.20841133594516,506.3721799850464,0.9457986950874328,680.0411796569824,261.7882722616196,486.8963491916657,0.9373000264167786,543.0322265625,226.2572157382965,218.07527661323547,0.9954567551612854,664.3649983406067,314.6301984786988,178.2180154323578,0.9937043786048888,474.9419903755188,255.8949065208435,463.9599215984345,0.719104528427124,595.1870512962341,343.0695855617523,317.16861963272095,0.4811996221542358,477.695449590683,224.41360473632807,864.8330640792847,0.6752646565437317,526.921945810318,262.87200808525085,559.4550704956055,0.622783899307251,460.5063414573669,203.9725971221924,916.7172646522522,0.6584664583206177,514.2724549770355,248.716961145401,599.809033870697,0.6417710781097412,475.57587146759033,202.35432386398315,915.1558327674866,0.6623234152793884,505.0907707214356,234.30836498737332,590.2302002906799,0.6430628299713135,480.5769789218903,208.94940376281735,874.890832901001,0.6524408459663391,505.7941424846649,237.9995942115784,564.9137735366821,0.6197869181632996,454.4451713562012,490.8137047290802,63.161154091358185,0.9961808323860168,544.2148232460022,510.89303255081177,-63.56044381856918,0.9967613816261292,483.1960594654083,686.6766858100891,105.82362234592438,0.8047161102294922,556.026885509491,699.9930810928345,17.822154387831688,0.9385993480682372,494.9899685382843,875.6601548194885,126.54321223497392,0.8294662833213806,533.1956112384796,900.0075101852417,-28.3629260212183,0.9008833765983582,482.536461353302,910.6889891624452,129.86934185028076,0.8641676902770996,508.5502088069916,929.0554475784302,-30.80199144780636,0.9123082756996156,515.3898417949677,901.1863088607788,100.39078921079636,0.7674555778503418,594.9963784217834,949.1751050949096,-68.22015702724457,0.8423506021499634,36.06780273032575,12.608165567150948,18.185115565510774,54.686221449901524
grant_DTL_1_frame398.jpg,grant_DTL_1,FO,frame398,P10,688.0043148994446,249.6811240911484,495.1684749126434,0.9429482221603394,690.5811023712158,233.63666474819183,448.2823884487152,0.9437430500984192,687.5689601898193,229.9235326051712,448.2800710201264,0.9502374529838562,684.5658946037292,226.3765794038773,448.30305218696594,0.9465453624725342,697.9694509506226,240.70923149585724,438.9678704738617,0.936038374900818,699.8834538459778,241.91360235214236,438.9071989059448,0.9382905960083008,701.7463445663452,243.1403911113739,438.8527715206146,0.9321393966674804,670.915789604187,218.8395130634308,271.1579740047455,0.9485390186309814,693.3970999717712,239.7135418653488,226.5871435403824,0.9341282248497008,673.1261658668518,249.7695887088776,441.7159223556519,0.9511117339134216,680.2314019203186,257.4707901477814,426.93021297454834,0.9434676766395568,542.8163194656372,223.3208727836609,158.23968887329102,0.9958645701408386,665.1821494102478,313.9798378944397,136.40674352645874,0.9943002462387084,470.3403174877167,256.18450462818146,320.5379033088684,0.7440381646156311,599.58984375,347.8400123119354,204.3047136068344,0.444477379322052,477.6755583286285,223.18124771118164,630.2707314491272,0.6652052998542786,538.5925161838531,264.0535908937454,383.959550857544,0.5666548013687134,461.49392008781433,204.0533530712128,667.0601034164429,0.6394244432449341,527.5753319263458,248.68916809558868,416.26962304115295,0.5863789916038513,475.57873606681824,201.8821156024933,672.8350067138672,0.6432000994682312,518.5635280609131,234.3386846780777,409.9035501480103,0.5874546766281128,480.6000566482544,208.5839259624481,641.0774803161621,0.6313284635543823,519.4171142578125,238.5811400413513,388.3045041561127,0.5665386915206909,456.0506021976471,488.4644758701325,63.40575948357582,0.9965347051620485,544.7972059249878,508.7615132331848,-63.78367334604263,0.997071087360382,482.97664403915405,682.3673629760742,115.20157992839812,0.8185655474662781,555.8682703971863,696.2483739852905,-4.3682171031832695,0.9442228674888612,495.0710141658783,870.7239675521851,141.76079213619232,0.8380734324455261,532.8641867637634,899.3094491958618,-34.045725613832474,0.90973299741745,482.6954627037048,902.1991539001464,144.83663141727448,0.8716599941253662,508.4845161437988,928.131115436554,-35.64393863081932,0.9193386435508728,516.3876235485077,905.3691387176514,117.25834608078004,0.7549320459365845,593.5037612915039,947.0923161506652,-72.59143888950348,0.8498281836509705,36.534179091374966,12.882424977210313,10.11646026188283,55.094538143745254
grant_DTL_1_frame405.jpg,grant_DTL_1,FO,frame405,P10,684.5711088180542,242.91836857795715,626.4341640472412,0.9486429691314696,685.3955984115601,226.7753380537033,580.8367609977722,0.9493618607521056,681.9370937347412,223.16990196704865,580.8437776565552,0.9552067518234252,678.4061050415039,219.5900058746338,580.8294868469238,0.9518846869468688,694.4853258132935,234.15094077587128,576.5721130371094,0.9424266815185548,696.9437313079834,235.61130702495572,576.5112805366516,0.9444530606269836,699.2818880081177,237.1121156215668,576.5364503860474,0.9389174580574036,664.6797180175781,213.3682733774185,376.4205372333527,0.9536784887313844,692.5471830368042,237.17734158039093,356.58544063568115,0.9407047033309937,670.4227566719055,245.5127459764481,561.264660358429,0.95598167181015,678.5542273521423,253.2216078042984,553.0324459075928,0.9491038918495178,542.3171067237854,223.3948051929474,201.0655277967453,0.9962336421012878,666.0398554801941,311.52671098709106,273.4761106967926,0.9948444962501526,469.7636318206787,253.24174046516416,385.1308178901672,0.7661085724830627,579.0550446510315,331.61208987236023,445.4397404193878,0.4139342606067657,458.5642397403717,206.90453052520752,752.1838903427124,0.6474800109863281,503.1713604927063,248.8038969039917,720.3133249282837,0.5237379670143127,444.7937250137329,182.04800069332123,797.5100255012512,0.6166314482688904,491.2067341804504,232.15684175491333,767.5980734825134,0.5472464561462402,457.39471077919006,181.2779384851456,799.5818710327148,0.6200964450836182,481.1375391483307,217.3897522687912,754.9661564826965,0.5489653944969177,461.033878326416,190.6211668252945,762.6087784767151,0.6098142862319946,481.28018975257874,222.20739662647247,724.1813063621521,0.5284310579299927,456.7601537704468,488.0033719539642,34.13426265120506,0.9968662858009338,545.5137419700623,507.4839985370636,-34.65620309114456,0.9973546862602234,482.4307930469513,681.1196208000183,58.24684962630272,0.8349002599716187,556.1504817008972,692.4383926391602,66.88110172748566,0.9493577480316162,495.8517622947693,870.9100699424744,-14.380707554519176,0.8506779670715332,534.949164390564,897.7283835411072,-33.783240616321564,0.9179158210754396,485.3275787830353,901.5921807289124,-20.79501092433929,0.882312536239624,515.3107273578644,922.9246258735656,-38.15158948302269,0.9263420104980468,515.6914615631104,907.5131464004515,-59.92384314537048,0.754362940788269,594.6452879905701,947.6662015914916,-79.39294695854187,0.8575392365455627,35.463558617648076,12.379606214797702,30.338940892339963,37.778279517946004
grant_DTL_1_frame433.jpg,grant_DTL_1,FO,frame433,P10,662.4511241912842,223.510901927948,592.921314239502,0.9537699818611144,665.350935459137,210.3130656480789,547.5350546836853,0.9544198513031006,662.2961783409119,207.1928733587265,547.4911522865295,0.9596789479255676,659.1195631027222,204.0694624185562,547.3636293411255,0.9566903710365297,674.4969892501831,217.05610692501068,558.8887166976929,0.948176085948944,677.7160906791687,218.8168215751648,558.6883234977722,0.9499974846839904,681.2703824043274,220.766841173172,558.4789824485779,0.9450175166130066,648.4210252761841,199.8808550834656,344.4036197662353,0.9583013653755188,680.0489687919617,223.6077511310577,336.5375590324402,0.9466244578361512,650.4036498069763,226.7835295200348,525.2269399166107,0.9603677988052368,660.1183104515076,235.1090043783188,534.5960140228271,0.95418381690979,538.0057239532471,224.23455119133,108.78859519958496,0.9965727925300598,660.9134459495544,287.5320875644684,311.88172817230225,0.9953297972679138,432.0762240886688,237.11821496486664,147.1862143278122,0.7888175845146179,551.6325259208679,263.1897211074829,418.5059094429016,0.4034943580627441,410.28138756752014,154.06278133392334,314.51722383499146,0.6765144467353821,458.83431673049927,185.96612870693207,570.3408050537109,0.5287793278694153,400.3949153423309,130.90014696121216,306.57941937446594,0.6447294354438782,443.0331873893738,165.78993558883667,591.4267659187317,0.5534830093383789,414.768283367157,128.0469498038292,320.66439628601074,0.6479150652885437,440.0198221206665,156.75128817558289,573.3873224258423,0.5567400455474854,417.9504024982453,135.26848375797272,322.35994935035706,0.6373984813690186,445.3768157958984,167.8332155942917,562.3453545570374,0.5347699522972107,462.4225330352783,484.0354514122009,-49.72256675362587,0.9971493482589722,550.6805777549744,498.4084331989288,49.28691431879997,0.997589945793152,482.3522901535034,680.1290488243103,-59.149653017520905,0.8497846722602844,559.6360874176025,687.6831579208374,120.01509636640549,0.950812041759491,510.5602562427521,877.4597668647766,-140.6697016954422,0.862427294254303,553.9496326446533,894.0463757514954,40.186368227005005,0.9204826354980468,504.5124757289887,905.3635382652284,-144.6832948923111,0.8923129439353943,549.7322988510132,916.7634201049804,36.24351695179939,0.9289274215698242,518.1240856647491,925.5204033851624,-177.4753761291504,0.7647936940193176,593.367805480957,961.574056148529,-3.0011092498898506,0.8538673520088196,27.248489365865833,9.249523451035634,58.818549797249716,48.285868360203665
grant_DTL_1_frame451.jpg,grant_DTL_1,FO,frame451,P10,650.7587957382202,205.9938937425613,523.9971899986267,0.9583690762519836,655.1101541519165,194.95295584201813,475.4385316371918,0.9589636921882628,652.2916460037231,192.7170878648758,475.4184150695801,0.9636943340301514,649.2417168617249,190.3990638256073,475.3164803981781,0.961007595062256,663.9627957344055,200.4483515024185,491.8056285381317,0.95333731174469,667.2733068466187,202.2814214229584,491.7681312561035,0.9549698233604432,670.9309816360474,204.4704419374466,491.790372133255,0.9504931569099426,638.6528062820435,189.4796884059906,280.529043674469,0.962451994419098,672.2391057014465,211.84937596321103,323.49764585494995,0.9519359469413756,639.0913152694702,211.5123188495636,461.7002356052399,0.964290201663971,649.5616507530212,218.17659974098208,480.05674839019775,0.9587415456771852,532.55162358284,224.61357951164248,38.460684567689896,0.9968671202659608,656.3649773597717,279.3854892253876,330.721070766449,0.9957279562950134,413.6762595176697,230.2467978000641,71.67702823877335,0.8095076680183411,543.4525179862976,243.86540830135343,429.4166851043701,0.3868478238582611,399.24205899238586,140.6391727924347,267.9902905225754,0.7040055394172668,452.7961921691895,175.69666922092438,506.1367678642273,0.5261694192886353,392.5711476802826,116.88994735479356,255.4812455177307,0.671314537525177,436.7413365840912,139.63459968566897,525.9115147590637,0.5519812107086182,407.0059275627136,113.52116256952286,271.2897777557373,0.6742435693740845,439.1951394081116,135.0827032327652,505.3317189216614,0.5573474764823914,409.7729694843292,121.41603022813796,277.2379732131958,0.6634830832481384,440.4720747470856,146.28341495990753,497.89254784584045,0.5355201363563538,464.7928762435913,480.3357410430908,-95.57217925786972,0.997389793395996,554.6093916893005,492.6238417625427,95.3407582640648,0.9977797269821168,482.4675178527832,677.9542708396912,-128.2076409459114,0.8635635375976562,562.7376437187195,683.0096125602722,135.53727328777313,0.948000967502594,513.5200953483582,882.2071480751038,-146.4260172843933,0.8723335862159729,575.8813905715942,892.1818113327026,127.84077107906342,0.9155543446540833,518.0288779735565,910.3000473976136,-143.94691586494446,0.9005568623542786,577.4302053451538,914.260597229004,131.06422573328018,0.9270992875099182,517.9372107982635,922.3243474960328,-172.5812727212906,0.7695333957672119,591.823239326477,960.0804734230042,99.71710950136185,0.836898922920227,23.86339177500632,7.790462276701915,67.04051392543323,64.8049865366728
grant_DTL_1_frame467.jpg,grant_DTL_1,FO,frame467,P10,644.8126602172852,201.11227869987488,421.46066308021545,0.9625054597854614,651.2609052658081,190.58375000953677,376.96709632873535,0.9630468487739564,649.2960476875305,189.17388439178467,376.9621074199677,0.967300534248352,647.0622396469116,187.7248477935791,376.9038820266724,0.9648860096931458,657.5643110275269,193.5192561149597,386.7629635334015,0.9579786658287048,659.9301481246948,194.4212508201599,386.76164388656616,0.9594411849975586,662.4481630325317,195.7971113920212,386.8288815021515,0.955418348312378,637.2633790969849,186.8245267868042,212.72478461265564,0.9661784172058104,664.2166829109192,203.25210213661197,254.87250208854675,0.9567095637321472,634.5687890052795,208.14569056034088,372.62240052223206,0.9678030610084534,642.5350785255432,211.71754002571103,382.9084038734436,0.9628393054008484,530.0740993022919,225.78859627246857,-10.314449183642864,0.9970954060554504,650.5063247680664,271.30268454551697,285.25766015052795,0.996108055114746,405.086807012558,230.69388449192047,13.41146819293499,0.8282142281532288,539.25616979599,231.0217362642288,399.7015857696533,0.3878035247325897,389.6030044555664,133.8418409228325,189.02437806129456,0.7295634746551514,452.74675369262695,149.29752051830292,425.3240740299225,0.5391576886177063,388.79682898521423,111.29163533449172,171.86652302742004,0.696559488773346,435.1360988616944,118.8858488202095,445.5195307731629,0.5628394484519958,403.76078724861145,109.53337490558624,189.92178618907928,0.69919353723526,437.4610912799835,115.16734957695007,425.5819845199585,0.5695863962173462,404.9067556858063,117.97707080841064,198.35915744304657,0.688284158706665,438.6190330982208,125.23558706045152,418.3940613269806,0.5468207001686096,465.6554746627808,478.67202043533325,-85.40070354938507,0.997525990009308,557.1682834625244,490.4227674007416,85.05574464797974,0.9979169964790344,483.4423506259918,675.9674620628357,-102.59206473827362,0.8752763271331787,565.8393287658691,682.5070524215698,125.07360845804214,0.9468106627464294,513.6028468608856,881.8308877944946,-75.50575822591782,0.8787074685096741,579.4562816619873,892.4715542793274,149.8683804273605,0.9119504690170288,517.3637115955353,910.2961206436156,-67.50485211610794,0.9065064191818236,580.8542060852051,915.2856731414796,157.25445985794067,0.9264125823974608,517.8876435756683,911.375334262848,-85.2194532752037,0.7610574960708618,592.1572709083557,959.1485452651978,130.3944405913353,0.8143168687820435,20.702723637087686,7.317053439148081,67.83133354958079,61.770020862482625
grant_DTL_1_frame477.jpg,grant_DTL_1,FO,frame477,P10,642.4065256118774,196.97108209133148,436.6620934009552,0.9662426710128784,648.3685612678528,185.4774248600006,384.98836040496826,0.9667325615882874,646.1829042434692,183.95962178707123,384.9994969367981,0.9705603718757628,643.63276720047,182.4613881111145,384.9762260913849,0.9683877229690552,655.5559372901917,189.11694645881653,398.6113965511322,0.9621681571006776,658.4274244308472,190.57103633880612,398.6133277416229,0.9634827971458436,661.6541862487793,192.76597917079928,398.67721796035767,0.9598636031150818,634.486391544342,182.106129527092,193.53599309921265,0.96954745054245,664.4897532463074,201.2141972780228,254.3514186143875,0.9610246419906616,632.2059774398804,203.79394590854645,378.786438703537,0.9709956049919128,641.2988591194153,208.4548419713974,393.9907658100128,0.9665400385856628,528.4815108776093,225.8727478981018,-22.581899240612984,0.9973260164260864,650.8696460723877,272.4453699588776,274.0418529510498,0.9964444637298584,403.1027019023895,232.7471101284027,-8.634641356766224,0.8451928496360779,538.0070757865906,237.13442087173465,390.4809880256653,0.3821465075016022,389.53885674476624,129.77163970470428,143.29874396324158,0.7549811601638794,456.25234723091125,151.831596493721,467.17657685279846,0.545420229434967,393.252182006836,104.06303644180298,123.53465884923936,0.7234910726547241,435.974235534668,121.07483714818954,492.1114003658295,0.5673226118087769,407.1322596073151,106.08998984098434,143.11285078525543,0.7258504033088684,438.1442177295685,116.38160973787308,472.07603931427,0.5754596590995789,406.66719675064087,116.44648164510728,152.8786075115204,0.7152053713798523,437.8681862354279,127.86239236593246,461.4348900318146,0.5529200434684753,465.3910303115845,479.213365316391,-80.44177651405334,0.9976943135261536,557.8175497055054,491.0750269889832,80.11886537075043,0.99806410074234,483.5354661941528,676.110692024231,-79.50121432542801,0.8864495754241943,566.2212538719177,681.3404202461243,133.96543711423874,0.9486709237098694,513.724672794342,881.83185338974,-54.25631403923035,0.8869110345840454,579.2869806289673,892.2627282142639,154.0500032901764,0.9142414331436156,514.9083960056305,912.4672293663024,-45.89359939098358,0.913133144378662,578.756353855133,915.6602597236632,160.71077585220337,0.9287928342819214,517.8508222103119,911.3847970962524,-63.70247885584831,0.7600051760673523,593.2870817184448,958.85178565979,127.44441032409668,0.8049293756484985,20.833429794243205,7.313143803071325,67.5787623199123,60.07317486587095
grant_DTL_1_frame503.jpg,grant_DTL_1,FO,frame503,P10,642.1827006340027,188.3512616157532,418.78673672676086,0.9695985913276672,649.035336971283,179.45330142974854,371.5547096729279,0.9700445532798768,647.6913571357727,179.32601988315582,371.5455365180969,0.9734877347946168,646.0122513771057,179.30273294448853,371.506108045578,0.9715344905853271,653.6333084106445,180.4010653495789,382.0669198036194,0.965932071208954,655.4416751861572,181.3787305355072,382.0768654346466,0.9671112895011902,657.5482821464539,183.2473987340927,382.1140086650848,0.963858127593994,638.1012582778931,184.2633819580078,198.9520812034607,0.9725710153579712,661.3305187225342,196.5109920501709,245.3039520978928,0.96490079164505,633.9604640007019,197.69365310668945,366.9448935985565,0.97385573387146,640.6221055984497,199.00869727134705,378.6481010913849,0.9698613286018372,529.1832411289215,226.39849841594696,7.884551379829645,0.9975060820579528,648.2718086242676,270.9960114955902,264.3954437971115,0.9967274069786072,402.4522769451141,231.53134524822235,10.448465757071972,0.8602737784385681,534.6912860870361,226.87308847904205,352.0303416252136,0.3798905611038208,389.9625599384308,118.23810338974,106.8140897154808,0.7780919671058655,449.8360311985016,142.9695725440979,382.53230452537537,0.5605888366699219,390.754508972168,94.59404736757278,79.91030484437943,0.7483752965927124,440.6138241291046,114.78774189949036,394.8017692565918,0.5792220234870911,405.6653594970703,95.81931531429292,99.41552191972733,0.7504631280899048,441.83172941207886,110.91761201620102,371.6717398166657,0.5876932144165039,406.2178087234497,105.54840356111526,114.7887235879898,0.740045428276062,440.696382522583,118.66570115089417,373.51847290992737,0.5645759105682373,465.4816997051239,480.2381837368012,-66.77863195538521,0.997801661491394,558.5004186630249,492.2905826568604,66.52403265237808,0.9981276392936708,483.9648020267487,680.646607875824,-85.78033536672592,0.8939092755317688,565.9449005126953,682.1577000617981,111.0450866818428,0.9451051950454712,514.5429825782776,887.75545835495,-70.44241815805435,0.889255166053772,577.2200918197632,891.3598966598511,112.96471416950226,0.9063957333564758,515.6435036659241,917.8943252563477,-65.51254346966743,0.9158989191055298,572.2748923301697,916.134431362152,116.93353593349455,0.9236671924591064,517.8211140632629,915.8299469947816,-101.8619218468666,0.7523679137229919,590.7444763183594,954.5148468017578,73.90962928533554,0.7849167585372925,20.530437600813272,7.382660953120565,65.09629246398617,55.09263049159779
rob_DTL_1_frame951.jpg,rob_DTL_1,FO,frame951,P10,900.7707595825196,471.5757966041565,227.7304315567017,0.9726161956787108,906.1799240112304,460.3128361701965,207.0710277557373,0.9730256199836732,904.9978637695312,458.6663353443146,207.0722723007202,0.9761258959770204,903.9412307739258,457.1274662017822,207.09742069244385,0.9743672609329224,909.4900131225586,463.2182478904724,182.7685832977295,0.9693236351013184,910.3360748291016,463.6059665679932,182.7110910415649,0.9703866839408876,911.2520599365234,464.0770483016968,182.6792907714844,0.9674558639526368,895.8784103393555,450.7428860664368,149.66096878051758,0.9753034710884094,905.1906967163086,459.8931884765625,35.13022184371948,0.9683921933174132,891.6088485717773,473.1491374969482,215.6149864196777,0.9764381647109984,894.5076370239258,476.8219077587128,181.3101053237915,0.9728429913520812,808.5759544372559,446.3628816604614,166.17785453796387,0.997712790966034,892.1071243286133,506.9659245014191,-62.12517499923706,0.997044801712036,802.0628929138184,454.6670651435852,294.2033672332764,0.7940281629562378,885.4824829101562,491.0855197906494,-210.2258062362671,0.3843264281749725,841.7334365844727,479.4770050048828,386.4676380157471,0.7091129422187805,848.126220703125,464.4341254234314,-299.9755954742432,0.5343737006187439,846.5253067016602,482.1852421760559,406.3182163238525,0.6866214871406555,841.6389083862305,462.3553276062012,-320.6055736541748,0.564643144607544,850.5994033813477,484.20021414756775,386.8532180786133,0.6893952488899231,835.6646919250488,458.975293636322,-314.86865043640137,0.572715699672699,850.9228134155273,486.1117386817932,381.4002513885498,0.6799469590187073,834.6455955505371,460.28618574142456,-297.7647113800049,0.546332597732544,733.7060165405273,628.0371809005737,108.79863023757936,0.9980064630508424,788.0820465087891,643.1649041175842,-109.09365892410278,0.998310089111328,758.4344100952148,764.172785282135,137.21348762512207,0.8950295448303223,804.3402099609375,775.6821012496948,-101.68502569198608,0.9504629373550416,764.2618560791016,904.503321647644,159.141583442688,0.8870041370391846,775.7965850830078,913.994607925415,-150.3856658935547,0.91542786359787,746.8635177612305,926.3440561294556,159.05721187591553,0.915025532245636,757.0400047302246,934.8732233047484,-157.2532081604004,0.9306815266609192,798.8885307312012,927.9620718955994,114.90014791488647,0.7235190272331238,819.9935531616211,947.8364038467408,-221.24037265777588,0.8008362650871277,35.961415076716925,15.546872006011927,69.90351354893923,75.98777572996346
rob_DTL_1_frame953.jpg,rob_DTL_1,FO,frame953,P10,902.9084014892578,470.1331329345703,364.9538040161133,0.9753486514091492,906.924877166748,458.3128309249878,343.2602405548096,0.9757192730903624,905.6063461303712,456.4937460422516,343.2860469818115,0.9785096645355223,904.332218170166,454.6263813972473,343.26722145080566,0.9769271612167358,910.404109954834,461.2224268913269,322.906494140625,0.972387194633484,911.3654708862304,461.535279750824,322.8483295440674,0.973344385623932,912.3144149780272,461.8970561027527,322.8842353820801,0.9707062244415284,895.9426689147949,448.1321096420288,257.81556129455566,0.9777700304985046,905.614128112793,458.5991621017456,162.74548530578613,0.9715452194213868,894.2044258117676,472.7099525928497,341.2948608398437,0.9787774085998536,897.5000381469727,476.4196085929871,312.1853256225586,0.975535213947296,808.3999443054199,444.8788905143738,246.7360496520996,0.9978855848312378,892.5314140319824,503.01615715026855,37.326064109802246,0.9973284602165222,786.2005805969238,442.05867648124695,459.4176578521729,0.7946764826774597,870.842399597168,496.8065750598908,-48.85332584381104,0.3848865926265716,797.3607444763184,445.6657540798187,737.6223564147949,0.6596766710281372,830.3342056274414,464.50345516204834,-64.9282693862915,0.5043240189552307,792.5339126586914,443.78689885139465,789.9013710021973,0.6405999064445496,820.4733467102051,462.1782374382019,-64.26462650299072,0.5426660180091858,795.2031326293945,441.83053851127625,779.8437881469727,0.6431573629379272,814.2922210693359,457.2483909130096,-54.50449347496033,0.5506625771522522,796.0097122192383,443.9788269996643,741.6571998596191,0.6344076991081238,816.006031036377,458.3491051197052,-58.5242772102356,0.521527886390686,735.2480506896973,627.1688532829285,108.79729986190796,0.998194456100464,789.118766784668,641.3491344451904,-109.09194231033324,0.9984751343727112,758.375129699707,761.4075779914856,138.10132026672363,0.9032745361328124,805.0955200195312,775.2557587623596,-109.45026397705078,0.9553750157356262,764.01123046875,900.1852440834045,142.1606683731079,0.8931784629821777,777.2069549560547,914.081575870514,-193.73717308044436,0.923772156238556,747.8528022766113,922.2890067100524,141.05100631713867,0.9198077321052552,759.1928100585938,934.7179555892944,-199.84069347381592,0.937394082546234,789.3326568603516,922.10914850235,106.11007690429688,0.7070702314376831,821.9003105163574,949.8631238937378,-248.402795791626,0.8182848691940308,34.64558899939039,14.747319660456439,68.11196763527596,76.11274168016962
rob_DTL_1_frame955.jpg,rob_DTL_1,FO,frame955,P10,903.505153656006,468.83031964302063,321.01415634155273,0.97780179977417,907.144660949707,456.7865788936615,300.0487232208252,0.9781386256217957,905.7610702514648,454.9057602882385,300.0601100921631,0.9806499481201172,904.4014549255372,452.907782793045,300.06136894226074,0.9792256951332092,910.7292366027832,459.64393615722656,280.76085090637207,0.9751389622688292,911.7466163635254,459.9019432067871,280.7084083557129,0.976000964641571,912.718334197998,460.1976084709168,280.724458694458,0.9736253023147584,895.9368896484375,446.27893924713135,222.1639108657837,0.979983389377594,905.786075592041,457.12090015411377,132.59416580200195,0.9743716716766356,894.8381996154785,472.0146918296814,300.28369903564453,0.980865478515625,898.3213233947754,475.8932948112488,272.69185066223145,0.9779370427131652,807.6187705993652,443.0898678302765,214.84458446502688,0.998037040233612,893.8631629943848,498.8993740081787,25.436877608299252,0.9975729584693908,773.8649368286133,438.5136866569519,414.8610305786133,0.8080410361289978,867.2636604309082,508.486350774765,-1.8742023780941963,0.3752371966838836,778.5495185852051,438.7920677661896,685.6194305419922,0.635748565196991,828.6019706726074,469.8666930198669,64.71333503723145,0.4704609811306,771.4533233642578,432.8031241893768,734.7478294372559,0.6150922179222107,819.4233512878418,464.783992767334,76.79253101348877,0.5136843323707581,778.8846588134766,432.6088786125183,725.0285911560059,0.61777663230896,813.7465667724609,458.5803973674774,82.33832359313965,0.5215479731559753,779.6309280395508,435.6578421592712,689.7084617614746,0.6080285906791687,815.3204154968262,459.8451340198517,71.99493885040283,0.4918451011180877,736.3808441162109,625.7626247406006,101.74793243408205,0.998354434967041,790.5988311767578,638.5059070587158,-102.17283725738524,0.9986180067062378,757.4173736572266,759.0878963470459,132.52161026000977,0.9111735224723816,805.4736328125,773.9415192604065,-79.67205762863159,0.9597554206848145,764.0283966064453,900.140118598938,117.91518688201904,0.8999636173248291,778.5224533081055,913.6809182167052,-145.08068561553955,0.9311659932136536,749.8381233215332,921.4389610290528,116.58637762069702,0.9252969622612,763.0195999145508,932.1514678001404,-147.63944149017334,0.9432587623596193,780.7640647888184,922.570252418518,90.1338028907776,0.6991409659385681,821.8612861633301,951.1755609512328,-181.044602394104,0.8322332501411438,32.907261678954086,13.226609537216634,65.51845613045529,75.11079395880878
rob_DTL_1_frame957.jpg,rob_DTL_1,FO,frame957,P10,903.4543418884276,461.211451292038,308.3902359008789,0.9800132513046264,907.0087623596193,449.6233749389648,285.3793430328369,0.9803189039230348,905.5138778686523,447.6264274120331,285.3996562957764,0.9825782775878906,904.017276763916,445.6234610080719,285.4369926452637,0.981296956539154,910.7389068603516,452.6176536083221,274.7006320953369,0.9776188731193542,911.8275260925292,452.8005051612854,274.6398639678955,0.978394091129303,912.883644104004,453.0011236667633,274.63900566101074,0.9762563705444336,895.6847763061523,439.8736953735352,202.10289001464844,0.9819732308387756,906.0397338867188,450.6395351886749,146.3051462173462,0.9769226908683776,894.7986602783203,463.9578938484192,283.1417655944824,0.9827533960342408,898.245849609375,467.9213082790375,266.34541511535645,0.9801206588745116,807.7339553833008,440.2814340591431,153.22360038757324,0.9982054233551024,895.0952339172363,492.7495622634888,77.70612001419067,0.9978025555610656,764.3936347961426,440.7655513286591,348.77223014831543,0.8243904113769531,847.3723983764648,518.8006138801575,207.7854824066162,0.3548456132411957,766.8834686279297,419.9750304222107,604.0587615966797,0.6553381681442261,808.2910537719727,470.4137349128723,468.64794731140137,0.430911511182785,762.3096656799316,404.7597599029541,647.0108985900879,0.6322091817855835,802.0242118835449,462.6414978504181,510.69162368774414,0.4731833338737488,766.5030097961426,403.4441685676575,645.0500106811523,0.6348724365234375,796.3796997070312,455.1075053215027,503.0407905578613,0.4804084897041321,769.7212600708008,411.0429203510285,611.4375686645508,0.6211488246917725,797.0024871826172,458.2330083847046,475.18080711364746,0.4534750282764435,740.0823783874512,624.3742275238037,69.9626898765564,0.9985108971595764,795.8912086486816,636.3964676856995,-70.51938772201538,0.9987515807151794,755.7865333557129,757.3065662384033,114.52869415283205,0.9180448055267334,805.9148025512695,771.5684080123901,-34.80287432670593,0.963679313659668,763.9980125427246,899.6195983886719,84.65860605239868,0.9073306322097778,782.6540565490723,911.6305088996888,-94.9177622795105,0.9377737641334534,750.3763389587402,919.4477105140686,83.65231990814209,0.9312627911567688,771.0869407653809,928.2991290092468,-97.50390529632568,0.948440432548523,782.1957206726074,916.7321348190308,70.86819648742676,0.7064734101295471,821.8956184387207,951.0826063156128,-117.34022855758668,0.8448073863983154,30.98851856326524,12.156782989034028,40.84103296595002,68.33373071650037
rob_DTL_1_frame959.jpg,rob_DTL_1,FO,frame959,P10,899.9509048461914,454.0187644958496,332.43547439575195,0.9819968938827516,903.05419921875,443.7881863117218,304.0660285949707,0.982276737689972,901.351490020752,441.91956639289856,304.08196449279785,0.9843097925186156,899.699535369873,440.0337266921997,304.1243076324463,0.9831568002700806,907.9351043701172,446.597843170166,299.12129402160645,0.9798449277877808,909.5485496520996,446.831967830658,299.0610980987549,0.9805421829223632,911.089096069336,447.1912658214569,299.0580081939697,0.9786182045936584,892.5325584411621,434.3881487846375,195.67502975463867,0.9837585687637328,905.2157592773438,445.710107088089,166.3476848602295,0.9792133569717408,891.4555549621582,456.8179929256439,298.4304714202881,0.984441101551056,896.1902618408203,460.397744178772,289.810094833374,0.9820747971534728,808.3689308166504,438.2731890678406,125.60558795928956,0.9983539581298828,896.2447929382324,487.668696641922,110.64127922058104,0.9980010390281676,760.7457160949707,440.5979883670807,281.25097274780273,0.8401484489440918,835.0542068481445,515.0443196296692,258.0081081390381,0.3304607272148132,753.1518745422363,408.2025897502899,567.6776504516602,0.6782116293907166,789.2511177062988,450.0107395648956,514.7850608825684,0.3969844579696655,747.7581596374512,392.0319592952728,594.7944259643555,0.6537096500396729,783.054370880127,434.4414496421814,557.992057800293,0.4388591349124908,753.1598854064941,390.6510293483734,572.9525184631348,0.6564640402793884,776.5558433532715,426.6400194168091,552.2099876403809,0.4457169473171234,754.6758270263672,397.1060335636139,553.8949012756348,0.6398137807846069,777.0654487609863,431.7537796497345,521.4763641357422,0.4208709597587585,744.4359970092773,623.3320927619934,46.04444146156311,0.9986494779586792,800.1675796508789,635.4832720756531,-46.65899991989136,0.99886816740036,754.995174407959,755.9627795219421,68.77091646194458,0.925100564956665,805.9293937683105,770.7358717918396,4.34641107916832,0.9670644402503968,763.967399597168,896.9214677810669,32.81667709350586,0.9147223234176636,784.5441627502441,908.5531568527222,-8.467653393745422,0.9434440732002258,751.4309692382812,916.961109638214,32.35898852348328,0.937311589717865,773.5638999938965,924.233136177063,-6.037914901971817,0.9527468681335448,768.9309883117676,921.1028695106506,16.248952746391296,0.7151862978935242,820.6960487365723,949.329149723053,-28.91709566116333,0.8522414565086365,29.340581345763546,12.29973421221598,9.664148101090012,58.98649883548252
rob_DTL_1_frame961.jpg,rob_DTL_1,FO,frame961,P10,897.3145294189453,447.3568332195282,306.8174743652344,0.9837762117385864,900.5283164978027,437.8729176521301,268.0210304260254,0.9840355515480042,898.7798309326172,436.3512361049652,268.0440902709961,0.9858633279800416,897.1503639221191,434.85591530799866,268.1374454498291,0.9848254919052124,905.8906745910645,439.82805490493774,288.2552146911621,0.9818437099456788,907.6973533630372,439.8186242580414,288.1918430328369,0.9824700951576232,909.4604873657228,440.066556930542,288.23278427124023,0.9807391166687012,890.2884292602539,429.49750542640686,147.3213243484497,0.9853517413139344,903.786678314209,439.5345139503479,132.2140645980835,0.9812727570533752,888.5797119140625,450.9973204135895,260.9083843231201,0.985950231552124,894.1716384887695,453.2143914699554,278.8816165924072,0.9838299751281738,810.380802154541,436.1490726470947,78.7856125831604,0.9984745979309082,895.6954193115234,482.4192702770233,88.54523420333862,0.998171865940094,757.5758171081543,439.0314710140228,184.44222450256348,0.8535324931144714,827.2744560241699,499.5794427394867,227.0268201828003,0.3110086321830749,748.154239654541,394.0055394172669,335.9659767150879,0.7005080580711365,774.1926383972168,428.4421098232269,454.16330337524414,0.3752256631851196,740.643367767334,374.9650311470032,357.89076805114746,0.6758248209953308,766.9126510620117,410.4634022712708,491.7490768432617,0.418464720249176,747.5664138793945,372.3802936077118,355.7187080383301,0.6786662936210632,763.1661415100098,396.8968534469605,483.85631561279297,0.4255804717540741,750.0195693969727,381.6999936103821,340.376501083374,0.6597286462783813,760.133171081543,408.50504636764526,459.00790214538574,0.4016125798225403,749.3148422241211,623.1013798713684,30.463539361953732,0.9987727403640748,800.240535736084,635.3015470504761,-31.17640972137451,0.9989707469940186,754.9858474731445,756.3662695884705,41.939449310302734,0.9311763048171996,805.162410736084,770.3381109237671,22.940704822540283,0.9696831703186036,766.9858932495117,897.2377324104309,-5.156571418046951,0.921599268913269,785.5904388427734,905.5144929885864,17.445722222328186,0.9479207992553712,756.6350555419922,917.4301314353944,-6.412848383188248,0.9429272413253784,776.2451934814453,919.2863273620604,20.13676464557648,0.956007957458496,780.5391883850098,927.9083847999572,-28.67844521999359,0.7292981147766113,818.8253402709961,946.4778757095336,-5.1726508140563965,0.8558859825134277,28.473094594432034,13.47232794172552,6.5260196722655905,50.437163317036266
rob_DTL_1_frame963.jpg,rob_DTL_1,FO,frame963,P10,894.3366622924805,441.57378673553467,268.17172050476074,0.9853772521018982,898.2666778564453,433.3154368400574,234.41462516784668,0.9856171607971193,896.7354583740234,432.09959149360657,234.43991661071777,0.9872591495513916,895.2770805358887,430.8735108375549,234.5239019393921,0.9863253235816956,903.0911064147948,434.2553472518921,242.46216773986816,0.9836422204971312,904.70552444458,433.8452911376953,242.3921298980713,0.9842041730880736,906.2611198425292,433.74396800994873,242.38057136535645,0.9826483726501464,888.3791542053223,424.9363875389099,120.11584281921388,0.9867786169052124,901.3636207580566,433.8358283042908,130.9822654724121,0.983125865459442,885.8316993713379,445.965861082077,230.82597255706787,0.9873098134994508,890.8146858215332,446.25885486602783,236.54624462127688,0.9854171276092528,810.5514907836914,435.0738823413849,39.21365261077881,0.9985658526420592,894.2305755615234,477.7982211112976,80.90166807174683,0.9983251690864564,752.4507522583008,434.6772801876068,139.3758487701416,0.8640579581260681,823.7779426574707,480.43864130973816,209.1959238052368,0.2995181083679199,741.7325592041016,384.8505055904389,276.6035270690918,0.7158437371253967,765.8708953857422,408.7102675437927,406.3087749481201,0.3651922941207886,735.2594375610352,364.25332903862,291.6511917114258,0.6915677189826965,753.4518814086914,382.83244371414185,438.4867000579834,0.4117563664913177,742.0557403564453,362.2990930080414,287.2936534881592,0.6947789192199707,753.0091094970703,373.1208086013794,426.1934280395508,0.4200402498245239,744.6169281005859,371.5230059623718,279.71649169921875,0.673939049243927,751.6160202026367,383.6092972755432,408.3097457885742,0.3960277140140533,754.2286491394043,622.4344110488892,13.063653409481049,0.9988753199577332,800.1247787475586,633.9636182785034,-13.720276057720184,0.999059557914734,755.280590057373,756.1817765235901,17.13692307472229,0.9365419149398804,804.2718887329102,768.5032224655151,31.676877737045288,0.9718790650367736,768.3608436584473,897.0887732505798,-23.673588037490845,0.9278749823570251,787.3203277587891,900.880537033081,28.09904158115387,0.9517571926116944,759.0459823608398,916.9559597969056,-24.670645594596863,0.9479682445526124,780.5248260498047,916.2457966804504,30.39566159248352,0.9587756991386414,777.9876136779785,936.151478290558,-51.50861978530884,0.7439151406288147,817.9850578308105,943.556628227234,0.4487353563308716,0.8587555885314941,27.0476606035895,14.10105250986293,26.48198965293375,30.266856184561213
rob_DTL_1_frame965.jpg,rob_DTL_1,FO,frame965,P10,889.0257453918457,438.8271510601044,-48.86748433113098,0.9866490364074708,896.268310546875,432.4385476112366,-41.0729455947876,0.9869166612625122,896.2490844726562,432.46906042099,-41.14253282546997,0.9883524775505066,895.7583618164062,432.39377617836,-41.13605976104736,0.9875309467315674,895.9152030944824,429.3839192390442,-47.97967314720154,0.9851261973381042,895.5227851867676,427.3843967914581,-48.09438228607178,0.9855812788009644,894.9084091186523,425.6446838378906,-48.157596588134766,0.9842422008514404,890.6663131713867,428.0003821849823,15.680251121520996,0.987803041934967,890.0854110717773,424.2206883430481,-16.222633123397827,0.984638512134552,883.6281967163086,445.3619456291199,-23.607062101364136,0.98823082447052,882.8002738952637,440.1905393600464,-34.019622802734375,0.986676037311554,859.1421318054199,455.56291222572327,11.25357985496521,0.998554825782776,829.0799331665039,447.1614933013916,62.6639199256897,0.9984586834907532,762.4667930603027,436.13362312316895,66.87113285064697,0.8486268520355225,765.2061080932617,442.86675095558167,117.04439878463744,0.3482045531272888,746.6978073120117,389.5519244670868,111.19361400604248,0.716132640838623,739.434642791748,380.0322496891022,345.2251625061035,0.4133890569210052,736.7772674560547,364.00587916374207,104.10442113876344,0.6935914158821106,738.2234573364258,358.9218592643738,223.9740514755249,0.4541231393814087,744.3659591674805,362.5010633468628,92.44551658630373,0.6971356868743896,739.3854904174805,355.011842250824,169.6415948867798,0.4623734056949615,745.3151893615723,371.561758518219,107.574462890625,0.6736165881156921,740.5456924438477,363.1541275978088,229.7911548614502,0.4387111663818359,789.8983383178711,622.4653100967407,7.437562644481659,0.9988619089126588,776.850757598877,627.7505922317505,-7.654054462909698,0.9990827441215516,776.3538551330566,756.9522571563721,-29.927156567573547,0.921241044998169,787.6925468444824,764.6777272224426,-1.021202132105827,0.9705170392990112,781.362476348877,897.2087645530701,3.6719177663326255,0.9266983270645142,786.4594459533691,899.9516344070435,23.769437670707703,0.952813684940338,773.576831817627,916.5752577781676,3.674351871013642,0.946876585483551,779.1002082824707,916.836097240448,25.70720136165619,0.9557638764381408,801.090145111084,938.6315774917604,-72.77461051940918,0.7605686187744141,803.6550521850586,939.7705936431884,-50.23581147193909,0.8657551407814026,15.613970830633662,22.051764928118406,59.683036939154576,49.154678457806114
eric_DTL_1_frame7.jpg,eric_DTL_1,FO,frame7,P2,501.6032182574272,222.06981587409973,-233.01089924573895,0.9879001379013062,504.12929075956345,212.57924044132236,-220.3656630218029,0.9881024956703186,503.850759267807,212.08792173862457,-220.45168468356133,0.989354968070984,503.3279456496239,211.4513059258461,-220.52811375260356,0.9886696934700012,501.3995228409767,211.46041226387024,-254.96396324038503,0.9865165948867798,499.371260881424,210.20140808820724,-255.00074061751369,0.986907422542572,497.1343860030174,208.70348286628723,-255.06354266405103,0.9857267737388612,489.2925280332565,206.54818785190585,-136.960112541914,0.9887654781341552,481.8574375510216,202.8397135138512,-293.8302226662636,0.9860417246818542,493.053690135479,228.4817944765091,-197.3247747719288,0.9893720746040344,489.2967875599861,227.29028886556625,-242.67057085037231,0.9879847764968872,474.0114585757256,252.2713035941124,-13.102793373167517,0.9986803531646729,421.2509519457817,244.1900542974472,-328.57802188396454,0.9986094832420348,488.1829732656479,316.12662076950073,39.865101128816605,0.8372642993927002,435.71336114406586,327.41874945163727,-348.35496985912323,0.4131047129631042,489.7807806134224,378.7516967058182,-32.94701286777854,0.7214791774749756,477.1262807846069,386.0752332210541,-349.09363412857056,0.4716471433639526,493.7123930454254,368.5815535783768,-45.79302041232586,0.6932781934738159,480.3850265145302,381.353683590889,-387.9228564500809,0.5079817771911621,491.2791297435761,374.1679165363312,-73.93273530900478,0.6978524327278137,485.2438651919365,390.1090521812439,-394.77394157648087,0.5153604745864868,488.83236062526703,384.68764293193817,-47.809464782476425,0.6754195094108582,485.4693776965141,372.79033744335175,-351.81086587905884,0.4933474063873291,420.2708798646927,365.4331479072571,89.72810798883438,0.9987034797668456,382.4033409357071,359.71652388572693,-89.78081530332565,0.9990088939666748,437.09791511297226,462.5004734992981,47.92550658434629,0.8851768970489502,407.7813241481781,466.7827626466751,-169.6849482357502,0.9711110591888428,429.6515005230904,567.5563870668411,113.60206270217896,0.9097580909729004,388.86888694763184,581.6782958507538,-140.60220701992512,0.9565192461013794,412.2144179344177,587.8490046262741,113.85094200074673,0.9269149899482728,386.08267164230347,592.8719297647476,-143.48737840354443,0.95603609085083,472.0889921784401,587.0667836666107,38.039127729833126,0.768254280090332,435.7647871375084,605.1039942502975,-247.019080132246,0.8773399591445923,8.708231163680932,8.584759230208181,80.50564314578784,78.08805867938574
eric_DTL_1_frame8.jpg,eric_DTL_1,FO,frame8,P2,490.48277139663696,221.0171193480492,-244.12203055620196,0.9890463948249816,494.5493034720421,210.59760117530823,-232.3807143867016,0.9891371726989746,494.1609593033791,209.9277558922768,-232.4655066728592,0.9902583360671996,493.56611466407776,209.08438962697983,-232.5550606250763,0.9896754026412964,492.47505247592926,209.4718421697617,-264.9000019431114,0.9877439737319946,490.8216981291771,208.08122926950452,-264.93856278061867,0.98808491230011,488.930641412735,206.36661940813065,-264.98751270771027,0.9870246052742004,482.53723031282425,203.31102907657623,-146.3198164999485,0.989570677280426,474.9502513408661,199.4499032497406,-292.794326543808,0.9872646927833556,481.5634609460831,226.19879895448685,-206.4796058833599,0.990386128425598,479.0521409511566,224.87077528238297,-249.13582250475883,0.9891541004180908,470.4080721139908,246.5515029430389,-14.87154128588736,0.9988041520118712,413.9318383336067,235.00043082237244,-321.09434509277344,0.9987462759017944,483.82218754291534,307.4062721133232,41.982951670885086,0.8429608941078186,421.9782574772835,318.1384283900261,-340.45029252767563,0.4714795649051666,482.08804070949554,369.9617894887924,-36.04256331548095,0.7375960350036621,467.360571205616,379.3735074996948,-351.7219699025154,0.5238661170005798,485.66663187742233,379.9437606334686,-50.485083900392056,0.7048143148422241,472.2108561992645,387.09525859355927,-391.6327310800552,0.5561143159866333,482.1861137151718,381.5719661712647,-79.17106145620346,0.7096846103668213,477.7244845628738,391.4480111598969,-400.6316565871239,0.5626814365386963,480.00811034440994,383.89132928848267,-50.75074590742588,0.6880946159362793,477.4951973557472,385.5662794113159,-354.511128783226,0.5417104363441467,410.1492747068405,361.7698202133178,91.30800281465054,0.9986347556114196,370.19429063797,354.460222363472,-91.34845966100691,0.9990286231040956,439.2320418953896,451.3023345470429,84.54603876173496,0.8775172829627991,392.6775618195534,467.9347432851792,-186.29483419656756,0.9723287224769592,427.3825233578682,565.5070952177048,175.7195201814175,0.9036279320716858,377.22088211774826,589.7256033420563,-193.4794264137745,0.959961712360382,415.3927174806595,580.4471497535706,179.51280188560486,0.9160743951797484,367.1295784711838,605.5742894411087,-202.10728827118876,0.9561414122581482,466.55520898103714,588.3789049386978,111.1967287361622,0.7806519865989685,417.3652939200401,613.4269561767578,-325.63268035650253,0.8881407976150513,11.559269210685583,10.367376187971322,79.55044215801072,77.66124713188405
eric_DTL_1_frame9.jpg,eric_DTL_1,FO,frame9,P2,491.6686859726906,220.7417729496956,-225.92780843377116,0.9901063442230223,495.32890075445175,211.1734374761581,-213.76434892416,0.9901305437088012,495.03998017311096,210.4001688361168,-213.830960303545,0.9911316633224488,494.5677960515022,209.40873312950131,-213.8840312361717,0.9906222224235536,492.55196636915207,210.10861200094223,-248.2889904975891,0.9889069199562072,490.62766456604,208.68727242946625,-248.34095326066017,0.9892086386680604,488.52983033657074,206.9051640033722,-248.40605822205544,0.988255262374878,482.6894651055336,201.9685661792755,-127.15904542803764,0.990350306034088,474.9045739769936,198.5850899219513,-283.0580180883408,0.9884305000305176,482.5548917651177,225.4700801372528,-187.98574510216716,0.991310179233551,479.6115587949753,223.8740066885948,-233.5358426272869,0.9902204275131226,473.8532327413559,245.48573410511017,-3.95069264434278,0.9989169836044312,408.21801221370697,230.92928165197367,-313.98512572050095,0.9988704919815063,483.8852493166924,306.6521210074425,47.19383330643177,0.8516814708709717,416.4309338331223,313.4393846988678,-337.09354305267334,0.5239456295967102,478.7270663380623,366.4284533262253,-46.760902628302574,0.7583785653114319,458.2357991933823,371.67147076129913,-358.2175403833389,0.5710119605064392,480.6264343261719,382.24953162670135,-65.41874653100967,0.7239933609962463,463.7688551545143,390.0539135932922,-400.0194621682167,0.5996979475021362,478.1958721876144,382.6374269723892,-94.30848443508148,0.72891765832901,470.761093378067,389.6788787841797,-410.1076490879059,0.6055608987808228,476.8045306801796,378.0047459602356,-61.74377058446407,0.7081485986709595,470.1633744239807,382.646360039711,-360.8535294532776,0.5856748223304749,411.5356640815735,359.9759293794632,96.3424690514803,0.9986533522605896,368.7904822230339,355.14579677581787,-96.3492046445608,0.9991058111190796,441.3374255299568,453.7152253389359,151.1138792037964,0.8737669587135315,390.49346351623535,469.0822573900223,-216.93374848365784,0.974331557750702,428.24492168426514,562.2352437973022,287.9706029891968,0.8995540738105774,377.3695846199989,591.3010960817337,-233.25208196043968,0.9635789394378662,417.59170681238174,575.2995467185974,296.04379135370255,0.9085533618927002,367.9071671962738,606.5230042934418,-243.0654082000256,0.9580822587013244,463.4144140481949,589.1317853927612,230.66841927170756,0.792894721031189,420.7558771967888,617.3817636966705,-375.4567108154297,0.8987433314323425,12.504554870728766,6.446978458212903,78.04679937751101,77.49249928352808
eric_DTL_1_frame10.jpg,eric_DTL_1,FO,frame10,P2,489.5624712109566,218.03586214780807,-226.48970234394076,0.9910191893577576,493.5548598170281,208.58881616592407,-208.872784614563,0.9909175038337708,493.8456158041954,208.3590014576912,-208.96136891841888,0.9917998313903807,494.0245851874352,207.98427468538284,-209.00495114922523,0.9913505911827089,490.04646426439285,206.47581845521927,-238.14238226413727,0.9898735284805298,487.7326062321663,204.6153724193573,-238.1738958358765,0.9901355504989624,485.5804716944695,202.5436901450157,-238.2401609122753,0.989274799823761,484.5200226902962,203.04398041963577,-100.0131335258484,0.9907244443893432,473.4135318398476,196.2406603097916,-230.45324391126636,0.989387273788452,481.9001020789146,224.172359585762,-181.499213129282,0.9921027421951294,478.1081882715225,221.3848960399628,-219.67774945497516,0.9911641478538512,475.94999343156815,244.35271698236463,20.32200290262699,0.9990100860595704,407.8233999609947,226.78524327278137,-252.859999448061,0.9989811182022096,485.572160422802,302.3782258629799,43.868303045630455,0.8560194969177246,410.5680935382843,306.9676854610443,-278.4318777024746,0.5711551308631897,472.58915758132935,353.7994064092636,-101.32553526759148,0.7724846005439758,451.7337874770165,359.2587426900864,-312.2804492712021,0.6132922172546387,469.4618684649468,372.89010286331177,-129.72647516429424,0.7356612086296082,455.8400058746338,379.9825732707977,-354.8525488972664,0.6386419534683228,468.1767380833626,371.0825043916702,-156.55507829785347,0.7405073046684265,464.68946701288223,376.5418791770935,-366.57667112350464,0.6438542604446411,467.1988823413849,363.8124507665634,-116.69106802344322,0.7204055786132812,463.98245483636856,368.9749165773392,-315.4949028491974,0.6247561573982239,411.696868121624,362.8308144807816,93.47005027532578,0.9985904693603516,367.5603793859482,357.1130738258362,-93.38968200981616,0.9991465210914612,441.9268332123757,454.9309695959091,139.6314678043127,0.8762901425361633,389.2878789305687,467.1470546722412,-193.3655100464821,0.9765204787254332,427.8908961415291,563.0279380083084,272.3040809929371,0.900952398777008,377.40140986442566,591.3186541795731,-185.59989067912105,0.9669564962387084,417.5634831190109,576.271479845047,279.1039132773876,0.9083687663078308,367.565781712532,606.4777228832245,-193.79889091849327,0.9605796933174132,462.3839895129204,588.3563412427902,203.52101826667783,0.8068970441818237,419.3950103521347,615.4863747358322,-334.0105807185173,0.9083810448646544,14.459583554991024,7.381375457363837,75.99710321932547,76.71024570080064
rob_DTL_3_frame10.jpg,rob_DTL_3,FO,frame10,P2,599.9528431892395,279.87733125686646,-387.8637421131134,0.9918449521064758,601.8966507911682,267.8428280353546,-362.6287150382996,0.9916871190071106,599.9388742446899,266.2065464258194,-362.8423047065735,0.9924722909927368,597.9218101501465,264.1547530889511,-362.940731048584,0.9921074509620668,598.7099933624268,264.3691152334213,-437.23456263542175,0.9907433390617372,595.4266476631165,261.43539547920227,-437.2787225246429,0.990958571434021,592.0245337486267,258.5006779432297,-437.4260401725769,0.9901911616325378,569.9617767333984,241.2126123905182,-210.7113575935364,0.9915475249290466,561.932852268219,236.52585446834564,-547.0156288146973,0.9903864860534668,582.3409008979797,280.40435314178467,-322.5357520580292,0.9928783774375916,577.4584650993347,275.4990327358246,-419.7520744800568,0.9920381903648376,535.78089594841,295.6986737251282,27.138806730508804,0.999096691608429,447.2568941116333,224.9006187915802,-637.3176455497742,0.9990798830986024,540.3718185424805,390.34030079841614,113.5062763094902,0.8195767998695374,461.1042058467865,395.1595866680145,-684.9648141860962,0.6129680275917053,553.3948016166687,568.7397193908691,-1.8119399808347223,0.7487838864326477,519.7940182685852,570.9357404708862,-703.2453346252441,0.6493781208992004,560.863938331604,615.0604176521301,-26.70670486986637,0.7054100036621094,531.6948187351227,621.099636554718,-781.6754865646362,0.6706623435020447,559.2605996131897,615.0216007232666,-78.48327577114105,0.7115142941474915,541.5709590911865,620.8666062355042,-795.3265571594238,0.675083339214325,555.0227308273315,598.9588594436646,-30.928699672222137,0.6917719841003418,536.3364350795746,604.2617154121399,-708.0361032485962,0.6548065543174744,431.7590260505676,484.90085005760193,197.80624151229856,0.9986802339553832,354.87553238868713,443.0756735801697,-197.8172653913498,0.9991989731788636,488.23363423347473,485.3911471366882,175.26079952716827,0.8365523219108582,413.3209204673767,636.7865037918091,-368.9794993400574,0.9740633368492126,470.38827538490295,908.3252763748168,344.98436093330383,0.8792259693145752,452.41880536079407,970.2740049362184,-343.4232831001282,0.968185305595398,444.7981023788452,936.5957808494568,349.3266749382019,0.886931300163269,437.2252285480499,1005.86101770401,-356.82767629623413,0.9587950706481934,552.9994225502014,1005.5271792411804,198.2894736528397,0.8076128363609314,535.0348448753357,1073.8432359695437,-599.6904587745667,0.9152110815048218,38.65146169281691,28.546510415221906,82.41130359852544,79.00250160448846
eric_DTL_1_frame11.jpg,eric_DTL_1,FO,frame11,P2,505.1623471975327,210.51703029870987,-186.82590714097023,0.99225515127182,515.1100389957428,202.74170005321503,-173.5135701596737,0.9916033148765564,516.1177806854248,203.20285040140152,-173.6112622320652,0.9924765825271606,517.1055753231049,203.5886472463608,-173.65787461400032,0.99195796251297,510.4078677892685,199.21360051631927,-196.49037504196167,0.9909763932228088,508.1797543764114,197.25777858495712,-196.55599945783612,0.9912131428718568,505.85938584804535,195.09703516960144,-196.6600115597248,0.9903849363327026,509.8317581415176,200.8648318052292,-86.00148095190525,0.9911080598831176,495.973786175251,190.4414439201355,-540.3126890063286,0.9902486205101012,498.3162488341332,214.8436574935913,-148.13671243190765,0.9931302070617676,493.1317814588547,211.27187448740003,-178.98430889844894,0.9925072193145752,486.7350804805756,241.60774326324463,20.65094528719783,0.9990282654762268,426.990508377552,223.86087661981583,-257.70150566101074,0.9991484880447388,483.403507232666,293.45006787776947,23.149452071636915,0.8151577115058899,389.3211586475372,296.2763633131981,-358.1604350209236,0.6494186520576477,458.2754508852959,336.4705649614334,-109.22400511801244,0.742209792137146,430.4839782714844,352.0579973459244,-261.85353994369507,0.6782109141349792,445.5995495319367,353.0536493062973,-138.70460517704487,0.6930903196334839,433.8867167830467,365.0250376462936,-292.12828201055527,0.6948582530021667,440.4349945783615,350.97359228134155,-149.6570344865322,0.6987033486366272,439.7582146525383,361.4508481025696,-296.79149413108826,0.6986699104309082,443.33500504493713,344.0367189645767,-117.62605145573616,0.679763913154602,438.8642334938049,356.210564494133,-262.5671145617962,0.6778022050857544,382.9970774054527,362.3218606710434,120.26918302476406,0.998208463191986,339.0267794728279,358.1026805639267,-118.84762658178806,0.9990307688713074,384.8156875371933,437.2545086145401,-39.49096404016018,0.8343576788902283,338.0362144112587,457.32021856307983,-249.4999947249889,0.9744488000869752,325.15131920576096,552.5229588747025,-22.69257887080312,0.8746058940887451,279.7445911169052,579.4494185447693,-283.1008384525776,0.9681882858276368,310.5608471632004,567.9563728570938,-25.059531643986706,0.8846219778060913,256.9276050627232,602.1558125019073,-292.88997542858124,0.9545005559921264,369.8984786272049,569.9475227594376,-100.75435177981852,0.816788911819458,323.5601262450218,593.1973321437836,-418.1795561313629,0.919128119945526,16.543824245660648,5.48104879804794,77.88603280907951,79.58049452601459
rob_DTL_3_frame11.jpg,rob_DTL_3,FO,frame11,P2,528.1939244270325,270.0255882740021,-282.7518761157989,0.9928631782531738,540.7476925849915,258.09176445007324,-267.2566151618957,0.9921608567237854,543.4231638908386,258.1031262874603,-267.44561433792114,0.9930161237716676,545.8759689331055,258.0457538366318,-267.5948148965836,0.9925323128700256,531.8539488315582,248.0008274316788,-312.82228231430054,0.9916433095932008,528.6180460453033,241.2710952758789,-312.94124364852905,0.991899073123932,525.5991768836975,234.75961983203888,-313.0158841609955,0.9911189675331116,534.3601834774017,231.9216710329056,-152.48089492321014,0.99163156747818,510.57676792144775,205.46772480010983,-370.503466129303,0.9909945130348206,520.4533588886261,267.5475490093231,-229.10855412483212,0.993713915348053,510.7538902759552,255.4327243566513,-288.7359917163849,0.9931690096855164,507.8678226470947,276.13741993904114,11.31487626582384,0.9991084933280944,408.1380236148834,192.698934674263,-406.8599617481232,0.99922913312912,512.1405172348022,371.953661441803,102.81183421611786,0.8100112676620483,423.6982691287994,386.0921323299408,-448.1805181503296,0.6838303804397583,525.8118975162506,569.9151706695557,15.551699995994568,0.7524871826171875,482.4156653881073,562.6234459877014,-436.7988860607147,0.7086477875709534,531.37446641922,619.1158533096313,0.9584578243084252,0.7020291686058044,491.6225516796112,610.0857996940613,-498.0996036529541,0.7226059436798096,531.9723629951477,621.0750460624695,-47.9879754781723,0.7085942029953003,500.89426159858704,612.519679069519,-493.25151085853577,0.7259746193885803,526.5948987007141,602.3364472389221,-7.390978317707777,0.690936267375946,498.2309246063232,594.8526978492737,-433.34417939186096,0.705754816532135,414.14254546165466,470.6475055217743,140.33259630203247,0.9982900619506836,338.0256378650665,423.7114655971527,-139.9426406621933,0.99906724691391,472.6495063304901,672.2729659080505,-44.35094833374024,0.817355215549469,416.8132531642914,473.3930468559265,-346.98407649993896,0.9758436679840088,464.84540462493896,982.69606590271,-65.93360334634781,0.8649680018424988,452.7220344543457,1023.4410953521729,-499.80944752693176,0.9695004820823668,442.3383128643036,1033.5129618644714,-75.56578606367111,0.870881199836731,436.06609582901,1072.9823112487793,-527.3335468769073,0.9533323049545288,549.9400949478149,1093.3396339416504,-184.24952566623688,0.8230328559875488,543.2403445243835,1146.619634628296,-703.0479669570923,0.9250999689102172,39.9173853109027,31.65926785295737,76.58619247510845,74.80612810694838
eric_DTL_1_frame12.jpg,eric_DTL_1,FO,frame12,P2,506.6231224536896,205.87264388799667,-154.8133301138878,0.9885483980178832,518.4176134467125,199.11672294139865,-149.9738844037056,0.9864162802696228,520.1968489289284,199.5557523965836,-150.10850968956947,0.9887619018554688,522.0516477227211,199.81221228837967,-150.17721620202065,0.9864853620529176,512.6379551291466,195.18634659051892,-179.10852777957916,0.9866541624069214,510.2047264575958,193.0537307858467,-179.1984280347824,0.9881802797317504,507.7347204089165,190.56825882196424,-179.28631973266602,0.9860442280769348,517.2606844305992,195.70003646612167,-88.84242944419384,0.9861485958099364,497.7943009734154,185.8167526125908,-196.612741202116,0.98530113697052,499.7011491060257,210.2325583100319,-125.25300244987012,0.9916645288467408,492.7162871360779,206.77317023277283,-166.3226925432682,0.9913439750671388,484.3183012008667,223.9573306441307,2.08369952137582,0.998673141002655,430.3311893939972,219.05609929561612,-181.3132311105728,0.9991649985313416,491.1595513224602,282.46045058965683,43.90842657536268,0.7767905592918396,396.8469458818436,297.6865750551224,-230.86956936120987,0.7002832293510437,460.8968605995178,301.31848299503326,-17.703031377866864,0.7076943516731262,444.8376137018204,307.9190956354141,-266.8618776202202,0.6993138194084167,466.7568265795708,307.4196524620056,-32.3597176335752,0.6605101823806763,454.2409518361092,311.9593833684921,-309.3691146969795,0.7087207436561584,451.9057269096375,300.3737726211548,-40.83423003554344,0.6667489409446716,456.2577511668205,308.58014261722565,-474.3367756009102,0.7118131518363953,451.2720270752907,300.8128598332405,-23.653193052858114,0.6503129005432129,449.72477996349335,306.736446082592,-276.6322969198227,0.692040741443634,380.3183545470238,360.8885269165039,82.83782136440277,0.996569275856018,333.34401673078537,360.9480550289154,-82.2942728549242,0.9977710843086244,383.4180433154106,433.6056586503983,-75.11419123411179,0.8114733695983887,348.6109570264816,434.8943691253662,-244.9869049489498,0.975177764892578,322.22149205207825,546.6490435600281,-141.15338285267353,0.8617495894432068,294.5497017502785,564.8344583511353,-311.839917242527,0.96711266040802,305.66235679388046,569.581806063652,-150.87877410650253,0.8706543445587158,272.5818159878254,587.0864980220795,-321.07931554317474,0.9500206112861632,359.3070788383484,567.1337220668793,-202.7037432193756,0.8284026980400085,329.22595477104187,603.2070266008377,-425.31890386343,0.9249395728111268,5.187389224309004,0.07260789478570652,73.59699275701554,74.12079078110159
rob_DTL_3_frame12.jpg,rob_DTL_3,FO,frame12,P2,541.3645792007446,280.6745266914368,-126.22989267110825,0.9883882403373718,551.0056614875793,268.3514392375946,-117.41227000951768,0.9857347011566162,553.2618069648743,268.76226782798767,-117.58482992649078,0.9884624481201172,555.5474996566772,269.3072175979614,-117.64575093984604,0.9860318899154664,542.7697777748108,259.28308367729187,-154.622842669487,0.9852781891822816,539.3355739116669,253.31395089626312,-154.55668330192566,0.9869996905326844,536.0908198356628,247.3154640197754,-154.62469339370728,0.9841084480285645,546.8127250671387,250.6775540113449,-17.285965383052826,0.9854272603988647,524.5359599590302,226.2147617340088,-192.83979892730716,0.983328938484192,534.3950092792511,282.3923850059509,-91.287382543087,0.9906486868858336,525.4581356048584,272.3293375968933,-135.78742682933807,0.9901452660560608,496.7470943927765,265.90079069137573,99.67669129371644,0.9987214207649232,426.4751601219177,207.39065945148468,-187.3699915409088,0.9991576075553894,497.7870404720306,306.30805492401123,55.300830602645874,0.7208138108253479,408.7912166118622,365.5498659610748,-207.15836942195887,0.7117064595222473,481.5633988380432,324.6039283275604,-32.17814572155476,0.6619933247566223,453.7543845176697,409.2912018299103,-165.19290804862976,0.6927128434181213,479.5024967193604,475.6935453414917,-62.436591535806656,0.6221595406532288,464.43431854248047,375.1171123981476,-182.35625088214877,0.7007907032966614,477.64832854270935,409.0728807449341,-91.64112031459808,0.6288893222808838,473.395299911499,414.5106947422028,-220.92486083507535,0.7043464779853821,475.2429664134979,379.6849572658539,-51.56720370054245,0.6154872179031372,465.24519324302673,415.9647524356842,-164.91032660007477,0.6830670833587646,381.4115703105927,469.67801570892334,121.10219568014143,0.9966033101081848,350.7956027984619,452.9761147499085,-120.73184967041016,0.9974377751350404,445.25618076324463,555.1259207725525,-28.50310228765011,0.8008155822753906,467.502658367157,621.8636155128479,-211.05039417743683,0.9757159948349,445.9933805465698,964.0752696990968,-95.29805481433868,0.8570334315299988,442.6174020767212,918.8703489303588,-261.0463571548462,0.963625967502594,428.7738561630249,1024.4717073440552,-107.5438705086708,0.864191472530365,423.5574531555176,972.8185415267944,-268.3572649955749,0.9410319924354552,528.3265328407288,1074.3005418777466,-178.61202657222748,0.8313242197036743,516.4472651481628,1038.5467386245728,-389.30283308029175,0.9217700958251952,39.78159291917624,28.613751383289276,76.24396277096079,82.78479052120052
eric_DTL_1_frame13.jpg,eric_DTL_1,FO,frame13,P2,505.4879412651062,204.16995120048523,-26.50490291044116,0.962067484855652,510.7041646242142,195.40666991472244,-24.35511890426278,0.970215916633606,510.4802451133728,195.26075673103333,-24.583901807665825,0.9765849113464355,510.7328731417656,194.3511625528336,-24.68820610269904,0.9713990688323976,501.6174513101578,201.4529703259468,-40.31457210332155,0.9662635922431946,499.9531884193421,202.06118899583817,-40.39700520038605,0.9706711173057556,497.9936329722405,202.074453830719,-40.74129097163677,0.9641099572181702,498.8957522511482,196.9508391618729,17.09705201536417,0.9754847884178162,486.215175807476,204.4594095349312,-63.0917289853096,0.963165521621704,502.7905873060226,205.27846014499664,-9.902783876284955,0.9737436771392822,492.90942031145096,217.2751075029373,-30.599002867937088,0.9674232006072998,462.9548699855805,210.71808207035065,83.61609403789043,0.9975323677062988,434.8102375864983,228.14279997348785,-83.88202875852585,0.997635781764984,456.8365619778633,247.3010720014572,61.473346911370754,0.6645447015762329,424.0457901954651,250.43675190210345,-200.3585274517536,0.674026608467102,471.74206584692,253.3551503419876,6.973781356588006,0.6191315054893494,481.7882808446884,220.6169795393944,-224.6798709928989,0.6439253687858582,468.15395134687424,260.0289217233658,11.202434092760086,0.5913457870483398,497.060311794281,210.49161726236343,-233.88127985596657,0.653321385383606,477.76967710256577,243.9069299697876,-3.972465632949024,0.5981673002243042,495.9069843292236,200.9008721113205,-216.28730469942093,0.6554699540138245,479.5532760024071,245.97828495502472,1.0215127796400338,0.5847325921058655,489.5317541360855,205.9591829776764,-213.50515845417976,0.6369917988777161,340.3941568136215,374.4381418228149,95.12623564898968,0.9965386390686036,339.5971404910088,382.2290471792221,-95.01616324484348,0.9974006414413452,363.6498221755028,418.96567046642303,111.94734911620615,0.7867425084114075,356.5009857416153,447.0066072940826,-124.47012394666672,0.9763602614402772,309.1524329185486,555.7545344829559,-104.42629757523537,0.8591604232788086,309.9383329153061,552.2069516181946,-356.1671842932701,0.9655949473381042,294.08759504556656,580.1040737628937,-129.6878364086151,0.8696002960205078,293.050798535347,573.3127863407135,-377.5789940357208,0.9448888897895812,319.6493266224861,587.0326685905457,-162.77992641925812,0.8398145437240601,314.6321928501129,581.8569957017899,-424.3475932478905,0.9270035624504088,31.762203088087663,84.1589124592701,80.46171823219892,89.7598357635872
tom_DTL_2_frame13.jpg,tom_DTL_2,FO,frame13,P2,1060.352668762207,249.1218513250351,-6.795804351568222,0.9486912488937378,1070.815773010254,260.3678011894226,11.946186125278471,0.9548728466033936,1070.7117462158203,258.1330597400665,11.63236677646637,0.9617841839790344,1070.639533996582,256.8726521730423,11.389285326004028,0.9562010169029236,1067.2309112548828,268.9014583826065,-41.8324077129364,0.951080858707428,1064.8943710327148,269.5131468772888,-41.76852107048035,0.957620084285736,1062.553367614746,269.75502848625183,-42.04927325248718,0.951379895210266,1048.703155517578,246.06323182582852,123.37995529174805,0.9537827968597412,1040.6147003173828,260.8564406633377,-117.4938941001892,0.9482126235961914,1043.650245666504,210.12237668037412,41.98992133140564,0.9571214318275452,1037.2937393188477,245.19115447998047,-28.704037070274357,0.9510864615440368,949.200267791748,252.8308475017548,302.89835929870605,0.9962351322174072,993.6891174316406,253.9457720518112,-265.5875015258789,0.9977532029151917,904.4506072998048,459.5170891284943,362.63723373413086,0.6001488566398621,915.9360122680664,448.19039940834045,-461.7863559722901,0.69203120470047,904.1890525817872,557.7862000465393,212.1718597412109,0.5586541295051575,922.8361129760742,598.630621433258,-430.79237937927246,0.6379444599151611,900.0609970092773,589.746823310852,215.1226902008057,0.5343449711799622,923.243350982666,642.4115467071533,-464.7860527038574,0.6421654224395752,917.0665168762208,577.3165225982666,169.57883834838867,0.5405665040016174,930.168399810791,639.5425057411194,-412.8064441680908,0.6428755521774292,914.01517868042,572.9559588432312,181.3912010192871,0.52867591381073,927.5817489624023,622.7847290039062,-406.2973880767822,0.6207133531570435,816.0235977172852,523.7103116512299,189.73414421081543,0.994027018547058,846.9782638549805,556.8103051185608,-189.35401439666748,0.995031476020813,798.9799118041992,721.9233584403992,102.35625743865968,0.7129149436950684,867.5557708740234,770.8241271972656,-250.41483879089355,0.9378395676612854,781.9693565368652,916.5676617622375,-26.77624404430389,0.7785578966140747,791.7646980285645,749.12024974823,-283.7116813659668,0.8950053453445435,750.5918312072754,954.3096899986268,-27.810965180397037,0.7940378189086914,729.9739837646484,614.8024749755859,-287.5053405761719,0.8890965580940247,861.1117172241211,962.4837112426758,-128.27399253845215,0.7641796469688416,889.3956756591797,904.4684958457948,-359.4748020172119,0.8578826189041138,1.4355755103601382,46.918240972076546,85.52523854352694,85.3318363083134
tom_DTL_2_frame14.jpg,tom_DTL_2,FO,frame14,P2,1088.6913299560547,298.97780299186707,-251.3566875457764,0.9530720710754396,1094.0123748779297,303.4071493148804,-233.23340892791748,0.958034336566925,1092.7399063110352,302.799596786499,-233.3355188369751,0.9645506739616394,1091.2778091430664,302.291339635849,-233.4779405593872,0.9594444632530212,1092.0085144042969,302.237845659256,-295.4519462585449,0.955001711845398,1089.470558166504,300.20896911621094,-295.6457805633545,0.961070477962494,1086.81884765625,298.21466088294983,-295.84407806396484,0.9554671049118042,1070.7152938842771,289.17376041412354,-123.84039402008057,0.9565017819404602,1064.253044128418,286.7007100582123,-397.79133796691895,0.95221608877182,1070.8319091796875,287.3792338371277,-201.48961544036865,0.9599879384040833,1068.039894104004,290.1962614059448,-282.00098991394043,0.955123245716095,1006.9820022583008,322.2752344608307,92.71224975585938,0.9956023693084716,976.8984603881836,327.1682918071747,-509.66440200805664,0.997946798801422,967.9420852661132,491.4171373844147,205.7627534866333,0.5490156412124634,925.0035667419434,498.0588233470917,-620.7562637329102,0.719726026058197,954.3703079223632,597.7013969421387,78.9168906211853,0.5093420147895813,938.148021697998,615.5248045921326,-581.1032867431641,0.6604671478271484,954.8386001586914,632.5330567359924,83.55189085006714,0.4878209233283996,937.6729202270508,650.6553483009338,-640.759162902832,0.6579885482788086,959.1923904418944,632.6592922210693,25.27543008327484,0.4938841462135315,945.3675270080566,645.3150272369385,-610.568790435791,0.6568639278411865,956.037826538086,620.5979132652283,47.95084834098816,0.4838712811470032,945.2216148376464,632.3017001152039,-568.080883026123,0.6297933459281921,887.1096611022949,538.681640625,193.17439556121823,0.9926169514656068,849.8602294921875,551.8862199783325,-192.7060174942017,0.9949712157249452,991.5622329711914,677.6702570915222,174.756760597229,0.6576238870620728,898.6053085327148,719.8063230514526,-249.6060848236084,0.9410285353660583,966.9902801513672,849.2597508430481,301.393518447876,0.73030024766922,870.2955436706543,883.5120534896851,-195.1201057434082,0.9014064073562622,943.0541610717772,879.9986386299133,310.4871082305908,0.7473302483558655,845.2590179443359,855.3056001663208,-200.1240062713623,0.8905635476112366,1008.0657577514648,876.91645860672,263.2558822631836,0.7367196679115295,961.3748931884766,956.8795251846312,-340.5688190460205,0.8657956719398499,9.238202270380288,19.518946440070565,87.14094313188036,84.48626345840212
random_1_frame15.jpg,random_1,FO,frame15,P2,281.53988671302795,378.2922530174256,-272.871328830719,0.9490802884101868,278.62883627414703,371.0506570339203,-283.8955681324005,0.9472865462303162,277.9733047485352,366.2433474063873,-283.96903443336487,0.9569422602653505,273.0728179216385,343.1632096767425,-284.0827261209488,0.949710249900818,279.67353224754333,382.6230463981629,-291.5635874271393,0.9482513666152954,279.43634474277496,385.1485748291016,-291.5904129743576,0.9559992551803588,279.19905376434326,387.5833985805512,-291.71271884441376,0.945872962474823,268.8165839910507,338.46119117736816,-276.4221569299698,0.9506341814994812,273.38510143756866,382.97661423683167,-345.07131910324097,0.9494448304176332,277.9118672609329,364.12666177749634,-263.5064707994461,0.9617515802383424,278.76901721954346,380.0111508369446,-273.1692553758621,0.9570935964584352,254.471874833107,316.0392093658447,-182.4202399253845,0.9956867694854736,254.17821657657623,371.2639262676239,-276.33741199970245,0.9980186820030212,262.4473661184311,302.8946887254715,-148.60154157876968,0.5212079882621765,271.2714449167252,500.5395519733429,-313.22613513469696,0.7435105443000793,272.37517261505127,314.4634122848511,-194.9565528035164,0.5287365317344666,294.2030712366104,605.5482788085938,-308.9925878047943,0.6788482666015625,271.09093511104584,306.8748699426651,-208.06617444753647,0.5108758807182312,295.62208318710327,641.0560324192047,-331.3271193504333,0.6734328269958496,275.0670140981674,317.655637383461,-222.87939941883087,0.5181370973587036,294.5805172920227,632.7510459423065,-332.01871144771576,0.6721174120903015,275.6308162212372,324.1056306362152,-202.7133007645607,0.5103759765625,295.34467029571533,620.9217431545258,-310.2440758943558,0.6493825316429138,242.6245542764664,380.4262504577637,60.99068185687065,0.9933225512504578,237.9519423246384,404.5945372581482,-60.74038553237915,0.9954624176025392,274.5829384326935,539.4010756015778,-7.833619192242622,0.6348416209220886,268.29812920093536,559.7387690544128,-62.711604088544846,0.945238471031189,307.84847950935364,716.9778451919556,4.404875464737415,0.7289515733718872,292.5168126821518,732.3460507392883,-97.31692215800284,0.9096297025680542,323.8617273569107,781.3588981628418,3.964104739949107,0.7564701437950134,291.2993674278259,757.2770552635193,-104.84940388798714,0.9000373482704163,352.1395015716553,829.0659513473511,-62.873068273067474,0.740888774394989,321.49148201942444,822.0209269523621,-187.8185514807701,0.8761119842529297,89.6953317086914,79.05763975843173,89.82084933442317,87.80179718656706
random_1_frame16.jpg,random_1,FO,frame16,P2,306.3932259082794,287.36169469356537,-139.14239317178726,0.9540066123008728,310.28670704364777,280.3985079526901,-131.38397669792175,0.9521915316581726,310.31899082660675,279.6846356391907,-131.4473284482956,0.9609017968177797,310.30046904087067,278.79424810409546,-131.50594627857208,0.954389750957489,308.70782828330994,279.928190946579,-158.17588204145432,0.9531885385513306,307.6269941329956,278.9194996356964,-158.22607970237732,0.9601815938949584,306.443643450737,277.75216150283813,-158.2909835577011,0.9510762691497804,303.20458149909973,271.072450876236,-83.2420981824398,0.9546704888343812,298.3240909576416,269.73143804073334,-203.59377110004425,0.9541922211647034,300.4266240596771,289.505307674408,-117.29055333137512,0.965339422225952,298.7959308624268,288.54837906360626,-152.62340766191485,0.9612854719161988,285.87403631210327,293.16460621356964,0.6927187880501151,0.9960306882858276,250.5180685520172,287.0653018951416,-239.80029237270355,0.9982129335403442,271.40515875816345,342.2774283885956,45.34203962981701,0.5097067952156067,246.9513055086136,353.0426113605499,-266.8587588071823,0.7684202194213867,270.3111834526062,396.3363425731659,8.20260789245367,0.5175514221191406,263.4701774120331,403.9350378513336,-259.6546119451523,0.709356427192688,269.94284307956696,405.78367829322815,6.6729017570614815,0.495788037776947,263.2986698150635,417.2911195755005,-286.03661930561066,0.7036434412002563,270.1439182758332,408.5322642326355,-14.444098845124245,0.5034886598587036,266.4935485124588,417.2359981536865,-287.05943059921265,0.7023385763168335,269.47708225250244,404.6373753547669,-2.33666772954166,0.4967354834079742,266.31466841697693,412.7545804977417,-259.2580749988556,0.6794413328170776,229.28428983688357,377.4652013778687,72.63852459192276,0.9936944842338562,200.23615419864652,374.5639951229096,-72.66990944743156,0.9958807229995728,251.7939246892929,445.141832113266,123.81192922592165,0.6577978134155273,208.5551133751869,456.4857516288757,-169.22772294282913,0.9503636360168456,240.5215814113617,524.8636450767517,224.27329313755035,0.7469822764396667,192.58911418914795,546.5341944694519,-202.23263972997665,0.9184333682060242,230.2701351642609,537.0285129547119,230.37893772125244,0.7668139338493347,181.9956874847412,560.259083032608,-212.30863344669345,0.90838360786438,270.3636704683304,541.2613084316254,193.2041357755661,0.7603310346603394,220.9326459169388,568.0976486206055,-306.51439356803894,0.8881151080131531,9.78783295942899,5.703548288942785,81.63659782569121,78.6952053951359
tom_DTL_2_frame16.jpg,tom_DTL_2,FO,frame16,P2,1318.9044570922852,350.1293420791626,-103.35533380508424,0.9568940997123718,1344.5355606079102,334.57460045814514,-74.84447479248047,0.9546146988868712,1346.063575744629,334.1625165939331,-74.96719121932983,0.963151514530182,1348.2400131225586,333.10593008995056,-75.09846210479736,0.956873655319214,1342.2465133666992,330.1489233970642,-128.60166549682617,0.9553819298744202,1341.0706329345703,327.47885942459106,-128.6376714706421,0.9622771739959716,1340.0676727294922,324.23606872558594,-128.8042116165161,0.953397810459137,1336.2578201293943,327.99233078956604,67.5404405593872,0.9566727876663208,1317.7044296264648,317.2050869464874,-179.74589824676514,0.9559211730957032,1302.0359802246094,355.3979516029358,-44.547518491745,0.9654743075370787,1295.9006881713867,350.4803681373596,-116.78025484085084,0.9614107012748718,1193.869400024414,396.5501403808594,245.26288032531735,0.996110498905182,1199.0168380737305,353.7858581542969,-286.4784622192383,0.998323380947113,1065.3426361083984,500.9347200393677,361.2845993041992,0.4923948645591736,1024.1362380981443,465.2833342552185,-433.4816837310791,0.7879610657691956,954.6099472045898,585.4716181755066,255.146598815918,0.4960935711860657,928.4136199951172,569.3978691101074,-435.8510398864746,0.7283920645713806,934.5780372619628,616.1962151527405,261.80113792419434,0.4738677442073822,893.8356399536133,603.9133930206299,-478.9520072937012,0.7189452648162842,929.3290901184082,619.5393633842468,199.0850114822388,0.4825286567211151,908.1473922729492,600.9511399269104,-441.94607734680176,0.717310905456543,929.7817611694336,607.4035048484802,223.52186679840088,0.4770375490188598,921.405143737793,588.6649703979492,-418.0846309661865,0.6933855414390564,858.3629035949707,588.9468598365784,175.0428342819214,0.9931648969650269,841.4315986633301,574.3338632583618,-174.7789764404297,0.995469331741333,760.2688980102539,710.9389400482178,131.11327171325684,0.6058357357978821,793.5216522216797,708.2274198532104,-188.94299983978271,0.9465355277061462,623.792781829834,869.6579504013062,210.8792781829834,0.6850224733352661,622.639331817627,871.2592935562134,-199.0161180496216,0.8993937969207764,580.8589553833008,900.5568695068359,213.50905895233157,0.7103959918022156,585.5829620361328,894.759886264801,-200.2683448791504,0.890147864818573,669.2919158935547,899.8368573188782,162.67577648162842,0.7064805030822754,688.0180549621582,921.806981563568,-279.99701499938965,0.8657669425010681,83.13645922403123,40.79667646904743,89.4453745834135,87.2290581835441
random_1_frame17.jpg,random_1,FO,frame17,P2,254.8241250514984,415.0939781665802,-102.36007976531982,0.9190192222595216,255.64956033229828,394.58193826675415,-102.41758525371552,0.9315847754478456,243.5701483488083,334.47548246383667,-102.49009442329408,0.9447351694107056,242.4081391096115,332.51924777030945,-102.69215261936188,0.9362597465515136,255.33629381656647,400.234570980072,-127.37314349412918,0.928921103477478,254.68774676322937,398.20022201538086,-127.38249492645264,0.9396543502807616,254.05272889137268,396.104763507843,-127.44540691375732,0.9268258810043336,245.8511735200882,340.6273171901703,-95.58795484900476,0.9396277070045472,245.61279606819156,362.079069852829,-176.74946928024292,0.9258331656455994,240.014922618866,347.3306348323822,-88.19598388671875,0.9385973811149596,247.7388435602188,403.064649105072,-115.27629619836809,0.9305692911148072,221.3840239048004,356.63452434539795,-58.83023583889008,0.9875441789627076,217.85549437999725,313.6687387228012,-173.49673587083817,0.9824941754341124,228.11025178432465,541.0884974002838,-55.60392054915428,0.4701421558856964,217.49895000457764,211.39071023464203,-248.17322599887848,0.7592646479606628,255.334508895874,697.4467439651489,-112.12963622808456,0.4740243554115295,256.1776123046875,242.2890692949295,-237.69747471809387,0.6909366846084595,260.13361740112305,718.5591697692871,-115.6975245475769,0.4538119435310364,267.1788287162781,260.6368064880371,-255.90441596508023,0.677973210811615,269.650607585907,753.0373888015747,-146.33625733852386,0.4643130898475647,266.1317528486252,230.23981821537015,-248.4284437894821,0.6777802109718323,268.4293338060379,752.2894878387451,-128.29699516296387,0.4620317816734314,260.85638093948364,213.35185825824735,-240.56641137599945,0.658843994140625,140.63205176591873,381.9929885864258,38.608355179429054,0.9907974004745485,145.03308415412903,401.4810981750488,-38.208694621920586,0.9930188655853271,120.37662947177888,417.4616274833679,127.01305514574052,0.610466718673706,150.60374402999878,555.9395749568939,28.14694146811962,0.9391420483589172,117.1713646054268,573.4169809818268,231.63246941566467,0.6748475432395935,152.34770208597183,701.8521585464478,86.45461267232895,0.8798449635505676,115.1785653233528,599.8777585029602,239.5902408361435,0.6948385238647461,149.52164232730863,711.9145817756653,92.83755373954772,0.8707684874534607,120.73441553115843,590.458328962326,170.8305041193962,0.6918591260910034,165.74624806642532,780.0490350723267,23.26755841821432,0.8393200635910034,85.30516726893799,77.2742693614075,88.23744447786336,86.72097242361255
tom_DTL_2_frame17.jpg,tom_DTL_2,FO,frame17,P2,1502.6172637939453,419.73800897598267,-226.50701522827148,0.921952188014984,1541.334457397461,399.7794449329376,-283.46099853515625,0.9355831146240234,1552.214584350586,356.5199089050293,-283.62768173217773,0.9481358528137208,1562.351417541504,345.47732949256897,-283.90336990356445,0.9402145743370056,1511.8098449707031,406.8978130817413,-279.72453117370605,0.9317238926887512,1502.7350234985352,407.4082589149475,-279.3600368499756,0.9406769871711732,1494.1749572753906,407.781525850296,-280.1638126373291,0.9269580841064452,1564.6685028076172,373.2970297336578,-302.2722816467285,0.9443902969360352,1472.237548828125,400.7764863967896,-331.2785625457764,0.9275773167610168,1488.3633041381836,376.2076878547669,-221.51915073394773,0.9425987005233764,1458.2720947265625,430.8099102973938,-220.83221912384036,0.9338387846946716,1471.4412689208984,411.5558445453644,-295.3173923492432,0.9881323575973512,1332.107391357422,427.8214573860169,-291.1812686920166,0.9779031872749328,1321.2239456176758,458.05498480796814,-252.1603488922119,0.5055704116821289,1217.9944610595703,444.2656409740448,-358.1016254425049,0.7482758164405823,1300.323600769043,440.6550872325897,-220.0386142730713,0.5155894756317139,1449.7243881225586,372.48016834259033,-327.82161712646484,0.6978710293769836,1316.9657135009766,457.6451218128204,-280.7547855377197,0.4956266283988952,1510.5271911621094,357.5196862220764,-355.8556652069092,0.6839557886123657,1365.1329803466797,439.7670292854309,-275.97899436950684,0.5047605037689209,1522.3519134521484,337.68858075141907,-363.999080657959,0.6824281215667725,1328.6045837402344,427.44967103004456,-226.7627048492432,0.502453625202179,1497.781219482422,343.11834812164307,-337.9233741760254,0.666344940662384,637.9166221618652,721.0425424575806,-11.267553269863129,0.987427830696106,549.4836616516113,728.57257604599,12.496556639671326,0.9874681830406188,455.3788375854492,784.9941086769104,197.06424236297607,0.6293777823448181,463.46646308898926,764.6936917304993,244.971284866333,0.925659716129303,66.41189575195312,965.2482748031616,523.795280456543,0.6667754650115967,147.36651420593262,930.5960869789124,456.8412208557129,0.8514679074287415,16.41126573085785,991.532678604126,545.2796745300293,0.6820167899131775,124.32014465332033,943.5386037826538,488.89537811279297,0.8501068353652954,-97.11456298828124,1016.706519126892,435.60956954956055,0.6698049306869507,-16.114035844802856,992.6518034934998,452.7114486694336,0.8070465326309204,6.6584793961097075,4.866974302799107,1.700324863797338,15.041442229459072
random_1_frame18.jpg,random_1,FO,frame18,P2,241.3038681745529,-37.52238927781582,-225.2638465166092,0.8452759385108948,248.4786285161972,-38.12569487094879,-255.9729413986206,0.8685328364372253,248.71961867809296,-45.7814836204052,-256.25775265693665,0.8825414180755615,248.91396808624268,-49.17181572318077,-256.62780034542084,0.8756000995635986,244.77421963214877,-35.79556007683277,-259.6886547803879,0.8602755069732666,242.09401893615723,-42.22861337661743,-259.4489321708679,0.8668994903564453,239.48894011974332,-48.47233793139458,-260.3027968406677,0.8541879653930664,233.6140676736832,-101.3088645339012,-293.7273769378662,0.8805497884750366,221.69341015815732,-98.31863296031952,-296.20282912254333,0.8578976392745972,229.7769796848297,-73.07369831204414,-216.0971534848213,0.8791888952255249,225.2315627336502,-73.84350773692131,-218.6914839744568,0.8670498132705688,201.25971567630768,-135.3803231716156,-314.1084809303284,0.970086634159088,181.46511334180832,-150.57996886968613,-198.3466604351997,0.921565592288971,205.800993680954,116.911403298378,-356.643037557602,0.4751267731189728,192.1380724906921,-167.60050237178802,-214.0184839963913,0.678046703338623,223.7907954454422,181.61495113372803,-409.8346313238144,0.4828042089939117,247.6437771320343,-169.8054552078247,-208.9350298643112,0.64082932472229,231.13902938365936,220.7158076763153,-446.16188049316406,0.4696094691753387,263.0218777656555,-137.06672775745392,-214.8114932179451,0.633499026298523,243.27586925029755,275.3094495534897,-440.09392619133,0.4786701798439026,263.3541316986084,-188.08667051792145,-237.6164031028748,0.6333079934120178,241.3113441467285,352.990599155426,-414.5132964849472,0.4780063331127167,255.59769415855408,-214.9665013551712,-224.35436475276947,0.6188071370124817,31.315773904323574,52.56322741508484,-73.89105388522148,0.9372960925102234,25.780317708849907,38.815684273839,74.91787478327751,0.924632966518402,42.255358815193176,0.1083245955524034,210.680113196373,0.5843474268913269,51.68479087948799,-103.00521093606947,427.53491377830505,0.8377712965011597,2.724517132155597,-49.04130059480667,775.849977016449,0.6036853790283203,15.672728955745695,-12.2180952206254,809.162960767746,0.7688149213790894,3.466455027461052,-23.20553560554981,834.0013480186462,0.619575560092926,16.08755487203598,36.35240975022316,854.7695987224579,0.7718208432197571,-12.64120364561677,-106.93765032291412,853.1199181079865,0.608471691608429,-4.213774967938662,-46.599351555109024,889.752543926239,0.7320237755775452,37.519512423980814,68.06779050893174,80.2965991566108,87.86967008263875
random_1_frame19.jpg,random_1,FO,frame19,P2,302.0332078933716,285.3443696498871,-126.6009195446968,0.8605058193206787,306.30884313583374,278.3209562301636,-117.78604990243912,0.8810434341430664,306.64955604076385,278.00690615177155,-117.83582073450089,0.8937374353408813,306.9283399581909,277.56789243221283,-117.88521647453308,0.8874574899673462,303.783904671669,276.1239683628082,-141.0444848537445,0.8738572001457214,302.32616770267487,274.2232965230942,-141.09768325090408,0.8798330426216125,300.7127287387848,272.099643945694,-141.1666743159294,0.8683786392211914,301.35561060905457,271.31456673145294,-61.79694217443466,0.8911113739013672,293.1584528684616,264.5833045244217,-166.0218631029129,0.8715845346450806,296.7141442298889,288.1054308414459,-102.1354125738144,0.8909288644790649,293.750891327858,285.34790110588074,-132.71526885032654,0.880192756652832,290.68918323516846,301.22835969924927,13.56336174160242,0.973003387451172,245.3711074590683,272.6333544254303,-191.5753827095032,0.9294064044952391,270.14800548553467,344.8514759540558,55.56445828080177,0.4758032262325287,228.19688510894773,330.2791147232056,-217.3804467916489,0.7091470956802368,255.3523581027985,382.0044274330139,4.802557088434696,0.4852261543273926,239.81891763210297,381.0372307300568,-226.31772577762604,0.674430787563324,251.62968611717224,394.01567697525024,-0.2595255133928731,0.4687475860118866,239.81069147586825,393.6919345855713,-252.0845822095871,0.6668863296508789,251.51508903503415,392.066620349884,-20.768355794250965,0.4778832495212555,244.34547650814056,391.0835704803467,-251.64650058746335,0.666512131690979,251.32381796836853,387.2378532886505,-5.141180714592338,0.4765990376472473,244.1326311826706,386.5364370346069,-225.1079375743866,0.6505637764930725,230.5390373468399,380.1707956790924,64.60363295674324,0.9430156946182252,198.43114668130875,373.9035360813141,-64.49408668279648,0.9320817589759828,254.1668086051941,444.9063377380371,69.14826092123985,0.6146834492683411,207.1657078266144,455.1795735359192,-161.9114106297493,0.853568971157074,242.83486449718475,525.740674495697,135.42710661888125,0.6334340572357178,192.69658452272412,544.983962059021,-177.49340611696243,0.7916025519371033,232.47352921962735,536.9905498027802,138.25973695516586,0.6455580592155457,183.05358928442,560.1135256290436,-185.1894279718399,0.7927165627479553,273.9029612541199,543.6425077915192,93.77171397209167,0.6405208706855774,220.268603682518,567.4009921550751,-279.2276124954224,0.7582595348358154,32.25129212895437,11.044903040895282,77.54262564058978,76.0333427675846
random_1_frame20.jpg,random_1,FO,frame20,P2,302.47560954093933,284.8496971130371,-76.49017649888992,0.8744257092475891,306.878594994545,277.97370278835297,-63.22637262940407,0.8928931951522827,307.4220645427704,277.717077255249,-63.29908874630928,0.9043229222297668,307.8902311325073,277.3239724636078,-63.341577619314194,0.8986668586730957,303.88520538806915,275.78729009628296,-81.2453022301197,0.8864326477050781,302.3601070642472,273.9490712881088,-81.28202244639397,0.8918085694313049,300.7195838689804,271.88428270816803,-81.31986147165298,0.8815000653266907,302.38015508651733,271.3184436559677,9.386243127286434,0.9019114971160888,293.1907366514206,264.5294498205185,-70.96055686473846,0.8843790292739868,297.69872200489044,287.94202423095703,-46.85800640285015,0.9017825722694396,294.1236034631729,285.26809787750244,-70.53530597686768,0.8921486139297485,291.5679074525833,301.47515857219696,78.33089536428452,0.9756808876991272,245.3765139579773,272.0106282234192,-87.44665995240211,0.9364647269248962,270.02112090587616,339.38121223449707,76.56922391057014,0.4774569571018219,224.331885099411,320.8171925544739,-133.8639041185379,0.7374103665351868,246.1142553091049,372.0395030975342,-12.991138640791178,0.5021587014198303,230.78895211219788,361.6028990745544,-214.8770696520805,0.7058068513870239,236.4056577682495,381.2595973014832,-26.968195363879204,0.4857489168643951,229.13965952396396,372.5466508865357,-246.540075302124,0.6986363530158997,235.61413598060608,374.7266340255737,-44.62873746454716,0.4933150708675384,233.90847611427307,370.6085340976715,-246.73530423641205,0.6982053518295288,237.82976579666135,371.5654051303864,-22.170486986637115,0.4890139997005462,234.8487412929535,367.9045903682709,-215.3495821356773,0.682559072971344,230.4649243354797,377.8300545215607,63.74020990729332,0.9485609531402588,198.27834194898605,370.2059864997864,-63.60334011912346,0.938855528831482,254.96932446956637,444.909255027771,53.026462733745575,0.6444348692893982,206.78205335140228,455.1793432235718,-177.01449120044708,0.8680015802383423,242.7183790206909,525.7444362640381,101.60367435216904,0.6595391631126404,192.7132437825203,545.0051124095917,-219.0575220584869,0.8122362494468689,232.40252041816711,536.9508209228516,102.20851024985312,0.6683525443077087,183.04535019397736,560.1388983726501,-229.64616310596463,0.8120765686035156,273.63519728183746,543.9329316616058,53.04104928672314,0.6693519949913025,220.45643424987796,567.3647947311401,-330.02231645584106,0.7820583581924438,32.532957316489416,13.326098974331101,74.43031358431942,75.8153462909621
random_1_frame21.jpg,random_1,FO,frame21,P2,303.88507604599,284.5632653236389,-62.96473300457001,0.8869562149047852,308.5074256658554,277.801064491272,-49.22869473695755,0.9035621285438538,309.10384786129,277.5799262523651,-49.29904712736607,0.9138528108596802,309.6066781282425,277.21154165267944,-49.33579644560814,0.9087597131729126,305.262051820755,275.5685509443283,-68.13271218538284,0.89775550365448,303.63764464855194,273.7424235343933,-68.16934832930565,0.9025909900665284,301.8973469734192,271.69774889945984,-68.2102721631527,0.8933145999908447,303.640878200531,271.3280016183853,21.88491422683001,0.9116352200508118,293.83447217941284,264.47183334827423,-62.94476905465126,0.8958949446678162,299.15674352645874,287.79504656791687,-34.23507313430309,0.9115539789199828,295.28033554553986,285.1877956390381,-59.15549236536026,0.9029106497764589,291.8878221511841,302.1385157108307,86.20769217610359,0.9780890345573424,245.45101499557492,271.5571240186691,-83.2709673345089,0.9428173303604126,269.7330502271652,338.3423500061035,81.6570692062378,0.4790534377098083,223.12478721141812,319.01424992084503,-132.34059071540833,0.7627332806587219,242.99850809574127,369.745169878006,-13.339082576334476,0.5185167789459229,229.30138885974884,359.3275282382965,-213.00239849090576,0.7340843081474304,232.13043642044067,377.73186469078064,-27.08265825361013,0.5022063255310059,227.09077751636505,369.4537479877472,-245.02410852909088,0.7273053526878357,231.50985312461853,370.62173867225647,-44.12947057187557,0.508224606513977,231.69595050811768,367.6726274490357,-245.10505080223083,0.7268298268318176,234.33005368709564,368.1110653877258,-22.2209190800786,0.5010913014411926,232.82285630702967,365.2119703292847,-213.4416183233261,0.711459755897522,230.2513029575348,377.1209228038788,63.75172781944275,0.953541934490204,198.1273221373558,369.1495053768158,-63.615142583847046,0.9449518918991088,255.38629746437076,444.9126713275909,54.54704701900482,0.671106219291687,206.6854865550995,455.17799973487854,-182.11107355356216,0.8809878826141357,242.727484703064,525.7397532463074,105.67405018210412,0.6826561689376831,192.6840512752533,545.0724403858185,-225.6641343832016,0.830804705619812,232.6330856084824,536.9589202404022,106.57520231604576,0.6888508796691895,182.7811948657036,560.1781666278839,-236.2875684499741,0.8295193314552307,273.66380774974823,543.9106297492981,58.63631972670555,0.69490647315979,220.3885296583176,567.5148816108704,-336.54765021800995,0.8034651279449463,33.367274179287485,13.936188707761136,74.67713845060574,75.8443124944588
random_1_frame22.jpg,random_1,FO,frame22,P2,303.8572416305542,285.3192080259323,-69.64865309000015,0.8982084393501282,308.436132311821,278.94765532016754,-62.06621298193932,0.9131099581718444,309.04934310913086,278.8578143119812,-61.98953253030777,0.9223817586898804,309.58644902706146,278.6423954963684,-62.09219780564308,0.9177852272987366,305.2360540628433,276.50338876247406,-94.66764715313911,0.9078962206840516,303.62007999420166,274.62056612968445,-94.71569126844406,0.9122350811958312,301.8843868970871,272.4758207798004,-94.78473407030106,0.9038738012313844,303.98019421100616,272.49800753593445,-10.581287141889334,0.9202761650085448,293.8286776542664,264.5390653610229,-92.64815813302994,0.9061636328697203,299.0568138360977,288.4302672147751,-57.57953673601151,0.9203190803527832,295.25345826148987,285.6961909532547,-88.19999995827675,0.9125820994377136,291.9099913835525,303.3146632909775,61.64261767268181,0.9802642464637756,244.35021042823792,269.6652232408524,-97.3526076376438,0.948534607887268,268.6756011247635,332.6231954097748,-2.9186927368864417,0.5105399489402771,220.32998943328855,314.33199989795685,-160.89132845401764,0.7850931286811829,235.37374079227448,355.1608707904816,-149.51434743404388,0.5582610368728638,221.2455502748489,347.7323763370514,-282.110285282135,0.7592875361442566,222.8004231452942,361.115481376648,-174.96731650829315,0.5428869128227234,218.40643990039823,357.36265683174133,-319.8492773771286,0.7529919147491455,223.1860694885254,353.05643010139465,-189.66514247655869,0.5481429696083069,222.51638793945312,353.4635455608368,-323.693168759346,0.7525514960289001,226.5401165485382,350.7185678482056,-157.93957406282425,0.5388903021812439,223.90360760688785,350.5998418331146,-285.0577325820923,0.7374392747879028,228.70827782154083,377.2681691646576,63.75677862763405,0.9579513669013976,197.5701423287392,369.2653524875641,-63.6207560300827,0.9504376649856568,255.72838139534,444.9311347007752,85.77508819103241,0.6965155601501465,206.14384073019028,455.2035260200501,-193.4495494365692,0.8927207589149475,242.64299845695496,525.7233242988586,166.34660226106644,0.7034852504730225,192.36853420734408,545.2961504459381,-228.7842274904251,0.8475231528282166,232.5660605430603,536.9591121673584,169.61217933893204,0.7088397145271301,181.9087049365044,560.2860295772552,-239.33150494098663,0.8452945947647095,273.6810361146927,544.2124540805817,119.7777497768402,0.7170485258102417,220.0606733560562,569.3260962963104,-347.1389557123184,0.822694718837738,35.280125308434684,14.413640584354235,73.34665061702702,76.26313543105867
rob_DTL_2_frame25.jpg,rob_DTL_2,FO,frame25,P2,1051.5673828125,402.95795917510986,-155.36127090454102,0.9081881046295166,1060.0441360473633,387.6466763019562,-133.15874576568604,0.9215396046638488,1060.0055694580078,386.0985374450684,-133.36668491363525,0.929911971092224,1059.9379348754885,384.1822814941406,-133.52890491485596,0.9258431792259216,1056.8910598754885,384.341025352478,-188.45645427703855,0.916851818561554,1054.6379470825195,380.9204363822937,-188.54616165161133,0.9207261800765992,1052.2443008422852,377.320214509964,-188.6602735519409,0.91323584318161,1043.474235534668,369.5261228084564,-22.41422474384308,0.9277347922325134,1033.473243713379,362.6777350902557,-271.0699653625488,0.914925456047058,1035.8009719848633,404.5968961715698,-108.6219835281372,0.9280829429626464,1030.1743698120115,401.68388843536377,-181.28833293914795,0.92116379737854,1000.5476760864258,429.56841230392456,123.28223705291748,0.9822116494178772,926.5106391906738,385.9595239162445,-356.49044036865234,0.9536520838737488,982.1636581420898,527.264152765274,217.07894325256348,0.5354666113853455,889.4711494445801,505.3091239929199,-415.3143882751465,0.8031573295593262,981.3890075683594,623.5069942474365,113.06339979171752,0.5907224416732788,935.1494979858398,604.7108459472656,-409.60744857788086,0.7773524522781372,980.4444122314452,656.3568019866943,103.279767036438,0.5722659826278687,937.155990600586,638.1094336509705,-460.7669162750244,0.7703908085823059,974.7336959838868,652.9333162307739,57.225905656814575,0.5780813694000244,951.5355491638184,639.9131011962891,-463.65941047668457,0.7695664763450623,972.4893951416016,641.7848110198975,91.13793611526488,0.5676382184028625,946.6767311096193,623.938422203064,-408.68282318115234,0.7505711317062378,863.9848709106445,574.3894815444946,158.00724506378174,0.9619939923286438,802.7225875854492,566.3066124916077,-157.7738857269287,0.955293834209442,908.9627838134766,735.7119941711426,133.9023399353027,0.7019970417022705,847.5819969177246,742.4076247215271,-315.2966022491455,0.902945339679718,855.8623695373535,898.0161952972412,230.76388835906985,0.7167158126831055,830.1640892028809,939.1810655593872,-380.16921043396,0.862477719783783,831.2005233764648,911.7942094802856,233.4964227676392,0.7188140749931335,804.9752426147461,973.4405779838562,-396.4236831665039,0.859358012676239,927.788143157959,939.3370413780212,143.71277332305908,0.7338477969169617,895.8737182617188,972.5215888023376,-556.9980812072754,0.8398922681808472,30.49870198439948,7.5161210026406,81.22749092220853,79.02086817984036
tom_DTL_1_frame25.jpg,tom_DTL_1,FO,frame25,P2,489.3431643247605,333.30875968933105,-225.3345281481743,0.9171906113624572,494.6825301647186,327.8984397649765,-212.29520058631897,0.9290929436683656,494.79971265792847,327.4517478942871,-212.3709980249405,0.9366726875305176,494.7866345643997,326.8537714481354,-212.44821774959564,0.933025360107422,492.98109447956085,326.74145352840424,-236.6978824138641,0.9249041080474854,491.93075358867645,325.6480768918991,-236.75553703308103,0.9283973574638368,490.742728471756,324.38054394721985,-236.8692158460617,0.9216347336769104,489.8320144414902,321.5904813408852,-134.48179292678833,0.934370756149292,483.7865356206894,319.0746099948883,-253.21202820539477,0.9229357838630676,483.3817391395569,333.9663027524948,-191.8290769457817,0.935073971748352,481.2161872386933,331.8520151376724,-224.89885765314105,0.9288787841796876,477.3111448287964,335.4605892896652,-17.747524704784155,0.983913004398346,441.0801426172257,333.6951148509979,-256.9353995919228,0.9582667946815492,466.03324913978577,380.7519721984863,49.14229801297188,0.5579940676689148,427.97422778606415,386.4199649095535,-288.3905040621757,0.822049617767334,453.5805104970932,428.4600193500519,-16.138675287365913,0.6171532273292542,439.3776315450668,431.8806140422821,-325.78419041633606,0.7978585958480835,453.4510130882263,441.53853046894073,-19.8383556380868,0.5924592018127441,439.0487365722656,446.6097403764725,-363.6815568208695,0.7906239032745361,451.9107120037079,441.7851139307022,-53.34185770153999,0.598789393901825,442.3990180492401,445.21652841567993,-361.5134378671646,0.7896495461463928,450.9928171634674,437.07230484485626,-31.05692292004824,0.58809894323349,442.7737383842468,439.9464422464371,-324.8558192253113,0.7699376940727234,427.9274657964706,388.5332514047623,86.17850491404533,0.9656839966773988,399.4321732521057,389.36934030056,-86.22451239824295,0.9597248435020448,452.2660753726959,453.879254937172,21.13629137724638,0.6840229630470276,417.1409872770309,469.6215143203736,-200.2103830575943,0.9117175340652466,444.9970489740372,529.4776474237442,83.77125111222267,0.7075887322425842,408.527692437172,553.2523130178452,-214.7719035744667,0.875363826751709,433.2294012308121,543.275771021843,86.78392177820206,0.7118350267410278,396.7459605932236,568.2594425678253,-222.43563169240952,0.87038654088974,465.2380871772766,549.9343715906143,27.21087719500065,0.7402027249336243,437.79358649253845,574.3965368270874,-332.74406039714813,0.8547229170799255,2.789718200981589,1.6806504058300025,81.38659629711209,80.61482916228499
rob_DTL_2_frame26.jpg,rob_DTL_2,FO,frame26,P2,1027.452049255371,388.06915640830994,-233.41718673706052,0.923986554145813,1032.7705764770508,376.6321635246277,-207.8391981124878,0.9327602982521056,1031.8456649780271,375.4156422615051,-208.0682373046875,0.939783811569214,1030.9543991088867,373.8129150867462,-208.15073490142825,0.9368727207183838,1030.1469039916992,373.506692647934,-259.28375244140625,0.929130494594574,1027.2080612182615,370.5266404151917,-259.356050491333,0.932310163974762,1024.086456298828,367.250440120697,-259.4982433319092,0.926513671875,1014.2960357666016,359.8197662830353,-68.18483591079712,0.9379467964172364,1001.528091430664,352.70674109458923,-288.49267959594727,0.929231822490692,1014.0281295776368,388.4728074073792,-176.63336277008057,0.9412745833396912,1011.1769485473632,384.6716129779816,-243.59825134277344,0.9358521699905396,983.1975173950196,419.32180523872375,102.6205587387085,0.985480785369873,910.9838676452636,368.74431252479553,-320.9668064117432,0.9624337553977966,963.3281707763672,514.3994629383087,122.81989574432372,0.5618482232093811,879.0962791442871,486.92747354507446,-497.8220558166504,0.8394356369972229,958.8230323791504,601.6479134559631,-113.81170749664308,0.6248878240585327,924.1719818115234,586.0774326324463,-582.3227691650391,0.8168374300003052,957.4752616882324,629.5383596420288,-148.70139598846436,0.5984757542610168,926.4979934692384,620.0321388244629,-651.3384246826172,0.8094209432601929,955.1568603515624,624.6632623672485,-192.28021144866943,0.6056610941886902,943.026237487793,615.8631491661072,-646.9462966918945,0.8083540201187134,953.9089393615724,615.1157784461975,-140.0786590576172,0.5930758118629456,943.6762046813964,605.236644744873,-579.5930671691895,0.7885782122612,836.7716217041016,578.4259915351868,149.47099685668945,0.9690159559249878,777.7633666992188,558.7541127204895,-149.23662185668945,0.9636886715888976,887.0714378356934,724.1630244255066,96.811945438385,0.6766272783279419,828.336238861084,729.6277141571045,-304.1089725494385,0.9198256134986876,835.6058120727539,892.9690933227539,176.00106239318848,0.7065163850784302,812.6347160339355,919.4082498550416,-306.81172370910645,0.8867035508155823,808.9722633361816,925.3789758682252,174.58236694335938,0.7107886672019958,789.1033172607422,951.5697169303894,-311.8601989746094,0.8797895908355713,905.2090072631836,934.654097557068,60.60489892959595,0.746730625629425,877.0109367370605,961.8076014518738,-477.1441268920898,0.8678507208824158,35.00689433360028,18.437098962878522,80.32516478114168,78.82537146027136
tom_DTL_1_frame26.jpg,tom_DTL_1,FO,frame26,P2,487.0234851837158,329.75617122650146,-192.87178605794907,0.9314349889755248,491.6017198562622,324.408575296402,-189.95108699798584,0.939221739768982,491.71727192401886,323.9419380426407,-190.84577429294583,0.9455811381340028,491.7573734521866,323.22675359249115,-191.0936336517334,0.9429566264152528,489.8740586042404,322.59471982717514,-192.34925204515457,0.936024844646454,488.9024291038513,321.15697729587555,-192.40897071361545,0.938911199569702,487.9178255796433,319.568932056427,-192.5158849954605,0.9336848258972168,487.34325671195984,317.6385231614113,-88.4550818502903,0.943626582622528,482.5010318756104,314.3778765797615,-190.4064613580704,0.9360677003860474,480.930238366127,330.3226124048233,-152.35743069648743,0.9469700455665588,478.73814868927,327.8938192129135,-181.9962412118912,0.9421579241752625,476.1033811569214,338.92434763908386,11.728692065924406,0.9868506789207458,439.88684463500977,328.70422554016113,-205.8224115371704,0.9661821126937866,464.2136596441269,379.8255900144577,67.38682387769222,0.577356219291687,425.4224385023117,373.7495255470276,-251.94078201055527,0.8544422388076782,449.5305683612824,426.04535734653473,-62.84121505916119,0.64288330078125,435.79829263687134,423.61082696914673,-284.52908420562744,0.8312007188796997,447.984925031662,438.7373207807541,-19.60525249689817,0.608910322189331,434.8217371702194,436.2791870832443,-317.8348950147629,0.8217024207115173,446.6307352781296,439.03627049922943,-40.86728610098362,0.6169907450675964,438.4046491384506,435.4698588848114,-313.6403306722641,0.8200245499610901,446.1221812963486,435.1683678627014,-35.055053517222404,0.6025689840316772,438.86113357543945,431.4911015033722,-282.7338296771049,0.796527624130249,428.3873498439789,389.9940004348755,77.14745691418648,0.9719671010971068,399.0886738300324,387.2141993045807,-77.10952350497246,0.9672727584838868,449.2856576442719,453.4249391555786,15.609208714216948,0.6827208399772644,413.76618003845215,464.4888895750046,-199.51054894924164,0.9273729920387268,429.727177977562,529.9553354978561,66.88045535981655,0.7120646834373474,405.62463319301605,549.5004247426987,-215.92270642519,0.8976082801818848,428.2478964328766,542.2175875902176,68.28959825634956,0.7070858478546143,393.1999933719635,564.8586392402649,-223.4103485941887,0.8896650075912476,456.3461977243424,552.0183175802231,2.6977120907977223,0.7574876546859741,431.7175805568695,572.7996355295181,-336.4581001996994,0.880350649356842,15.758795989890992,5.419887466715859,80.54843565097356,79.24567171661441
rob_DTL_2_frame27.jpg,rob_DTL_2,FO,frame27,P2,996.1659622192384,404.2462241649628,-40.78864932060242,0.9359071850776672,997.9947280883788,398.12206506729126,-14.9651500582695,0.9428063035011292,998.9402389526368,397.70058274269104,-15.186864137649536,0.9484153985977172,999.9443435668944,396.7142915725708,-15.228336453437803,0.9466670751571656,1008.3943176269532,376.3542652130127,-50.308592319488525,0.9390509724617004,1005.1165008544922,373.869434595108,-50.3830361366272,0.9411323666572572,1001.8222045898438,371.3839280605316,-50.57588696479797,0.937364935874939,989.835090637207,381.33927941322327,118.60588788986206,0.947860062122345,983.4805297851562,362.3123216629028,-43.24670433998108,0.9414331316947936,989.7227096557616,403.522253036499,12.028955519199371,0.9520630836486816,983.2643508911132,397.5923717021942,-34.87618088722229,0.9478116035461426,987.670669555664,429.2345094680786,176.94777488708496,0.9881269931793212,917.7620315551758,369.589079618454,-154.82983589172363,0.9695603847503662,971.832160949707,518.0160677433014,122.13460922241212,0.5651137828826904,877.8819465637207,473.97221088409424,-333.43153953552246,0.8685029149055481,964.5965194702148,591.3998579978943,-215.4834079742432,0.6515615582466125,921.0525512695312,567.9050588607788,-446.5348434448242,0.8474156260490417,956.2377548217772,610.7960271835327,-268.51229667663574,0.6208791732788086,929.6225738525392,593.470995426178,-509.06450271606445,0.8382591605186462,954.4916725158693,601.5863728523254,-295.4543209075928,0.6287623643875122,941.2545204162598,587.7007269859314,-497.3719024658203,0.8366027474403381,955.843334197998,593.5898923873901,-235.6002759933472,0.6118588447570801,940.4106330871582,578.5378074645996,-441.5687370300293,0.8143460750579834,848.4066581726074,597.8238987922668,141.42614364624023,0.974733293056488,787.979621887207,570.1235461235046,-141.17684841156006,0.9705231785774232,896.7783737182617,735.338888168335,-36.72845005989075,0.6905054450035095,824.0196418762207,737.936532497406,-332.59838104248047,0.9340811371803284,849.2513465881348,908.3368635177612,-13.242682814598083,0.7213274836540222,826.7361259460449,927.133011817932,-303.4910202026367,0.907154381275177,819.8124504089355,944.5081257820128,-20.59768795967102,0.7139832973480225,808.0765914916992,958.2283973693848,-307.8241539001465,0.8968592882156372,914.3108367919922,943.1969118118286,-167.23325729370117,0.7674292922019958,889.4134140014648,973.7525939941406,-483.2662010192871,0.8913524746894836,40.47051660412217,24.627190838566833,78.1013014282874,77.93058973676402
tom_DTL_1_frame27.jpg,tom_DTL_1,FO,frame27,P2,488.3096133470535,329.8133120536804,11.10891791805625,0.942274570465088,492.54740130901337,325.7298991680145,29.98474907130003,0.948452353477478,492.7509269714356,325.8986648321152,29.909840561449528,0.9534884095191956,492.8955144882202,325.98322093486786,29.882420361042023,0.9519158005714417,490.5668853521347,322.3003906607628,8.98002240434289,0.9451157450675964,489.4814382791519,320.61144411563873,8.956596421077847,0.946990966796875,488.3713960647583,318.8871695995331,8.820236373692751,0.9436076283454896,488.29195618629456,320.6123297214508,105.63499626517296,0.9528627395629884,482.3866592645645,313.9895384311676,6.789133865386248,0.9472614526748656,482.0512079000473,331.52299332618713,38.28713348507881,0.9567276239395142,479.4720482826233,327.21386647224426,10.126776292920113,0.9529833793640136,478.2387875318527,344.0300576686859,164.753642141819,0.9891608953475952,440.9184876680374,322.51343661546707,-63.41072787344456,0.972602903842926,492.8205842971802,367.1914604902268,189.8953576683998,0.5689740180969238,422.1043839454651,369.6810139417648,-136.79621654748917,0.8812206983566284,510.0776664018631,393.7465047836304,161.26146161556244,0.6714596748352051,429.0463192462921,417.80279302597046,-160.5084478855133,0.8620456457138062,515.7241766452789,399.48311269283295,161.06027752161026,0.6380106806755066,427.63620936870575,431.919041633606,-184.54742342233655,0.8530395030975342,516.9501178264618,394.83764815330505,143.14915198087692,0.6456623673439026,431.3415073156357,431.0427539348602,-179.60128498077393,0.8513308763504028,513.4169858694077,393.6378448009491,151.30074155330658,0.6288770437240601,431.9722391366959,426.53401923179626,-157.41958951950073,0.8297896981239319,430.0385892391205,396.0727602243424,79.51351645588875,0.9772003293037416,399.9134956598282,389.65100145339966,-79.421432107687,0.9734550714492798,455.05111956596375,465.8342403173447,1.1908573578111827,0.7078151106834412,407.3184370994568,468.1506770849228,-209.8568472862244,0.9404295682907104,429.15122151374817,537.5256865024567,23.48369425535202,0.7367754578590393,406.863028049469,551.8966045379639,-248.87473225593567,0.916242778301239,421.860999584198,544.5271705389023,22.17312055081129,0.7336333394050598,395.9532616138458,565.686834692955,-256.454042494297,0.9063249230384828,456.7081521749497,555.5074504613876,-62.737414196133614,0.7836903929710388,434.010756611824,576.1380614042282,-355.3525804281235,0.90181165933609,29.96514064996304,12.033610389071663,80.71052820693833,79.2672767405391
rob_DTL_2_frame28.jpg,rob_DTL_2,FO,frame28,P2,996.6241836547852,409.3885016441345,-73.66250038146973,0.9444158673286438,998.2739639282228,405.4336810112,-44.87777352333069,0.949257791042328,999.2032241821288,406.0587108135224,-45.0973105430603,0.9537774920463562,1000.1832962036132,406.2927711009979,-45.16415119171143,0.9530455470085144,991.8577194213868,396.7996501922608,-90.39526462554932,0.94516259431839,987.5561141967772,393.4574353694916,-90.45974493026732,0.9461981058120728,983.7773895263672,390.2698767185211,-90.66499471664427,0.944364368915558,989.5730209350586,394.862505197525,97.9630208015442,0.9547475576400756,967.558937072754,377.76400208473206,-100.4785966873169,0.950976014137268,991.3154983520508,408.7993597984314,-16.089227199554443,0.9607139229774476,984.7871017456056,401.9100308418274,-75.30112266540527,0.9575133323669434,982.9989624023438,431.9043481349945,222.35582828521729,0.9901762008666992,914.1514778137208,369.75677132606506,-187.3501253128052,0.9753369688987732,962.6832962036132,515.6177866458893,105.80543518066406,0.5570172667503357,864.0263557434082,465.3210890293121,-332.2620677947998,0.8926765322685242,949.7763061523438,560.2482748031616,-166.75828456878662,0.6660517454147339,911.1981010437012,553.3049368858337,-414.73511695861816,0.8747941851615906,935.690746307373,572.6732325553894,-254.23470497131348,0.6335002183914185,919.7895240783693,573.3112335205078,-470.615930557251,0.8657619953155518,930.809154510498,559.2479825019836,-300.6407833099365,0.6399132013320923,927.8149795532228,567.1622586250305,-460.339879989624,0.8640080690383911,932.8949546813964,553.9236903190613,-221.62901401519773,0.6190558671951294,925.7726097106934,559.7294282913208,-408.3223342895508,0.8427764773368835,845.9993362426758,600.383563041687,148.07586193084717,0.9793976545333862,785.3159523010254,576.119441986084,-147.889666557312,0.9760674238204956,902.0634269714355,737.91348695755,4.56501692533493,0.7150699496269226,822.7379035949707,737.6524543762207,-361.6872310638428,0.9456717371940612,854.4055938720703,901.3982248306274,43.76493573188782,0.743569552898407,827.347469329834,925.5142879486084,-355.2454662322998,0.9235551953315736,827.5771522521973,938.9826679229736,38.143683671951294,0.7367041707038879,809.6091270446777,956.3881659507751,-363.33349227905273,0.9111773371696472,920.269832611084,935.6870269775392,-101.36361122131348,0.7898266315460205,905.5095291137696,970.9166407585144,-553.3098793029785,0.9103837609291076,42.07208633196572,21.793894331361887,80.46106785537886,78.41293225618274
tom_DTL_1_frame28.jpg,tom_DTL_1,FO,frame28,P2,488.2739174365997,326.3237556219101,-172.3574954867363,0.9498304724693298,492.73021709918976,322.2941336631775,-158.36540973186493,0.954118013381958,492.9271516799927,322.1529757976532,-158.43683624267578,0.9581454992294312,493.1183971166611,321.8718537092209,-158.53599733114245,0.9575281739234924,491.1326429843903,320.60928785800934,-179.43603962659836,0.9505477547645568,490.3094515800476,319.4757124185562,-179.4695327281952,0.9514747262001038,489.5108206272125,318.32165253162384,-179.612802028656,0.9498514533042908,488.55858278274536,317.75528836250305,-77.07742667198181,0.95881986618042,483.5209844112396,314.5950617790222,-151.99257963895798,0.9557652473449708,482.3791662454605,328.0051745176316,-139.61630621552467,0.9644124507904052,480.1894007921219,325.2273371219635,-169.10935842990875,0.9616710543632508,477.614403963089,338.9489905834198,42.693102434277534,0.9908740520477296,439.33340191841125,324.5100734233856,-198.3106425404549,0.97779381275177,487.0397200584412,362.1532490253449,168.93403565883636,0.5356062650680542,418.6966906785965,369.8362644910813,-235.4450912475586,0.9009661078453064,502.9472608566284,385.1192409992218,174.0761720538139,0.6560094952583313,421.807889342308,416.5111562013626,-281.47042340040207,0.8811008930206299,509.10523903369904,389.8040957450866,183.20105624198916,0.6226375699043274,418.36321663856506,427.6031764745712,-312.5853760242462,0.8704391717910767,510.6780445575714,388.17142367362976,152.58109384775162,0.6295374631881714,421.6312483549118,427.6307842731476,-319.05955266952515,0.8678553700447083,506.857749581337,387.4629390239716,161.0504776239395,0.6096490621566772,422.8577098846436,423.9035774469376,-283.8011512756348,0.8420658707618713,427.5873659849167,394.8799262046814,89.33643954992294,0.981353998184204,397.020565867424,392.51813101768494,-89.22268268465996,0.9784294962882996,459.5189362764359,460.7285687923432,16.74503853544593,0.7122490406036377,411.7175678014755,468.8081431388855,-220.67718315124512,0.9506581425666808,441.546860575676,526.1260914802551,70.50394584238529,0.7480800151824951,403.8372359275818,551.546636223793,-237.27735990285876,0.930881142616272,427.2590260505676,537.7552509307861,70.16905385255814,0.7472325563430786,389.9889224767685,567.8044337034225,-244.9415910243988,0.9188318252563475,460.79177820682526,549.094355225563,3.761798313818872,0.7992991805076599,431.0568419694901,576.6986883878708,-363.65796768665314,0.9187798500061036,20.66558860284896,4.41827608437111,80.97454650742897,80.28593032313155
tom_DTL_1_frame29.jpg,tom_DTL_1,FO,frame29,P2,483.4775873422623,328.76286804676056,-51.641029089689255,0.9548414945602416,488.3629664182663,323.4514664411545,-38.45020638406277,0.958687424659729,488.55091631412506,323.26186978816986,-38.473361894488335,0.9623144865036012,488.6950181722641,323.08159124851227,-38.48687361180782,0.9617555141448976,487.2338100671768,321.0168783068657,-57.02671028673649,0.9554845094680786,486.6546621322632,319.36479991674423,-57.07227547466755,0.9563198089599608,486.0272605419159,317.7304336428642,-57.138823717832565,0.9548577666282654,485.28167045116425,318.52212673425674,8.272088203579187,0.9629128575325012,481.0191138982773,312.5902619957924,-66.14544568955898,0.9601830244064332,477.8810652494431,328.5998010635376,-30.238202176988125,0.9679520130157472,475.7878071069717,325.4635628461838,-54.4761828482151,0.9654964804649352,478.0497969388962,335.9368141889572,74.28230506181717,0.9917762279510498,435.5404772758484,317.7763888835907,-105.09260228276251,0.9800134897232056,510.5182975530624,352.21193873882294,85.62720429897308,0.5785465240478516,415.971764087677,351.30307614803314,-213.41008204221723,0.9097551703453064,568.3769627809525,353.9143041372299,31.900730967521667,0.6892900466918945,415.37544465065,395.9689518213272,-298.50474429130554,0.890855073928833,582.5287435054779,354.08195316791534,25.550614088773727,0.657601535320282,412.74223816394806,408.6984187364578,-324.709809422493,0.8798701763153076,584.1958014965057,353.34243381023407,5.418766692280769,0.6640704870223999,417.5916438102722,407.8680670261383,-326.5536471605301,0.8772783875465393,578.799370765686,353.5058858394623,19.272554643452168,0.6461849212646484,418.1747810840607,403.31127858161926,-301.0689525604248,0.8519529104232788,421.9838712215424,404.9880769252777,63.93534328043461,0.9831642508506776,392.0090889930725,402.6803421974182,-63.86033070087433,0.9805633425712584,452.6529718637466,464.6289693117142,10.455135740339756,0.7290338277816772,408.6771018505096,470.9473432302475,-152.67636966705322,0.9553644061088562,423.34701097011566,537.3296595811844,27.71691615879536,0.7598015666007996,403.8527076244354,551.6135187149048,-172.2547266483307,0.937447190284729,415.89225482940674,551.4305448532104,25.191987700760365,0.7617730498313904,393.0341409444809,564.8900589942932,-179.96868574619293,0.9257156252861024,448.9223155975342,560.1575355529785,-20.58661901950836,0.8124405741691589,432.2051818370819,574.5673047304153,-261.446717441082,0.9263668656349182,23.132679505455382,4.402472048941941,76.66766902932333,76.79975458367235
tom_DTL_1_frame30.jpg,tom_DTL_1,FO,frame30,P2,482.2824854850769,326.9545764923096,-68.44486159086227,0.9593434929847716,486.4047213792801,320.99993628263474,-54.440187737345695,0.9627668857574464,486.5474356412888,320.7999818921089,-54.49448610842228,0.9660301804542542,486.6349929571152,320.524905025959,-54.52567233145237,0.9655158519744872,485.0692641735077,318.9147966504097,-76.53715744614601,0.9599164724349976,484.3615554571152,317.4780552387237,-76.578464448452,0.960669755935669,483.5841547250748,315.96172481775284,-76.63112372159958,0.959351658821106,482.0250517129898,315.6277166604996,8.37190081179142,0.9665319919586182,478.2695574760437,310.9104025363922,-89.54468303918839,0.9641510248184204,476.9750690460205,327.7203559875488,-42.00328069925308,0.971108853816986,474.9192066192627,325.5030685663223,-72.23828056454659,0.9689345955848694,475.9996236562729,340.5895560979843,61.01171725988388,0.992554008960724,429.9660179615021,318.6752595305443,-122.48509642481804,0.9820088148117064,508.0342923402786,351.88010609149933,72.8085218667984,0.6120031476020813,415.7392723560333,356.6645337343216,-228.990895986557,0.9158000349998474,560.5460293292999,351.89389073848724,24.29490897059441,0.7162485718727112,409.7377456426621,391.7533141374588,-328.0449661016464,0.8974363803863525,575.3422096967697,351.625975728035,18.479500092566013,0.683596134185791,404.71093583107,401.1929864883423,-355.9933029413223,0.8863638639450073,578.6340386867523,349.7215766906738,-0.4647515084361657,0.6900831460952759,409.8608601093292,400.9782078266144,-360.2580449581146,0.8837038278579712,572.95936024189,350.3306039571762,12.273149013519289,0.6745211482048035,411.7431342601776,397.0634835958481,-332.0656646490097,0.8579085469245911,422.9975101947784,411.2960931062698,65.66577105224133,0.9847517609596252,392.6529335975647,406.6930221319199,-65.6226254850626,0.982457995414734,452.9316705465317,469.2217210531235,25.25696839392185,0.7455940246582031,408.35413885116577,473.7333821058273,-128.24677714705467,0.9595322608947754,423.0175609588623,538.4194937944412,62.56193098425865,0.7721468210220337,402.8786498308182,551.2263934612274,-119.3610798418522,0.943386971950531,413.4523404836655,547.8732203245163,54.05071118474007,0.7762882709503174,393.7288409471512,563.2375955581665,-124.48543766140938,0.9319544434547424,447.4611768722534,557.0498677492142,32.089103646576405,0.8240348100662231,431.125736117363,571.2636870145798,-203.55065649747849,0.9331653118133544,25.456782310399944,8.625629727439472,75.91692150008461,76.98580512178674
tom_DTL_1_frame31.jpg,tom_DTL_1,FO,frame31,P2,485.67793321609497,330.1574276685715,-55.14141377806664,0.963404417037964,488.676008105278,323.0446653366089,-45.44162683188915,0.9664783477783204,488.2685058116913,322.09496861696243,-45.48234844207764,0.9694149494171144,487.7772620916367,321.0571348667145,-45.51665675640106,0.9689514636993408,488.9610550403595,322.9024293422699,-68.52266670763493,0.9639190435409546,488.8150452375412,322.0795667767525,-68.55228321254253,0.9645969271659852,488.6148151159287,321.17938697338104,-68.58104114234447,0.9634094834327698,483.3024033308029,315.01788079738617,5.194077478721738,0.9698641896247864,484.2628626823425,314.9776627421379,-101.53602862358092,0.967731237411499,480.44013941288,330.3820635080337,-34.9454420953989,0.973987877368927,480.7407968044281,329.9498493671417,-65.76539611816406,0.9720372557640076,469.5710642337799,336.7088314294815,51.97594276070595,0.9932757019996644,436.0630112886429,320.02093756198883,-136.15965682268143,0.9838040471076964,509.2493755817413,351.17909133434296,62.72718934714794,0.640876054763794,418.8081146478653,352.3582947254181,-245.34291851520535,0.920142412185669,558.9809596538544,353.461413025856,19.467340618371964,0.7391861081123352,403.7908555269241,378.5227483510971,-355.4565460681915,0.903804361820221,573.5435035228729,363.33845913410187,16.209609635174274,0.7043851017951965,395.64573562145233,386.0234060287476,-383.2352492809296,0.8935304284095764,574.1394066810608,361.3799611330032,-2.762793601490557,0.7112427949905396,399.2750626802445,383.48683845996857,-388.8298634290695,0.8909574151039124,569.704406619072,352.4905580282212,7.849212862551212,0.6978393793106079,403.3729462623596,381.8938646316528,-360.5807651281357,0.8651514649391174,421.3392287492752,411.6982351541519,66.9287046790123,0.9862110614776612,399.0703922510147,406.3248026371002,-66.88839067518711,0.9841675162315368,452.110352396965,469.4373083114624,49.8943100720644,0.7599496245384216,408.8920751810074,472.6314574480057,-122.6975027024746,0.9633191823959352,425.2350783348084,536.6430070400238,91.2876945734024,0.7825984358787537,403.9639234542847,552.287233710289,-127.63182923197746,0.948724627494812,415.6226449012756,546.3189821243286,91.73599219322205,0.7872132658958435,395.3205177783966,562.920587182045,-133.5690755546093,0.9372147917747498,452.2912255525589,553.5037865638733,62.56824888288975,0.8336495161056519,433.768447637558,571.2249128818512,-206.1054117679596,0.9392035603523254,26.47451509716893,13.566048608215292,79.90118116177712,80.55184783474544
grant_DTL_1_frame142.jpg,grant_DTL_1,FO,frame142,P2,512.5515067577362,524.4194447994232,129.88900780677795,0.9665197730064392,512.2834575176239,514.2938268184662,136.97264671325684,0.969501495361328,511.8401205539704,513.402453660965,136.87040627002716,0.9720590114593506,511.42781138420105,512.573618888855,136.83261930942535,0.971737027168274,510.7255017757416,514.1994559764862,108.45295429229736,0.9671229124069214,509.40054416656494,512.8355205059052,108.42821896076202,0.9675959944725036,508.1752681732178,511.5831434726715,108.32065165042876,0.9666421413421632,503.5786807537079,503.9210486412048,184.6265745162964,0.9726026654243468,498.611433506012,502.2553324699402,58.73351365327835,0.9705153703689576,508.38139057159424,527.0304465293884,152.5985687971115,0.9764652252197266,506.18627071380615,525.7228374481201,115.1827186346054,0.9747090935707092,490.7370686531067,525.6944489479065,54.36679422855377,0.993878960609436,475.7514488697052,499.2798829078674,-68.99049282073975,0.985421359539032,527.582026720047,603.7948179244995,-20.67938692867756,0.5911217927932739,510.3834879398346,553.8628578186035,-322.4942636489868,0.9237138032913208,562.9221367835999,666.6134834289551,-350.0060999393463,0.7240983247756958,544.1133069992065,571.0699582099915,-512.4855887889862,0.910821795463562,565.0900912284851,662.3741984367371,-417.1428430080414,0.7020363211631775,544.0222835540771,556.5861582756042,-572.8832817077637,0.901340663433075,560.4552340507507,647.7606225013733,-422.66289353370667,0.7089051008224487,550.0566744804382,591.3980555534363,-569.0384745597839,0.8987449407577515,561.7411494255066,671.8934226036072,-364.23282623291016,0.6942927837371826,547.3183107376099,583.3352065086365,-515.9476339817047,0.8746324181556702,460.3757607936859,611.0151529312134,105.67644953727722,0.9875811338424684,447.3772072792053,611.7858266830444,-105.74789553880692,0.985747754573822,566.2738466262817,762.8465723991394,-14.989959932863712,0.7429982423782349,546.003041267395,776.8757700920105,-298.6737370491028,0.9662197828292848,561.3048934936523,903.1529688835144,-105.94875544309616,0.7820002436637878,553.4227395057678,938.2049775123596,-468.6403548717499,0.9534916877746582,547.4188613891602,861.9581007957458,-126.85798823833466,0.7843108773231506,541.4175581932068,944.9069166183472,-489.9702572822571,0.9420318603515624,615.5867314338684,953.5195755958556,-240.8953821659088,0.8348786234855652,598.3637952804565,1015.0147318840028,-622.7576279640198,0.9446524381637572,60.43271350043581,3.3930485087412743,83.07356646868601,86.48183371102361
grant_DTL_1_frame150.jpg,grant_DTL_1,FO,frame150,P2,690.2885270118713,294.7106444835663,-34.98923286795616,0.969838559627533,697.8630423545837,280.0525224208832,1.9880998833104968,0.9725114703178406,697.9627561569214,280.44381380081177,1.8125298991799357,0.974811315536499,697.8906583786011,280.63300609588623,1.7281605117022991,0.9745336174964904,691.626455783844,273.09637427330017,-45.90366974473,0.970371663570404,687.4515438079834,268.5875916481018,-45.937952399253845,0.9707931280136108,682.9749798774719,263.640541434288,-46.119279116392136,0.9699452519416808,681.9437885284424,271.10010266304016,174.29697453975675,0.975263774394989,660.0292181968689,252.0745289325714,-39.69142824411392,0.9734169840812684,675.0024461746216,303.49019050598145,32.78038747608662,0.9787937998771667,667.244725227356,296.4857625961304,-29.883106872439384,0.9772242903709412,657.4499201774597,352.7276301383972,309.1568183898926,0.9944844245910645,549.7571468353271,282.5732731819153,-154.06809210777283,0.9868781566619872,638.567705154419,460.3265476226807,245.42489290237427,0.6136429905891418,518.9135241508484,417.60294914245605,-252.83316493034363,0.9309291243553162,607.9322648048401,559.5151948928833,-49.232575446367264,0.740311324596405,572.7367043495178,553.9829134941101,-310.47810673713684,0.9187408089637756,599.3299698829651,595.8061265945435,-102.66598910093307,0.7155942916870117,569.281804561615,587.146475315094,-370.9806954860687,0.9093375205993652,591.7631149291992,586.9840621948242,-134.58290308713913,0.7216380834579468,579.3355822563171,588.1347942352295,-380.7595682144165,0.906809389591217,592.2062587738037,572.4239802360535,-71.28617942333221,0.7056106328964233,581.1102819442749,576.3385033607483,-311.16599678993225,0.883655309677124,524.3589341640472,542.1548867225647,158.64371001720428,0.9887438416481018,445.5235540866852,520.451363325119,-158.360356092453,0.98712420463562,580.4590201377869,720.6057071685791,0.5868412647396326,0.7349904179573059,500.90404629707336,726.8960452079773,-358.0112385749817,0.9676578044891356,522.5237882137299,907.4143981933594,13.726744093000889,0.7628442049026489,494.91761326789856,944.825677871704,-386.7516982555389,0.954681932926178,498.56624364852905,938.3597946166992,5.146266594529152,0.7730726003646851,474.0938115119934,986.5129351615906,-401.1877977848053,0.9417802095413208,614.4841504096985,978.7136936187744,-127.83347278833388,0.8249002695083618,582.5541687011719,993.784704208374,-601.0191822052002,0.9471638798713684,33.08144781879762,15.392327036222351,76.9120907856268,76.03448207159765
grant_DTL_1_frame156.jpg,grant_DTL_1,FO,frame156,P2,690.5035972595215,294.3618714809418,-34.972741305828094,0.9727094769477844,698.3278155326843,280.0760507583618,1.5395420417189598,0.9750299453735352,698.5533785820007,280.5249881744385,1.363922143355012,0.9771105647087096,698.6512899398804,280.8004081249237,1.2871121848002076,0.9769127368927002,692.4846124649048,273.14375281333923,-45.951539129018784,0.9731115698814392,688.5276031494141,268.6556339263916,-45.98834440112114,0.9734798073768616,684.2359828948975,263.7264955043793,-46.17424964904785,0.972758412361145,683.5515689849854,271.9852316379547,161.1311960220337,0.9773216843605042,661.7953562736511,252.24172174930573,-45.94925791025162,0.9757861495018004,675.2947640419006,303.49534034729004,30.08993536233902,0.9807918667793274,667.4152493476868,296.4056503772736,-31.16722583770752,0.9794304966926576,658.8871121406555,353.017920255661,268.3792644739151,0.9950219392776488,549.4076013565063,281.6761386394501,-154.9958038330078,0.9881874918937684,638.5750436782837,460.0870156288147,190.85583865642548,0.6278943419456482,517.6186609268188,418.08812856674194,-239.4073837995529,0.9369818568229676,606.6246557235718,552.6332688331604,-109.61809784173964,0.74977707862854,573.2387495040894,549.3990397453308,-272.51373410224915,0.9248796701431274,597.2023773193359,585.205500125885,-168.53718280792236,0.722115159034729,571.1267995834351,581.8882298469543,-327.9622042179108,0.9151153564453124,591.3269233703613,572.1168565750122,-193.3715683221817,0.727530300617218,582.3084568977356,576.5041995048523,-338.03117394447327,0.9125828742980956,591.9665336608887,559.7637391090393,-128.65304589271545,0.7099466323852539,583.0663204193115,564.3417549133301,-272.5216519832611,0.8894480466842651,527.2139418125153,543.1945109367371,153.56519401073456,0.9897282123565674,446.6940808296204,520.4461169242859,-153.26119244098663,0.9883171916007996,580.5895686149597,722.0386505126953,-0.2520130510674789,0.7026815414428711,502.8849971294403,728.1683135032654,-332.73826360702515,0.9655036330223083,519.5723819732666,908.4560823440552,15.652701258659365,0.7239944338798523,495.1497745513916,944.803147315979,-325.3205609321594,0.9497669339179992,495.3974175453186,939.8401808738708,8.347196727991104,0.7445148825645447,474.8746240139008,984.7375917434692,-334.8500525951385,0.9322753548622132,603.4297585487366,975.972626209259,-127.63773053884506,0.7950731515884399,582.5517868995667,994.9774074554444,-529.4971883296967,0.9432194232940674,33.09007757991228,15.775996357981667,75.50161435138212,75.29555098134522
grant_DTL_1_frame160.jpg,grant_DTL_1,FO,frame160,P2,690.4993486404419,293.9722216129303,-17.439368292689323,0.9753885865211488,698.4319067001343,280.14753699302673,17.552338913083076,0.9774538278579712,698.7411546707153,280.73152899742126,17.37728253006935,0.9793258905410768,698.9675545692444,281.199392080307,17.32473000884056,0.9791676998138428,692.7141666412354,273.1731712818146,-27.34625078737736,0.97573322057724,688.8598322868347,268.692085146904,-27.396389320492744,0.97606360912323,684.6869158744812,263.77401888370514,-27.59464614093304,0.97543203830719,684.6425628662109,273.25106263160706,167.8510469198227,0.9794491529464722,662.6535773277283,252.3454910516739,-29.93628904223442,0.9781340956687928,675.3158783912659,303.4754490852356,42.27494671940804,0.9826657772064208,667.4353981018066,296.06411933898926,-16.26955971121788,0.9814627170562744,660.2827835083008,352.8831875324249,274.8351860046387,0.9955105185508728,549.4934105873108,279.1886043548584,-145.5799788236618,0.989367663860321,638.5420846939087,458.0917739868164,200.7038640975952,0.641942024230957,513.7990236282349,411.1253821849823,-236.49225175380707,0.9429469108581544,605.594494342804,541.5225505828857,-90.69099873304368,0.7577767968177795,572.7910995483398,542.4772024154663,-276.83937549591064,0.931239128112793,592.6776623725891,573.5051894187927,-146.9238942861557,0.7277295589447021,569.3935561180115,573.5481262207031,-332.2267234325409,0.921464502811432,588.5433053970337,556.0822463035583,-175.06689190864563,0.732111394405365,581.672580242157,566.4817714691162,-340.89274764060974,0.9189801216125488,590.8858394622803,543.8784742355347,-110.4696562886238,0.7126191854476929,582.8193855285645,555.542414188385,-276.5326380729676,0.8966420888900757,527.9471504688263,543.1636762619019,147.62776494026184,0.9906851053237916,447.00310349464417,517.570059299469,-147.32844650745392,0.989437222480774,581.4074277877808,722.3099184036255,-62.946317195892334,0.6856293678283691,502.8434121608734,717.0945453643799,-377.849907875061,0.9662495255470276,516.5548002719879,909.1705584526062,-113.31066280603407,0.6963935494422913,495.20835399627686,943.7722778320312,-457.4142158031464,0.948749840259552,492.9519188404083,939.873912334442,-127.51454472541808,0.7268269062042236,476.04012966156006,981.4456844329834,-474.4886112213135,0.9302865266799928,600.4301691055298,976.0686707496644,-269.0130972862244,0.77946937084198,582.4655270576477,996.2279176712036,-662.3850131034851,0.9444804787635804,33.63095182266015,17.54638118587034,75.23683561000506,74.65425762154314
grant_DTL_1_frame162.jpg,grant_DTL_1,FO,frame162,P2,690.5135750770569,293.9294457435608,-17.994718328118324,0.9778063297271729,698.5812520980835,280.2587413787842,17.51944027841091,0.9796480536460876,698.9522981643677,280.9295725822449,17.340066879987717,0.9813332557678224,699.2564606666565,281.4956045150757,17.284002006053925,0.981206238269806,693.0331993103027,273.30397725105286,-26.095440834760662,0.978102445602417,689.3179106712341,268.8710904121399,-26.148405745625496,0.9783983826637268,685.2690410614014,263.9879143238068,-26.339348182082176,0.9778449535369872,685.2685260772705,274.0918064117432,169.65994477272034,0.9813884496688844,663.393030166626,252.6397079229355,-20.044504031538963,0.9802571535110474,675.3916454315186,303.4921860694885,42.34191879630089,0.9843613505363464,667.5760531425476,296.0499894618988,-14.737885259091854,0.9832959771156312,661.4997553825378,352.89660930633545,271.9956922531128,0.9959514141082764,548.6366701126099,278.3118760585785,-132.31759250164032,0.9904299974441528,638.1366634368896,457.0435881614685,189.21846270561215,0.6578002572059631,510.8991479873657,411.0598504543304,-219.35386955738068,0.9483060240745544,603.8958191871643,535.0363898277283,-102.21184551715852,0.7670069336891174,572.3281288146973,539.5927119255066,-263.03442120552063,0.936897039413452,589.8802042007446,564.5205187797546,-160.93476176261902,0.7351835370063782,568.2764911651611,569.5645952224731,-318.0252957344055,0.9270644783973694,586.196780204773,546.4656257629395,-181.7172360420227,0.7386915683746338,580.9460663795471,561.1766624450684,-327.841215133667,0.9246471524238586,588.9712572097778,534.8695027828217,-119.27624702453612,0.7174015045166016,582.209644317627,551.1136794090271,-263.2899820804596,0.9030396342277528,527.9981660842896,543.1036806106567,142.952481508255,0.9915542602539062,447.1436619758606,516.51447057724,-142.64283120632172,0.9904587268829346,581.557867527008,722.3336720466614,-65.07615476846695,0.6743478775024414,501.0613739490509,709.5002675056458,-410.94568490982056,0.967387855052948,514.0753769874573,909.740388393402,-110.49264550209044,0.6770987510681152,495.5665576457977,943.4020686149596,-506.0140728950501,0.949546754360199,491.1578106880188,939.898374080658,-124.36078190803528,0.7151244282722473,477.5169110298157,980.2512431144714,-524.6599745750427,0.9304088354110718,597.9280543327332,976.1168217658995,-269.06121611595154,0.7692276835441589,582.4888300895691,997.2964453697203,-720.237557888031,0.9467691779136658,33.45842638208029,18.203582205106922,74.40305159017667,74.19272338445174
grant_DTL_1_frame166.jpg,grant_DTL_1,FO,frame166,P2,690.6079459190369,293.3812129497528,-15.06826065480709,0.9800062775611876,698.934531211853,280.2357280254364,22.606797516345974,0.9816631078720092,699.4621968269348,280.9315037727356,22.430556267499924,0.983178734779358,699.9319911003113,281.5195834636688,22.381962686777115,0.9830693006515504,693.3104538917542,273.1249237060547,-14.514997713267803,0.9802712202072144,689.6206569671631,268.6087381839752,-14.577441550791264,0.9805359840393066,685.5966353416443,263.6701691150665,-14.728647731244564,0.9800443649291992,686.6546702384949,274.3226158618927,189.14741098880768,0.983211636543274,663.9252018928528,252.51620829105377,30.09612925350666,0.9822092056274414,675.8571910858154,303.2184398174286,48.42502400279045,0.9859100580215454,667.8301334381104,295.25800824165344,-0.0402102644147817,0.9849584102630616,664.5375823974609,353.5829544067383,274.63955640792847,0.9963502287864684,548.4543013572693,276.4927911758423,-72.1897754073143,0.9913864135742188,637.4004936218262,455.91245770454407,136.55761778354645,0.6692053079605103,507.56916403770447,401.4176738262177,-197.94119954109192,0.9529751539230348,600.2846217155457,517.2163617610931,-197.32984900474548,0.7769391536712646,565.9839105606079,521.8782877922058,-283.9707148075104,0.9417068362236024,581.4645266532898,543.115975856781,-263.9299303293228,0.7453445196151733,562.1589303016663,552.6963543891907,-344.8710000514984,0.9317777752876282,576.7114162445068,523.7350308895111,-278.05992007255554,0.747929036617279,576.9499826431274,544.3659067153931,-346.7872881889343,0.9294281601905824,581.5771794319153,513.2761216163635,-211.8773460388184,0.724697470664978,578.2416915893555,535.1075541973114,-283.54604601860046,0.9083850383758544,528.239758014679,543.3401870727539,138.10326218605042,0.9923582077026368,447.5298035144806,514.3334484100342,-137.77875781059265,0.9913942813873292,581.8182563781738,722.1653366088867,-60.70342451334,0.6698783040046692,496.5244603157044,703.3500051498413,-436.0304653644562,0.9692443013191224,512.3379492759705,909.8265194892884,-91.09473824501038,0.6681274175643921,496.7253684997559,941.388545036316,-545.6719064712524,0.9517914056777954,489.840384721756,939.9028158187866,-103.31257581710815,0.7074141502380371,480.1291036605835,978.382043838501,-565.3309750556946,0.9307092428207396,595.5934381484985,975.9458470344543,-260.8030432462692,0.7640140652656555,583.3984851837158,997.2827982902528,-779.0099287033081,0.9493874311447144,33.587881959454585,19.768173814163173,71.49468001770744,73.69303493533387
grant_DTL_1_frame168.jpg,grant_DTL_1,FO,frame168,P2,690.7204055786133,292.9875719547272,-5.775308646261692,0.9819950461387634,699.2244029045105,280.23685455322266,33.76986712217331,0.9834886193275452,699.890148639679,280.9662652015686,33.57865110039711,0.984852135181427,700.5044603347778,281.62190437316895,33.532986491918564,0.9847557544708252,693.5003542900085,273.02324652671814,-0.2387583546806126,0.9822340607643129,689.8034763336182,268.4297490119934,-0.2958923613186925,0.9824711084365844,685.7742404937744,263.4312969446182,-0.4269748704973608,0.9820318222045898,687.5437259674072,274.5153486728668,213.2582437992096,0.9848756194114684,664.242753982544,252.36266255378723,60.60983419418335,0.9839759469032288,676.2374424934387,303.08122873306274,62.09711238741875,0.987311601638794,668.0228018760681,294.7759509086609,16.92012146115303,0.9864583611488342,665.956621170044,353.58076572418213,277.01643347740173,0.9967121481895448,548.8930034637451,274.73122358322144,-36.56109720468521,0.9922473430633544,637.0815896987915,451.8781363964081,104.53625053167345,0.6813036203384399,505.7170557975769,390.3317070007324,-209.07732903957367,0.9569008350372314,598.488872051239,510.6169366836548,-264.2575407028198,0.7892782092094421,557.7014851570129,503.22630286216736,-381.0333466529846,0.9457772374153136,577.9386234283447,535.1273167133331,-335.1274037361145,0.75899338722229,555.6040191650391,535.9666121006012,-449.5821762084961,0.9359254837036132,572.4041533470154,516.2728786468506,-349.7089219093323,0.7608194351196289,569.768271446228,530.6816518306732,-452.0973587036133,0.933649241924286,577.8389096260071,505.951019525528,-279.00452971458435,0.736488938331604,571.3295745849609,520.3802633285522,-382.0743870735169,0.913017988204956,528.2777059078217,543.3551859855652,137.4759954214096,0.9931035041809082,447.9022979736328,512.8424084186554,-137.1562546491623,0.9922465085983276,584.7514128684998,718.9232540130615,-59.3418949842453,0.6714022159576416,496.7129123210907,696.5365719795227,-494.6485984325409,0.971333622932434,511.2474060058594,904.8585963249208,-93.1616511940956,0.6640493273735046,497.64461517333984,940.0423121452332,-644.9428868293762,0.9543177485466005,478.9063704013825,940.2745056152344,-105.5953797698021,0.7034615278244019,481.5166962146759,977.2031164169312,-668.047456741333,0.9316742420196532,589.2449069023132,972.1133351325988,-270.37291288375854,0.7619282603263855,585.5061221122742,997.4499750137328,-893.143994808197,0.9523184299468994,33.96268922323484,20.788177913715586,69.52857476318125,73.68706282845372
rob_DTL_1_frame817.jpg,rob_DTL_1,FO,frame817,P2,927.0067977905272,469.54070806503296,-13.403115570545197,0.9828035831451416,930.0431442260742,461.2765002250672,15.508958101272585,0.9840248823165894,930.2166366577148,461.0588228702545,14.988040924072266,0.9856640696525574,930.772819519043,459.53659415245056,14.827796816825868,0.9851313233375548,924.913444519043,459.24150824546814,-8.39894413948059,0.9829475283622742,921.5276527404784,458.5480499267578,-8.651372194290161,0.9835097789764404,918.2637405395508,456.9465780258178,-8.614894151687622,0.9824635982513428,906.931972503662,461.3211750984192,54.35164332389832,0.9858136177062988,899.0164375305176,462.41374611854553,-77.71981000900269,0.9847998023033142,919.3897247314452,473.1750476360321,32.927130460739136,0.9878698587417604,911.4194869995116,473.04601192474365,14.801238477230072,0.98667711019516,859.5296859741211,485.374538898468,107.79391050338744,0.996973991394043,839.8595237731934,514.3897747993469,-111.68880701065063,0.9928462505340576,806.2481689453125,611.9690322875977,127.54550457000732,0.6383578777313232,716.6748046875,677.4024653434753,-235.24153232574463,0.9442321062088012,769.4363594055176,719.4142913818359,-3.654408305883408,0.758586585521698,621.2604331970215,850.2211618423462,-332.340087890625,0.9181244373321532,763.9631080627441,734.8137331008911,24.64158833026886,0.7289620041847229,613.0714988708496,870.8408689498901,-322.6369857788086,0.9044212698936462,770.306510925293,729.1879177093506,5.620323568582535,0.7329323291778564,618.6892890930176,867.2689390182495,-299.62964057922363,0.9005624055862427,770.8656692504883,729.9483561515808,-9.400388896465302,0.709838330745697,616.527099609375,864.9495792388916,-347.4203109741211,0.8776282072067261,682.3742294311523,680.4270315170288,81.14948272705078,0.9934179782867432,656.7648696899414,705.677604675293,-81.49312734603882,0.9924578070640564,608.3450317382812,755.7544684410095,-1.719957813620567,0.6260889768600464,712.5749015808105,739.3164968490601,-75.5920672416687,0.9258145689964294,565.1491928100586,915.347535610199,49.508585929870605,0.6111750602722168,621.5454483032227,917.6875591278076,-28.12649130821228,0.8844972848892212,542.1443939208984,951.2653613090516,51.97036027908325,0.6639487743377686,582.6426887512207,936.8071818351746,-20.62523066997528,0.8870468139648438,580.6464385986328,966.9884061813354,3.2208991795778275,0.7034120559692383,636.7276382446289,973.9049005508424,-25.88383018970489,0.8775729537010193,55.86566196659357,44.59581905079525,84.87880228051633,81.0517965297046
rob_DTL_1_frame819.jpg,rob_DTL_1,FO,frame819,P2,928.208827972412,497.2104513645172,192.24835395812988,0.918304204940796,930.948371887207,485.4173791408539,198.19536209106445,0.9156872034072876,930.4920387268066,484.1097378730774,197.8238010406494,0.9273261427879332,930.5579566955566,481.97001099586487,197.69486904144287,0.9187639355659484,929.0640449523926,483.9365100860596,176.89445972442627,0.9140511751174928,927.3002815246582,482.1683442592621,176.81573867797852,0.9237595796585084,925.9088516235352,479.6905946731568,176.12573146820068,0.9162241816520692,913.9061164855956,477.90910363197327,217.06538200378415,0.9194096326828004,903.0556297302246,480.59648394584656,120.81779479980467,0.9150626063346864,918.361473083496,497.8937065601349,202.84624099731445,0.9201107025146484,915.216121673584,497.20356345176697,174.35693264007568,0.9134446978569032,906.3546752929688,528.0985236167908,212.03202724456787,0.9950960278511048,878.3724403381348,514.7571516036987,17.8596031665802,0.9926242232322692,859.7380256652832,622.7301406860352,283.1391906738281,0.5818082094192505,803.3233451843262,611.8965482711792,-92.96361207962036,0.8788720369338989,831.295108795166,689.230170249939,266.61083221435547,0.6968209743499756,775.2660369873047,764.934446811676,-63.16494941711426,0.8369647264480591,816.5214157104492,703.9711403846741,283.8743019104004,0.6748321652412415,765.6678199768066,798.9856481552124,-48.38251948356629,0.8249000310897827,829.0070343017578,696.9044637680054,275.26594161987305,0.6794098615646362,758.9755439758301,805.055251121521,-24.48197901248932,0.8207573890686035,834.1711235046387,694.3370747566223,264.6719169616699,0.6575949788093567,764.7667121887207,789.230625629425,-52.15070128440857,0.8013543486595154,762.2663497924805,657.1126055717468,87.92163848876953,0.9933518171310424,744.9108695983887,659.9600172042847,-88.88726949691772,0.9928188323974608,763.7392616271973,756.7925477027893,199.53307628631592,0.589701771736145,730.8857345581055,777.478494644165,-134.36864376068115,0.9274629950523376,754.453010559082,909.1046404838562,160.3521966934204,0.589289128780365,740.2875137329102,915.6194472312928,-260.82484245300293,0.8786654472351074,732.861499786377,944.2675638198853,155.71482181549072,0.6501476764678955,714.1838264465332,932.378704547882,-261.30738258361816,0.8844360113143921,778.1597900390625,941.7744612693788,159.2550802230835,0.6748368740081787,783.9114189147949,968.1012225151062,-78.30799341201782,0.863447368144989,25.490875895742747,9.317176607495677,81.79954869632108,84.39383258379168
rob_DTL_1_frame821.jpg,rob_DTL_1,FO,frame821,P2,918.7404441833496,520.8525359630585,262.9910945892334,0.8983772397041321,912.1636962890624,512.984254360199,259.06331062316895,0.8967962265014648,911.4544486999512,511.6563355922699,258.7891101837158,0.9134408235549928,911.5874862670898,509.4454765319824,258.5862064361572,0.9024303555488586,910.3740119934082,510.7208025455475,227.11249351501465,0.890207052230835,908.2348823547364,508.3762729167938,227.1304178237915,0.9033251404762268,906.8623924255372,505.2653181552887,226.6056060791016,0.8917267918586731,905.4718208312988,492.00315713882446,227.6647710800171,0.9019196033477784,895.0356101989746,498.2538092136383,88.69051694869995,0.881500244140625,907.214012145996,519.5381355285645,254.76799964904785,0.8974387049674988,904.3119621276855,518.3375144004822,212.5312042236328,0.8784158825874329,886.3981246948242,494.6318292617798,243.4889030456543,0.9934194684028624,884.7449111938477,513.3711683750153,-37.88544774055481,0.9926151037216188,838.564453125,631.0344529151917,310.8626747131348,0.5286931991577148,803.3982467651367,633.3145451545715,-134.6830415725708,0.8119223713874817,826.5240669250488,728.7025451660156,298.736572265625,0.6380186080932617,803.301887512207,726.0111737251282,-65.98763465881348,0.7663951516151428,822.3057746887207,747.0240068435669,320.9568500518799,0.6219017505645752,799.2360877990723,765.1962518692017,-60.57034492492676,0.7566522359848022,827.351131439209,746.1632108688354,298.62902641296387,0.6269529461860657,791.1354446411133,779.7049641609192,-35.41261911392212,0.751991868019104,829.2887306213379,744.5239520072937,289.5314598083496,0.607626736164093,791.890811920166,755.0569224357605,-53.694666624069214,0.7344197034835815,752.2913360595703,645.4020595550537,134.6002721786499,0.9938490390777588,747.0934867858887,666.2693452835083,-135.3490447998047,0.9934426546096802,808.4485244750977,748.2705903053284,268.5691452026367,0.5601659417152405,798.5845184326172,791.7716860771179,-157.1566343307495,0.9333541393280028,766.5043830871582,895.6979942321777,324.26021575927734,0.5923660397529602,763.692684173584,916.4608025550842,-163.15205097198486,0.8871415257453918,744.0250396728516,933.6962270736694,328.3109951019287,0.6539127826690674,738.5848045349121,944.357750415802,-151.6960573196411,0.890117883682251,827.6354598999023,942.6523804664612,345.1128673553467,0.6738272309303284,833.4237670898438,968.3480930328368,-130.6876516342163,0.8690407872200012,84.95833045428294,76.01279504411329,89.66336282601367,88.89691134488095
rob_DTL_1_frame823.jpg,rob_DTL_1,FO,frame823,P2,918.9677810668944,508.8672137260437,227.61101245880127,0.9048091769218444,921.0084342956544,497.5107836723328,230.3354787826538,0.9046705961227416,920.5753898620604,496.28647327423096,230.0550985336304,0.9200880527496338,920.4544258117676,494.6111333370209,229.7949743270874,0.9101164937019348,919.8239135742188,495.6674301624298,194.86470222473145,0.8978270292282104,918.4771728515624,493.41360211372375,194.8967170715332,0.9099749326705932,917.3596000671388,490.79352378845215,194.59359169006348,0.8991166353225708,911.4742469787598,481.8744170665741,225.88743209838867,0.9095645546913148,907.3176956176758,479.8994851112366,70.16061544418335,0.8884258270263672,911.3632965087892,508.7418794631958,230.69890022277832,0.9032531976699828,909.1396522521972,507.52790093421936,183.90671253204343,0.8835011124610901,875.6644248962402,482.22872614860535,259.08568382263184,0.99345725774765,898.6503410339355,494.58074927330017,-36.79625988006592,0.9930954575538636,831.3657760620117,606.307168006897,315.4631996154785,0.4848591983318329,837.3798751831055,617.0488357543945,-122.99500465393066,0.7755785584449768,816.6802024841309,716.6294503211975,296.6681957244873,0.5896719694137573,816.2895011901855,683.6046767234802,-43.91234278678894,0.7193572521209717,811.8155479431152,715.1039385795593,315.07349967956543,0.5778961181640625,813.3277702331543,689.8592877388,-42.714693546295166,0.7101453542709351,819.5661163330078,715.5354309082031,292.5257205963135,0.583200991153717,802.2402763366699,684.8277640342712,-12.783697843551636,0.7046513557434082,822.9388618469238,741.4234256744385,286.1514186859131,0.5654136538505554,801.7010307312012,682.0027542114258,-30.2823007106781,0.6877654790878296,745.9850120544434,638.2275581359863,135.4402256011963,0.994397521018982,761.7424392700195,651.1215376853943,-136.1500883102417,0.9940369129180908,778.8852310180664,747.727861404419,264.05771255493164,0.5457751154899597,787.1604537963867,790.9779024124146,-5.717798173427582,0.938409149646759,762.301139831543,898.1016182899475,311.07553482055664,0.5992162823677063,764.2541885375977,920.0024771690368,10.910895466804504,0.8947349190711975,745.0461387634277,934.8765063285828,315.3369140625,0.6602461338043213,746.6776657104492,949.505467414856,19.68992292881012,0.895774781703949,817.1344757080078,945.8906006813048,330.1857662200928,0.6801761388778687,832.1609687805176,965.9563779830931,30.04100561141968,0.8748747706413269,28.25240778822905,39.29275896628684,85.55783599168083,86.67947262704803
rob_DTL_1_frame825.jpg,rob_DTL_1,FO,frame825,P2,920.1494979858398,500.4574263095856,58.93048882484436,0.908416986465454,924.1215705871582,491.73935651779175,64.7773289680481,0.90996116399765,924.4163703918456,490.69072008132935,64.5259952545166,0.9247347712516784,924.7048759460448,489.56103801727295,64.31171894073486,0.9153552055358888,921.6862106323242,489.570597410202,23.50218951702118,0.9017723202705384,919.9388694763184,487.5405299663544,23.520344495773315,0.9134008288383484,918.7292861938477,484.8289132118225,23.372685313224792,0.9030640721321106,916.1305046081544,478.3825671672821,106.48502826690674,0.9143534898757936,907.7572059631348,474.6119821071625,-75.88769674301147,0.8912411332130432,912.443962097168,500.9316945075989,81.6177749633789,0.90347820520401,908.6636352539062,499.4261062145233,27.40454077720642,0.882954478263855,883.7203216552734,479.0085303783417,221.24030113220212,0.9934458136558532,886.0760307312012,496.1988615989685,-153.4288787841797,0.9933792352676392,837.2107887268066,596.1112546920776,307.50523567199707,0.4429308474063873,838.641357421875,609.6146535873413,-140.4392910003662,0.7602952718734741,819.8560523986816,673.7005662918091,234.01970386505127,0.5399377346038818,832.3554611206055,635.7679295539856,15.323306322097778,0.6906434297561646,815.7804679870605,675.0518202781677,241.94515228271484,0.5318462252616882,827.0225143432617,638.629310131073,15.85028350353241,0.6819189190864563,820.151252746582,669.3643355369568,214.60206985473636,0.5371504426002502,826.7996978759766,645.8792567253113,42.15384006500244,0.6758462190628052,822.8272819519043,681.9623279571533,220.9078788757324,0.5213219523429871,824.5491600036621,647.9681611061096,30.128517150878903,0.6581999659538269,757.4571418762207,634.5544338226318,138.80776405334473,0.994648277759552,750.8733558654785,648.4149098396301,-139.22525882720947,0.99433571100235,791.4032363891602,751.6077518463135,201.58671855926517,0.5281952619552612,783.2534408569336,798.3672165870667,-82.5642728805542,0.9415593147277832,758.5241317749023,899.252028465271,260.27875900268555,0.5904373526573181,753.8900184631348,920.3280758857728,-38.844544887542725,0.8988306522369385,743.2847213745117,933.9597702026368,265.383825302124,0.6500822305679321,737.801513671875,950.3763699531556,-29.39451277256012,0.8932864665985107,810.9581565856934,946.036341190338,272.68378257751465,0.6796144843101501,823.3612060546875,962.5094604492188,-40.036118030548096,0.8787697553634644,82.19696849043316,64.59207985339887,89.63976111054579,88.64349686282046
rob_DTL_1_frame827.jpg,rob_DTL_1,FO,frame827,P2,916.0086822509766,494.795401096344,18.48461151123047,0.91525799036026,924.755802154541,486.8202602863312,35.420554876327515,0.916881024837494,925.949649810791,487.4893856048584,35.1927924156189,0.9307949542999268,927.348518371582,488.021879196167,34.984095096588135,0.922161340713501,920.6667709350586,480.6105494499207,2.5351356714963917,0.9088327288627625,918.8222122192384,477.1173799037933,2.529708221554756,0.9198877811431884,917.1467971801758,473.1922674179077,2.3852312564849854,0.9102116823196412,921.2309646606444,480.6400001049042,120.24045467376708,0.920699954032898,904.4921493530272,461.60924434661865,-51.630592346191406,0.8986682891845703,908.704319000244,499.5570409297943,55.52612900733948,0.9097992777824402,902.2056198120116,492.04216718673706,11.030598878860474,0.8903985023498535,887.9218482971191,504.6016323566437,219.1939115524292,0.9936691522598268,860.0765991210938,483.5663974285126,-94.87990379333496,0.9938657879829408,848.4528923034668,607.5060510635376,201.1248350143433,0.4186791479587555,798.8974571228027,607.8870105743408,-128.64506721496582,0.755160927772522,847.0951080322266,587.9759216308594,71.10697746276855,0.512794017791748,801.7538452148438,613.0514645576477,-48.20260405540466,0.6689391136169434,839.0129470825195,571.5064072608948,62.62066841125488,0.5051273703575134,802.0639228820801,615.3001427650452,-53.97287964820862,0.6601608395576477,844.5831871032715,554.0810823440552,66.39234781265259,0.5098217725753784,799.3517875671387,606.5292549133301,-36.328593492507935,0.6534875631332397,846.8676567077637,563.9033102989197,68.82614850997925,0.4946553409099579,797.1213340759277,608.6628341674805,-37.11748123168945,0.6333239674568176,766.5521049499512,640.6763076782227,125.39365768432616,0.9946519136428832,736.1642074584961,646.292724609375,-125.22936344146729,0.9945060014724731,813.7958335876465,758.7127304077148,29.04761552810669,0.5328623056411743,775.3041458129883,787.3722410202026,-164.0720558166504,0.9461418390274048,772.5546455383301,904.1314387321472,-8.041111528873444,0.6059830784797668,753.7847328186035,921.225049495697,-307.4061870574951,0.9064418077468872,756.4799880981445,938.8484501838684,-12.996166348457336,0.6633405089378357,736.8496513366699,951.6951155662535,-320.8091068267822,0.8976378440856934,822.3317527770996,946.706850528717,-50.46667456626892,0.6954143643379211,807.7935791015625,961.7197966575624,-387.6996517181397,0.886044979095459,37.06862235450654,10.471475079809478,84.93350085295317,83.08666642387657
rob_DTL_1_frame829.jpg,rob_DTL_1,FO,frame829,P2,913.5071754455566,499.33440685272217,27.91008532047272,0.9192540645599364,920.72021484375,489.52444195747375,42.35962271690369,0.9218812584877014,921.2469863891602,488.86661410331726,42.128766775131226,0.935198962688446,922.1661758422852,488.0600523948669,41.9594407081604,0.9271399974822998,918.8262748718262,486.8299806118012,3.709298595786095,0.9135597348213196,917.827205657959,484.36259508132935,3.647087886929512,0.9241995811462402,917.1603584289552,481.6267740726471,3.484281599521637,0.9153022170066832,916.4924812316896,478.4380888938904,119.7864818572998,0.9249069094657898,907.8594589233398,470.5197250843048,-55.77298879623413,0.9041413068771362,907.1655464172364,500.7624900341034,62.30499029159546,0.9106218814849854,903.5549926757812,497.5572609901428,11.55029296875,0.8928290009498596,878.268985748291,493.4726321697235,229.1403293609619,0.993563711643219,878.2459259033203,486.2204325199127,-145.6088161468506,0.9942601919174194,840.948657989502,597.6122403144836,258.23567390441895,0.3838320672512054,806.0726737976074,604.0422677993774,-176.03094577789307,0.7584009766578674,830.8910751342773,605.1449775695801,155.3691816329956,0.4697652459144592,810.2074813842773,606.8399834632874,-68.29985618591309,0.6572505831718445,824.5008659362793,606.8350911140442,159.74575996398926,0.4649893939495086,811.897144317627,607.2599530220032,-78.15992832183838,0.6459839940071106,831.5377235412598,595.7750344276428,121.4069938659668,0.4696215689182281,808.5409355163574,596.4026713371277,-57.43551850318909,0.6390165090560913,834.7770309448242,599.0567064285278,134.06227111816406,0.4561567604541778,806.663818359375,597.9061675071716,-56.383137702941895,0.6174585819244385,753.5727882385254,638.0623769760132,144.56957817077637,0.9945899844169616,743.7111282348633,642.703800201416,-144.14703369140625,0.9946503043174744,796.9903564453125,759.283332824707,87.9353928565979,0.5236135125160217,788.7870597839355,785.1915407180786,-162.83244609832764,0.9507271647453308,764.5285606384277,904.3960118293762,102.59857892990112,0.6047418117523193,759.1024589538574,924.8802781105042,-239.6615839004517,0.9138623476028442,743.8717460632324,939.8096680641174,99.82203483581544,0.6597431302070618,735.0519561767578,962.7020645141602,-245.5321311950684,0.902710497379303,816.0221099853516,945.936563014984,86.8408727645874,0.699353039264679,824.1620063781738,962.1763300895692,-306.99954986572266,0.8941636681556702,89.81781702047725,25.204177524386356,89.99647435676046,88.0437152269638
rob_DTL_1_frame831.jpg,rob_DTL_1,FO,frame831,P2,914.1848373413086,495.2969634532929,92.59456872940063,0.9246732592582704,921.5701103210448,487.0892107486725,119.0477728843689,0.9266472458839417,922.4068450927734,486.8565344810486,118.8200855255127,0.9396405816078186,923.6852073669434,486.4183151721954,118.68853569030762,0.932020664215088,919.6941947937012,483.0531191825866,82.69127368927002,0.9188680052757264,919.031867980957,480.1137185096741,82.58812665939331,0.9292994737625122,918.6528396606444,476.9212031364441,82.35321521759033,0.9209665060043336,920.6589317321776,476.67227268218994,221.0110902786255,0.9288315773010254,910.1723670959472,466.0019302368164,61.185035705566406,0.9093586802482604,908.9230728149414,496.8490934371948,133.70999336242676,0.9119362831115724,905.0654983520508,491.8793034553528,86.00401639938354,0.8955140709877014,889.5500564575195,504.0200221538544,304.3586254119873,0.9935089349746704,867.6861190795898,482.3565065860748,-54.103649854660034,0.9947264194488524,842.0102691650391,597.3916983604431,302.70538330078125,0.3637310862541199,807.4748611450195,556.4342379570007,-132.83174514770508,0.7733291387557983,837.1850395202637,613.7687730789185,156.07462406158447,0.4417121112346649,814.2836380004883,599.5873975753784,-115.91311454772948,0.669455885887146,825.2719116210938,611.1857414245605,150.90291023254397,0.4385714828968048,810.5115509033203,606.4412569999695,-138.62764835357666,0.6563327312469482,826.2756729125977,603.7786602973938,123.47095012664796,0.4433104991912842,813.3899116516113,603.0969500541687,-120.40562152862547,0.6494157314300537,840.2685928344727,606.1403131484985,137.78913974761963,0.4310065805912018,815.3754043579102,594.290463924408,-106.18228912353516,0.6245907545089722,761.5082931518555,637.5214505195618,143.84737014770508,0.9942111372947692,739.6750831604004,637.9288029670715,-143.2111644744873,0.9946514368057252,800.2118682861328,766.318724155426,40.31532883644104,0.5217682123184204,779.5656967163086,783.4845614433289,-176.53502941131592,0.9548239707946776,763.8720703125,907.579128742218,18.55539321899414,0.605197012424469,755.4535675048828,926.488766670227,-271.3231372833252,0.9201143383979796,743.8122367858887,949.2263460159302,13.10364693403244,0.6616742014884949,734.5484733581543,968.807909488678,-279.435338973999,0.9068078994750975,813.281135559082,946.8881249427797,-28.935425877571102,0.7038195729255676,815.3427314758301,962.690863609314,-350.2538108825684,0.900131106376648,44.73618390432018,1.0688702400331154,86.5096429339702,85.6505493697034
eric_DTL_1_frame14.jpg,eric_DTL_1,FO,frame14,P3,496.3389626741409,219.8244393467903,-84.7979308962822,0.931991696357727,501.3411015272141,211.56633841991425,-62.46327564120293,0.9338139295578004,502.697397172451,211.7135992646217,-62.62472642213106,0.9455515146255492,504.0681682825089,211.83540856838223,-62.735262006521225,0.938685417175293,496.5164083242416,209.3399254083633,-76.5717198997736,0.926727831363678,494.3691220283508,207.9435368180275,-76.66554203629494,0.9361262917518616,492.1069670319557,206.4934920668602,-76.78396034240723,0.9286304712295532,498.9131366610527,209.4409999847412,58.00185859948397,0.9357958436012268,479.03832346200943,202.83409184217453,0.453006342460867,0.918269693851471,491.59263783693314,227.95218294858927,-38.66683219373226,0.9205390214920044,485.0648958086968,224.00351691246036,-57.29755191504955,0.9057745933532716,493.6449332237244,264.76864552497864,134.69866746664047,0.9940034747123718,423.25365674495697,227.2160712480545,-61.18349131196737,0.9952443838119508,465.010282099247,307.1396470069885,-28.1066061668098,0.3556279838085174,393.715882062912,245.90218061208725,-230.00621870160103,0.794489860534668,455.44040685892105,302.2454234957695,-278.6823759675026,0.4322618842124939,420.2283538579941,293.22443091869354,-345.361319065094,0.6949242353439331,450.8861070275306,303.55925822258,-312.416373193264,0.4303572177886963,420.1138314604759,296.23516339063644,-384.7511712908745,0.6785919070243835,453.5817641019821,300.08169597387314,-314.6827530860901,0.4344367384910583,427.04979544878006,295.5673588514328,-365.7436739206314,0.6715693473815918,451.7964683175087,300.46137058734894,-286.5925248861313,0.423157662153244,426.571620285511,294.52860099077225,-340.21536058187485,0.6466142535209656,406.9165709614754,364.059188246727,89.30006018280983,0.994520664215088,365.799047768116,354.25576293468475,-88.7742597013712,0.9950954914093018,461.0807474851608,451.0476266145706,-35.40016261860728,0.552011251449585,390.03447353839874,460.0229334831238,-204.22067150473595,0.9591211676597596,434.3119075894356,564.8729244470596,-51.65777403116226,0.6315004229545593,382.42882883548737,593.930113196373,-251.65754890441892,0.9276134967803956,421.7193613648415,579.6928831338882,-57.30407106876373,0.6821151971817017,371.3249698877335,609.9740176200867,-260.1841171383858,0.913685381412506,471.7098942995072,598.9240058660507,-138.2081019282341,0.7254014611244202,420.3648664951325,617.4122978448868,-376.3465017080307,0.9090440273284912,28.079178562498857,13.410350190314078,70.23383495766302,76.99822001330938
eric_DTL_1_frame15.jpg,eric_DTL_1,FO,frame15,P3,480.932843208313,214.5140773653984,-231.9728733599186,0.93719220161438,488.7637580037117,206.17946779727936,-212.4122089147568,0.9385868310928344,490.2783487439156,207.06285959482196,-212.60049384832385,0.9494163990020752,491.75550413131714,207.83379870653152,-212.7604685127735,0.9433350563049316,482.7956762313843,201.1948162317276,-228.88864701986316,0.931717336177826,480.06639313697815,198.7512565255165,-228.9339434504509,0.939744770526886,476.8780854344368,196.01163494586945,-228.98535212874413,0.93315190076828,487.1593708992005,206.1033634543419,-79.29269172251225,0.940025269985199,464.6293834447861,191.83971923589704,-149.96091535687447,0.9244786500930786,475.3602740764618,222.64750039577484,-178.70702409744263,0.9273183941841124,468.4584555625916,217.55545949935916,-199.91136372089383,0.9144079685211182,486.2112972140312,245.4615724682808,13.573843352496624,0.9943572878837584,404.5622993707657,210.42839270830157,-155.23422676324844,0.99569970369339,466.5603342652321,276.1620220541954,-127.08239126205444,0.355020672082901,392.6416155695915,261.11944901943207,-328.16325479745865,0.8135905265808105,458.4239109754562,294.31674867868423,-382.542139172554,0.4142192900180816,424.8235174417496,282.1370889544487,-477.0728808641434,0.7160887718200684,453.54910773038864,285.11380261182785,-430.3892297744751,0.414678692817688,442.361235678196,284.56857746839523,-524.8007739782333,0.6974788904190063,453.7061215043068,287.93359076976776,-435.41630244255066,0.4182086884975433,455.7512484192848,289.42348778247833,-516.161241710186,0.6907575130462646,451.8575907945633,286.7192711830139,-392.9601450562477,0.4080728590488434,435.305866420269,277.4993638396263,-476.9852662086487,0.6643130779266357,411.9312113523483,361.2900913953781,77.40850046277046,0.9943179488182068,361.8135505914688,357.51194298267365,-76.95634131133556,0.9953731298446656,455.6253672838211,453.104619383812,-50.21843060106039,0.5834246873855591,381.9409918189049,461.43054616451263,-240.6448369026184,0.9627318978309632,429.2430015206337,563.1753721237183,-37.8907065987587,0.6576026082038879,379.73057448863983,591.9533640146255,-300.6414829492569,0.9341640472412108,418.5497193932533,574.6857833862305,-42.33244930207729,0.7030766606330872,368.5110157132149,608.2222893238068,-315.876459479332,0.9200440645217896,470.5354423522949,592.738819360733,-137.09358637034893,0.7454180717468262,417.72621089220047,617.2163864374161,-464.07145470380783,0.917034387588501,23.2227457610078,4.311120647658941,64.18789918033897,72.0129320753168
rob_DTL_3_frame15.jpg,rob_DTL_3,FO,frame15,P3,561.4131045341492,277.4147415161133,-411.44206523895264,0.943442404270172,576.2385964393616,269.5578861236572,-380.21053075790405,0.9446854591369628,578.6802649497986,271.90730810165405,-380.4264378547669,0.954436182975769,581.0096025466919,273.7234318256378,-380.4648363590241,0.948948323726654,567.9560422897339,252.86379039287567,-422.36233592033386,0.9385057091712952,564.450159072876,243.3148419857025,-422.49098539352417,0.9457309246063232,560.7189059257507,232.66825318336487,-422.6047003269196,0.9397897124290466,572.2813940048218,259.7244894504547,-163.60593616962433,0.945977747440338,544.8958253860474,206.24893963336945,-355.6404769420624,0.9320178031921388,549.8541569709778,281.2134897708893,-323.1699550151825,0.9345756769180298,539.7067165374756,259.47650849819183,-379.5689249038696,0.922963559627533,553.4380602836609,320.5465292930603,35.50451874732971,0.994907021522522,419.2067062854767,167.22159147262573,-296.8805944919586,0.996129274368286,503.6464011669159,386.4319896697998,-54.88009259104729,0.3734610378742218,362.26117730140686,281.19536876678467,-365.3140354156494,0.8313742876052856,480.9252369403839,414.9685800075531,-513.7654531002045,0.444291204214096,403.74852418899536,383.7482464313507,-602.3987603187561,0.7421517372131348,460.8659613132477,429.4304931163788,-598.1283831596375,0.4459632337093353,414.1342091560364,423.4630179405213,-685.438985824585,0.7240030765533447,504.2334830760956,404.24216866493225,-638.8194680213928,0.4498569071292877,429.7413182258606,421.7459964752197,-698.501558303833,0.7179445028305054,501.8129289150238,393.7948143482208,-542.5408673286438,0.4351095855236053,427.1438026428223,404.1058588027954,-608.9094471931458,0.6921247243881226,432.1796715259552,487.6921284198761,126.24495595693588,0.9948318600654602,347.598420381546,425.9032380580902,-125.52118599414824,0.9958178400993348,515.0640821456909,600.6597876548767,-48.39482098817825,0.6158493161201477,402.0780766010285,671.2182140350342,-429.676913022995,0.9659664034843444,475.5862998962402,896.0306096076965,19.54481452703476,0.6819164156913757,449.8818004131317,951.5771198272704,-455.97705602645874,0.940068781375885,460.73988676071167,904.0751123428344,13.948853127658367,0.7211489081382751,434.57499146461487,1002.7404069900512,-477.6071619987488,0.9255359172821044,560.4045724868774,1024.126603603363,-174.1217190027237,0.7630581259727478,529.2374110221863,1085.7225036621094,-764.5272874832153,0.9242652654647828,48.79883275563601,36.14913827291066,68.00903245491595,71.43014068318121
eric_DTL_1_frame16.jpg,eric_DTL_1,FO,frame16,P3,511.6499873399735,211.11294674873352,-143.33906549215317,0.945971429347992,522.9113795161247,203.7875812649727,-130.79352989792824,0.9458691477775574,524.5474187135696,203.74923068284988,-130.9458945542574,0.955651879310608,526.0640180110931,203.7327699661255,-130.9980737566948,0.9492838978767396,516.9851657748222,200.91831469535828,-151.83325439691544,0.9401411414146424,514.5607331991196,199.05280530452728,-151.92171749472618,0.947215974330902,511.933090031147,197.29327982664108,-152.1001327931881,0.9402609467506408,519.9443247914314,200.51621115207672,-42.3133030757308,0.9472814202308656,501.4019469618797,195.13615584373477,-138.329879373312,0.933051347732544,503.0604265928269,215.3910581469536,-105.80383890867232,0.9380578994750975,496.795667052269,212.6299510002136,-134.3128513097763,0.9282881617546082,489.581483244896,227.84194427728653,17.362556021660566,0.9948742389678956,432.7101177573204,228.06665712594983,-216.97336554527283,0.9963802099227904,447.33300375938416,250.03439807891849,25.44284576177597,0.3918587565422058,379.66211038827896,257.44347256422043,-271.82140389084816,0.8370580673217773,427.9888998866081,255.26232171058652,-92.2853217869997,0.4435175061225891,410.7873033285141,265.27709877491,-429.8062979578972,0.7462679743766785,415.5994949936867,261.2886959910393,-120.47593456506728,0.4420635402202606,413.5258327126503,270.7756134867668,-461.9512493014336,0.7259922623634338,423.3639196157456,252.00096279382703,-156.0343078672886,0.4460867345333099,420.3704073429108,263.69586884975433,-446.6127974390984,0.7208245992660522,425.5847260355949,251.82039546966556,-111.12255929410458,0.4323101639747619,418.9795852899552,263.0581749081612,-426.3738812804222,0.6965181231498718,374.9134306907654,374.08717238903046,79.5544361770153,0.99358731508255,333.9405582547188,376.7414485216141,-79.26419964432716,0.9953728318214417,393.61936742067337,440.0591452121735,2.5054799197241664,0.6415443420410156,341.7940866351128,462.7375078201294,-184.03780448436737,0.9679751992225648,328.7686270475388,548.0169579982758,19.06221107766032,0.6995234489440918,290.06045493483543,574.4149805307388,-186.05197191238403,0.9441038966178894,310.0602661967277,565.7455542087555,15.592974817380307,0.7338452935218811,268.73568844795227,594.3009124994278,-189.4475765824318,0.9283815622329712,360.4699296355248,572.7363724708557,-75.30603443086147,0.7757310271263123,327.76348263025284,592.1051491498947,-268.08437910676,0.9284542798995972,0.2263886354313823,3.7065161953236974,76.35853652629488,75.53396166498666
rob_DTL_3_frame16.jpg,rob_DTL_3,FO,frame16,P3,522.2148942947388,273.2626819610596,-268.1876903772354,0.9494524002075196,534.7403061389923,265.16925573349,-257.02106416225433,0.9490097165107728,539.1711330413818,267.5454729795456,-257.2263818979264,0.9583472013473512,543.8156461715698,270.01853942871094,-257.36771285533905,0.952426016330719,521.9232845306396,250.06951868534088,-290.3139996528625,0.9428856372833252,517.2309422492981,241.84995353221893,-290.19413709640503,0.9492554664611816,512.9864430427551,233.83663952350616,-290.32243251800537,0.9420691132545472,537.9150867462158,248.05482029914856,-103.7387815117836,0.9505529403686525,500.4374706745148,205.0034666061401,-250.465766787529,0.9373445510864258,518.7076270580292,277.88546919822693,-195.36236822605133,0.9427510499954224,504.252279996872,259.3810433149338,-239.0936779975891,0.9340822100639344,531.2210655212402,288.387154340744,22.56106048822403,0.9952682256698608,394.6108067035675,148.32516610622406,-231.46245002746585,0.996698796749115,495.2004039287567,341.19906663894653,-107.199547290802,0.3810547888278961,368.9089465141296,256.53842747211456,-340.1843547821045,0.8504959940910339,477.5557923316956,321.6707396507263,-389.2601215839386,0.4310089945793152,472.02019572258,286.1323285102844,-329.29829835891724,0.762881875038147,470.81886649131775,312.7718460559845,-437.1879243850708,0.4292851388454437,501.1880278587341,302.87575006484985,-353.5998845100403,0.7389920353889465,467.3607802391052,290.69544196128845,-414.8889827728272,0.4323179125785827,495.38010120391846,266.7379456758499,-336.68368577957153,0.7346286773681641,463.44010949134827,288.82981538772583,-389.20276522636414,0.4226139187812805,485.2524876594544,265.2285754680633,-320.8455419540405,0.7108506560325623,410.68970561027527,480.76958298683167,107.29367673397064,0.994002640247345,334.06296372413635,417.987996339798,-107.02511250972748,0.9955469965934752,494.1125965118408,489.8446011543274,-104.94576752185822,0.6497442126274109,407.3474907875061,666.3551545143127,-265.9099155664444,0.969025731086731,458.4067833423615,964.4975566864014,-185.07113456726077,0.7055814266204834,442.9079818725586,932.1607375144958,-339.91865515708923,0.9433688521385192,438.6094415187836,1011.1475872993468,-198.8763785362244,0.7357844114303589,423.9244437217712,983.5038828849792,-350.38264989852905,0.9198245406150818,549.4331574440002,1105.0825595855713,-313.8492250442505,0.778337299823761,515.566577911377,1067.6811289787292,-491.8870282173157,0.9266883730888368,45.714778117034705,39.32834295105715,61.72926337715144,70.32618708311236
eric_DTL_1_frame17.jpg,eric_DTL_1,FO,frame17,P3,504.367477953434,212.74290424585345,-168.8678117096424,0.9413968920707704,514.9823570847511,203.92377203702927,-165.5988846719265,0.943300724029541,516.0133010745049,203.58300632238388,-165.70078432559967,0.9541652798652648,516.8838375210762,203.033507168293,-165.771811068058,0.9465989470481871,509.6333611607552,203.1379316449165,-188.7154920697212,0.9357935190200806,507.0231024026871,202.2879040837288,-188.69336330890656,0.943301260471344,504.1430043578148,201.31912833452225,-188.91106668114665,0.932701289653778,508.3033499121666,202.9524934887886,-117.39994157850742,0.9458729028701782,491.668824493885,202.2535002231598,-218.9384098947048,0.9272584915161132,492.9971734881401,220.33364343643188,-143.26173603534698,0.9403205513954164,486.3463553786278,220.45787853002548,-173.84849709272385,0.9300327897071838,456.4215524792671,228.5687956213951,-43.21233160048723,0.9945378303527832,421.71340495347977,246.5417227745056,-204.4132852256298,0.9953147172927856,456.7481854557991,246.8993149995804,24.20626705884933,0.3672674000263214,365.7571104764938,309.05359518527985,-265.58682465553284,0.8040874004364014,498.5070617794991,235.9069061279297,21.41572729498148,0.4135689735412597,395.6065232157707,331.1603569984436,-304.8993127942085,0.7090473771095276,502.4642660021782,229.82135027647016,34.35101607814431,0.4137555658817291,403.9392310380936,338.3093136548996,-251.459463596344,0.6876476407051086,511.8174594640732,221.34848994016647,23.975620612502095,0.4170913100242615,400.7023716568947,330.56730914115906,-227.50159966945648,0.6836367249488831,510.7729750275612,226.1667246222496,17.355236042290926,0.408046692609787,398.574028134346,328.38001680374146,-308.8084847927093,0.663004994392395,361.5665673017502,371.8772393465042,85.76217693090439,0.9934459924697876,342.243587911129,387.17099714279175,-85.90622165799141,0.9949230551719666,383.4227184057236,412.2744950056076,34.83758259564638,0.6473284959793091,367.3289797306061,445.9710645675659,-81.54760032892227,0.9686328172683716,333.3091786503792,536.5225261449814,79.92481587827206,0.708656907081604,308.21388256549835,565.9456626176834,-68.26147415488958,0.941795527935028,313.91808146238327,560.8885453939438,81.41075004637241,0.738048255443573,290.0720214545727,581.5385626554489,-63.8891392275691,0.9186277985572816,341.47455286979675,570.0812492370605,69.14904005080462,0.7791576981544495,324.26963180303574,588.4740498065948,-84.08097982406616,0.9240540862083436,27.376485720401508,38.36092120566428,77.84915410070305,83.57782363733617
rob_DTL_3_frame17.jpg,rob_DTL_3,FO,frame17,P3,535.6760966777802,240.59443831443787,-94.3654265999794,0.9467522501945496,542.3945474624634,235.40557086467743,-80.41058778762817,0.9482251405715942,541.6668748855591,234.0017241239548,-80.5806452035904,0.9582735896110536,541.4328789710999,232.8680831193924,-80.6600734591484,0.9512620568275452,543.712649345398,235.5712991952896,-113.80675345659256,0.9411162734031676,543.4382915496826,233.92008304595947,-113.78203421831132,0.9480657577514648,543.3083868026733,232.2415727376938,-113.97812247276306,0.9379339814186096,530.7282257080078,218.24013590812683,18.27409520745277,0.9506459832191468,532.5689077377319,218.20848047733307,-137.61240184307098,0.9332471489906312,522.040958404541,236.47681832313535,-51.67378529906273,0.94570791721344,522.8518652915955,236.0052055120468,-97.07003474235536,0.9365565776824952,465.41224122047424,211.3017386198044,60.94942599534989,0.9950098395347596,455.2570116519928,215.87949693202967,-148.96307051181793,0.9957320690155028,412.3476004600525,254.6523463726044,33.32843720912933,0.3746219277381897,348.1803846359253,184.78581726551056,-261.6079956293106,0.8053605556488037,406.7043399810791,246.09586894512177,-99.6369570493698,0.4307299852371216,394.0096914768219,236.91632509231567,-368.3627092838288,0.7117123603820801,415.16427397727966,240.84468841552732,-144.5343840122223,0.4359543621540069,414.8797452449799,251.08057737350464,-397.87113904953,0.6915578246116638,419.86456632614136,228.16510319709775,-161.5532898902893,0.4396339952945709,416.6423428058624,237.3340737819672,-393.504331111908,0.6889702677726746,420.50861835479736,235.25785088539124,-111.29351019859314,0.4323131144046783,408.2223844528198,233.8479852676392,-369.5332038402557,0.669138491153717,353.6674439907074,444.9356353282929,107.78085976839066,0.993825614452362,377.4785721302033,454.0490520000458,-107.741479575634,0.9951617121696472,424.8827004432678,670.2074933052063,27.32934884727001,0.6678852438926697,479.6295046806336,668.5650157928467,-166.80369794368744,0.9710580706596376,430.3450083732605,788.0591011047363,-116.12186461687088,0.7318262457847595,449.7923541069031,611.6845035552979,-241.08608722686768,0.9460010528564452,414.4315481185913,888.5930156707764,-134.09652471542358,0.7588915228843689,433.42113733291626,753.9364457130432,-240.62168419361117,0.923506498336792,511.2768244743347,1007.353699207306,-170.09145319461825,0.7957456707954407,529.6015691757202,1000.5246233940125,-309.7869980335236,0.9277011156082152,24.264823930620473,20.943733079552487,87.23028164139434,83.69547194706028
eric_DTL_1_frame18.jpg,eric_DTL_1,FO,frame18,P3,476.3678772449493,169.50258439779282,-14.82469298504293,0.9207072854042052,470.2458291649818,159.8702253997326,-37.20461978018284,0.9279435276985168,469.5093466043472,157.92218139767647,-37.18837384134531,0.9418898224830629,468.622360765934,156.27501234412193,-37.22070555388928,0.9322745203971864,467.8750042915344,164.59709829092026,-39.67318001389504,0.9191328287124634,466.054939687252,166.02244234085083,-39.65605100244284,0.9288995265960692,464.34828931093216,167.37239438295364,-40.17186497151852,0.9132882952690125,454.9473406672478,155.82111048698425,3.011027358006686,0.9362393021583556,451.368299305439,171.76016688346863,-119.234923183918,0.9030745625495912,471.1199325323105,175.54268556833267,-38.40263764560223,0.9206345677375792,470.69120943546295,180.8783643245697,-38.09181340038776,0.902576208114624,437.321349799633,190.44721961021423,39.559488743543625,0.9939626455307008,429.3671165108681,208.7877886891365,-125.2961864322424,0.9942917823791504,439.4930850863457,230.32081270217896,27.778176743537188,0.3507429659366607,385.5372790694237,226.232625246048,-200.2016175687313,0.7682481408119202,438.0791299939156,236.5075586438179,-59.87575167417526,0.4231254458427429,409.4037882685661,176.47066569328308,-223.9774473309517,0.6949383020401001,429.4622459411621,236.55979013442996,-53.490396447479725,0.4364696741104126,416.449461042881,163.29675942659378,-228.006232380867,0.6772899031639099,444.6653279662132,226.10326904058456,-72.82142305374146,0.4408760964870453,405.5368998646736,150.47785595059395,-214.52484759688377,0.6747366189956665,450.20718002319336,228.31506955623627,-68.29861515015364,0.4334143102169037,401.8675080537796,155.92633393406868,-226.17304289340973,0.6593480110168457,304.9794473052025,361.3199324607849,71.87406794726849,0.9936368465423584,307.2965952157974,379.5463161468506,-71.59069254249334,0.9950336217880248,343.3022015094757,368.2551500797272,169.01959630846977,0.6528334021568298,403.1093851923943,367.7028015851975,-71.05999187380075,0.9666849970817566,410.1726501584053,343.2670120000839,187.1446270942688,0.7086268067359924,420.6516399979592,332.57463097572327,-1.6670300681144,0.924680471420288,416.6187685728073,349.77914106845856,188.4195415377617,0.7262536287307739,412.81861275434494,334.61868619918823,12.162288572639229,0.8992260694503784,411.0736612677574,321.9295721054077,182.9532701075077,0.7690863609313965,446.42915296554565,324.1964534521103,19.077037174254656,0.906475067138672,66.55381042417655,82.75476699379556,87.23763936373219,89.07467692612047
rob_DTL_3_frame18.jpg,rob_DTL_3,FO,frame18,P3,535.77152967453,239.1964495182037,57.54850298166275,0.9282522797584534,535.8915531635284,249.42348718643188,42.265552282333374,0.9345828890800476,532.2677063941956,248.4547698497772,42.16171458363533,0.9473433494567872,529.233226776123,246.1670172214508,42.07946196198464,0.9384143948554992,542.0358610153198,252.9246872663498,28.814363926649094,0.9266588687896729,541.1017441749573,253.23829650878903,29.21669729053974,0.9356473684310912,539.7305345535278,253.2828265428543,28.85607160627842,0.9212285876274108,503.395539522171,238.7314671278,35.71622148156166,0.9421699047088624,518.3558285236359,247.8534293174744,-91.3991180062294,0.912365198135376,517.6102924346924,226.07964277267456,30.77254481613636,0.928382396697998,499.480082988739,295.1735186576843,17.967132478952408,0.9120857119560242,431.9560718536377,203.222571015358,28.513882756233212,0.9945458173751832,415.56959867477417,261.07818961143494,-77.27560579776764,0.9947981238365172,472.0324265956879,147.09070086479187,77.66571432352066,0.3906178176403045,408.4586656093597,500.2634704113007,-163.4183692932129,0.757914125919342,517.708911895752,157.14790642261505,87.91376173496246,0.4688475430011749,427.2111368179321,755.8282399177551,-70.85439741611481,0.6741436123847961,515.7621431350708,137.87641167640686,82.50772386789322,0.4776292741298675,435.50511717796326,869.9507832527161,-37.95513108372688,0.6550683975219727,524.4710719585419,130.5664050579071,94.585083425045,0.4813819527626037,418.2343196868897,822.1151304244995,-55.57845532894135,0.6523610949516296,528.6632680892944,148.52068305015564,90.53585171699524,0.4741307497024536,422.68407225608826,802.9644799232483,-72.4205607175827,0.6411358118057251,372.45773434638977,422.5071108341217,87.21126705408096,0.994261622428894,361.9074475765228,453.8049173355103,-87.61240750551224,0.9955137372016908,444.7660446166992,595.8407592773438,-72.89386332035065,0.6856836676597595,426.8115735054016,643.1871771812439,-46.12503245472908,0.9689816236495972,445.2926802635193,826.7163848876953,-210.51545441150665,0.7357869148254395,444.252895116806,834.0473127365112,-117.2630935907364,0.929143488407135,442.1729707717896,860.5968046188354,-222.40790247917172,0.7520864009857178,439.4454860687256,874.2223191261292,-121.8864279985428,0.9063396453857422,487.8042984008789,795.391058921814,-293.76458644866943,0.789530336856842,492.6423168182373,757.4969172477722,-143.01035284996033,0.909621000289917,74.18626266177812,71.37137348383948,81.19503076323852,86.5464936116362
eric_DTL_1_frame19.jpg,eric_DTL_1,FO,frame19,P3,491.897453725338,112.9292861521244,-320.0341731309891,0.9334049820899964,486.3456627726555,104.3836136162281,-373.4994063377381,0.940175473690033,486.62402111291885,99.83560422062874,-373.3783734440804,0.9517505168914796,486.8355429768562,95.38715809583664,-373.5048432946205,0.943738341331482,480.4468762278557,117.8766171336174,-383.1733456254005,0.93274587392807,476.07206523418427,121.78646090626717,-382.6497355103493,0.94033020734787,471.7547405362129,125.5804732143879,-383.1762892007828,0.9271594882011414,470.4739735722542,88.93445125222206,-445.3816556930542,0.9473443627357484,448.7530191540718,129.5789930820465,-485.30557638406754,0.9189519882202148,488.2903271913528,107.56169670820236,-319.85880529880524,0.934316098690033,481.6671440601349,125.02527537941933,-330.0766480565071,0.9191854000091552,476.1063838601112,86.0223194360733,-388.1531825661659,0.9941681623458862,423.2792485356331,133.63190069794655,-432.116900742054,0.9909770488739014,484.2318639755249,147.08374279737473,-260.3555371165276,0.4225523173809051,378.8153649568558,53.47168529033661,-401.2349163889885,0.7600741982460022,489.0413198471069,167.12581092119217,-236.8226562142372,0.5130637288093567,508.9113540649414,-39.84523445367813,-292.45301032066345,0.7027981877326965,489.2835587859154,164.4327028989792,-293.9107034802437,0.5200659036636353,534.0618162155151,-58.130563870072365,-331.36652278900146,0.6842494010925293,511.5703722834587,153.52139434218407,-304.8873653411865,0.5229198932647705,531.0624514222145,-78.07269330322742,-332.27245140075684,0.6811248064041138,513.0622109174728,162.23593842983246,-248.38396409153935,0.5153428316116333,523.7168456315994,-71.09423020482063,-298.77061569690704,0.6706304550170898,330.35635697841644,311.65244394540787,-1.5917943916283548,0.9926349520683287,299.3268475532532,341.19511795043945,2.300769943743944,0.9937251806259156,376.573572576046,326.622012257576,329.59719157218933,0.694532573223114,378.51515489816666,316.524816095829,308.6676779985428,0.9317911863327026,383.414684176445,402.009784579277,729.7085279226303,0.7125124335289001,390.3615913391113,374.9904903173447,675.7432332038879,0.868581235408783,384.7615603804588,409.8833208084106,765.1509070396423,0.7180188298225403,401.3482267260552,373.9821318387985,723.1087548732758,0.8516765832901001,373.4886363148689,422.8416205644608,701.4993792772293,0.7430934906005859,375.0334593057632,408.6673070192337,739.33429646492,0.8449786305427551,42.026233477726734,43.5938712125675,39.76785281965343,7.1502420922852625
tom_DTL_2_frame19.jpg,tom_DTL_2,FO,frame19,P3,935.6266021728516,274.78973865509033,-368.1020450592041,0.910422682762146,960.3136825561523,239.6319168806076,-409.46946144104,0.9167897701263428,972.301139831543,237.4308264255524,-410.0033855438232,0.9326860308647156,983.5577774047852,235.58034360408783,-410.60428619384766,0.9226049184799194,945.552921295166,274.7773790359497,-399.3061637878418,0.9096977710723876,920.2713775634766,264.0322834253311,-399.5219135284424,0.9161810874938964,913.9359855651855,258.05380046367645,-401.03158950805664,0.8991650342941284,1001.7026138305664,234.29473400115967,-372.6975345611572,0.932861030101776,892.1376800537109,255.62326848506927,-318.37191581726074,0.9082506895065308,945.6619834899902,289.7913873195648,-328.88671875,0.9260544180870056,905.5961036682128,295.8066916465759,-313.2233047485352,0.9159952998161316,1057.4109649658203,309.2987930774689,-236.35093688964844,0.9932403564453124,664.5244216918945,280.0584125518799,-217.2045850753784,0.9896727204322816,987.5420379638672,477.371621131897,-368.8780117034912,0.4262216091156006,450.46892166137695,364.3076276779175,-351.36823654174805,0.7050091624259949,970.3572463989258,383.58988881111145,-633.7832450866699,0.5400100946426392,743.6910438537598,434.50595140457153,-470.7224750518799,0.6774125695228577,964.8520660400392,389.0653610229492,-709.6955680847168,0.5487521886825562,777.169361114502,460.7310998439789,-512.2113418579102,0.6660886406898499,990.4627990722656,377.9397404193878,-725.2645111083984,0.5512669086456299,797.7114486694336,416.805979013443,-523.7880706787109,0.6653074622154236,971.8745040893556,380.3339660167694,-641.136360168457,0.545429527759552,794.9243545532227,409.8341238498688,-482.1500015258789,0.6604461073875427,737.5485420227051,824.5844793319702,24.099199175834656,0.9888120293617249,410.7686233520508,764.6676850318909,-22.7031809091568,0.9902915954589844,558.0853843688965,1276.2226009368896,198.83554458618164,0.6389359831809998,391.97802543640137,1197.2127056121826,353.06628227233887,0.8568073511123657,382.1342468261719,1752.5902605056765,675.8813667297363,0.6435319185256958,215.88418006896973,1680.0412273406982,864.389762878418,0.7878742814064026,347.9223346710205,1807.3522567749023,715.7217407226562,0.6490368843078613,204.95779037475583,1750.3865146636963,904.9313735961914,0.7722309231758118,322.93124198913574,1895.5351781845093,340.3293800354004,0.6745522022247314,166.30159378051758,1800.77410697937,482.40137100219727,0.7642883062362671,4.256362061393338,10.39006942123396,2.789960601593821,8.150640658183587
eric_DTL_1_frame20.jpg,eric_DTL_1,FO,frame20,P3,389.4666405320168,217.2896044850349,-220.5961103439331,0.9142765998840332,382.76578164100647,199.2359331846237,-283.2839634716511,0.9218175411224364,381.1744847893715,194.51438355445865,-281.50316962599754,0.93695068359375,422.062028169632,200.54460829496384,-279.8870601654053,0.9268183708190918,382.89180129766464,211.45267283916476,-297.64713954925537,0.9159296154975892,381.6802949309349,213.19123256206512,-296.79932057857513,0.9222131371498108,380.8646128773689,215.0657712817192,-295.5742045044899,0.9056699872016908,401.5550042390824,192.3266869187355,-227.23484247922897,0.936754047870636,365.6132215857506,217.76937180757523,-270.6689768135548,0.9134877324104308,380.91652369499207,218.0240989923477,-280.51357421278954,0.9304353594779968,383.57315242290497,230.19463312625885,-253.7060695886612,0.9205520749092102,336.66353863477707,200.58684784173963,-124.95396116375925,0.9933664798736572,356.61069452762604,265.02731943130493,-233.0324046611786,0.9898725748062134,375.46550691127777,203.7410677075386,-198.26836383342743,0.4256492853164673,372.4910066723824,209.18199878931048,-314.87488198280334,0.7100428938865662,405.0455998182297,196.5597094297409,-180.5951372385025,0.5674025416374207,450.5596818327904,126.8362430036068,-319.107916533947,0.6999731063842773,403.3950158953666,184.77581924200055,-193.79589539766312,0.5757073163986206,473.1838636994362,107.61917445063592,-344.2773907184601,0.688270092010498,419.4883390069008,187.9781506061554,-214.07202181220052,0.5764250159263611,456.6479307413101,92.10131987929344,-338.82485020160675,0.6862781047821045,422.99832755327225,199.0513421297073,-192.419808536768,0.569758415222168,446.2453353404999,97.5440125465393,-321.8704100847244,0.6816173791885376,215.63320761919024,408.1344803571701,39.96852884441614,0.989461064338684,234.83380353450772,460.9441945552826,-39.37907787412405,0.9909687638282776,263.5188936889172,345.7270324230194,182.93330574035645,0.6439536213874817,366.9500550031662,388.5719485282898,49.8040834069252,0.8571004867553711,407.7980852127075,278.627991437912,424.8327983617783,0.665151059627533,375.7454582452774,316.14906895160675,167.45873948931694,0.7934814691543579,405.7600921392441,299.0495031476021,397.3852392435074,0.6622679233551025,388.161528468132,306.7478241920471,178.34570887684822,0.7665169835090637,426.9842056632042,259.07845491170883,188.7554727494717,0.6922065615653992,427.0102130174637,278.7526885867119,216.90126526355743,0.7713372111320496,72.80040751501201,70.0197074152324,79.54305795820069,76.39700563789275
tom_DTL_2_frame21.jpg,tom_DTL_2,FO,frame21,P3,1084.9814987182615,333.94203901290894,22.69590675830841,0.922807514667511,1091.4213180541992,323.18575859069824,59.17633652687073,0.9296123385429382,1091.38916015625,323.35914731025696,58.98752689361572,0.943234920501709,1091.129264831543,323.3539652824402,58.8900625705719,0.9341192841529846,1088.0513763427734,317.54520177841187,11.950955986976624,0.9243062734603882,1085.9934997558594,314.0673851966858,11.810114979743958,0.9299580454826356,1083.9390563964844,310.47749519348145,11.666896641254423,0.9150766134262084,1074.8756790161133,313.8555979728699,216.4193058013916,0.943034529685974,1064.1740798950195,298.4706401824951,7.088685035705566,0.9221066236495972,1068.5652923583984,339.12789702415466,82.00875520706177,0.9373518228530884,1066.6274642944336,333.2948327064514,20.61712861061096,0.9284684658050536,1025.6056594848633,408.38833808898926,293.5774040222168,0.9939924478530884,928.8696670532228,321.6997075080872,-82.65644073486328,0.9908756017684937,964.5002746582032,469.15369749069214,91.63130521774292,0.4244098365306854,873.244686126709,422.67126202583313,-101.40370845794678,0.7283263802528381,925.7755279541016,473.4461867809296,-310.1111125946045,0.5533384680747986,916.9530487060548,449.56016063690186,-4.671240895986557,0.6976445913314819,900.4189109802246,481.13940596580505,-379.6562576293945,0.5593132972717285,922.3877906799316,464.3438744544983,-30.879063606262207,0.6861963868141174,893.6072731018066,452.9675853252411,-373.1728649139404,0.5598307847976685,935.5389404296876,448.3761477470398,-46.5570867061615,0.6839079856872559,900.4265213012695,452.93955087661743,-320.2815914154053,0.5507588982582092,932.9932022094728,442.19260454177856,-4.6648769080638885,0.673056960105896,885.857048034668,551.6082572937012,152.8144598007202,0.9904019236564636,814.6302223205566,526.6605913639069,-152.4382209777832,0.9917969107627868,937.3957443237304,709.9934935569763,27.90662169456482,0.658864438533783,864.5225143432617,718.649218082428,-315.5131244659424,0.8704701066017151,898.1887435913086,901.8418192863464,33.666526079177856,0.6828793287277222,871.8608665466309,930.3128457069396,-334.744234085083,0.8131749033927917,875.0162315368652,939.2106771469116,25.64682126045227,0.6750226616859436,848.4591293334961,963.0637121200562,-346.7132091522217,0.7862933874130249,962.6572036743164,954.268491268158,-125.0942087173462,0.7120556831359863,943.015251159668,978.5060262680054,-544.6819496154785,0.7927370667457581,41.864670112628396,19.30314289821368,75.58063436117011,76.86576404878168
tom_DTL_2_frame22.jpg,tom_DTL_2,FO,frame22,P3,1087.660789489746,335.52870512008667,-14.198483526706696,0.9304286241531372,1093.5578155517578,323.2040083408356,11.971296966075895,0.936577081680298,1093.2435607910156,323.29779982566833,11.81281954050064,0.948849618434906,1092.6613998413086,322.9992377758026,11.824373602867126,0.9406339526176452,1090.257568359375,317.9639804363251,-45.56572437286377,0.9317981004714966,1087.943458557129,314.4584834575653,-45.73643445968628,0.9368918538093568,1085.5534744262695,310.8062481880188,-45.84479570388794,0.9234971404075624,1074.741668701172,311.5696156024933,144.6582269668579,0.9486106634140016,1065.0859451293943,298.5839366912842,-114.412522315979,0.9298381209373474,1072.0207214355469,340.8359706401825,39.34303164482117,0.9434935450553894,1069.2195510864258,336.75549387931824,-36.06321930885315,0.935561180114746,1024.090576171875,401.4448392391205,241.8900489807129,0.99446702003479,930.7822036743164,321.9017422199249,-192.5515651702881,0.9917826652526855,955.5517959594728,446.1222875118256,109.03014421463013,0.4011370837688446,888.0240440368652,419.0850412845612,-151.45623207092285,0.7521486282348633,895.4475975036621,432.65236258506775,-229.69103336334229,0.5199914574623108,891.2099075317383,415.6745266914368,32.16858744621277,0.7137599587440491,868.2295417785645,424.26520228385925,-289.27127838134766,0.528031587600708,871.995849609375,416.79876923561096,20.57542383670807,0.7012729048728943,869.8804092407227,408.5096168518066,-292.380895614624,0.5298812985420227,881.8349647521973,408.3761715888977,-5.599475651979446,0.6994328498840332,875.8386611938477,411.3671672344208,-243.77354621887207,0.5203574299812317,886.1093902587891,412.1906268596649,30.85107922554016,0.6857762336730957,890.5828857421875,561.4666628837585,166.64535999298096,0.9911478161811828,821.4492988586426,542.1315836906433,-166.3521909713745,0.9925419092178344,937.3737716674804,717.751407623291,108.2205319404602,0.6672378778457642,870.3591156005859,730.7305526733398,-311.264705657959,0.8825927972793579,897.1773147583008,902.2873449325562,175.13186931610107,0.6931464076042175,871.9358253479004,937.5965237617492,-331.682825088501,0.831039309501648,874.0072631835938,935.5231976509094,172.923846244812,0.686780571937561,848.62060546875,968.8915300369264,-344.0783500671387,0.8050419688224792,961.4955139160156,953.5076022148132,60.44825077056885,0.7270227074623108,943.0215454101562,982.3527646064758,-522.8500556945801,0.8121073246002197,40.44677739064365,15.625087766530076,77.87829425900159,78.27144250755846
random_1_frame23.jpg,random_1,FO,frame23,P3,274.5818519592285,335.61406993865967,-76.34887674450874,0.9350652694702148,276.6008042097092,328.1356360912323,-67.73115029931068,0.9397395849227904,277.1076958179474,328.04577589035034,-67.8634090423584,0.9514127373695374,277.5587375164032,327.7460243701935,-67.92659264802933,0.9433583617210388,273.63796520233154,323.4645178318024,-83.57523810863495,0.9359073638916016,272.22800719738007,320.3906924724579,-83.66180676221848,0.9404619336128236,270.7442207336426,317.1849365234375,-83.76096040010452,0.9279155135154724,272.5584762096405,316.4725036621094,-9.262854017317297,0.9494264125823976,263.62207674980164,304.17914068698883,-90.25085443258286,0.933591365814209,271.43689930438995,338.3091082572937,-52.04773445427418,0.9463512301445008,267.83301508426666,333.1174457073212,-72.74053022265434,0.9404948353767396,270.14272832870483,357.0696611404419,23.456590250134468,0.994477152824402,224.2770957946777,284.78818452358246,-96.69317644834518,0.9925776720046996,262.08952832221985,375.0551745891571,-36.00523912906647,0.3884387910366058,216.59218442440036,336.2914569377899,-170.8809992671013,0.7685725092887878,250.2722409963608,374.8029057979584,-174.4331854581833,0.5132637023925781,220.6845419406891,359.1191339492798,-269.8823368549347,0.7315528392791748,246.6740995645523,384.7180058956146,-199.79617124795917,0.5258175730705261,216.3791321516037,358.0012745857239,-300.6970524787903,0.7207841277122498,242.4930909872055,370.58642411232,-208.3381032347679,0.5280562043190002,219.3053932189941,353.93898701667786,-301.59605753421783,0.7191764116287231,242.83897757530207,369.7278964519501,-181.53234535455704,0.5187757015228271,220.1218521595001,354.0566382408142,-272.65700900554657,0.7041337490081787,242.0984683036804,437.7968258857727,58.819241762161255,0.9894302487373352,217.49426782131195,406.9364683628082,-58.53208941221237,0.993026316165924,285.61858570575714,561.27925157547,95.47195440530776,0.6797077655792236,242.3700349330902,530.3601260185242,-173.85165053606033,0.8939058184623718,297.03323113918304,674.2486095428467,159.73501026630402,0.7031767964363098,261.7111251354217,671.7073431015015,-220.68291223049164,0.8470631837844849,291.6574639081955,685.6026244163513,162.64783269166946,0.695113480091095,258.8418004512787,685.3202614784241,-230.52545642852783,0.8199398517608643,326.0570763349533,730.7695627212524,128.91496574878693,0.7379248142242432,294.000185251236,737.1307897567749,-314.65821063518524,0.8290359973907471,57.60315748631477,51.43551005817159,69.10628540527075,78.15873007208619
tom_DTL_2_frame23.jpg,tom_DTL_2,FO,frame23,P3,1089.697494506836,315.6686317920685,-295.8859062194824,0.8964543342590332,1119.8640060424805,322.42651104927063,-345.1256847381592,0.9164392352104188,1120.5530548095703,323.2007575035095,-345.43018341064453,0.9270474314689636,1120.0181579589844,324.7416865825653,-345.94759941101074,0.9230781197547911,1121.0058975219729,318.0580937862396,-306.4321517944336,0.900936484336853,1121.9744110107422,313.8738799095154,-306.4694595336914,0.8992027640342712,1121.3148880004885,310.8296477794647,-307.1646022796631,0.8910390734672546,1118.9876174926758,331.62792563438416,-432.36634254455566,0.9313978552818298,1112.0991897583008,324.45828437805176,-262.59252548217773,0.9026426076889038,1075.5974578857422,328.2997119426728,-309.5445728302002,0.926081120967865,1073.1761169433594,317.53223061561584,-261.66967391967773,0.9135152697563172,1110.0249481201172,398.7137818336487,-468.9268970489502,0.9915452003479004,1034.0452194213867,355.02445936203003,-132.97531127929688,0.978808045387268,1083.464012145996,452.4504768848419,-479.4360637664795,0.4010253548622131,994.2581176757812,368.7354290485382,-51.54884576797485,0.705272912979126,1047.8918838500977,386.3973248004913,-350.6828212738037,0.517160952091217,1060.9079360961914,246.5629917383194,127.36978054046632,0.6761288046836853,1031.7616653442385,371.7338275909424,-497.5465965270996,0.5271726250648499,1086.8217086791992,216.89858615398407,116.05884075164796,0.6673240065574646,1055.2195358276367,346.932932138443,-497.1956634521485,0.5306018590927124,1092.2776794433594,198.4030759334564,105.60158014297484,0.6666263937950134,1058.9072799682615,355.5109906196594,-406.7239379882813,0.5189974904060364,1080.084114074707,208.64256978034973,117.9798173904419,0.6533987522125244,916.527500152588,718.8827633857727,-89.32079315185547,0.9849874377250672,860.189266204834,725.9683656692505,89.43205833435059,0.9878987073898317,934.529628753662,973.9442324638368,438.3749771118164,0.6332343816757202,823.904972076416,1002.7490329742432,598.8884925842285,0.8183979392051697,874.5566940307617,1159.6959829330444,1057.0780563354492,0.648607075214386,849.8784828186035,1150.0928163528442,1180.8478546142578,0.7753111124038696,881.184196472168,1182.987813949585,1121.2709426879885,0.6510695815086365,870.9164428710938,1158.4136724472046,1240.767059326172,0.7583450078964233,832.5609970092773,1223.6812162399292,1055.7246780395508,0.6821913123130798,793.3151435852051,1233.1887245178225,1187.853012084961,0.7605497241020203,29.89945635482397,7.168393773176845,77.25622275157832,72.5065086229555
random_1_frame24.jpg,random_1,FO,frame24,P3,273.1661252975464,376.2856950759888,-68.56508335471153,0.8915267586708069,267.49080181121826,343.4681432247162,-64.48244589567184,0.9075399041175842,267.9183291196823,343.3477666378021,-64.60675656795502,0.9232932329177856,268.54719030857086,343.8442816734314,-64.68866890668869,0.916053831577301,265.910603761673,342.4366509914398,-72.45071342587471,0.8905326128005981,265.2461476325989,341.14248752593994,-72.50283181667328,0.891660749912262,264.9181102514267,340.2141752243042,-72.66113358736038,0.8762565851211548,267.3435070514679,353.0540118217468,-32.080580085515976,0.9280811548233032,258.8006179332733,339.7569284439087,-68.29625231027603,0.8943742513656616,269.54247760772705,375.8870244026184,-56.29902428388596,0.9244038462638856,266.83904707431793,371.2152535915375,-66.66548150777817,0.9101219177246094,269.4037194252014,353.9852030277252,-9.778490766882896,0.9918287992477416,226.86424779891968,314.3854707479477,-53.29165603220463,0.9804204106330872,269.4135494232178,358.4559495449066,-20.42451281100512,0.3980070054531097,215.8361411690712,324.13453483581543,-94.26733341813087,0.6964953541755676,255.30527758598328,361.9552385807037,-47.26855109632015,0.5191399455070496,223.15709686279297,311.63611710071564,-110.41850519180298,0.6507095694541931,251.95430886745453,361.0075416564941,-58.50546434521675,0.5283778309822083,215.93997699022293,301.4265434741974,-120.3259791135788,0.6442461609840393,247.99144864082336,344.9250991344452,-56.53628292679787,0.5324352383613586,218.13647711277008,314.25401997566223,-117.0166585445404,0.6435539126396179,248.6779705286026,347.1776306629181,-48.96087902784348,0.5235404372215271,223.87882566452024,324.8702292442322,-110.60253310203552,0.6350846886634827,242.86660504341123,435.5217237472534,-11.371400717645884,0.9861167669296264,221.5849438905716,409.32595896720886,11.695481039583685,0.9888840913772584,279.900941491127,564.5393612384796,-63.47390103340149,0.662714958190918,243.60240626335144,534.2950508594513,-132.44808691740036,0.836007833480835,305.0196647644043,736.3699145317078,-130.52945238351822,0.6800273060798645,276.3196921348572,725.5636591911316,-212.4118225574493,0.7969217896461487,304.05741143226624,758.286591053009,-139.99391674995422,0.6823506355285645,276.8586347103119,746.8944978713989,-222.5364618301392,0.7805905342102051,331.88698947429657,802.4430723190308,-189.96833324432373,0.710702121257782,295.9386349916458,780.1348648071289,-286.6395344734192,0.7827799320220947,42.950274796767296,50.90930020733634,45.648279441049,47.30515829494744
tom_DTL_2_frame24.jpg,tom_DTL_2,FO,frame24,P3,1111.4325714111328,362.4809789657593,-507.7214813232422,0.8097032308578491,1132.8902435302734,353.22848439216614,-461.129150390625,0.8337360620498657,1133.9691925048828,356.6599202156067,-459.1831111907959,0.8544381856918335,1135.7291793823242,360.2311098575592,-455.4030418395996,0.8448570966720581,1127.373390197754,354.7277641296387,-319.6973991394043,0.810601532459259,1127.7923583984375,354.8601150512696,-315.4204845428467,0.8125178813934326,1143.03955078125,438.5369896888733,-305.4092216491699,0.7970511317253113,1160.8903884887695,401.4488303661346,-645.3073883056641,0.8600901961326599,1131.7911529541016,454.7030174732208,-412.9837417602539,0.8157118558883667,1152.6811981201172,450.80127239227295,-585.2197265625,0.8506030440330505,1143.2751846313477,470.5790448188782,-525.9238815307617,0.8299499750137329,1228.2553482055664,455.3454923629761,-599.5663833618164,0.9731126427650452,1063.506088256836,505.6805562973023,-335.44507026672363,0.9106020331382751,1194.7089385986328,483.9029395580292,-649.1819000244141,0.3762754499912262,1010.7275390625,429.8684871196747,-296.0504150390625,0.6321432590484619,1173.288345336914,416.36669754982,-598.670482635498,0.5068640112876892,1113.193588256836,304.6790313720703,-219.33404445648196,0.6085802912712097,1190.687370300293,396.1904561519623,-654.3117713928223,0.5195686221122742,1132.810935974121,287.24076747894287,-272.79662132263184,0.6132518649101257,1198.6053085327148,365.1799142360687,-656.1481475830078,0.5262869596481323,1157.5421905517578,251.91694378852844,-271.1686992645264,0.6153382062911987,1189.2961120605469,373.702290058136,-597.2576522827148,0.5131332874298096,1148.6774826049805,262.34994292259216,-227.2393083572388,0.6035913825035095,962.2349166870116,898.8551044464111,-85.6029725074768,0.9404915571212769,830.3701972961426,907.9259705543518,86.54874086380005,0.9287405610084534,971.6389846801758,890.767343044281,789.1497802734375,0.5974053144454956,769.2760276794434,895.7945537567139,928.64501953125,0.7533227801322937,929.3759536743164,920.2492189407347,1726.0388946533203,0.6140013337135315,879.1541862487793,896.4035868644714,1882.5708389282229,0.7197133898735046,955.2920722961426,901.9217705726624,1824.51473236084,0.617637038230896,924.5248031616212,868.9493322372437,1984.346694946289,0.706734299659729,828.076286315918,1009.1071557998656,1735.72998046875,0.6438278555870056,804.9307823181152,987.7077627182008,1941.635284423828,0.709331214427948,16.98923679313785,3.9351306365939256,58.04558676476793,52.54861786736866
random_1_frame25.jpg,random_1,FO,frame25,P3,191.65910583734512,258.6214966773987,-142.46444100141525,0.8190016150474548,191.9673668146133,239.73244869709012,-162.19371265172958,0.8456626534461975,193.24654704332352,241.1588498353958,-162.32486552000046,0.8648204207420349,197.2318610548973,234.4875648021698,-162.52347028255463,0.8566736578941345,186.7276027798653,233.81770133972168,-162.97373592853546,0.8222297430038452,184.845132291317,231.44320023059845,-162.75252217054367,0.8220089673995972,202.822607755661,352.3785824775696,-162.96521228551865,0.8069499135017395,192.762251496315,228.44491732120517,-184.16242599487305,0.8715457320213318,197.6458074450493,337.9864022731781,-190.62144607305527,0.8252251744270325,215.8182919621468,380.6852366924286,-138.69365376234057,0.861687958240509,211.97385734319687,396.7001976966858,-141.24329656362534,0.8407097458839417,216.68780702352524,344.66219758987427,-179.92189419269562,0.9746091365814208,188.0691129565239,363.76629972457886,-149.19862341880798,0.9109424948692322,199.34747064113617,352.9370131492615,-109.59375542402267,0.3785743415355682,129.16882544755936,274.3201812505722,-171.10263985395432,0.5929300785064697,193.27720111608505,350.37924098968506,-63.05671462416649,0.5023819208145142,170.21735799312592,266.6443121433258,-110.36127132177351,0.5902541279792786,190.65116888284683,343.0464413166046,-81.9059427678585,0.5151619911193848,182.59050583839417,274.2241793870926,-128.356751203537,0.5931148529052734,193.79688465595245,334.6249935626984,-84.90027657151222,0.5221356749534607,178.47242218255997,235.37182986736295,-125.53612381219864,0.5943177342414856,196.4252450466156,344.2237980365753,-66.60777553915977,0.5102071166038513,171.5075322985649,242.3313699960709,-113.69224375486374,0.583503007888794,157.1605984568596,548.106153011322,-22.53012102097273,0.9436321258544922,139.17811745405197,539.2587809562683,22.790087282657623,0.9324493408203124,193.2076280117035,644.024950504303,224.96630799770355,0.5749860405921936,185.09116679430008,621.1376225948334,246.7084528207779,0.7310652136802673,204.90070813894272,791.7231073379517,480.01323771476746,0.5873619914054871,214.80913919210437,796.6540179252625,457.1474206447601,0.6928116083145142,210.29219043254847,816.0395617485046,502.1305780410767,0.5870903134346008,224.6553955078125,820.2462167739868,482.3887343406677,0.6812185049057007,191.44584661722183,824.2440552711487,470.68208622932434,0.6074417233467102,201.8681796193123,842.7246251106262,491.3722143173218,0.675142228603363,33.72466652530623,26.197164001637063,47.03115696475567,68.35745298738206
random_1_frame26.jpg,random_1,FO,frame26,P3,308.67339742183685,285.3470182418823,-26.16336265951395,0.836715042591095,313.0729423761368,278.31919050216675,-13.977770529687405,0.8606168627738953,313.4076796770096,278.02222192287445,-14.065058648586271,0.8778699040412903,313.6139026880264,277.56424582004547,-14.05130150169134,0.87040776014328,310.44817769527435,275.9460520744324,-34.633757159113884,0.8396627902984619,309.0860503911972,274.04376804828644,-34.711249232292175,0.8394531011581421,307.71078193187714,272.0212993621826,-34.77658315002918,0.8258897066116333,305.6978828907013,271.1125444173813,48.07658340036869,0.883445680141449,299.2445409297943,265.21282494068146,-46.208347007632256,0.8423211574554443,302.6089870929718,288.377813577652,-1.2172438646666706,0.874605655670166,300.03637313842773,285.9208606481552,-29.018477499485016,0.8562493324279785,287.34708738327026,296.26192343235016,82.23483380675316,0.9764450788497924,246.4861396551132,262.88473176956177,-69.40351104736328,0.9198416471481324,237.85480642318728,309.054411649704,56.44607976078987,0.3805367946624756,217.04066514968872,297.4153084754944,-123.81029951572418,0.6255770325660706,203.41214895248413,287.53289353847504,-29.71040265262127,0.5080817341804504,200.9860795736313,286.9545024633408,-173.00685274600983,0.6237879991531372,190.25613230466843,279.5026504993439,-45.095348715782166,0.5243278741836548,191.5611550807953,280.9942300319672,-195.236643075943,0.6266753077507019,192.6366603374481,273.9910840988159,-49.8437324911356,0.5314092040061951,194.6071222424507,275.66666400432587,-198.63639962673187,0.6279973983764648,197.38520902395248,277.83872056007385,-34.12653249502182,0.5146463513374329,199.11708652973172,279.3292636871338,-174.76938432455063,0.6150895357131958,228.67764961719516,378.490820646286,69.10624414682388,0.9486587643623352,199.25629740953443,371.9616575241089,-69.00898537039757,0.9391761422157288,259.28127896785736,443.8038709163666,100.6295086145401,0.6067901253700256,204.6011648178101,453.1355130672455,-205.50761997699735,0.7578006386756897,241.491983294487,523.9934866428375,172.36733376979828,0.6205880045890808,192.04069083929065,543.9444088935852,-248.7527561187744,0.7234318852424622,230.3215615749359,537.003408908844,174.9518342614174,0.6198683977127075,181.73586511611936,558.741132736206,-258.0789667367935,0.7124959230422974,275.00079095363617,541.2667207717896,133.66498893499374,0.6406773328781128,219.42974269390103,569.0454607009888,-350.7199205160141,0.7074031233787537,39.24360622595742,12.512262112899649,74.91909741405631,77.97457889118587
rob_DTL_2_frame29.jpg,rob_DTL_2,FO,frame29,P3,1185.395851135254,364.1568982601166,-41.02288126945496,0.8503905534744263,1184.3128967285156,371.7788243293762,-51.784164905548096,0.8721567392349243,1195.3322982788086,366.4742946624756,-51.79963946342468,0.8880058526992798,1197.414321899414,365.7287585735321,-51.92559599876404,0.8811706900596619,1178.5905075073242,373.0069649219513,-68.00523519515991,0.8522188067436218,1173.6823654174805,374.1684794425965,-67.94968128204346,0.851952314376831,1172.6226425170898,373.8951516151428,-68.18859100341797,0.8388186693191528,1186.710548400879,372.8407859802246,-25.26275932788849,0.8930714130401611,1167.2082138061523,378.0209791660309,-97.17071056365968,0.8545573949813843,1181.421890258789,365.5702722072601,-17.35343098640442,0.8848975300788879,1165.9960556030271,372.2875642776489,-40.1742947101593,0.8676119446754456,1169.417953491211,374.7741329669952,48.22584271430969,0.9786114692687988,1143.8899612426758,385.3681290149689,-83.12391757965088,0.927427351474762,1247.461280822754,350.06484031677246,68.639817237854,0.3853264153003692,1048.6426162719729,426.9355237483978,-92.8909707069397,0.6037418246269226,1356.8109512329102,333.0128788948059,66.11034393310547,0.5125985145568848,1054.090347290039,420.2814781665802,88.84355306625366,0.5803390741348267,1383.6008834838867,324.083890914917,74.24535512924194,0.5231388211250305,1058.3258056640625,418.628282546997,106.57252550125122,0.5820927023887634,1410.304183959961,314.74822640419006,50.226677656173706,0.531588077545166,1050.857391357422,415.9446680545807,108.42997312545776,0.5834683179855347,1396.658821105957,323.02897810935974,52.179497480392456,0.516329288482666,1043.360366821289,418.08204531669617,91.93917989730836,0.5727815628051758,760.3405380249023,645.3238463401794,68.54255676269531,0.9536427855491638,755.368595123291,657.8696966171265,-68.65028142929077,0.9450907707214355,740.8985710144043,693.8637399673462,318.57579231262207,0.5921381115913391,741.5063667297363,709.8985433578491,154.75995540618896,0.7727248668670654,593.825740814209,868.5074758529663,573.9966201782227,0.610498309135437,578.2071304321289,884.7252917289734,430.8485126495361,0.7230149507522583,560.661678314209,892.4231457710266,604.6456146240234,0.6224151849746704,540.4721260070801,909.1662454605104,467.4384212493897,0.7128304243087769,642.6470947265625,886.0467410087585,641.5911483764648,0.6448734402656555,635.138111114502,893.0405473709106,522.3835945129395,0.7108026742935181,22.538218871871297,68.38148857886098,79.00160345352202,87.9244781892611
rob_DTL_2_frame30.jpg,rob_DTL_2,FO,frame30,P3,1120.5476760864258,419.0217304229736,-81.66877269744873,0.8592011332511902,1137.956771850586,405.8584141731262,-87.86413908004761,0.8793434500694275,1142.4036026000977,403.57500672340393,-88.0382752418518,0.8938106894493103,1146.1870193481443,402.1548092365265,-88.2862114906311,0.8885452151298523,1125.5229949951172,402.401647567749,-113.87958526611328,0.8605220317840576,1121.444206237793,399.550051689148,-113.79173040390016,0.8593623638153076,1117.7180099487305,396.4907240867615,-114.21484708786012,0.8470941781997681,1146.159782409668,387.42053389549255,-41.47823452949524,0.8985537886619568,1107.5946807861328,377.137588262558,-151.40257358551025,0.8589193820953369,1109.0200424194336,419.27539229393005,-51.19297742843628,0.8915748596191406,1097.453155517578,418.99205446243286,-84.07109498977661,0.8741097450256348,1093.2295989990234,407.4277639389038,7.15856596827507,0.980398416519165,1007.3523330688477,362.15293407440186,-120.1633644104004,0.9337093830108644,1043.6872100830078,422.6312863826752,61.19924068450928,0.3707834184169769,898.6466789245605,420.4293429851532,-164.7828483581543,0.5827347636222839,1061.414451599121,394.282568693161,57.69857883453369,0.4967865943908691,935.9903526306152,436.1309838294983,-90.5299472808838,0.5592141151428223,1059.9108123779297,380.5476522445679,56.8863844871521,0.5109403133392334,944.4890785217284,442.8677809238434,-80.28983116149902,0.5621024370193481,1076.9121551513672,371.5905976295471,43.29821705818176,0.5189437866210938,951.3444900512696,420.5240035057068,-74.54303741455078,0.5640531182289124,1076.762466430664,380.31104922294617,49.44405913352966,0.5052359104156494,950.7050514221193,419.3212258815765,-87.61627435684204,0.5554250478744507,798.1939315795898,569.9286246299744,68.6024022102356,0.9574818015098572,707.5338363647461,573.9245796203613,-68.72069835662842,0.9495943188667296,789.7283363342285,615.0262355804443,253.009672164917,0.5775121450424194,836.3829231262207,635.2708411216736,30.80029964447021,0.766493022441864,776.945743560791,805.5970144271851,430.53019523620605,0.5873983502388,762.6131629943848,704.5177960395813,182.89854526519773,0.6951588988304138,765.6144332885742,880.0774955749512,448.71291160583496,0.5906598567962646,742.1955299377441,665.2180051803589,210.7807731628418,0.6886427402496338,782.618579864502,875.2793884277344,435.0539302825928,0.6230080723762512,762.3688888549805,743.198254108429,282.5592613220215,0.6930798292160034,27.798373221890266,2.52374835684743,56.0007610155432,56.567386347845286
rob_DTL_2_frame31.jpg,rob_DTL_2,FO,frame31,P3,1161.489715576172,393.2969856262207,-156.1803388595581,0.8651272654533386,1162.2929763793943,387.4112319946289,-160.99260807037354,0.8854039907455444,1161.5793228149414,386.3900506496429,-161.0676097869873,0.8984031677246094,1160.5727005004885,387.5935363769531,-161.19390964508057,0.8943599462509155,1158.336524963379,381.3338720798493,-186.1596393585205,0.8687935471534729,1155.4371643066406,378.7566983699799,-186.0759687423706,0.8673824667930603,1152.7229690551758,376.2510430812836,-186.5277099609375,0.8564409017562866,1136.7247009277344,374.3175029754639,-117.54936933517456,0.9029031991958618,1072.5049209594729,376.74336791038513,-231.40334129333496,0.8640038371086121,1143.2948684692385,395.0704944133759,-131.98908805847168,0.8966911435127258,1141.065788269043,397.6145803928375,-165.0311279296875,0.88124018907547,1069.6205520629885,398.8958609104157,-53.44241738319397,0.9814618229866028,1042.4455261230469,389.0483021736145,-230.39347171783447,0.938909947872162,1038.193588256836,408.2321047782898,-10.351810455322266,0.3569360673427582,1081.8938827514648,391.8963253498077,-298.5812759399414,0.5672117471694946,1090.3875732421875,381.9757354259491,-7.425976395606995,0.4714309573173523,1244.4256210327148,381.2960207462311,-245.3895092010498,0.5454233288764954,1098.955307006836,364.5466446876526,-6.035972088575363,0.4897232353687286,1289.0646743774414,388.8272452354431,-259.84514236450195,0.5504235029220581,1119.4242095947266,361.4622759819031,-28.82071852684021,0.4964876770973205,1294.4694900512695,357.34819650650024,-245.0034999847412,0.5515702962875366,1116.6733932495115,371.7823004722595,-15.958676934242249,0.4838000237941742,1278.7763214111328,354.2314159870148,-240.9752941131592,0.5439645648002625,828.2278633117676,550.8144092559814,71.94384098052979,0.9610116481781006,729.3630409240723,569.8277521133423,-71.97741508483887,0.9540356993675232,818.0508613586426,600.0159287452698,218.87117385864255,0.573033332824707,812.179012298584,618.1145310401917,-181.1537504196167,0.7682265639305115,851.9099807739258,532.9686963558197,207.720308303833,0.5798720717430115,827.9613304138184,466.5838301181793,-10.487854778766632,0.6883204579353333,856.1483001708984,520.1394760608673,208.3171033859253,0.5738782286643982,824.9938201904297,417.0524954795837,21.15387260913849,0.684844970703125,859.8478317260742,487.7417922019959,203.83442401885983,0.6114285588264465,843.6874580383301,440.6871771812439,166.16738319396973,0.6874924898147583,19.919266489589937,10.886017188986328,81.26908857540033,55.51339073194765
rob_DTL_2_frame32.jpg,rob_DTL_2,FO,frame32,P3,1086.0298919677734,376.6513466835022,76.28559350967407,0.874275803565979,1085.5015182495115,375.32700061798096,68.7288236618042,0.8941285014152527,1082.6393508911133,373.9715623855591,68.38913440704346,0.9059997797012328,1080.8403396606443,375.137003660202,68.18665266036987,0.9025450348854064,1085.6737518310547,374.4213044643402,69.2232084274292,0.8781057596206665,1085.3572082519531,371.3853442668915,69.06860589981079,0.8769329786300659,1085.1836013793943,368.4228980541229,68.48023653030396,0.867561936378479,1111.2715530395508,366.638445854187,81.41793966293335,0.9084899425506592,1065.208740234375,367.19115257263184,76.44484519958496,0.8723359704017639,1072.4592590332031,394.2913234233856,83.5735273361206,0.90269672870636,1075.7979583740234,376.6552090644837,81.19003057479858,0.8897602558135986,1058.7003707885742,398.6770570278168,46.82944178581238,0.982915699481964,1027.064552307129,373.20767998695374,70.86109399795532,0.9448091387748718,966.431007385254,398.9476490020752,5.347149074077606,0.3657523095607757,984.7790908813477,371.1998212337494,0.988832786679268,0.54230797290802,944.4751167297364,371.5568339824677,-3.874682933092117,0.4570101201534271,1006.8642425537108,315.0892424583435,-25.66011428833008,0.5097147226333618,934.6496772766112,356.21593952178955,-5.673663318157196,0.4796280860900879,1016.4350509643556,305.8877956867218,-3.664734810590744,0.5172972083091736,954.3280220031738,342.6035249233246,12.619203329086304,0.4857469499111175,1018.3929061889648,277.4596416950226,-8.485295176506042,0.5195527076721191,962.3939895629884,364.1130602359772,-2.512773424386978,0.4724363088607788,1011.9015884399414,286.0172939300537,-26.882166266441345,0.5143308639526367,802.3560905456543,561.3485383987427,43.89007329940796,0.9647232890129088,775.4616737365723,547.4580001831055,-43.6680006980896,0.958522617816925,796.7823028564453,638.7534213066101,-64.00079011917114,0.5986106395721436,800.434513092041,605.9270453453064,-269.7540092468262,0.7879030704498291,837.2487831115723,533.3831942081451,-237.41756916046145,0.5943542122840881,895.1285934448242,654.6868371963501,-601.1789131164551,0.7107329964637756,802.7045059204102,562.949366569519,-246.29779815673828,0.5889039039611816,895.0553512573242,658.7223172187805,-623.4063148498535,0.70688396692276,813.8210105895996,529.7412264347076,-220.7765007019043,0.6257861256599426,974.6128463745116,696.5673422813416,-628.8933563232422,0.7091744542121887,38.83685966510169,27.315633617655813,37.221549326190214,72.92508931305724
rob_DTL_2_frame33.jpg,rob_DTL_2,FO,frame33,P3,1036.5111923217771,392.4438178539276,168.71078968048096,0.8868386149406433,1050.5902862548828,383.465713262558,200.3574085235596,0.9047064781188964,1051.6997909545898,384.7154831886292,200.2301788330078,0.9153904914855956,1053.175392150879,386.0741400718689,200.267915725708,0.912281334400177,1046.3255310058594,373.4205937385559,184.6473598480225,0.8902872204780579,1044.7734832763672,368.7619829177856,184.42724704742432,0.8892304301261902,1043.1896209716797,364.1795253753662,184.307599067688,0.8807989954948425,1048.1169891357422,379.620680809021,338.763370513916,0.917627215385437,1033.5445404052734,353.5298466682434,262.2510051727295,0.8850917816162109,1025.5230331420898,398.4349501132965,220.3557300567627,0.9124059677124025,1018.7482452392578,385.6285500526428,197.2395086288452,0.9007704854011536,1020.0234603881836,424.2303764820099,314.22383308410645,0.9846147894859314,926.4379692077636,351.99873447418213,236.11650466918945,0.9503277540206908,947.1251678466796,425.0930070877075,96.52446269989014,0.4229609370231628,850.0108909606934,391.87904119491577,93.5552430152893,0.5799912810325623,872.8318405151367,349.08862352371216,-167.97502040863037,0.5095696449279785,843.9986801147461,352.51056432724,-82.51976251602173,0.5552864074707031,848.4762382507324,328.3950161933899,-216.6967248916626,0.5291194915771484,836.3828659057617,333.59960675239563,-118.40062379837036,0.5612785220146179,851.898365020752,321.7835211753845,-196.66314125061035,0.5342530608177185,846.5122032165527,333.6079752445221,-116.9616150856018,0.5632299780845642,858.9325904846191,329.4274306297302,-164.9674415588379,0.5204308032989502,850.6168556213379,340.5563986301422,-85.75714588165283,0.5571494698524475,877.5286102294922,590.8363366127014,113.80423307418825,0.968233048915863,802.8414916992188,560.8640027046204,-113.98772478103638,0.9626659154891968,919.9097442626952,745.8116054534912,-66.06716394424438,0.6239445805549622,817.8374862670898,744.2744421958923,-387.7100944519043,0.8084738254547119,854.3797874450684,909.9983954429626,-107.8249454498291,0.6172093749046326,820.8422470092773,938.1923604011536,-435.505256652832,0.7389415502548218,832.8251838684082,943.8039493560792,-117.86126375198364,0.6153919696807861,801.5316581726074,973.155598640442,-445.5059623718262,0.7336875796318054,927.143440246582,946.5052342414856,-250.70940971374512,0.6532767415046692,878.5059928894043,989.614748954773,-629.5713043212891,0.7372317314147949,37.66186533343162,21.865851304922703,39.848692012156604,71.84701460425448
tom_DTL_1_frame33.jpg,tom_DTL_1,FO,frame33,P3,493.834188580513,331.73700189590454,50.35048663616181,0.894800066947937,497.42053484916687,325.1358116865158,58.68734630942345,0.9109420776367188,496.8982783555985,324.3617537021637,58.56709809601307,0.920658528804779,496.2911009788513,323.60652446746826,58.50459122657776,0.918241322040558,497.6919139623642,324.9585750102997,37.31612406671047,0.8976666927337646,497.4480092525482,324.1075463294983,37.27578404545784,0.8964465856552124,497.0952823162079,323.1724236011505,37.12016947567463,0.8887376189231873,491.4388854503632,320.45925468206406,97.08172363042831,0.9221950769424438,491.6752277612686,318.64395529031754,-0.4348117844201624,0.890242338180542,486.9051926136017,332.4268503189087,67.50090596079826,0.9170187711715698,487.03267800807953,331.7242953777313,38.36230650544167,0.9059516191482544,465.4708217382431,328.3777450323105,150.19925040006638,0.985409379005432,462.3485569953919,328.97160148620605,-71.1725547015667,0.9552375674247742,454.49441599845886,348.3817321062088,177.9063709974289,0.3921279013156891,439.65199398994446,342.2169145345688,-209.78399848937988,0.6157101392745972,452.013879776001,349.6543476581573,137.81756535172462,0.496953934431076,412.4856369495392,352.83032262325287,-353.1430764198303,0.596341073513031,446.7353947162628,349.6187309026718,139.98917931318283,0.5185030698776245,399.3482236862183,349.21724343299866,-393.6364617347717,0.6015521287918091,452.183270573616,343.3711669445038,117.45676025748251,0.5237990021705627,400.72364366054535,350.1894075870514,-379.2417129278183,0.6030527949333191,454.6378934383392,343.6422778367996,127.33395570516586,0.5083661675453186,405.6349014043808,351.62162470817566,-351.3492615222931,0.5952732563018799,424.5518606901169,399.3444961309433,91.69120752811432,0.9712628722190856,412.2928304672241,397.9459320306778,-91.44847360253334,0.9662950038909912,461.202090382576,468.6176223754883,-56.502381071448326,0.6418158411979675,427.3574066162109,480.2856329679489,-185.8633328676224,0.8272838592529297,419.63956224918365,545.0887986421585,-81.91727524995804,0.6385752558708191,409.52450680732727,552.8874049186707,-235.1654732823372,0.7644975185394287,411.8049516677856,557.0315395593643,-87.18472024798393,0.6417421102523804,399.4834449291229,566.5660872459412,-242.8298431634903,0.7584714889526367,444.1161682605744,565.7304219007492,-139.2945747077465,0.6779240369796753,433.41776740551,573.7260562181473,-319.23282873630524,0.7624148726463318,10.769056679977382,6.508415712437194,89.19194437881409,86.1704398037734
rob_DTL_2_frame34.jpg,rob_DTL_2,FO,frame34,P3,1027.1020889282229,362.24923610687256,-199.72745418548584,0.9052668809890748,1035.2550888061523,371.7125844955444,-170.80634593963623,0.9197871685028076,1036.204948425293,372.2759127616882,-170.99920749664307,0.9285251498222352,1037.3186874389648,372.63633728027344,-170.94830989837646,0.926327645778656,1030.649070739746,363.0179786682129,-188.78045082092285,0.9078571200370787,1028.1757736206057,359.05327677726746,-188.91510486602783,0.9067533612251282,1026.8035125732422,355.0826847553253,-188.9050054550171,0.8998168110847473,1028.7990188598633,364.8316562175751,-12.392026484012604,0.9298945665359496,1016.5443420410156,343.93659353256226,-100.57273864746094,0.9011881351470948,1011.2712478637696,384.33812856674194,-140.7031488418579,0.9252575635910034,1008.0892181396484,373.97944808006287,-166.6426706314087,0.9153422117233276,988.0049514770508,409.7018694877625,23.6983859539032,0.9867230653762816,899.9584579467773,343.7968719005585,-48.23234438896179,0.9597092270851136,892.0511627197266,396.273432970047,-61.69559955596924,0.4342525601387024,818.0288887023926,378.2317042350769,-242.44365692138672,0.6492444276809692,837.6995086669922,326.4258456230164,-207.96844482421875,0.5323398113250732,830.2890586853027,339.7982454299927,-525.5584716796875,0.6289268136024475,818.4722328186035,318.4604251384735,-260.0693607330322,0.5482231378555298,821.971607208252,328.13202023506165,-585.3018951416016,0.6306626200675964,823.2265090942383,311.60447359085083,-250.228328704834,0.552600622177124,831.7179107666016,325.20745754241943,-583.8002586364746,0.63202303647995,828.7623023986816,312.1676087379456,-208.41615200042725,0.5333653688430786,834.4534492492676,328.72013211250305,-531.1850738525391,0.6229422092437744,850.7582473754883,591.1956667900085,99.39883947372437,0.974082052707672,783.9028930664062,561.4483165740967,-99.39623594284058,0.9696508049964904,902.8451156616212,735.7184958457947,-87.71631717681885,0.6676154732704163,804.3517112731934,722.2727751731873,-396.4238834381104,0.843906819820404,836.590576171875,901.10906124115,-141.7637586593628,0.6611678600311279,803.060359954834,926.8313598632812,-459.5331859588623,0.786985456943512,807.1919059753418,935.2553415298462,-154.02700424194336,0.6616864204406738,785.1477241516113,955.750036239624,-469.0490055084229,0.778757631778717,903.995418548584,932.6057481765748,-217.17042446136475,0.7038666009902954,860.1961898803711,962.9887175559998,-669.4828033447266,0.7848391532897949,36.81577046421841,23.986715854276948,39.24755223863589,71.41206013318299
tom_DTL_1_frame34.jpg,tom_DTL_1,FO,frame34,P3,491.554055929184,325.4945590496063,-113.90786173939703,0.9147098064422609,495.2428761720657,320.7197575569153,-99.03459173440932,0.9277312159538268,495.4155625104904,320.6243816614151,-99.10500356554984,0.9355947971343994,495.5132839679718,320.39685797691345,-99.15235528349876,0.9335995316505432,493.8117789030075,318.69430005550385,-118.24638918042184,0.9170313477516174,493.015229344368,317.4191817045212,-118.31837940216064,0.9160407185554504,492.1289716959,315.97720366716385,-118.39134961366652,0.9097851514816284,491.3470959663391,317.45441341400146,-24.029995188117027,0.9367952346801758,486.87508177757263,312.6427630186081,-113.37111353874208,0.91102796792984,486.4542585611344,327.9095290899277,-81.96010860800743,0.9326683282852172,484.6190586090088,325.5857764482498,-108.3139500617981,0.9237759113311768,479.7391605377197,336.44830930233,48.686169147491455,0.9880068898200988,447.8320466279984,323.63790571689606,-139.19791996479034,0.9637333750724792,526.4504334926605,351.3650300502777,61.77928774058819,0.4823240339756012,425.2820484638214,344.5351610183716,-279.5984174609184,0.681485116481781,573.0596834421158,347.263288974762,1.7807011655531824,0.5777604579925537,402.9064711332321,344.09085643291473,-440.7331395149231,0.6643933057785034,588.0920326709747,349.5309019088745,-3.238993557170033,0.5907124280929565,389.175652384758,341.80325961112976,-480.0818620920181,0.6655563712120056,590.3992581367493,347.94840133190155,-27.65052618831396,0.5949119925498962,388.5775290727616,338.76613223552704,-481.38380885124207,0.6666895747184753,584.0238783359528,347.4393320083618,-12.338300988078116,0.5774787664413452,394.3744200468064,341.63699674606323,-446.2758575677872,0.6573621034622192,430.3013652563095,399.19274950027466,81.66890421509743,0.9765832424163818,405.6465225219727,394.7404240369797,-81.53289377689362,0.9726637601852416,457.3104382753372,470.0293935537338,62.695396050810814,0.6868577003479004,412.59914231300354,477.0837444067001,-188.6842464208603,0.8593459129333496,423.7086185216904,540.726150393486,138.71354484558103,0.6813257932662964,407.004042506218,554.645255446434,-206.22108525037768,0.8081300854682922,408.8174571990967,549.7302972078323,142.24736192822456,0.6846192479133606,396.8598475456238,568.1574823856354,-213.85631561279297,0.8001815676689148,448.50503075122833,562.0119171142578,99.84582379460336,0.7245485782623291,434.5173679590225,576.8463150262833,-311.16739153862,0.8060158491134644,21.874992488642736,10.236505599982445,80.36178946580736,81.40930453359292
tom_DTL_1_frame35.jpg,tom_DTL_1,FO,frame35,P3,490.2866603136063,330.59622609615326,-77.51549077033997,0.9232094287872314,494.39817702770233,324.30526745319366,-58.13436323404312,0.9348894953727722,494.5283335447312,324.00154316425323,-58.20882077515125,0.941972017288208,494.6722619533539,323.689617395401,-58.23604801297188,0.9401739239692688,493.3660136461258,321.73828125,-80.25265422463417,0.925287127494812,492.6814430952072,319.82389026880264,-80.32894599437714,0.9243951439857484,491.9100784063339,317.8731316924095,-80.38755458593369,0.9187586903572084,490.4452972412109,318.716613471508,12.61567386612296,0.9430331587791444,484.44991064071655,312.34955048561096,-95.2511634528637,0.9198822975158693,485.2509351968765,331.71397614479065,-45.26330338418484,0.9393194317817688,483.47606098651886,328.66360318660736,-76.25489437580109,0.9313573837280272,477.5088772773743,336.7944656610489,62.61988914012909,0.9891735911369324,437.9324501752853,316.0854208469391,-127.30296894907951,0.9673506021499634,514.9783437252045,349.76966893672943,71.13384076952934,0.527607798576355,404.17008554935455,341.2239964008332,-271.1084625720978,0.7111292481422424,569.1176269054413,351.148210644722,8.725466810166836,0.6181042790412903,399.5075544118881,342.1904618740082,-417.7684582471848,0.6960046887397766,581.3268424272537,353.2353140115738,4.144215471111238,0.6279701590538025,392.4575947523117,339.6328707933426,-455.256934762001,0.6963238716125488,583.8545916080475,350.82777535915375,-19.32021640241146,0.632202684879303,388.6310555934906,332.77266013622284,-453.2123465538025,0.69730144739151,578.0658527612686,350.4991000890732,-5.115750387310982,0.616431474685669,391.7246664762497,336.34153604507446,-421.7165855169296,0.6872091293334961,425.61628568172455,413.4117668867111,72.69432270526886,0.9787986874580384,396.2965528964996,406.9315581321716,-72.53542993962765,0.9752996563911438,460.6358124017716,470.7900904417038,17.989965934306383,0.7033273577690125,409.7089530229569,473.3002823591232,-163.02853059768677,0.8730644583702087,425.8415966033936,535.8534702062607,40.74454455077648,0.7003155946731567,404.267945766449,550.3839128017426,-170.91463834047318,0.8269294500350952,414.5802133083344,546.265460729599,38.40853513777256,0.7065643668174744,396.1238318681717,562.3271927833557,-177.58873289823532,0.8188831806182861,448.849640250206,557.563711643219,-13.80637227371335,0.7451356053352356,431.0720361471176,570.3120073080063,-261.2985915541649,0.824785053730011,27.621585558445858,12.463078389871612,78.22906121548604,78.58624750765247
tom_DTL_1_frame36.jpg,tom_DTL_1,FO,frame36,P3,486.050155878067,320.33865827322006,-96.1236578822136,0.9308663010597228,490.8556787967682,316.74188578128815,-81.57945629954338,0.9413413405418396,491.3024500608444,317.4063019156456,-81.6279788017273,0.9477133750915528,491.7076281309128,317.8837974667549,-81.67042189836502,0.9460830688476562,488.9241102933884,313.0194150209427,-98.41182991862296,0.9327327013015748,488.1367188692093,311.553718149662,-98.4882777929306,0.9319311380386353,487.393453001976,310.1462787389755,-98.53625392913818,0.9268559813499452,488.5948337316513,317.17565935850143,-12.894001800566912,0.9486510157585144,482.6668149232864,309.018613755703,-91.035707116127,0.927872359752655,481.1417080163956,323.79069197177887,-70.31917440891266,0.9453248381614684,478.20434045791626,318.9215157032013,-93.32403525710106,0.9382014274597168,480.01633286476135,340.0341657400131,43.68293546140194,0.9901885390281676,433.6034277677536,315.0997608304024,-111.83010131120682,0.9706119298934937,519.7369312047958,352.0221880674362,67.3216155320406,0.5689571499824524,396.8011522293091,338.46494925022125,-239.909334897995,0.7386066913604736,567.0544449090958,352.42979776859283,37.81706361472607,0.6534541249275208,384.2455233335495,326.29845809936523,-390.8119057416916,0.7250150442123413,579.5438160896301,352.43045234680176,38.34877310693264,0.6593640446662903,373.7468322515488,324.2187476158142,-424.5092614889145,0.7244569063186646,582.5425500869751,350.0794769525528,19.34587609022856,0.663777232170105,376.98832619190216,318.9084241390228,-426.2182595729828,0.7253626585006714,576.5223255157471,350.7506891489029,26.816353261470795,0.6498693823814392,381.5510197877884,321.3178495168686,-396.5647752285004,0.715305507183075,427.44964706897736,415.02021956443787,67.21079863607883,0.9807693958282472,396.7312520742416,407.8376483917236,-67.0881741642952,0.9777386784553528,457.1797960996628,473.0222021341324,76.20268607139587,0.7217522859573364,410.3143265247345,472.6689609289169,-183.5941101908684,0.8855467438697815,422.5595848560333,529.005003452301,142.23513373732567,0.7208450436592102,405.4394931793213,551.3042112588882,-204.31733804941177,0.8440341949462891,410.1271398067474,538.9578266143799,144.59381300210953,0.7270061373710632,396.4627175331116,563.9934023618698,-212.12738817930224,0.8359436988830566,441.91401851177216,553.3949725627899,105.58989071846008,0.7639372944831848,430.037721991539,569.7751376628876,-302.29874432086945,0.8419376611709595,28.246025855407208,13.160456686237051,73.3822528478764,77.11628695312541
tom_DTL_1_frame37.jpg,tom_DTL_1,FO,frame37,P3,491.1081519126892,327.48366820812225,-111.1049522459507,0.9377506971359252,494.2549077272415,321.6032456159592,-97.355895280838,0.9471415877342224,494.35172724723816,321.51892054080963,-97.40180736780168,0.9528674483299256,494.3570001125336,321.30075347423553,-97.45353001356123,0.95139741897583,492.6619126796722,318.8892488479614,-117.55817618966104,0.9394330382347108,491.744989156723,317.11720937490463,-117.62723511457445,0.9387105107307434,490.7788059711456,315.3138656616211,-117.67528063058852,0.93414306640625,489.0328978300095,317.28491616249084,-29.539235316216946,0.9537043571472168,484.1980619430542,310.4739336371422,-123.48376670479774,0.9350616931915284,486.3947653770447,330.24598824977875,-85.15365242958069,0.9507081508636476,484.182382106781,327.2238006591797,-112.5083496272564,0.9443528056144714,479.97262358665466,338.92819809913635,28.78462585061789,0.9910671710968018,433.2129235267639,316.2742089033127,-143.9733580648899,0.9735463857650756,517.7908276319504,351.9565762281418,59.50362575054169,0.6032344698905945,396.4726388454437,336.96107506752014,-278.7253072857857,0.7634216547012329,565.0306359529495,352.2564500570297,32.90971282124519,0.6827973127365112,388.1472355127335,317.0745270252228,-424.4615975618362,0.7513471245765686,575.7634145021439,351.37095975875854,35.192883007228374,0.683757483959198,378.6542394161224,309.4430307149887,-457.92118871212006,0.7501575350761414,578.7584366798401,348.9500985145569,16.710718296468258,0.6887553930282593,381.79128205776215,305.3864362835884,-459.1358903646469,0.7510084509849548,573.9431658983231,350.2068886756897,22.132247172296047,0.6768491864204407,385.6349580287933,308.8852915763855,-430.10581827163696,0.7408807277679443,428.3040246963501,416.267499089241,68.70654921233654,0.9825178384780884,397.69740056991577,409.35584628582,-68.63110300898552,0.979926824569702,459.990718960762,474.1530437469482,60.67599704861641,0.7377507090568542,410.5277388095856,473.50304758548737,-209.1695882678032,0.8967118859291077,423.2868239879608,530.0706952810287,126.04025647044182,0.737794816493988,404.70292246341705,551.1434930562973,-229.9399943947792,0.859337329864502,413.0046325922012,539.3499574661255,128.2427531182766,0.7442571520805359,396.90324461460114,562.7483946084976,-237.59966379404068,0.8510856032371521,441.5286483764648,553.2816920280457,83.93530833721161,0.7802978157997131,430.3792093992233,571.2455513477325,-329.06342697143555,0.8572654724121094,25.849111012039156,12.725209963430444,74.85486846620071,77.43655152892586
tom_DTL_1_frame38.jpg,tom_DTL_1,FO,frame38,P3,488.7627328634262,325.72882103919983,-120.25203797221184,0.9439527988433838,492.00863242149353,320.90194207429886,-106.50931191444396,0.9524092674255372,492.0607019662857,321.2224351167679,-106.5680766105652,0.9575582146644592,492.0578573942184,321.4190973639488,-106.61660778522491,0.9562371969223022,490.74564242362976,317.3995443582535,-124.7159694135189,0.9454766511917114,489.97615098953247,315.55621361732483,-124.77362403273582,0.9448215365409852,489.2079083919525,313.6130019426346,-124.80332726240158,0.940712034702301,487.7199890613556,318.3048067688942,-33.38498400896788,0.9583012461662292,483.6020894050598,309.1022264957428,-117.96879190206528,0.9415387511253356,483.6579748392105,328.6833945512772,-92.23162418603896,0.9556066393852234,481.6554654836655,324.80883061885834,-116.95958456397057,0.9499054551124572,478.6538175344467,340.3523677587509,16.355659548193216,0.9918574690818788,434.3989713191986,315.7050146460533,-131.16018265485764,0.976185977458954,496.3219056129456,349.98152124881744,-27.41036581993103,0.6159718632698059,395.55738043785095,321.63872760534286,-264.03964895009995,0.7856549024581909,496.7431797981262,342.43592870235443,-137.94505074620247,0.7026208639144897,385.993755698204,301.97232961654663,-413.4268434047699,0.7742388248443604,500.3905456066132,344.35203313827515,-152.23266845941544,0.7017053365707397,377.52934992313385,293.9568269252777,-450.1270265579224,0.772445559501648,499.2660723924637,347.6990840435028,-164.50260865688324,0.7063460946083069,380.1045895814896,290.23963129520416,-448.3631143569946,0.7732127904891968,497.42240810394287,341.0717877149582,-147.1477877497673,0.6937216520309448,383.7131026983261,294.9230613708496,-417.9380224943161,0.7627477049827576,428.4641879796982,416.1432062387466,71.03324005007744,0.984125316143036,398.4615844488144,408.5140587091446,-70.9859316945076,0.9819070100784302,461.846975684166,475.2319811582565,62.26647707819939,0.7546339631080627,411.3423618078232,474.5014718770981,-210.47125750780103,0.9067596793174744,421.0592118501663,533.3043886423111,127.08608767390253,0.7549399137496948,404.20033514499664,552.6261126995087,-243.0648672580719,0.8731561899185181,410.2250347137451,539.2365614175797,129.49655029177666,0.7597593665122986,397.1591173410416,563.9234009981155,-252.3568353652954,0.864391565322876,440.1871551275253,554.3068385124207,83.9401562511921,0.7955688834190369,430.5681653022766,571.0727041959763,-350.856213927269,0.8710892796516418,29.1152414452024,14.266964277622723,73.30072242940656,78.07123659163845
tom_DTL_1_frame39.jpg,tom_DTL_1,FO,frame39,P3,490.7934104204178,326.02091693878174,-107.48784470558168,0.9495519995689392,493.5205571651459,319.8951815366745,-92.8174412548542,0.9571597576141356,493.6575129032135,319.9318764209748,-92.85159346461296,0.9617916345596312,493.6860626935959,319.8071022629738,-92.89158225059508,0.9606022834777832,491.6451863050461,317.5397011041641,-112.92331892251968,0.9509252905845642,490.4951466321945,316.0586601495743,-112.98841452598572,0.9503354430198668,489.2400312423706,314.37179285287857,-113.02824720740318,0.9466370940208436,487.51573491096497,315.97489339113235,-20.60821131616831,0.96246075630188,482.21848261356354,309.37528187036514,-114.84275463223456,0.9473816156387328,486.5899307727814,329.5168651342392,-79.25865840911865,0.9600330591201782,484.2286237478256,326.7399903535843,-106.63846242427826,0.9549105167388916,477.4382486343384,340.4046185016632,44.43738014996052,0.9925935864448548,436.03127002716064,317.09890043735504,-137.4878378212452,0.978564441204071,518.811890244484,350.86597192287445,100.5792984366417,0.6424692869186401,397.1566890478134,313.42361706495285,-274.62494337558746,0.8066897988319397,561.1550452709198,348.6923872232437,98.20060309767725,0.7273422479629517,387.3365671634674,287.2876953482628,-425.9015407562256,0.7963333129882812,573.1231659650803,348.8692773580551,107.13765013217926,0.722548246383667,382.3714706897736,278.54684299230576,-460.5852692127228,0.7942214608192444,572.3530848026276,347.47167587280273,87.75451925396919,0.7275735139846802,383.9844471216202,275.19540256261826,-460.7929923534393,0.7949134111404419,569.228773355484,347.6171462535858,88.45894977450371,0.7162621021270752,385.1319544315338,277.03107088804245,-431.4917492866516,0.7848957777023315,428.5956280231476,417.3611067533493,72.67781898379326,0.9856332540512084,399.4074046611786,410.3701729774475,-72.64674550294876,0.9837005734443665,462.4895020723343,474.3245047330856,65.52381996810436,0.7700573205947876,412.59921169281006,474.094709277153,-216.3806304931641,0.9159185290336608,425.1721855401993,532.9720939397812,130.21377271413803,0.7719367742538452,403.8589518070221,552.5981583595276,-242.07859861850736,0.8856899738311768,412.3667893409729,541.8707381486893,132.14397963881493,0.7763109803199768,396.86727118492126,563.0016008615494,-250.61578381061557,0.8771871328353882,441.9213727712631,555.2654490470886,86.07804295420647,0.811030924320221,430.593766450882,570.2279517650604,-343.1946712732315,0.8837165832519531,29.372774799432293,13.469300283225843,77.17766559604051,78.64332854495606
grant_DTL_1_frame176.jpg,grant_DTL_1,FO,frame176,P3,493.2237982749939,433.8357961177826,-319.62181091308594,0.9508585929870604,489.3017113208771,418.4073543548584,-310.6184720993042,0.9581215381622314,490.4737186431885,418.3241844177246,-310.70093393325806,0.9620597958564758,491.62760496139526,418.2844340801239,-310.70350885391235,0.9619113206863404,483.75797152519226,419.0166449546814,-336.721054315567,0.9525663256645204,480.92095613479614,419.14580941200256,-336.7480266094208,0.9512283802032472,478.164439201355,419.2538917064667,-336.8058657646179,0.9489341974258424,488.15088272094727,424.02650713920593,-202.889376282692,0.9642855525016784,470.24691224098206,424.5639574527741,-319.4705665111542,0.95006000995636,498.2656216621399,446.7568445205689,-271.76140666008,0.9626148343086244,491.4370930194855,447.54393339157104,-305.6427276134491,0.9578046202659608,498.1661975383759,474.466370344162,-108.60533326864244,0.9924739003181458,472.1433413028717,469.94802832603455,-340.5748414993286,0.9805867671966552,511.7290771007538,410.095317363739,-225.2589511871338,0.6482305526733398,510.0498104095459,431.0593557357788,-542.2555661201477,0.8232484459877014,487.6497709751129,418.0594182014465,-368.0270040035248,0.6622231602668762,490.00434279441833,413.62588763237,-692.0010423660278,0.780931293964386,481.2468123435974,419.94895935058594,-407.3879814147949,0.6559717059135437,483.5159611701965,407.8257179260254,-751.3536715507507,0.770832896232605,468.6214292049408,423.8459086418152,-403.6793553829193,0.6607062220573425,480.00518560409546,411.8366074562073,-746.8382906913757,0.769842803478241,479.8394250869751,427.9630136489868,-375.4552638530731,0.6507757306098938,481.5170502662658,416.0112297534943,-695.4963040351868,0.7544487118721008,469.3906223773956,645.495400428772,102.50794529914856,0.986931562423706,445.5681645870209,644.9549245834351,-102.67425298690796,0.9852986335754396,542.6198530197144,773.306736946106,33.840749859809875,0.7249086499214172,514.1802406311035,816.1294054985046,-251.0633093118668,0.9234555959701538,548.5935401916504,931.2488293647766,108.55424523353577,0.7350618839263916,540.0377869606018,1011.7177391052246,-273.13313126564026,0.896510124206543,539.3166482448578,948.0784463882446,111.60786777734756,0.7461227178573608,526.6933572292328,1039.525980949402,-281.4043879508972,0.8880306482315063,599.5615839958191,981.228039264679,27.96243935823441,0.7879706025123596,602.0072436332703,1080.0665616989136,-422.8292977809906,0.8939818143844604,9.85005118179675,1.2996842545683174,83.59919335235901,83.3773869799228
grant_DTL_1_frame180.jpg,grant_DTL_1,FO,frame180,P3,672.0739889144897,300.96412897109985,-297.01265573501587,0.9557713866233826,678.8576817512512,293.60461950302124,-182.0537942647934,0.9623081684112548,681.1319160461426,295.11059403419495,-181.59784018993375,0.965851902961731,683.2278370857239,296.721625328064,-180.74665188789368,0.965717911720276,669.1716027259827,289.726402759552,-226.2229692935944,0.957308292388916,664.9433898925781,289.0137612819672,-227.22092807292935,0.9561038613319396,658.9414429664612,287.79170393943787,-226.9867551326752,0.9540390968322754,667.7523708343506,295.056391954422,63.366306871175766,0.967855989933014,633.7506723403931,285.9478998184204,-146.134375333786,0.9550536274909972,664.9282622337341,315.3775691986084,-112.6219841837883,0.9663529992103576,653.5549020767212,307.4828946590424,-241.25540435314176,0.9620239734649658,643.7649893760681,358.6752140522003,176.0694533586502,0.9932203888893129,536.3698124885559,299.4452476501465,-120.21882086992264,0.9825268983840942,621.9650673866272,418.1556236743927,24.765522480010983,0.6558182835578918,489.6458172798157,380.3433001041413,-302.4102365970612,0.8405601978302002,571.5996193885803,448.9287579059601,-305.7966434955597,0.6850022077560425,519.2146611213684,424.0274083614349,-489.32955265045166,0.8022658228874207,566.6783666610718,464.5987594127655,-370.2724313735962,0.6775044202804565,517.5424110889435,442.9335379600525,-552.6191711425781,0.7925102710723877,542.1587491035461,441.9140625,-376.3654339313507,0.6827195286750793,529.252313375473,438.5586190223694,-561.2301564216614,0.791587233543396,547.8141760826111,437.0276999473572,-316.34145855903625,0.6705089211463928,529.6978068351746,424.2581856250763,-495.4624021053314,0.7771255970001221,563.3463549613953,553.3666706085205,102.01570898294447,0.9882277846336364,509.4522035121918,547.3963308334351,-102.48229265213013,0.9867571592330932,593.737370967865,757.5898718833923,-7.816087156534195,0.7043944001197815,558.0265688896179,675.801830291748,-249.36189830303192,0.9215840697288512,564.2135238647461,855.9916234016418,64.67159852385521,0.7136000394821167,537.2054386138916,905.2085280418396,-101.27256274223328,0.8973298668861389,541.524224281311,878.2798147201538,63.41422855854034,0.7367494702339172,522.3868989944458,1013.9297246932985,-95.40147006511688,0.8862070441246033,594.5643711090088,909.6208477020264,-66.48584738373756,0.7795025110244751,559.9608492851257,910.947253704071,-255.88061571121216,0.8938566446304321,28.87735996651922,6.321394102259254,70.07601275098666,75.23576802422173
grant_DTL_1_frame184.jpg,grant_DTL_1,FO,frame184,P3,689.170560836792,289.2140257358551,-169.5547914505005,0.9601846933364868,697.0846438407898,281.20431661605835,-123.20724964141846,0.966069519519806,698.1209206581116,283.31291913986206,-123.1726571917534,0.9692565202713012,699.0171217918396,285.34643054008484,-122.92621314525604,0.9691345691680908,689.622974395752,271.9096255302429,-154.4055998325348,0.9615700840950012,685.2938890457153,267.185692191124,-154.62289094924927,0.9604852199554444,680.5457353591919,262.080654501915,-154.60971057415009,0.9586270451545716,685.5737829208374,283.14937949180603,85.15341460704803,0.9710630774497986,659.5163583755493,254.15136337280276,-96.93157643079758,0.9595454335212708,677.1693062782288,299.35576915740967,-84.58758383989334,0.9697151184082032,667.6472496986389,288.2489776611328,-141.8722701072693,0.9658205509185792,667.2433090209961,351.03336453437805,172.42289900779724,0.9938901662826538,542.1780610084534,273.7539768218994,-125.85498422384262,0.9842736721038818,632.9821872711182,414.6089601516724,-9.137834161520004,0.6660995483398438,499.38481092453,365.0182092189789,-306.3992393016815,0.8560637831687927,564.1159343719482,431.0202491283417,-386.4463770389557,0.7033272981643677,528.2394361495972,429.4576585292816,-507.5930142402649,0.8211947083473206,538.783929347992,442.18298077583313,-473.4275507926941,0.6957294344902039,528.7562227249146,454.57192182540894,-584.4192481040955,0.8116823434829712,536.1450219154358,416.7790067195892,-479.7165369987488,0.7005587816238403,543.5510730743408,447.2493302822113,-592.394163608551,0.8107874989509583,542.9413318634033,413.5195755958557,-401.433219909668,0.6847549676895142,542.2006559371948,438.8285994529724,-513.856508731842,0.7967700958251953,555.4661321640015,535.562059879303,119.7548684477806,0.9893821477890016,468.2462954521179,510.2020847797394,-119.5540890097618,0.988059937953949,590.7267737388611,717.4714493751526,-10.50472777336836,0.6789121031761169,527.7728283405304,689.7673630714417,-267.2280013561249,0.9219505786895752,548.5899996757507,872.4973797798157,68.09202253818512,0.696142852306366,510.7701444625855,901.6967868804932,-139.0267413854599,0.9032582640647888,518.2960903644562,898.1376671791077,65.58194160461426,0.7313841581344604,493.2069003582001,939.6967577934264,-137.80371844768524,0.8908238410949707,603.7084293365479,919.624092578888,-89.01102393865585,0.7730587720870972,576.221022605896,928.436758518219,-343.05745124816895,0.8987602591514587,31.71243979719206,16.212278469812947,67.25213175576826,69.97495146454219
grant_DTL_1_frame190.jpg,grant_DTL_1,FO,frame190,P3,687.9653692245483,297.3484253883362,2.8423055447638035,0.9640154838562012,696.2955594062805,285.8737099170685,37.16816693544388,0.9693316221237184,696.9701242446899,286.9213163852692,37.06285670399666,0.9721789956092834,697.5523781776428,287.9238295555115,37.11920320987701,0.9720960855484008,690.8331871032715,278.39839339256287,-6.724104043096304,0.9652642011642456,687.3990797996521,273.8935375213623,-6.766038537025452,0.964249312877655,683.3097839355469,268.6775207519531,-6.844738069921732,0.9625982642173768,687.1311593055725,281.7880189418793,202.90390849113464,0.9738429188728333,663.4809637069702,255.0867998600006,-0.973297250457108,0.9634352326393129,677.9827237129211,304.8388373851776,68.03575247526169,0.9726532101631165,670.0076794624329,297.41392493247986,8.177111651748419,0.9691782593727112,661.3046407699585,345.79304695129395,269.4436401128769,0.994466245174408,544.4346570968628,270.1466739177704,-85.05679070949554,0.9858415126800536,636.8241620063782,411.6039955615997,51.58373549580574,0.6717432737350464,494.26390528678894,340.7691192626953,-282.1612536907196,0.8689236640930176,546.053831577301,401.21554255485535,-340.1532304286957,0.7172293066978455,540.5576634407043,403.6133086681366,-454.0387845039368,0.8353346586227417,517.5748872756958,402.386519908905,-417.9416155815125,0.7096990346908569,522.7821815013885,412.7031004428864,-516.4983451366425,0.825790286064148,517.1715581417084,383.48389863967896,-414.0502989292145,0.7138156294822693,553.2609057426453,408.0502510070801,-522.029242515564,0.8248783349990845,527.969423532486,384.2796778678894,-350.1946806907654,0.6949874758720398,552.8620505332947,409.296544790268,-458.8987863063812,0.809797465801239,520.2805173397064,538.3331251144409,159.49663639068604,0.9903780221939088,447.30034589767456,515.2550768852234,-159.28520321846008,0.9892220497131348,589.3027138710022,711.5844082832336,12.62103695422411,0.6615848541259766,508.0834078788757,723.4033584594727,-368.0629241466522,0.928045928478241,526.010810136795,888.9251160621643,113.70133459568024,0.6692126393318176,502.987060546875,942.2838449478148,-317.4897766113281,0.9113702774047852,501.12845063209534,910.9126210212708,113.2911577820778,0.7186480760574341,485.79042077064514,981.1596751213074,-322.0838534832001,0.8988951444625854,586.728630065918,935.6053376197816,-29.712365493178368,0.7561137080192566,585.1908874511719,993.0218195915222,-551.501784324646,0.9063807725906372,32.91374960919371,17.548180539793766,71.75389622127956,77.10522862735911
grant_DTL_1_frame194.jpg,grant_DTL_1,FO,frame194,P3,692.9285931587219,295.0355672836304,-12.17998020350933,0.9675258994102478,701.8199229240417,282.306125164032,23.678318560123444,0.9723179340362548,703.0743598937988,283.3142066001892,23.5236643999815,0.9748854041099548,704.1726922988892,284.1838538646698,23.522724956274036,0.9748014807701112,694.3854832649231,275.28257846832275,-18.99062119424343,0.968635320663452,689.8395252227783,270.7451176643372,-19.05918449163437,0.96771901845932,684.8953557014465,265.6616771221161,-19.123255759477612,0.9662293195724488,692.1157550811768,277.03107833862305,211.22389554977417,0.9763725399971008,664.0946960449219,252.7228617668152,15.796742923557758,0.9670089483261108,683.4826254844666,304.5468735694885,61.62416383624077,0.9753007888793944,673.1013178825378,297.5387120246887,4.771860558539629,0.972212255001068,674.4494819641113,349.8268210887909,296.06743454933167,0.9950002431869508,544.9484825134277,270.6473994255066,-73.39082300662994,0.9872537851333618,625.3419470787048,408.65442395210266,87.4764758348465,0.6845529675483704,497.92476654052734,346.88584327697754,-196.404390335083,0.8804410099983215,532.7601277828217,392.5162374973297,-326.9439196586609,0.7286064028739929,577.2524070739746,393.6181104183197,-172.49018490314484,0.8431021571159363,506.0338997840881,399.2068469524384,-376.3426458835602,0.7185341715812683,571.0836052894592,397.31003165245056,-212.27636218070984,0.8295744061470032,507.8684663772583,372.15341091156006,-379.5470702648163,0.7216744422912598,591.7270016670227,391.2024486064911,-218.82308185100555,0.8285167813301086,517.0449364185333,375.4352760314941,-331.04750633239746,0.7007582783699036,595.381908416748,393.86839270591736,-169.43000435829163,0.8105761408805847,526.343457698822,539.4930946826935,167.73197293281555,0.9912803769111632,445.9816002845764,515.5215489864349,-167.29050278663635,0.9902806878089904,595.5075001716614,711.6207146644592,90.31971126794816,0.6741765141487122,500.5439758300781,740.1984071731567,-390.9361696243286,0.9343981742858888,513.2973647117615,890.5561995506287,253.4985566139221,0.6748418211936951,505.2557265758514,957.2071194648744,-390.1242327690125,0.9194320440292358,479.6097421646118,901.800684928894,259.6274149417877,0.7248467803001404,490.23441195487976,993.9106178283693,-399.7186124324799,0.907221019268036,580.1419186592102,950.2396416664124,122.26322740316392,0.7592466473579407,589.957001209259,1007.5967717170716,-623.1819748878479,0.9144370555877686,31.442424023294095,16.609582576490048,70.68362412888521,76.51130709987552
grant_DTL_1_frame200.jpg,grant_DTL_1,FO,frame200,P3,694.7570443153381,296.31298542022705,-36.47525981068611,0.9707156419754028,702.219808101654,283.3303642272949,-7.022716384381056,0.975033164024353,703.1218671798706,283.67443799972534,-7.058407198637724,0.9773471355438232,703.9168095588684,283.9310932159424,-6.952257100492716,0.9772728681564332,695.2809762954712,277.2108721733093,-37.10604295134544,0.9716978073120116,691.1249899864197,272.8796303272248,-37.118173241615295,0.970863401889801,686.2634110450745,267.6385563611984,-36.91520109772682,0.9695023894309998,690.0463557243347,276.0785186290741,155.9342497587204,0.9786952137947084,663.9721298217773,254.53946828842163,-25.303395241498947,0.9701758623123168,683.9054274559021,304.79631900787354,21.120527163147926,0.9777186512947084,674.7138619422913,298.9308428764343,-14.240350238978865,0.9749407768249512,670.4517245292664,346.83080434799194,233.82460176944733,0.9954843521118164,548.6590075492859,272.5146675109863,-76.17057055234909,0.9885138273239136,630.723466873169,384.4005060195923,33.87422785162926,0.7050469517707825,523.1312763690948,325.363883972168,-398.1761062145233,0.8832609057426453,530.5581200122833,353.5464870929718,-344.1386282444,0.7510148882865906,509.852796792984,332.12350130081177,-780.0524497032166,0.8509263396263123,502.5753307342529,340.77465534210205,-411.7985951900482,0.741159975528717,493.7015426158905,321.9260108470917,-875.120644569397,0.8401103615760803,504.3737840652466,327.21354603767395,-414.5178723335266,0.7439585328102112,501.1263585090637,320.301718711853,-874.4606280326843,0.8392767906188965,515.1747393608093,334.05951976776123,-352.409884929657,0.7230009436607361,508.09792399406433,327.8087389469147,-788.4143757820129,0.8204160928726196,524.1196918487549,540.7717680931091,168.67003262043,0.9920681118965148,446.82623863220215,518.0538868904114,-168.36633682250977,0.991202473640442,598.6594605445862,713.5730195045471,90.60574471950532,0.6908618211746216,505.5393862724304,739.2774224281311,-378.846048116684,0.9401668310165404,510.9514510631561,892.236077785492,203.7550002336502,0.6815494298934937,505.464391708374,954.5526337623596,-387.02666759490967,0.9268451929092408,465.3211534023285,902.207522392273,206.28841638565063,0.7327594757080078,488.87437105178833,991.9765305519104,-397.3461127281189,0.9148631691932678,559.3451857566833,965.090560913086,91.48503988981248,0.7635589241981506,588.8859629631042,1005.6274724006652,-596.5003895759583,0.9216998219490052,31.39093199587426,16.37897337765121,68.55083876787118,77.08355450889485
grant_DTL_1_frame204.jpg,grant_DTL_1,FO,frame204,P3,692.3566389083862,300.0589156150818,-84.643894135952,0.9736196994781494,699.1786980628967,284.8389136791229,-49.9351666867733,0.9775102138519288,700.0076937675476,284.97509479522705,-50.16338512301445,0.9795935153961182,700.7568025588989,284.9139404296875,-50.21277934312821,0.9795272946357728,692.848641872406,278.34792494773865,-84.93698447942734,0.9744980335235596,688.9360499382019,273.61119747161865,-84.98937606811523,0.9737417101860046,684.516134262085,268.15531075000763,-84.85408008098602,0.9725114703178406,688.5339760780334,277.31937289237976,135.7653146982193,0.9808102250099182,665.0471591949463,256.6809332370758,-25.979376286268234,0.9731071591377258,681.0995364189148,308.9615750312805,-0.8915117103606462,0.9799240231513976,672.9976773262024,302.9709255695343,-49.42985460162163,0.9774214625358582,669.9613952636719,348.1609439849853,203.48448872566223,0.9959296584129332,549.8893046379089,275.0407290458679,-67.82314449548721,0.9896541237831116,626.7706418037415,369.2039358615875,-26.0749963670969,0.7275139093399048,526.1395239830017,314.694539308548,-417.5912654399872,0.8841133117675781,528.0550074577332,327.053804397583,-431.7002213001251,0.7733057141304016,500.7237696647644,304.3085968494415,-851.5430617332458,0.8573784828186035,499.8621368408203,309.8815941810608,-508.4044682979584,0.7638117074966431,481.5778183937073,288.0834102630615,-952.5667262077332,0.8491339087486267,500.9494614601135,300.89718103408813,-509.7694659233093,0.7662705779075623,487.4244976043701,290.5529201030731,-955.2362751960754,0.8484980463981628,512.3408782482147,308.99372935295105,-440.4746818542481,0.7457115650177002,498.3156716823578,302.93954372406006,-864.0464901924133,0.8288651704788208,522.6222467422485,541.5323996543884,166.51767253875732,0.9928306937217712,443.6181449890137,519.661055803299,-166.38955414295197,0.9920597672462464,597.7394413948059,715.909309387207,74.58363890647888,0.7061578035354614,497.54618883132935,736.5722107887268,-420.9515368938446,0.94553405046463,508.0423700809479,902.2222638130188,46.15776613354683,0.6919423937797546,508.36310863494873,952.9669976234436,-483.62388253211975,0.933480978012085,458.4290885925293,918.1408095359802,34.962353110313416,0.7413803935050964,493.4398341178894,989.0642952919006,-499.8309481143952,0.9214840531349182,559.0533828735352,972.1073484420776,-110.1333636045456,0.7722999453544617,588.6436629295349,1004.3123960494996,-708.5439419746399,0.9284231066703796,31.340130933044495,15.474114968598894,66.12734939642066,76.64977935036535
grant_DTL_1_frame207.jpg,grant_DTL_1,FO,frame207,P3,691.5225577354431,301.7535674571991,-43.875553607940674,0.9762476086616516,700.0593209266663,286.393940448761,-3.6705649830400944,0.9797521233558656,701.3185214996338,286.8450343608856,-3.9308210648596287,0.9816271662712096,702.5025343894958,287.0867872238159,-4.001386715099216,0.9815677404403688,692.8326773643494,278.9592432975769,-34.23290625214577,0.9770382046699524,688.3356428146362,273.5682284832001,-34.32546257972717,0.976356327533722,683.2802367210388,267.31677174568176,-34.27966922521591,0.9752494692802428,690.2188110351562,278.8248646259308,201.4802187681198,0.9827207326889038,662.2352170944214,255.3350383043289,58.5893663764,0.9757808446884156,680.7506990432739,311.546505689621,36.70938044786453,0.9819123148918152,670.9788751602173,303.9145052433014,-5.889532025903463,0.979663074016571,671.2418389320374,349.594144821167,259.7264367341995,0.9963287115097046,545.3414797782898,278.09799671173096,42.76580303907394,0.9906814098358154,626.6662287712097,357.2370564937592,33.71758617460728,0.74592125415802,504.8613774776459,328.95222902297974,-372.1000134944916,0.8882346153259277,528.8614404201508,305.2943408489228,-350.84545969963074,0.793229341506958,485.5813372135162,294.89243388175964,-709.276442527771,0.8670412302017212,502.909426689148,287.92737007141113,-435.571517944336,0.783620297908783,478.0729329586029,276.64644956588745,-801.4611124992371,0.8595981001853943,504.9872589111328,280.87549924850464,-419.1534054279328,0.7856160998344421,480.894273519516,273.97435784339905,-803.0794501304626,0.8590068817138672,514.2300975322723,288.82511615753174,-350.84652185440063,0.76523756980896,486.1382281780243,282.9898953437805,-719.9560546875,0.8395118117332458,524.4893860816956,542.5813579559326,161.74790561199188,0.9935271143913268,444.3444979190826,520.7283282279968,-161.71126127243042,0.9928372502326964,598.9866042137146,718.7367010116577,25.540402606129646,0.7208868265151978,498.2433485984802,736.7639780044556,-438.2978761196137,0.9502583146095276,514.6523523330688,910.531210899353,-34.52021509408951,0.7032413482666016,508.2670319080353,952.6022601127625,-543.4734392166138,0.9391910433769226,484.791898727417,936.0533738136292,-48.19357484579086,0.7490068674087524,494.5975184440613,986.7614150047302,-562.5548887252808,0.9263935685157776,578.4210348129272,968.698410987854,-191.20408058166504,0.7821776270866394,592.3653244972229,1002.6997232437134,-769.0043020248413,0.934249460697174,29.59132551977181,15.25201316319129,59.87378123950966,76.08383783882667
rob_DTL_1_frame835.jpg,rob_DTL_1,FO,frame835,P3,804.3657875061035,525.9408044815063,-363.12910079956055,0.9742671251296996,798.8405227661133,515.6008243560791,-375.6681919097901,0.9780079126358032,795.944995880127,515.4381215572357,-375.8686637878418,0.9803139567375184,795.3508758544922,513.4754526615143,-376.1277866363525,0.9792209267616272,800.5757904052734,516.6217803955078,-381.1846446990967,0.976138710975647,799.5339202880859,516.390198469162,-381.0637950897217,0.97619891166687,799.3667221069336,515.1032209396362,-381.4178466796875,0.9736313223838806,782.6935386657715,514.6760737895966,-337.5040626525879,0.9819507598876952,783.3810997009277,521.3155388832092,-359.5539951324463,0.9757028222084044,786.7586517333984,537.6780331134796,-338.16967964172363,0.98182475566864,788.2280731201172,538.1448340415955,-345.5994701385498,0.9792380928993224,811.3507461547852,510.7502853870392,-249.2395305633545,0.9965263605117798,746.0233497619629,594.2790055274963,-237.65599250793457,0.9906615614891052,861.093921661377,482.2623932361603,-209.8907804489136,0.7176807522773743,655.1576042175293,714.3222570419312,-372.3391342163086,0.8425053954124451,929.0253067016602,426.5402412414551,-218.23781490325928,0.7907984256744385,547.6847648620605,835.5058121681213,-497.1199035644531,0.8088700771331787,949.7549057006836,411.1837363243103,-223.46714973449707,0.7784801125526428,548.950309753418,853.3619213104248,-445.8524036407471,0.799452006816864,978.4293365478516,400.27563214302063,-201.54644966125488,0.7806931138038635,522.1407508850098,849.1922235488892,-443.302173614502,0.798126757144928,967.294692993164,405.8369779586792,-210.6204414367676,0.7582446932792664,526.6232872009277,840.957305431366,-493.47604751586914,0.7813494205474854,622.0299339294434,692.0564031600952,41.039918661117554,0.9940460324287416,632.0352745056152,718.6499261856079,-41.65628671646118,0.9932236075401306,622.415943145752,750.6791067123413,-43.81891250610352,0.6816807389259338,739.6163749694824,729.6968507766724,-3.22429396212101,0.8900231719017029,565.5841255187988,887.7019000053406,-14.146184921264648,0.6603078246116638,662.7034378051758,880.1051115989685,46.5764057636261,0.8647106885910034,537.48046875,911.3075494766236,-14.267668426036836,0.7089850902557373,636.4212799072266,894.9154758453369,51.73734068870544,0.8752791881561279,561.0012817382812,926.3967776298524,-121.88615798950195,0.7337254285812378,648.2355308532715,900.0566267967224,23.67782235145569,0.8622040748596191,51.97121420034358,69.38208239807233,10.0549022164336,83.10136560636087
rob_DTL_1_frame837.jpg,rob_DTL_1,FO,frame837,P3,825.1236534118652,536.0756278038025,-159.79329586029053,0.9719077348709106,830.9862327575684,516.5799701213837,-195.7813310623169,0.9771142601966858,829.8186492919922,516.8757963180542,-195.73445320129397,0.9789144992828368,829.4783592224121,515.9954309463501,-195.7908725738525,0.9782037138938904,824.5663833618164,519.0145254135132,-200.1576375961304,0.9757513999938964,821.9863700866699,519.2882072925568,-200.02482891082764,0.9756160974502563,819.8626327514648,518.9359259605408,-200.4553985595703,0.9731091856956482,815.4910469055176,519.4714450836182,-187.4338960647583,0.9812096953392028,812.3396873474121,523.6765801906586,-297.5321102142334,0.9747427701950072,812.6965713500977,551.0806560516357,-172.3954439163208,0.980731189250946,807.9062461853027,550.2191519737244,-173.99192333221436,0.9783159494400024,807.6103019714355,571.5123295783997,-116.25675201416016,0.9961065649986268,754.7824859619141,596.6652488708496,-217.2185182571411,0.9905387163162231,845.2634239196777,624.1623115539551,-31.818079948425293,0.6707606315612793,686.5381622314453,664.2262744903564,-248.0321216583252,0.798288881778717,889.2057609558105,638.2862663269043,8.029033541679382,0.7529505491256714,701.912899017334,714.6414184570312,-134.7788429260254,0.7553067803382874,898.7563705444336,632.3122572898865,7.347814589738846,0.7426949739456177,716.6243934631348,723.1696200370789,-140.88722705841064,0.74334716796875,897.1424102783203,628.3491325378418,-12.14940458536148,0.7457482218742371,712.2101783752441,711.599600315094,-126.82249546051024,0.7410121560096741,883.3260154724121,636.0249066352844,0.2243215078487992,0.7209898829460144,708.5513877868652,706.5154194831848,-129.9530553817749,0.7262545228004456,573.980827331543,764.8810815811157,42.00891137123108,0.9935404658317566,566.6634750366211,786.9805955886841,-42.51359581947327,0.9927453994750975,602.2321701049805,748.4592032432556,259.4801330566406,0.6426253318786621,719.1253280639648,786.2549829483032,49.52926397323608,0.8644389510154724,559.1263961791992,879.1640424728394,507.0917701721192,0.6270474791526794,615.962963104248,871.8857717514038,276.4413070678711,0.8235592842102051,543.9617729187012,902.5085949897766,529.5804405212402,0.6640711426734924,580.162467956543,860.255241394043,300.9532356262207,0.8280092477798462,546.1263656616211,889.8322606086731,489.7608947753906,0.7011723518371582,620.0780296325684,888.3321118354797,273.5569095611572,0.8211401104927063,25.460530403064716,71.67981796181488,62.37937729303618,85.05207916451386
rob_DTL_1_frame841.jpg,rob_DTL_1,FO,frame841,P3,850.8808135986328,520.1368367671967,-224.88073825836184,0.9736432433128356,853.780632019043,515.6527733802795,-227.50300884246823,0.9777719974517822,856.138858795166,517.3878192901611,-227.637791633606,0.9796258807182312,859.4070053100586,518.5283803939819,-227.80416011810303,0.978914737701416,843.4628105163574,511.19436264038086,-255.3047275543213,0.976908564567566,839.8332023620605,510.06139755249023,-255.3219223022461,0.9768790006637572,837.1672439575195,508.1898808479309,-255.65434455871585,0.9742404818534852,849.0398597717285,529.6538722515106,-153.0644130706787,0.9820160269737244,826.6285514831543,514.270749092102,-284.16449546813965,0.9754993319511414,836.3376617431641,540.7770466804504,-190.58130741119385,0.9819486141204834,823.6960601806641,535.381236076355,-224.6871757507324,0.9795984029769896,823.0752182006836,620.2378749847412,-66.35801553726196,0.996333122253418,770.7461357116699,568.5856747627258,-318.9820861816406,0.9913360476493835,818.6575698852539,749.6550607681274,74.27807807922363,0.626953125,681.2076759338379,685.6295943260193,-387.5761413574219,0.8016260266304016,836.6730880737305,842.5746774673462,64.03652429580688,0.714989423751831,725.7001304626465,842.9208111763,-291.0684299468994,0.7223080396652222,830.6633377075195,883.666033744812,60.972983837127686,0.7085731029510498,724.3048667907715,871.6892409324646,-325.3058910369873,0.7067897915840149,845.9594535827637,881.9645261764526,22.697834372520447,0.7138862013816833,736.0047340393066,873.7396502494812,-280.01861572265625,0.7023921608924866,874.2086219787598,866.1164689064026,47.742111682891846,0.6902158260345459,738.3974075317383,868.9036917686462,-274.0616512298584,0.6881529688835144,576.4100074768066,812.3369979858398,118.34651470184326,0.993821382522583,550.3942680358887,819.0794277191162,-118.90884160995483,0.9931193590164183,523.4598541259766,861.2597179412842,265.92095375061035,0.5832580924034119,569.1276168823242,939.1762375831604,-18.647257089614868,0.8366982936859131,422.9557514190674,1003.485782146454,390.0999641418457,0.5730513334274292,401.2416458129883,992.0481777191162,106.8400239944458,0.7965797185897827,401.50760650634766,1012.1267652511596,402.9828929901123,0.6168872714042664,357.64623641967773,965.1242280006408,125.55720806121826,0.8105459213256836,387.6519584655762,1075.4110407829285,364.112548828125,0.6455309391021729,381.8990993499756,1059.6289014816284,96.54067039489746,0.7802423238754272,44.62702951609728,14.529519557044901,78.29713968433393,83.74235147856503
rob_DTL_1_frame843.jpg,rob_DTL_1,FO,frame843,P3,843.8937377929688,540.4655456542969,-23.560924530029297,0.9722456336021424,845.7329750061035,524.8856663703918,-21.766691207885746,0.9755706191062928,848.4181022644043,526.0891842842102,-21.93915724754333,0.9781700968742372,851.4998817443848,527.3140740394592,-22.085793614387512,0.9766154885292052,836.3078498840332,521.5187966823578,-34.78654861450195,0.9752878546714784,832.8679847717285,520.3860569000244,-34.63115930557251,0.9756687879562378,830.2580451965332,519.331111907959,-35.08188843727112,0.9720109701156616,847.4040412902832,531.6969108581543,16.155014634132385,0.9800298810005188,820.0582122802734,522.651858329773,-40.47920823097229,0.9722960591316224,826.6233444213867,557.6181864738464,-5.94526469707489,0.979071855545044,818.2467269897461,552.5553774833679,-22.72596001625061,0.975164830684662,816.4058876037598,629.3841862678528,54.321720600128174,0.9964244961738586,757.067985534668,613.885931968689,-78.94351243972778,0.991647243499756,808.2425308227539,733.1785297393799,109.672372341156,0.5915387868881226,681.7944145202637,723.6339426040649,-138.80305767059326,0.7525550127029419,809.5785140991211,805.9159827232361,101.93389892578124,0.707645833492279,738.0356025695801,840.6035757064819,-76.36127471923828,0.6759340167045593,805.8537483215332,839.9966025352478,102.22208261489868,0.7038151621818542,714.7385787963867,861.4079689979553,-80.35021305084229,0.6613743901252747,819.5352172851562,839.4549679756165,90.43717861175536,0.7099066972732544,732.4407005310059,865.5837821960449,-69.4385290145874,0.6558931469917297,838.5871696472168,834.2200899124146,96.44162893295288,0.6859017610549927,737.1992683410645,862.1817326545715,-72.1416449546814,0.6449491381645203,592.0155143737793,773.454601764679,92.9239583015442,0.9942033290863036,565.3005409240723,788.1501245498657,-93.91322135925292,0.9935575127601624,618.0747413635254,825.5333375930786,222.2025203704834,0.5865767598152161,655.1763725280762,844.5173907279968,-30.33649206161499,0.8389362692832947,579.5492362976074,948.8283276557922,318.42015266418457,0.5760027766227722,545.5496978759766,959.365611076355,79.78978157043457,0.7867028117179871,566.2466812133789,953.3109426498412,326.11650466918945,0.6087129712104797,517.789134979248,947.562174797058,95.33321857452393,0.7995862364768982,544.6239852905273,1005.5818963050842,286.7220211029053,0.6323560476303101,459.5541858673096,997.3222589492798,76.6020154953003,0.755953848361969,14.637870450361982,28.814560037340346,65.99842212324485,81.86270078774228
rob_DTL_1_frame847.jpg,rob_DTL_1,FO,frame847,P3,819.2753791809082,616.4042043685913,-47.02463865280152,0.9671062231063844,847.2338104248047,522.0549273490906,-55.98805546760559,0.9686574935913086,849.6938896179199,524.5766115188599,-56.140666007995605,0.9719638824462892,851.2013053894043,527.618043422699,-56.232547760009766,0.9699392318725586,832.0370292663574,523.2229113578796,-68.77125978469849,0.9695074558258056,828.8977432250977,521.5891563892365,-68.58607292175293,0.9688431024551392,826.7032241821289,520.979254245758,-68.99008512496948,0.9630712270736694,847.9081535339355,528.7103247642517,-26.85130655765533,0.9732580780982972,817.8687858581543,519.8068284988403,-96.32266759872437,0.9590526223182678,824.1412353515625,550.2560377120972,-34.14821147918701,0.9711740612983704,814.7833442687988,542.0109486579895,-50.76183199882507,0.9638255834579468,798.4961128234863,636.3078260421753,21.63254857063293,0.9962711334228516,752.8802490234375,620.080418586731,-106.31308794021606,0.9913262724876404,763.0483245849609,755.4997444152832,46.38385891914368,0.5533226728439331,679.3502426147461,712.420871257782,-183.21683406829837,0.6991955041885376,783.0877876281738,844.3934082984924,31.63718104362488,0.6968801617622375,731.0275268554688,811.1513113975525,-124.47183609008788,0.6355669498443604,797.0569610595703,856.6089606285095,27.62252390384674,0.6959923505783081,706.270637512207,837.2754263877869,-130.88025569915771,0.6226167678833008,805.667610168457,866.0622668266296,10.776445269584656,0.7028450965881348,741.5267372131348,848.7701296806335,-113.3932614326477,0.6155043244361877,832.3877334594727,849.2432713508606,21.287963390350345,0.6805318593978882,746.7840957641602,843.6667013168335,-119.32678699493408,0.6070709824562073,592.7940559387207,765.7614469528198,65.99419355392456,0.9945148229599,575.6684303283691,775.5617237091064,-66.63560628890991,0.9939306378364564,647.7285003662109,791.0760712623596,197.16513633728027,0.5653476715087891,731.0551071166992,815.5436110496521,-9.920756220817566,0.8164840340614319,668.0376434326172,920.110366344452,361.7043685913086,0.5509240627288818,643.8408279418945,935.3367733955384,175.35903453826904,0.7495273351669312,664.4776153564453,931.660430431366,375.9420776367188,0.5746985673904419,621.7794227600098,938.9314270019532,196.5107488632202,0.7629489302635193,650.6890869140625,968.5537004470824,315.4509258270264,0.5999666452407837,591.7578506469727,973.8254642486572,171.36194229125977,0.7148032784461975,19.582529496623753,29.780694593601797,70.37755992315331,82.64247783415426
rob_DTL_1_frame853.jpg,rob_DTL_1,FO,frame853,P3,910.7422828674316,484.10085439682007,-19.790173172950745,0.970371663570404,921.3344192504884,481.1170041561127,6.233127862215042,0.9717789888381958,922.4796867370604,483.1268262863159,6.03055402636528,0.9747562408447266,923.6632919311523,485.1396417617798,5.959323048591614,0.9729354977607728,917.2097396850586,473.19355487823486,-15.47305941581726,0.9725361466407776,915.399055480957,469.8417484760285,-15.609170794487,0.971932888031006,913.6313438415528,466.6453063488007,-15.62913179397583,0.9667392373085022,918.112564086914,481.0614824295044,144.42768573760986,0.9759154319763184,904.5978927612304,459.7927987575531,41.63188576698303,0.9631063938140868,903.8077354431152,488.840092420578,32.80689239501953,0.9740294814109802,897.927131652832,479.0755105018616,2.207973003387451,0.967417061328888,893.0192184448242,511.5649902820587,178.0797529220581,0.9966332912445068,828.4107398986816,463.649160861969,41.895267963409424,0.9921852350234984,841.6157913208008,517.8309309482574,13.48488450050354,0.5844143629074097,782.0429420471191,482.2612345218658,-173.45372200012207,0.7118351459503174,778.6958885192871,478.6329460144043,-257.75593757629395,0.723499059677124,763.3070182800293,480.2259850502014,-473.7491226196289,0.6595942974090576,760.8073997497559,467.577588558197,-310.1872158050537,0.722004234790802,754.9753761291504,469.3225157260895,-542.5897407531738,0.6500099301338196,763.6847877502441,465.2651810646057,-321.0486888885498,0.7281818985939026,761.1170196533203,471.5632438659668,-537.5934791564941,0.6435644030570984,769.555549621582,470.5338227748871,-267.16681480407715,0.7059186697006226,765.432300567627,475.9414780139923,-479.2881202697754,0.6328938007354736,777.1953964233398,646.7211270332336,108.49643468856812,0.99501770734787,721.2912940979004,632.324230670929,-108.302800655365,0.9945103526115416,824.9390029907227,766.8283009529114,-1.45613394677639,0.6026020050048828,743.858814239502,776.8130707740784,-303.4361457824707,0.834629476070404,774.7105979919434,907.0206928253174,0.281416168436408,0.5894670486450195,753.5332489013672,933.4447860717772,-346.179141998291,0.7743370532989502,760.0564384460449,928.6998510360718,-6.030483841896057,0.608073890209198,738.3824729919434,957.5142431259156,-359.14072036743164,0.7853409647941589,826.5388298034668,950.7047367095948,-123.05065155029295,0.6352163553237915,801.079044342041,966.134819984436,-528.3963203430176,0.742787778377533,36.561879821926134,14.4414933724975,64.61945854843192,75.54063037709355
rob_DTL_1_frame855.jpg,rob_DTL_1,FO,frame855,P3,910.993824005127,493.34977626800537,27.67417073249817,0.9732922315597534,921.346321105957,486.1611771583557,53.6261773109436,0.974557399749756,922.477912902832,487.0013737678528,53.50216269493103,0.9772416353225708,923.6271858215332,487.8615260124207,53.524965047836304,0.975602090358734,917.2436141967772,479.86958384513855,31.7480742931366,0.9752365946769714,915.4091262817384,476.2349224090576,31.61182165145874,0.9746900200843812,913.6281394958496,472.4957191944122,31.517443656921387,0.9700209498405457,917.5947761535645,481.4110600948334,170.35413265228271,0.978246569633484,904.4116401672364,461.9489407539368,67.43207216262817,0.9667233228683472,903.8144302368164,496.5388798713684,71.15503549575806,0.976508378982544,897.9861831665039,488.5698866844177,40.58250188827515,0.9706100225448608,891.3383674621582,513.4792506694794,178.07600498199463,0.9969348907470704,823.0909538269043,459.6496331691742,51.12322926521301,0.99296236038208,837.6076698303223,516.8755388259888,32.93994069099426,0.6167951226234436,767.5381278991699,489.24841046333313,-105.17671823501588,0.7373054623603821,776.8122482299805,470.2264738082886,-184.33260440826416,0.7485372424125671,755.1082992553711,481.6281259059906,-297.1699047088623,0.6914063692092896,759.334831237793,458.4237456321716,-229.54825401306152,0.7461833953857422,754.9887657165527,474.4696855545044,-346.53353691101074,0.6820510029792786,763.2612419128418,452.0332753658295,-229.16730880737305,0.7516210079193115,761.0983085632324,470.6313478946686,-343.3944797515869,0.6762465238571167,768.9887809753418,456.9115591049194,-188.76830577850345,0.7299642562866211,761.5262031555176,477.1824288368225,-299.8887062072754,0.6652663946151733,779.3690299987793,646.7667031288147,105.52172899246216,0.9954453110694884,722.2456741333008,632.5378203392029,-105.5010151863098,0.9950215220451356,825.0226020812988,768.8037157058716,-37.10424542427063,0.6301845908164978,745.4556655883789,775.3550219535828,-275.06627082824707,0.8505715727806091,772.8967094421387,907.0490169525146,-67.09981441497803,0.6179308891296387,751.5629768371582,931.0519766807556,-300.62816619873047,0.7961195707321167,756.4625930786133,929.0792655944824,-75.79822540283203,0.6342851519584656,737.4514389038086,956.0122919082642,-309.26273345947266,0.8040001392364502,824.3471717834473,950.3355574607848,-178.94083499908447,0.6639655232429504,796.8190956115723,965.0146651268004,-443.7056636810303,0.7672712802886963,38.26433634234242,13.987185448227105,61.738365080847196,74.85317629953093
eric_DTL_1_frame21.jpg,eric_DTL_1,FO,frame21,P4,476.4649806022644,203.16407626867291,-64.42070565372705,0.9758825302124025,485.9464793205261,197.5679331421852,-50.78263175487518,0.9770649671554564,489.32338362932205,199.46239799261093,-50.87414664775133,0.9794654250144958,492.9547167420387,201.4755917787552,-50.83155570924282,0.9779954552650452,479.7644515633583,194.013611972332,-43.78723351657391,0.9776779413223268,478.4138006567955,193.2767686843872,-43.914045341312885,0.9771482348442078,477.2580490708351,192.65307116508484,-44.00386767834425,0.9729821085929872,494.7996112704277,206.4644595980644,22.90020049735904,0.9803574085235596,478.3561065793037,197.5023598074913,54.58049331605434,0.9700104594230652,477.6938367486,216.42407882213595,-38.338710114359856,0.978817105293274,470.266745865345,212.13601398468015,-29.543689969927076,0.9735228419303894,492.65270590782166,255.28330671787265,19.97105296328664,0.997099757194519,422.0116757154465,232.3919944167137,68.1859368160367,0.9936599731445312,451.0819759964943,227.0089935064316,-96.10836823284626,0.6429727077484131,354.32228976488113,243.7977694272995,49.69579446315765,0.7596895098686218,385.41351038217545,183.89283174276352,-172.41714027523994,0.7619091272354126,364.5716460943222,182.69437605142596,2.616987046319992,0.7197418212890625,369.204695224762,167.99114406108856,-202.9777035117149,0.7550726532936096,360.457601249218,167.0873448252678,-18.05772247165441,0.7101870179176331,369.6718579530716,165.89751416444778,-193.8326035141945,0.7572817206382751,361.6478446125984,164.5983111858368,-26.149966157972813,0.7048354744911194,374.1476162672043,172.450766146183,-172.19941958785057,0.7317743897438049,363.6716738939285,169.63015013933182,-4.669557040557265,0.6948765516281128,424.6834725141525,371.02112805843353,49.01537835597992,0.9958173632621764,377.38658809661865,358.28045630455017,-49.18429196625948,0.9955068230628968,468.1622626185417,470.64639127254486,-43.72026284784079,0.6343628764152527,391.4843402504921,472.7090057134628,-216.91032108664515,0.8649815917015076,432.0266888141632,570.1974946260452,-15.163487689569592,0.6299971342086792,380.9678457975388,594.9539120197296,-197.1640901863575,0.8162733316421509,417.13396352529526,583.9844903945923,-14.526913540437818,0.6551987528800964,375.3649058938026,607.1820105314255,-199.44394126534465,0.822555661201477,466.77559620141983,594.8805607557297,-89.21455797553062,0.6840726733207703,403.4411434531212,622.9386706352234,-312.4810625910759,0.7899835109710693,17.95498036443768,15.076276205272375,34.314853840600975,64.28267578474471
rob_DTL_3_frame21.jpg,rob_DTL_3,FO,frame21,P4,450.89512825012207,154.22149300575256,-6.535276863723993,0.9772888422012328,459.6032202243805,147.00345933437347,6.500722635537386,0.9780262112617492,462.5769639015198,150.30503869056702,6.329113729298115,0.980103313922882,465.4833734035492,153.5761696100235,6.360701266676188,0.97907292842865,452.1266162395477,139.6975725889206,-4.369908906519413,0.9785035252571106,449.8695695400238,137.75059461593628,-4.545632656663656,0.977621853351593,447.6471877098084,135.9208881855011,-4.5342195220291615,0.9742742776870728,469.4316279888153,172.59157240390778,60.425353199243546,0.981277346611023,446.5724158287048,149.15202140808103,79.05629217624664,0.9713842272758484,453.678070306778,179.4866305589676,28.68229664862156,0.9801465272903442,443.6542582511902,169.825399518013,-4.9957881309092045,0.9755173921585084,454.68331933021545,259.3716770410538,63.124445378780365,0.9968870282173156,414.1700005531311,226.32031738758087,78.11289757490158,0.99417382478714,385.2752709388733,218.95887672901156,-71.77155196666718,0.6672139167785645,355.7728600502014,194.42271530628204,-87.36492544412613,0.7524285912513733,326.1289572715759,81.34359419345856,-198.7789499759674,0.7688536643981934,340.5261754989624,89.99638974666595,-306.55807971954346,0.692420482635498,305.2561032772064,57.23458796739578,-242.3880636692047,0.7596743106842041,335.93119740486145,52.57120952010155,-353.359580039978,0.6819316148757935,314.2335641384125,46.09465643763542,-224.44534063339236,0.7603581547737122,332.9309642314911,48.75963091850281,-365.87926268577576,0.6754595637321472,319.5124089717865,59.79222446680069,-195.30710399150848,0.7292977571487427,336.55683875083923,65.77137127518654,-319.4099271297455,0.6699177026748657,381.4015924930573,480.059677362442,93.1089136004448,0.996088445186615,370.77051758766174,469.5371675491333,-93.339481651783,0.9959039092063904,472.5381410121918,714.0142321586609,17.508921325206757,0.5873451232910156,452.5602006912232,689.2971181869507,-237.14507460594177,0.8732686042785645,463.2748961448669,923.8385939598083,-8.920347914099693,0.594921350479126,460.8942532539368,943.836715221405,-275.2087426185608,0.8283014893531799,449.9763000011444,956.3239860534668,-17.808676287531853,0.6278141140937805,442.53111004829407,983.8157057762146,-283.3865940570832,0.8331578969955444,537.6457500457764,986.8482542037964,-118.67079466581345,0.6607279777526855,546.532187461853,1004.4603252410888,-395.9111416339874,0.8018274307250977,39.20807016521973,44.70594738203491,20.302637928849457,86.73659352931557
eric_DTL_1_frame22.jpg,eric_DTL_1,FO,frame22,P4,510.8704246878624,194.61243551969528,-117.94981011748314,0.9772781133651732,515.8893592357635,188.28720778226847,-107.26367914676666,0.9783860445022584,516.1420911550522,188.23074078559875,-107.31469823420048,0.9805307984352112,516.1790763139725,188.15964204072952,-107.2993829846382,0.9791027307510376,512.6669406890869,188.08631002902985,-129.8461141884327,0.9780486226081848,510.71462297439575,187.9372009634972,-129.91669073700905,0.9773133993148804,509.7097209692001,188.6853838562965,-130.04261516034603,0.9733558893203736,505.6827366948128,189.1870025396347,-33.718296714127064,0.9817147254943848,496.6130961179733,192.64640986919403,-135.15161445736885,0.9696845412254332,500.91033524274826,201.30178201198575,-86.1354569196701,0.9791539907455444,497.4034980535507,201.83755427598956,-117.34542483091354,0.974595069885254,448.878588616848,216.59656018018725,28.966149657964703,0.9958121180534364,462.3880412578583,220.28678333759308,-158.61803981661797,0.9941475987434388,386.8614031672478,193.25961488485336,90.26487761735916,0.6499420404434204,399.630910217762,179.97327518463135,-331.7105055451393,0.7669578790664673,391.4287932515144,159.51508784294128,164.56099730730057,0.7320286631584167,397.013275206089,152.92544901371002,-466.3025116920471,0.7100385427474976,378.64816987514496,163.26381874084473,169.9098720252514,0.720930814743042,391.7651227116585,146.1095764040947,-508.2109216451645,0.697961688041687,392.2249438166618,152.06573754549026,154.63539963960648,0.7226689457893372,394.0994818806648,147.53811633586884,-494.8216015100479,0.6925094127655029,392.5099511742592,154.69453325867653,157.67124745249748,0.6950461864471436,395.83369797468185,150.3341182768345,-468.0185122489929,0.6851941347122192,383.5097443461418,384.80019187927246,95.11511066555975,0.9960691332817078,380.2941133379936,390.035700917244,-95.23806554079056,0.9960898756980896,419.2159024477005,455.8368673324585,108.00718300044537,0.5994057059288025,388.9813315272331,481.0734370946884,-46.650198221206665,0.884419322013855,358.0827938914299,567.7260768413544,188.7395254969597,0.6134204268455505,335.5426943898201,588.9492735862732,6.929313888773322,0.8434588313102722,339.3298292160034,587.3144067525864,192.9997102022171,0.6444051861763,318.00047421455383,611.4951803684235,11.164959780871868,0.8462839126586914,398.143192589283,585.2752031087875,168.98352885246277,0.6781966686248779,379.7732043862343,603.916396856308,-31.11485363170505,0.818744957447052,15.278118449355532,58.44190203263485,85.8807798911164,89.03219601567162
rob_DTL_3_frame22.jpg,rob_DTL_3,FO,frame22,P4,594.5148682594299,288.2712185382843,50.28130039572716,0.9792412519454956,603.7809133529663,279.34242367744446,-18.731586188077927,0.9802950024604796,601.8923377990723,276.0125041007996,-19.35117043554783,0.9822722673416138,599.9148631095886,272.8570032119751,-19.68950293958187,0.9809694290161132,606.1955451965332,280.70706725120544,-65.31962558627129,0.9799090623855592,606.1754608154297,278.31271290779114,-66.03252455592155,0.9791849851608276,606.0232186317444,275.9416937828064,-65.66066175699234,0.9755334854125975,585.3298044204712,251.0816073417664,-10.767014622688292,0.9833338260650636,590.8289337158203,256.2143898010254,-108.91527324914932,0.9722410440444946,574.0697407722473,275.6619930267334,26.12850241363049,0.9810943603515624,580.3522896766663,280.16128063201904,-19.21041078865528,0.977009892463684,466.47944927215576,216.14938080310824,-61.1431847512722,0.9960870146751404,527.6432454586029,272.81110525131226,-128.26807916164398,0.9946851134300232,344.0371119976044,166.62258446216583,-21.819338500499725,0.671214759349823,381.05130672454834,180.9430056810379,-277.7768397331238,0.7679731845855713,314.22712683677673,78.50933074951172,-37.59403869509697,0.7428238987922668,367.760306596756,120.38356751203536,-451.6820240020752,0.7088276743888855,298.62252831459045,39.6003283560276,-76.42116665840149,0.7287010550498962,360.6127452850342,92.83840209245682,-500.06195068359375,0.6950525641441345,307.1230173110962,34.31571006774902,-91.38362020254137,0.7308240532875061,387.3344349861145,115.71375578641891,-489.4994330406189,0.6904725432395935,316.03884100914,50.16761764883995,-46.01744100451469,0.7041575312614441,364.39311504364014,102.84773021936417,-452.0970046520233,0.6818514466285706,388.83744835853577,472.4759244918823,106.49335116147996,0.9963825941085817,408.4000539779663,483.05871963500977,-106.864196062088,0.9964397549629213,494.1732680797577,720.3251695632935,53.07703658938408,0.6164789199829102,457.7989411354065,716.1664795875549,-171.71801447868347,0.8952592015266418,446.450879573822,926.3795256614684,61.91635698080063,0.6360412836074829,438.650575876236,949.7838163375854,-214.4901019334793,0.8573535680770874,428.2534325122833,963.4270977973938,55.57404175400734,0.6604312658309937,417.62061953544617,991.122751235962,-222.37135469913483,0.8577753305435181,536.5427827835083,1004.4019389152528,-21.201305240392685,0.6916540265083313,529.9328649044037,1024.5662713050842,-323.17458987236023,0.8326847553253174,42.81181288603676,28.412086397863277,47.6604081282552,84.76123755715463
eric_DTL_1_frame23.jpg,eric_DTL_1,FO,frame23,P4,527.5330699086189,197.54500365257263,44.89742461591959,0.964553952217102,528.0662726163864,192.7244009375572,19.91090229898691,0.9680001139640808,526.3573712706566,192.13628166913983,19.72852183133364,0.9744139313697816,524.6251983642578,191.213403403759,19.641301095485687,0.9703535437583924,527.248478114605,192.64246314764023,-10.066931491717696,0.9601572155952454,525.3217868208885,192.1360506415367,-10.27543943747878,0.962662935256958,523.3881348371506,191.4591012597084,-10.382251182571054,0.951745331287384,509.41435915231705,185.1613273024559,17.75519542954862,0.9766005277633668,511.1906856894493,188.59986513853076,-96.8154583275318,0.9488202333450316,511.8308960199356,199.5522484779358,43.3401260599494,0.969290256500244,512.1619963049889,199.7636964917183,7.1995644103735685,0.9600802659988404,472.2721518278122,176.94883507490158,51.07441799342632,0.9953473210334778,484.6001225709915,197.53129601478577,-137.10359452664852,0.9947845935821532,394.6383985877037,194.01178300380707,130.60510644316673,0.6229077577590942,398.62812066078186,203.49667900800705,-271.6655848622322,0.7795125842094421,401.33558666706085,217.7342748641968,166.0235040783882,0.678669273853302,422.0723479986191,193.13907623291016,-362.39464700222015,0.722140371799469,398.00699162483215,216.2885811328888,175.86605829000473,0.6681357026100159,424.9970498681069,188.4222626686096,-372.6191041469574,0.7060683369636536,406.9526903629303,214.5672714710236,151.8978745341301,0.6707911491394043,421.53620171546936,186.5657441020012,-340.7518531680107,0.702350378036499,409.3144074678421,218.22582459449768,154.542105615139,0.6478061079978943,419.7662125229836,188.1153039932251,-349.09190261363983,0.6921905279159546,370.3321884870529,377.4411541223526,94.2217441946268,0.9959598779678344,377.8163847327232,380.3730484247208,-94.141505792737,0.9964116215705872,394.2257439494133,433.5833259820938,90.659325376153,0.6132344603538513,389.9314484000206,455.1934554576874,-31.89544004201889,0.9043148756027222,331.14509665966034,554.538520693779,137.9632224291563,0.637943685054779,317.48399794101715,575.607313990593,-43.13391994684935,0.8676168918609619,310.55052733421326,576.4631172418594,139.27311347424984,0.6659939289093018,295.6585292816162,593.3483856916428,-39.62533392757177,0.8667393326759338,361.2532669901848,565.4102946519852,134.80441108345985,0.6966590881347656,357.8385117650032,594.9373165369034,-40.89067309349775,0.8438063263893127,59.080282990523926,21.392499657656572,86.25177897538947,87.72467603589583
rob_DTL_3_frame23.jpg,rob_DTL_3,FO,frame23,P4,573.8671588897705,276.3926589488983,128.90315115451813,0.967934250831604,579.9638628959656,266.8682849407196,76.78417414426804,0.9710755348205566,577.3480653762817,263.6635386943817,76.94657921791077,0.9768792390823364,574.6137571334839,260.5147969722748,76.9669371843338,0.9731859564781188,585.574357509613,270.8064329624176,62.13725700974464,0.9639127254486084,587.0327281951904,270.2152633666992,62.41568639874458,0.9661809206008912,588.2930874824524,269.4123548269272,62.382558435201645,0.9562245011329652,554.8136472702026,243.83809804916385,-0.8890887955203652,0.9788114428520204,576.2951803207397,258.7652349472046,-81.53536140918732,0.9536677598953248,553.1671786308289,269.0559697151184,58.11723858118057,0.9722147583961488,560.6141710281372,273.77341747283936,50.10985493659973,0.9639353156089784,415.78399300575256,189.77231204509732,-62.21342235803604,0.9956871867179872,544.2253160476685,281.07898235321045,-109.12545919418336,0.9951890707015992,314.30527567863464,129.89348977804184,-0.1008840993745252,0.6242562532424927,432.0428466796875,247.22876965999603,-217.31572329998016,0.7691494822502136,298.5302495956421,39.53485697507858,-2.165207527577877,0.6788399815559387,467.1850097179413,206.62973821163175,-214.1287761926651,0.7181385159492493,277.13739037513733,-5.63820568844676,-21.88078455626965,0.6712523102760315,483.3649742603302,197.90004909038544,-229.0095967054367,0.7046101093292236,290.818909406662,-0.1511470251716673,-33.27479638159275,0.6745373606681824,474.1340446472168,181.1120170354843,-222.0570373535156,0.7022682428359985,301.3784980773926,19.94065023958683,-7.6615541987121105,0.6519297361373901,464.6208715438843,183.17375600337985,-211.0854935646057,0.6900457739830017,347.90712118148804,463.1985819339752,89.80957925319672,0.9962961673736572,430.82870721817017,517.9813706874847,-89.63263392448425,0.996708333492279,409.0931904315949,698.7087106704712,141.0098648071289,0.6399581432342529,527.5182974338531,736.5466547012329,-22.826269268989563,0.9127774238586426,424.692542552948,936.1667346954346,48.63868206739426,0.6679935455322266,464.6603000164032,948.913300037384,-70.08437544107437,0.8788132667541504,414.1504955291748,981.0763120651244,37.80852556228638,0.6948131918907166,449.1050755977631,985.8645057678224,-70.72343856096268,0.8774434924125671,495.2501320838928,1012.6028680801392,4.749409966170788,0.7190614938735962,541.1865878105164,1041.4229893684387,-63.29186350107193,0.8533518314361572,35.408349483971676,33.45105464051801,20.064265973460227,65.19798894956962
eric_DTL_1_frame24.jpg,eric_DTL_1,FO,frame24,P4,438.3602933883667,179.5281042456627,21.79264346510172,0.9574064612388612,436.8193836212158,177.92446464300156,13.275921057909729,0.9629205465316772,437.05684357881546,178.81584614515305,13.169976152479649,0.97026926279068,436.95679664611816,178.81390166282654,13.050247306004168,0.9650911688804626,439.7158964276314,176.16513168811798,0.3157453662133775,0.9511199593544006,441.1581098437309,176.4349719285965,0.3348086354089901,0.9551893472671508,414.6831080317497,184.63704866170883,-0.1771911816613283,0.94343239068985,455.1916574239731,178.02113044261932,31.774132270365957,0.9733652472496032,415.24841302633286,188.49457430839536,-39.429962769150734,0.9399116635322572,452.7005268931389,180.36232566833496,21.603616144508123,0.9653472304344176,449.1568430662155,188.60375410318372,5.2097761714831,0.9529805183410645,478.36999332904816,181.5634766817093,56.82416871935129,0.9954668879508972,451.9801820516586,201.8041900396347,-85.3199653327465,0.9951983094215392,450.203439950943,177.02187830209732,105.69447642564774,0.5777785778045654,385.51192969083786,205.02438753843307,-136.86009158194065,0.7451401352882385,417.6231164932251,155.8564865887165,98.32287193834782,0.6412161588668823,369.6170035600662,160.0444972217083,-112.59368900954723,0.6948716044425964,393.67498368024826,150.45159581303596,115.60286283493042,0.6386459469795227,361.8749501109123,149.16175907850266,-124.22774648666382,0.6793718338012695,407.9745958447456,143.78693076968193,90.3739890307188,0.6434640884399414,354.92264062166214,142.70624139904976,-100.87613788247108,0.6773672103881836,418.3828359842301,146.60798957943916,88.6102332919836,0.6220257878303528,358.2249166369438,146.83500307798386,-105.05700188875198,0.6686573028564453,356.6323384642601,407.17417562007904,81.72947865724564,0.9964374303817748,325.3498200774193,410.2910460233688,-81.64551749825478,0.996810793876648,376.7316598892212,433.84792959690094,208.76757776737213,0.632038950920105,378.5405735373497,422.86341416835785,4.182423993013799,0.9188103675842284,368.6168459057808,517.4704113006592,230.73084038496015,0.678618848323822,405.5461807847023,452.7273128032684,57.33761051297188,0.8812652826309204,374.2384169101715,525.8745794296265,235.0977903008461,0.7048119306564331,409.8997287750244,454.3287191390991,71.83772344887257,0.8771450519561768,346.5240313410759,546.1855636835098,264.61944457888603,0.722783625125885,404.4966749548912,479.62901401519775,123.15071822702885,0.8535489439964294,37.487834462658306,5.689953017709588,79.48248289994166,79.16038986295978
rob_DTL_3_frame24.jpg,rob_DTL_3,FO,frame24,P4,526.1205983161926,241.1022770404816,-4.614214561879635,0.9587083458900452,521.6201841831207,239.9817681312561,-7.397583592683077,0.9639348983764648,517.3791611194611,237.04655170440677,-7.465231083333492,0.9714439511299132,515.1111388206482,235.05163192749023,-7.599166184663773,0.9659928679466248,524.5666658878326,245.78621864318848,-31.278227046132088,0.9524481296539308,522.6429426670074,247.79008626937863,-30.96912190318108,0.9570152759552002,519.9008131027222,249.1907948255539,-31.386751905083656,0.944432020187378,493.7499511241913,229.35012996196747,19.076126664876934,0.9745415449142456,500.5038392543793,240.345202088356,-100.4562646150589,0.9428043365478516,518.7429356575012,229.54382836818692,3.6895220819860697,0.9676409959793092,520.3571856021881,237.2519338130951,-30.155002400279045,0.956145703792572,415.385137796402,174.372661113739,61.08405008912087,0.99578195810318,462.79303193092346,259.78158831596375,-117.49762058258057,0.9955127239227296,355.45456767082214,96.13117843866348,123.76829266548155,0.5843421816825867,403.1289339065552,320.4625868797302,-195.1743507385254,0.7472792267799377,410.9189379215241,110.38594722747804,126.665158867836,0.6540552377700806,411.7608404159546,307.4287247657776,-210.8881902694702,0.6919977068901062,361.5793704986572,86.01534515619278,126.26636803150176,0.6521871089935303,420.5823254585266,298.53922963142395,-197.2884410619736,0.6756156086921692,363.7049031257629,87.420374751091,127.9258480668068,0.6557326912879944,392.9955589771271,278.7138533592224,-178.19677233695984,0.6728959083557129,393.8737034797669,120.69064289331436,125.9266796708107,0.6359476447105408,391.7813873291016,283.4470725059509,-203.8937884569168,0.6676475405693054,368.50664734840393,468.21948409080505,130.61071783304214,0.9966968894004822,388.1136703491211,511.7516076564789,-131.15176498889923,0.9970635175704956,414.7254753112793,611.4826941490173,339.0228724479676,0.6580854058265686,449.178364276886,719.571168422699,32.74663992226124,0.9265265464782716,426.0657477378845,895.1414251327515,384.4656836986542,0.7058001160621643,452.9545819759369,934.5189142227172,36.392818093299866,0.8916428685188293,409.0480971336365,939.0315270423888,391.03346943855286,0.7313418984413147,436.9151115417481,965.870954990387,46.17073327302933,0.887956440448761,496.749894618988,1012.1593379974364,427.3913812637329,0.7447283267974854,537.8603374958038,1038.6641550064087,54.59890723228455,0.8650846481323242,60.96667922479077,65.75302954287804,75.13266839959907,85.7163237417934
eric_DTL_1_frame26.jpg,eric_DTL_1,FO,frame26,P4,494.4681646823883,214.0195627808571,-146.68294981122017,0.962824523448944,496.6063778400421,204.2721039056778,-125.16685092449188,0.9675291180610656,497.3391203284264,204.5238469839096,-125.24764341115952,0.974284291267395,498.0598114728928,204.73148304224011,-125.24633611738682,0.9693756699562072,491.3227639198303,201.67044430971143,-131.20415000617504,0.9571924805641174,488.2030588388443,200.04125690460205,-131.2523813545704,0.9612980484962464,485.3423191308975,198.56015819311145,-131.2720773369074,0.9499757289886476,490.32035529613495,204.082642018795,-10.4177807867527,0.977058470249176,473.0170495510101,197.33584666252136,-38.3068805411458,0.9485079050064088,489.0367486476898,220.6402940750122,-103.72185669839382,0.9708484411239624,482.6264379620552,217.7955741882324,-112.14854249358176,0.96052086353302,487.3433616757393,247.05945563316345,15.481295350939035,0.996155083179474,409.3378175497055,220.7294129729271,-4.666341833770275,0.9959554076194764,448.9043535590172,222.59863805770877,-99.90264555811882,0.622094452381134,343.21701097488403,228.48356568813324,-90.61850491166116,0.7720432877540588,396.018381357193,165.80350518226624,-259.6459103524685,0.6852906346321106,370.1977882981301,162.8403258919716,-241.27083149552345,0.7215917706489563,383.02263456583023,152.84373262524605,-304.0700902938843,0.6810153126716614,369.6449155807495,147.04986837506294,-279.9759215116501,0.7054606080055237,386.2549573779106,152.456116437912,-301.56857067346573,0.6836806535720825,372.8461750149727,147.92947709560394,-285.1340352296829,0.7028887271881104,390.16371381282806,158.36495542526245,-263.6163952946663,0.6631430387496948,374.28741878271103,154.04883036017418,-247.7103701531887,0.6970940828323364,426.5089394450188,373.9722361564636,64.00680432468653,0.9969684481620787,378.4884549379349,365.1755521297455,-64.05255960673094,0.997349202632904,471.9656044244766,467.3202483654022,50.582598492503166,0.6872573494911194,399.79658156633377,471.0236593484879,-209.81391492486,0.9335787296295166,427.37473154067993,565.348148226738,194.59791579842567,0.7294247150421143,376.3689075112343,588.1151099205017,-203.8280678093433,0.9021150469779968,412.35269671678543,579.2130002975464,203.1505260169506,0.7503694891929626,365.3360753059387,606.7724756002426,-211.13720789551732,0.8964709639549255,461.4596375823021,591.5112156867981,119.21008460223676,0.7654479146003723,416.1485583782196,617.9398108720779,-351.3470969200134,0.8777675628662109,18.651630025029146,10.38069462858499,14.482120421168656,69.44465180773243
tom_DTL_2_frame26.jpg,tom_DTL_2,FO,frame26,P4,1074.5920944213867,326.8267285823822,-77.03845024108887,0.9664821028709412,1079.842529296875,313.77294301986694,-49.559701681137085,0.9707137942314148,1079.501495361328,313.4274208545685,-49.72492218017578,0.976797342300415,1078.806037902832,312.8743600845337,-49.679328203201294,0.9723657965660096,1076.3283920288086,307.97338485717773,-79.20495271682739,0.9614349007606506,1074.0863800048828,304.16131138801575,-79.32618856430054,0.9651283025741576,1071.642951965332,300.2283453941345,-79.41936492919922,0.9549428820610046,1061.286964416504,303.2477295398712,81.98533058166504,0.9792433977127076,1055.317840576172,288.83129596710205,-43.53461980819702,0.9536142945289612,1056.3323593139648,325.5003869533539,-26.24087691307068,0.9736337661743164,1053.6297225952148,320.9892225265503,-66.46648406982422,0.9644263982772828,1001.930809020996,373.3849632740021,112.41187334060668,0.9963572025299072,917.530117034912,309.1117250919342,-36.51565432548523,0.9963539242744446,865.2012062072754,388.843435049057,50.70706486701965,0.6353930234909058,828.5674095153809,373.05704712867737,-190.3224420547485,0.7896251678466797,837.2141647338867,280.2893829345703,-131.70659065246582,0.7009825706481934,839.2379379272461,279.7779071331024,-372.3847961425781,0.740416944026947,818.8908004760742,252.89750576019287,-178.1521511077881,0.6961089968681335,829.0875434875488,255.2077406644821,-422.7911853790283,0.7224215269088745,824.2983055114746,245.45786798000336,-176.20315074920654,0.6981730461120605,829.0775871276855,246.83640003204343,-426.4225959777832,0.7200908660888672,831.7189979553223,255.10846138000488,-135.9356689453125,0.6741278171539307,834.6948051452637,255.8241444826126,-378.39860916137695,0.7111966609954834,877.8305053710938,563.0720615386963,133.87968063354492,0.9971463084220886,817.1903800964355,543.7866139411926,-133.829927444458,0.9975942969322203,935.7766342163086,723.5243153572083,33.768367767333984,0.7071816921234131,866.7455291748047,725.6810688972473,-399.7404098510742,0.9394931793212892,891.0199928283691,890.0725650787354,69.26504373550415,0.7453982830047607,863.4552383422852,923.1788349151612,-498.4049606323242,0.91121506690979,865.0811576843262,916.6793489456176,65.50229787826538,0.7615609765052795,842.5893974304199,957.7228116989136,-516.9090843200684,0.9041684865951538,953.1174087524414,942.8897881507874,-56.51743769645691,0.7819693684577942,937.0744514465332,971.868588924408,-708.0968856811523,0.8889588117599487,37.290179263779365,17.642283836312497,60.45876396322699,77.23704665386781
eric_DTL_1_frame27.jpg,eric_DTL_1,FO,frame27,P4,498.1605510115624,228.5970002412796,-185.15792149305344,0.969782531261444,503.5264465212822,218.96549797058103,-164.46119278669357,0.9735915660858154,505.1314569711685,219.90087097883224,-164.57651168107986,0.9790552258491516,506.662427842617,220.6419305205345,-164.5903638005257,0.9750524163246156,497.2348484992981,214.83164405822757,-164.254675000906,0.965233564376831,494.3659360408783,213.0459932088852,-164.3239702284336,0.9685236215591432,491.3001157045365,211.17815428972244,-164.34464451670647,0.9593721628189088,503.519278049469,221.31938046216965,-59.19425769895315,0.9812191128730774,484.67184191942215,211.78092455863955,-58.75515417009592,0.9581611156463624,495.3398092985153,236.5345311164856,-146.7496304512024,0.9761525988578796,488.6388811469078,232.6771787405014,-146.38919830322266,0.9679263234138488,502.2986639142037,260.19156515598297,-39.62148563563824,0.9966077208518982,421.574052631855,236.4414654970169,-18.973122470080853,0.9966670274734496,461.3879528641701,233.3079418540001,-147.02575513720512,0.6677026748657227,359.18898952007294,251.48480862379077,-77.20611234009266,0.8096073865890503,405.2558057308197,187.46540409326556,-229.1257433593273,0.7252930402755737,380.84750550985336,190.4671264886856,-202.13282811641693,0.7650356888771057,392.16028904914856,176.96057897806168,-263.45858502388,0.7152142524719238,383.6503779888153,174.0483220219612,-234.9721862077713,0.7475934624671936,394.6065387129784,176.14990311861038,-254.8224465250969,0.7156394720077515,384.6405274868012,173.60457575321198,-238.26821145415303,0.7454054355621338,398.01329433918,180.70694184303284,-229.1299163103104,0.6895246505737305,385.5448284745216,178.9360575079918,-208.23087739944455,0.7365143895149231,440.8915258049965,380.8984051942825,55.16050320118666,0.9973710179328918,391.4350959658623,370.1508085727692,-55.18630710244179,0.9977847933769226,486.4466100931168,478.718688249588,-116.89822646975516,0.7327134609222412,411.9069355130196,479.83247232437134,-231.78954055905345,0.9449163675308228,437.7747989296913,576.2245042324066,-39.48806808143854,0.765648603439331,392.6425505876541,569.0597991943359,-171.79010677337646,0.9192776679992676,425.13989984989166,585.2293826341629,-36.584083788096905,0.7789212465286255,372.27203929424286,597.9261591434479,-170.6678600013256,0.9074618220329284,479.0623568892479,596.7754491567612,-122.2382704615593,0.7996073961257935,404.2667644023895,620.849834561348,-284.15643921494484,0.8983443379402161,16.39448336686345,12.260568689616445,14.347920552033427,65.85851435478797
random_1_frame27.jpg,random_1,FO,frame27,P4,273.98377418518066,325.9664776325226,-15.407922066748142,0.9705912470817566,279.1796783208847,324.35041427612305,-17.78107598423958,0.9738577008247375,279.9316990375519,324.20121026039124,-17.879741355776787,0.9790820479393004,280.50649523735046,323.82273030281067,-17.92364329099655,0.9753982424736024,275.2626827955246,320.07433927059174,-28.731532096862797,0.9664296507835388,273.54608058929443,317.16470742225647,-28.74952358007431,0.9690943360328674,271.3364781141281,313.66985189914703,-28.84779769182205,0.9601927995681764,272.88871240615845,310.00521779060364,-35.5628245472908,0.981187105178833,263.2180120944977,301.9910582304001,-57.53797265887261,0.9588776230812072,268.4312480688095,322.0287890434265,-6.96886957809329,0.976778507232666,263.6230080127716,316.659517288208,-22.36663748323917,0.9695547819137572,250.80859673023224,284.23961889743805,0.792047644034028,0.99653297662735,221.7697478532791,284.6952534914017,-47.97778545320034,0.996918559074402,215.3956925868988,254.4072989225388,9.896061908453705,0.6373847126960754,214.95051008462903,322.3764839172363,-105.06869691610336,0.7922763824462891,201.90563708543775,253.59523677825928,1.0461882576346395,0.7100920081138611,213.47404438257217,315.42414104938507,-202.6379072666168,0.7438116073608398,195.8798871040344,245.1729061603546,-14.615541771054268,0.703881561756134,210.22075480222705,311.761598944664,-220.81328904628757,0.7315570712089539,196.9549525976181,241.3946896791458,-18.51059764623642,0.7044163942337036,210.30119264125824,306.2203606367111,-222.4812844991684,0.7294381260871887,198.72038143873212,245.95299327373505,-2.3136648470535874,0.6793409585952759,211.52560943365097,307.6423090696335,-205.6838485598564,0.7198237776756287,221.7976598739624,397.7391366958618,53.12519924342632,0.99713134765625,194.6949455142021,381.2080841064453,-52.99040539562702,0.9978484511375428,267.5300183296204,498.4536130428314,30.91247236728668,0.7416900396347046,214.1415529847145,484.4479353427887,-94.84704461693764,0.9492529034614564,261.7480134963989,580.6262948513031,39.524135902524,0.778458833694458,220.5221141576767,580.9342608451843,-122.4896651506424,0.9258571863174438,252.02156674861908,590.588148355484,43.01903001964092,0.789422869682312,215.29965609312055,594.6836009025574,-127.6393941640854,0.9118834137916564,292.22506868839264,620.1092395782471,31.965155214071277,0.8096691966056824,244.11253142356875,642.8887429237366,-179.13638681173325,0.9052119255065918,0.898926720555537,31.380720953216763,59.229312281566315,75.6725312884705
tom_DTL_2_frame27.jpg,tom_DTL_2,FO,frame27,P4,1158.212013244629,309.74876046180725,82.51609325408936,0.9718737602233888,1172.1929168701172,315.4304838180542,79.04130220413208,0.9754204154014589,1173.651351928711,317.24287390708923,78.8691258430481,0.9800705313682556,1175.566177368164,318.0393612384796,78.55363368988037,0.9768721461296082,1168.1160736083984,312.0498061180115,59.57415819168091,0.9682953357696532,1166.9507217407229,311.8628990650177,59.72171187400818,0.9703400731086732,1166.048698425293,310.75977087020874,59.33846354484558,0.9622802734375,1168.9981842041016,322.1536660194397,105.57444334030151,0.9819685220718384,1160.0077056884766,310.4436671733856,19.180837869644165,0.960665225982666,1170.967254638672,323.74937653541565,107.62900829315186,0.9777470231056212,1163.2633209228516,323.14945220947266,80.42768955230713,0.9705786108970642,1099.4036865234375,324.9275314807892,93.75868320465088,0.9965797066688538,1088.082504272461,318.12581419944763,11.568160951137545,0.9965897798538208,1085.123176574707,313.6233723163605,170.5070400238037,0.5944101810455322,993.4518814086914,346.2583673000336,-83.92962455749512,0.7508391737937927,1068.7847900390625,333.5408020019531,155.93912601470947,0.6715534329414368,1030.623893737793,326.91585302352905,-106.8113923072815,0.70026695728302,1096.087417602539,310.2314293384552,159.6673822402954,0.6695452332496643,1050.2150344848633,289.1328191757202,-103.3742094039917,0.6888240575790405,1109.0246200561523,301.43495321273804,136.68231010437012,0.6698247790336609,1042.6146697998047,281.295018196106,-82.81558513641357,0.686621904373169,1112.812385559082,306.2796664237976,144.78057861328125,0.6462518572807312,1039.5652770996094,285.0371181964874,-98.91870975494383,0.6788869500160217,885.2867889404297,610.1379418373108,77.44608879089355,0.9971468448638916,882.6835441589355,602.3973441123962,-77.94583797454834,0.997541606426239,879.2581558227539,586.6685056686401,151.38067245483398,0.7311572432518005,917.0203971862792,523.955090045929,-24.39046919345856,0.931909441947937,843.5672950744629,769.6941232681274,192.8024911880493,0.7735275030136108,881.7249298095703,550.4787683486938,40.52880764007568,0.8980746865272522,827.4232864379883,793.1785583496094,188.85778427124023,0.7778122425079346,864.6085739135742,551.1635684967041,55.90743899345398,0.890282928943634,822.9512214660645,818.37158203125,195.63514709472656,0.7935823798179626,860.6731796264648,576.7119312286377,105.42401790618896,0.873324990272522,30.99726576664511,71.41166410154042,82.15725041652766,89.04022692317969
random_1_frame28.jpg,random_1,FO,frame28,P4,265.2783538103104,335.41481137275696,24.652534000575542,0.9699587225914,263.2809240818024,331.347149848938,26.35563127696514,0.9691604375839232,261.9746208190918,329.44899225234985,26.23926544189453,0.9759395718574524,260.6442857980728,327.57770442962646,26.20873101055622,0.9709555506706238,265.2873560190201,336.4202399253845,24.916964180767536,0.9634058475494384,264.6980217695236,339.12894344329834,24.946509145200253,0.967208206653595,264.0157164335251,339.42819595336914,24.632251545786858,0.9569672346115112,251.0740842819214,311.7375121116638,27.855621069669724,0.9762593507766724,257.03579699993134,332.48623633384705,21.04153111577034,0.9611223936080932,260.20392775535583,339.2515079975128,33.05395036935806,0.9780268669128418,260.60318088531494,347.8330228328705,24.631147287786007,0.9718856811523438,245.0499769449234,270.0736629962921,26.882773004472256,0.9966362118721008,230.2907005548477,305.29202914237976,13.88583256304264,0.9967175126075744,274.0824880599976,183.20577609539032,6.9618180096149445,0.6197215914726257,216.8209517598152,345.0442090034485,-6.938285026699305,0.7377225756645203,295.75564181804657,145.92445427179337,-24.41537721455097,0.6987820267677307,215.6990903019905,312.5264278650284,-0.1154087794711813,0.6831378936767578,297.9763159751892,129.5499085187912,-43.797100231051445,0.6968101859092712,216.77588897943497,330.2915515899658,0.1109922400792129,0.6804056763648987,298.3116999864578,129.69939082860947,-34.568012580275536,0.6966739296913147,217.74529492855072,325.97945189476013,-7.744898609817028,0.6790549159049988,297.52085077762604,137.70564299821854,-24.46055478602648,0.6751847863197327,218.14780747890472,318.34757244586945,-2.494428082369268,0.6758481860160828,234.5275849103928,333.8662295341492,49.16172140836716,0.9974187612533568,223.9722106456757,341.3194441795349,-49.15070793032646,0.9977802634239196,278.6696825027466,536.3119344711304,14.47551765292883,0.7471897006034851,256.0055614709854,509.8213315010071,-60.20024654269218,0.9380614757537842,298.1750888824463,718.8379244804382,-69.02069082856178,0.7889987826347351,292.5277808904648,699.0229249000549,-124.0665391087532,0.9071772694587708,299.27902352809906,749.6772084236145,-77.95425122976303,0.7965767979621887,292.362792134285,728.7074227333069,-122.05314856767654,0.9004015922546387,335.5948129892349,824.8284344673157,-116.55410540103912,0.8061662316322327,325.05798637866974,845.4288759231567,-186.88629257678983,0.8831344246864319,67.26246747307555,35.22615021557673,41.3669742851659,83.87187859863835
tom_DTL_2_frame28.jpg,tom_DTL_2,FO,frame28,P4,1233.816146850586,257.6511150598526,-623.4419059753418,0.9339401721954346,1254.803237915039,215.6916242837906,-706.4825248718262,0.9443575143814088,1265.4063034057615,210.06843209266663,-707.1394729614258,0.9538018107414246,1275.8507537841797,204.83756124973297,-707.6033592224121,0.9495744109153748,1224.0332794189453,227.42898166179657,-702.6006317138672,0.9321151375770568,1212.721939086914,229.4390451908112,-702.3819923400879,0.9315103888511658,1201.5612030029297,231.56818270683289,-703.9843940734863,0.9172086715698242,1285.6180572509766,201.4912909269333,-704.0329742431641,0.956986665725708,1187.7816009521484,233.7959718704224,-737.2955703735352,0.9208161234855652,1244.9443817138672,274.8563325405121,-611.3458442687988,0.9536209106445312,1214.2872619628906,288.4255528450012,-615.6871604919434,0.9367996454238892,1352.9095458984375,270.126074552536,-673.6276817321777,0.9881134629249572,1056.9044494628906,301.99792742729187,-521.0577392578125,0.9799904823303224,1202.0518112182615,415.65795063972473,-471.2574863433838,0.5843001008033752,863.5146331787109,424.5249474048615,-455.5066394805908,0.6823885440826416,1078.5508346557615,349.5950782299042,-184.24023628234863,0.6916130185127258,945.9947776794434,385.44286608695984,-507.2515296936035,0.6620392799377441,1057.576904296875,319.7439908981323,-219.1743564605713,0.6919490694999695,951.26220703125,371.2154960632324,-590.0408363342285,0.6644708514213562,1073.6271286010742,276.33015275001526,-355.40096282958984,0.6918894648551941,1007.8187942504884,323.35087537765503,-574.837818145752,0.6623736023902893,1075.3401947021484,289.6331262588501,-269.2606258392334,0.6700528860092163,962.3677825927734,347.3250925540924,-517.3532867431641,0.6576327681541443,1004.34814453125,861.1437821388245,-46.90281271934509,0.9867388606071472,765.6051635742188,868.9222311973572,47.92455554008484,0.9837083220481871,1041.39404296875,724.9803686141968,1017.4445343017578,0.6842172145843506,695.8979415893555,792.1771717071533,1127.7329635620115,0.8632940649986267,936.525993347168,1055.0715494155884,2138.0696868896484,0.7339140176773071,798.2617950439453,1158.7798261642456,2210.3821563720703,0.8552568554878235,934.3226051330566,1076.395754814148,2259.054336547852,0.7376148104667664,861.3113021850586,1148.7729120254517,2335.9158325195312,0.8365698456764221,810.5845069885254,1298.6341953277588,2157.6416015625,0.7706195712089539,646.4651870727539,1379.1952228546145,2248.6425018310547,0.8422167301177979,6.14555048419059,1.8660850481439342,27.2679420377542,21.662697391045008
random_1_frame29.jpg,random_1,FO,frame29,P4,301.3434524536133,222.09992730617523,-251.1579496860504,0.9218508005142212,303.9342260360718,196.23577392101288,-255.0862755775452,0.9329371452331544,306.5061674118042,198.9536899328232,-255.3267742395401,0.9445876479148864,309.0435485839844,202.21498954296112,-255.5905544757843,0.940257966518402,294.7504469156265,187.72508013248444,-267.5089614391327,0.9214848279953004,290.4726128578186,186.50732278823853,-267.47600507736206,0.9199076890945436,286.1739547252655,198.6914985179901,-268.00046133995056,0.9049890637397766,304.0970159769058,195.2158932685852,-198.26360988616943,0.9488597512245178,272.08606719970703,152.5350520014763,-255.97304487228396,0.9096001386642456,300.8242216110229,243.9676432609558,-222.30362021923065,0.946082353591919,289.8073548078537,248.56450498104093,-238.685053229332,0.9272948503494264,313.6881709098816,279.5240503549576,-174.9572407603264,0.9857803583145142,214.271528840065,117.84594362974168,-186.6925510764122,0.9698242545127868,316.1148352622986,439.0228552818298,-126.03093487024309,0.5565358996391296,140.785386800766,111.45717507600784,-226.79142820835116,0.6489142775535583,327.25962138175964,506.7296185493469,-96.84557375311852,0.6568590998649597,154.20289433002472,134.87587195634842,-247.39011144638064,0.6205514073371887,335.04166865348816,540.0748927593231,-104.9707202911377,0.6571766138076782,158.60497438907623,159.03668320178986,-251.664634346962,0.6241627335548401,333.4922798871994,526.033439874649,-121.36338019371031,0.6598273515701294,159.77570128440857,133.82982206344604,-264.92061948776245,0.6231573820114136,327.4661806821823,509.09987807273865,-108.50562638044356,0.6435750126838684,159.72145521640778,127.1746876835823,-254.8312388658524,0.6205699443817139,195.85086274147037,470.25743198394775,-21.963626965880398,0.9816560745239258,142.9944977760315,349.0046217441559,22.582313783466816,0.9780773520469666,144.5455938577652,412.3669264316559,26.738155625760555,0.6817156076431274,94.70178052783012,298.58414363861084,-33.705763310194016,0.8615325689315796,134.07539135217667,596.5769219398499,130.74290561676025,0.7140784859657288,117.85368287563324,528.4170575141907,122.86795192956924,0.8216085433959961,133.7063913345337,625.8319256305695,134.8849692940712,0.7145521640777588,125.9996987581253,555.9683256149292,141.94411075115204,0.8064924478530884,122.61451905965804,658.0702419281006,51.45147393643856,0.7372124195098877,90.8525343835354,564.3615601062775,103.97451466321944,0.7983736395835876,58.412442601531616,66.44671349391672,6.732138871825272,40.12329969845572
tom_DTL_2_frame29.jpg,tom_DTL_2,FO,frame29,P4,1609.2868423461914,166.88112258911133,-254.86433029174805,0.9116660952568054,1649.494285583496,102.48100519180298,-312.7295207977295,0.926296889781952,1660.597915649414,92.7753648161888,-313.2407569885254,0.9385555982589722,1671.0637664794922,83.64826887845993,-314.0929985046387,0.935569167137146,1615.8317184448242,134.23162758350372,-336.8291759490967,0.9119327664375304,1603.5326385498047,158.72070014476776,-336.8536949157715,0.9065874218940736,1591.1741638183594,163.83753418922424,-338.4401321411133,0.8887553215026855,1678.5871124267578,87.73261606693268,-311.4254379272461,0.9487996101379396,1562.6116561889648,98.90484273433684,-437.29823112487793,0.8990376591682434,1441.0784912109375,225.95572471618647,-226.1464262008667,0.9459031224250792,1563.9323043823242,174.5339959859848,-262.0514488220215,0.9264180660247804,1620.439682006836,171.17010354995728,-267.0872497558594,0.9864803552627563,1298.1413269042969,167.3917293548584,-294.05213356018066,0.96977561712265,1402.741813659668,340.65308690071106,-83.24728488922119,0.5581111907958984,991.6395950317384,323.2583713531494,-426.2488460540772,0.6143732070922852,1331.9062042236328,332.1801495552063,-3.4710245579481125,0.6645370125770569,1045.9697341918943,296.2577211856842,-554.8793792724609,0.5829465985298157,1273.8888931274414,320.71943521499634,-60.25536775588989,0.6604543328285217,1031.3431549072266,305.6993758678436,-603.8737678527832,0.5913975238800049,1347.704200744629,268.37302029132843,-75.38763999938965,0.6641033887863159,1055.6793594360352,258.5644555091858,-640.8457374572754,0.5925277471542358,1349.0290832519531,274.7075021266937,-8.789951205253601,0.6494301557540894,1064.9315643310547,261.0117244720459,-584.6685218811035,0.5922291278839111,759.4111061096191,800.3121185302734,17.09696888923645,0.9813774824142456,509.43580627441406,807.5070261955261,-16.79245412349701,0.9786462783813475,312.0795249938965,1177.0142555236816,716.9247436523438,0.6393902897834778,-30.150200128555294,1210.101342201233,509.5754814147949,0.8159881830215454,-209.84878063201904,1640.9522581100464,1386.6713333129885,0.6584538221359253,-533.9104270935059,1718.0955934524536,1017.2105026245116,0.7793862819671631,-287.7436923980713,1693.184266090393,1454.2221450805664,0.6674829721450806,-551.0855484008789,1745.8178329467771,1072.1606826782229,0.7643782496452332,-426.9610118865967,1848.918170928955,1266.0115814208984,0.6886069178581238,-816.3929557800293,1972.1953296661377,791.7473602294922,0.7540678977966309,0.6716602016083304,1.6486591402456168,4.782476483448098,7.720580519614284
random_1_frame31.jpg,random_1,FO,frame31,P4,305.8260608911514,279.9263868331909,-30.127459719777107,0.9202959537506104,311.7017093896866,274.5797816514969,-18.356214940547943,0.9333178997039796,312.49134278297424,275.0333242416382,-18.433938212692738,0.9443933367729188,312.9861797094345,275.81890046596527,-18.41589337587357,0.9416126608848572,307.47739708423615,269.7875382900238,-23.850368976593018,0.9204963445663452,305.7372546195984,267.32830142974854,-23.947904221713543,0.9156553745269777,303.1369355916977,264.156286239624,-24.03894487768412,0.8996012806892395,307.4992558956146,272.33176040649414,41.4436402618885,0.9533020257949828,295.70478451251984,259.83495485782623,15.213082775473596,0.9086611866950988,301.2150675058365,284.40577006340027,-7.809707883745432,0.9505548477172852,296.5835087299347,279.6857680082321,-15.85336972028017,0.9334402084350586,291.9710667133332,299.41207814216614,39.02406062185764,0.9872475862503052,247.91205847263336,266.09267568588257,17.967896066606045,0.972790002822876,238.72077751159668,293.9733672142029,-9.544891696423292,0.5914543867111206,211.7293490767479,278.77536249160767,-43.72355955839157,0.6380199193954468,201.9329541325569,247.57437300682068,-70.50062289834023,0.6875714659690857,203.05698853731155,259.44181168079376,-148.11068838834765,0.6107204556465149,189.35416531562805,238.16114270687103,-90.06414267420769,0.6818978786468506,197.66734290122983,251.533787727356,-171.4410116672516,0.6169816851615906,190.7885172367096,234.3685700893402,-90.43611109256744,0.684944748878479,199.8300588726997,250.8295693397522,-176.3178288936615,0.6181415915489197,194.97085803747177,237.8508927822113,-71.57193100452423,0.6682378053665161,204.5243744254112,257.66639137268066,-153.1834847331047,0.6158797740936279,228.904567360878,380.0642378330231,55.08655869960785,0.9828149080276488,199.46058028936383,373.081666469574,-55.19679695367813,0.9807565808296204,262.41288352012634,447.6030650138855,58.01417139172554,0.6680036187171936,206.3769280910492,454.53162813186646,-143.6817181110382,0.8341843485832214,243.1445094347,526.405778169632,98.03325739502908,0.687161386013031,192.69398474693295,544.96031665802,-157.7770169377327,0.8012987375259399,231.39251399040225,537.3192055225372,98.79766908288002,0.6937163472175598,180.73301130533216,557.5606667995453,-163.46307581663132,0.7868508696556091,275.48339211940765,543.692063331604,61.11471444368362,0.7153139710426331,222.2680511474609,568.3038165569305,-241.9024374485016,0.7782649993896484,37.09820996531746,13.341104899824767,25.54352137320455,75.05156301237116
tom_DTL_2_frame31.jpg,tom_DTL_2,FO,frame31,P4,1327.3520278930664,323.68419885635376,-126.94583415985107,0.9238853454589844,1348.8084411621094,315.6359624862671,-114.73327875137328,0.9369962811470032,1352.9641342163086,316.078462600708,-115.00672817230225,0.947854459285736,1357.5452041625977,316.0744071006775,-115.11003255844116,0.944783091545105,1331.8745040893557,313.0870485305786,-145.74387073516846,0.9237297177314758,1322.973403930664,312.2810983657837,-145.92480182647705,0.920013427734375,1313.3118438720703,311.31222009658813,-146.23855590820312,0.9043886065483092,1351.5506744384766,316.86091661453247,7.761312425136566,0.955890953540802,1290.9051132202148,311.4791715145111,-136.9297170639038,0.9126936197280884,1313.7605667114258,332.1054446697235,-73.33607196807861,0.9512114524841307,1288.8110733032229,331.02954626083374,-116.2945032119751,0.9352737069129944,1231.6172790527344,355.91580033302307,57.45695114135742,0.988265872001648,1219.9748611450195,341.5524744987488,-162.68537521362305,0.9753852486610411,1083.0266189575195,368.10386538505554,60.43153524398804,0.5853517651557922,1045.2512741088867,374.41354751586914,-385.5361747741699,0.6609448790550232,1056.1083984375,336.08572483062744,-12.30397403240204,0.6663908362388611,1058.8563537597656,369.26863074302673,-553.9142417907715,0.6187031269073486,1009.7637176513672,334.3601095676422,-38.263481855392456,0.6609850525856018,1062.3932647705078,366.2830424308777,-593.3767890930176,0.6201914548873901,1033.1992721557615,324.9893295764923,-53.04723143577576,0.6644389629364014,1068.251953125,361.0689568519592,-565.9416961669922,0.621560275554657,1038.4844970703125,328.2844877243042,-22.5995010137558,0.6465887427330017,1060.7853698730469,366.7517423629761,-546.1914825439453,0.6178581118583679,872.7055549621582,581.7267823219299,136.09907627105713,0.9835058450698853,832.0687866210938,588.9641118049622,-135.72371006011963,0.9819756150245668,862.1756744384766,657.869246006012,54.4288444519043,0.6449599266052246,802.9257202148438,686.8345284461975,-247.2593879699707,0.8471729159355164,638.0207061767578,867.5550770759583,32.04993724822998,0.6634077429771423,606.0356712341309,888.2184290885925,-317.6363754272461,0.8098912239074707,611.3873863220215,882.6565361022949,26.199334859848022,0.6739382743835449,573.1672096252441,907.8052067756652,-318.69051933288574,0.7913117408752441,663.1323051452637,885.3212571144104,-6.550684869289398,0.7052857875823975,645.8101272583008,914.3310856819152,-370.32689094543457,0.7872713804244995,50.97296469946226,10.098385448464358,86.97268327559367,81.49740614113865
random_1_frame32.jpg,random_1,FO,frame32,P4,238.90532279014587,274.15581500530243,-139.21813589334488,0.8716893196105957,248.6528522968292,289.8120069503784,-148.5954236984253,0.881453812122345,250.79356718063357,298.4422904253006,-148.9167999625206,0.8937602043151855,252.83533537387848,306.6578965187073,-149.27525860071182,0.8922380208969116,242.3435456752777,263.5548063516617,-144.31821048259735,0.8725037574768066,240.273322224617,254.2669619321823,-144.4483932852745,0.8650338053703308,238.20682382583615,245.0062175989151,-144.81492286920547,0.8512240052223206,254.68831586837769,317.322260260582,-117.29708510637283,0.9056102633476256,233.57635152339932,231.5281662940979,-77.84828126430511,0.8621604442596436,237.83206808567047,293.30553817749023,-120.200530230999,0.9177265763282776,230.45713794231412,259.65485060215,-115.39681714773178,0.909293532371521,251.0771108865738,407.1363410949707,-119.05417138338088,0.9855515956878662,186.14261442422867,122.57362276315688,18.801779001951218,0.9674770832061768,221.63862085342407,444.1816215515137,-137.13081341981888,0.5827520489692688,148.6186535358429,95.17730689048769,10.44081275165081,0.6136896014213562,235.028449177742,579.2377800941467,-245.75168359279635,0.6522709131240845,159.3123720884323,63.46682330965996,-134.61432099342346,0.6150146126747131,232.31829285621643,603.572390794754,-288.1887421607971,0.6526094675064087,157.78914922475815,60.87149104475975,-162.5376849770546,0.6218051314353943,237.03506219387052,591.0890393257141,-309.1994057893753,0.6586049795150757,163.97501176595688,39.69963505864144,-201.6540020704269,0.6273401379585266,235.5453518629074,567.0540266036987,-257.1626298427582,0.6490157246589661,166.4672525525093,49.01823097467423,-157.19446021318436,0.6274780631065369,161.57528936862946,434.8641819953919,-14.740759454667568,0.9754731059074402,120.94966661930084,221.44169461727145,15.362291797995567,0.9750344157218932,81.59008294343948,490.795266866684,12.39631786197424,0.6018825173377991,40.32429127395153,255.48047769069672,38.45850268006325,0.7740926742553711,-1.275736091658473,528.9154534339905,163.36054635047913,0.5984445810317993,-33.40060330927372,344.659548997879,111.76234352588654,0.7321172952651978,-10.780199900269508,536.5986349582672,175.3463922739029,0.6088183522224426,-40.67954869568348,365.7132451534271,113.51711457967758,0.7163071632385254,-30.933209136128426,524.9693584442139,20.028082571923733,0.6359862089157104,-54.251642644405365,386.11438965797424,-67.77085185050964,0.7100974321365356,77.14574449006336,79.22251035213274,64.77808683432174,36.537958493655715
tom_DTL_2_frame32.jpg,tom_DTL_2,FO,frame32,P4,1408.0022048950195,338.871306180954,5.786183774471283,0.8725173473358154,1457.6062774658203,334.6817171573639,-12.303742468357086,0.8803830742835999,1458.746223449707,336.69588446617126,-11.76397740840912,0.8941300511360168,1460.093994140625,336.3722813129425,-9.804900884628296,0.8925961256027222,1451.5967559814453,325.1195561885834,50.99031329154968,0.8710477352142334,1448.191795349121,322.24523663520813,51.33642911911011,0.8636132478713989,1443.149070739746,320.0031566619873,49.75681185722351,0.8474107980728149,1434.209976196289,331.7206871509552,241.0145473480225,0.9090465307235718,1389.540138244629,328.0687415599823,206.1871290206909,0.8613333106040955,1333.8622283935547,363.4208571910858,62.74363517761231,0.919066607952118,1331.4862060546875,349.6789240837097,107.4452304840088,0.9074395895004272,1442.8667449951172,371.3568913936615,205.91956615448,0.9863176941871644,1274.7845077514648,312.24653005599976,336.3771343231201,0.9684507250785828,1205.716209411621,496.2613999843597,-107.0780611038208,0.603397011756897,1057.2385025024414,381.77592158317566,103.40935707092284,0.5767595171928406,1266.0615921020508,423.0711793899536,-410.531530380249,0.6604697704315186,1183.4925842285156,373.2375168800354,-126.4550256729126,0.5803292393684387,1255.0000762939453,405.3569161891937,-492.8886222839356,0.6548433899879456,1177.338981628418,360.7457399368286,-123.11692714691162,0.5888484716415405,1315.905990600586,380.7273817062378,-388.97629737854,0.6609605550765991,1193.4749221801758,339.58587884902954,-158.51263046264648,0.5951985716819763,1298.6449813842771,388.8080620765686,-374.9071311950684,0.6518694162368774,1252.620849609375,347.95697808265686,-146.1171054840088,0.5984128713607788,678.614501953125,622.1270942687988,45.15587210655213,0.973761796951294,499.38777923583984,601.8424487113953,-44.70295071601868,0.9735353589057922,13.526076972484589,876.3532590866089,98.5016655921936,0.6269850134849548,-269.72193717956543,894.1459608078003,-8.935751616954803,0.7802836894989014,-785.0927352905273,1188.0911779403689,205.1081371307373,0.5903465151786804,-1015.5495071411132,1234.1440200805664,-97.33242273330688,0.7222203016281128,-898.1841659545898,1223.2987117767334,216.66542530059812,0.6050906181335449,-1101.8674850463867,1267.5567054748535,-102.9547905921936,0.7063791155815125,-1165.5572891235352,1339.2710781097412,75.08975028991699,0.6107144355773926,-1344.748191833496,1401.5851879119873,-331.1585998535156,0.6813363432884216,19.375510872188485,6.457183859201139,37.81694146827422,26.627792713683252
random_1_frame33.jpg,random_1,FO,frame33,P4,202.741833627224,-264.6549892425537,-260.48514330387115,0.8190146684646606,212.89355713129044,-239.7258656024933,-323.2211995124817,0.8457756042480469,213.32972449064252,-239.059975028038,-323.529757976532,0.8601999282836914,213.6758568286896,-238.1321041584015,-323.87241101264954,0.858308732509613,210.19899946451187,-233.0132586956024,-287.92858350276947,0.8279283046722412,208.18491047620773,-234.4181832075119,-287.6360375881195,0.8189752697944641,206.21391826868057,-235.89813196659088,-288.3828846216202,0.8045133948326111,201.51854211091995,-262.9573953151703,-453.4929895401001,0.8782990574836731,192.12669038772583,-253.0885112285614,-298.2969549894333,0.826608419418335,192.56761753559115,-295.4062170982361,-283.7880331277848,0.8890431523323059,189.44284224510196,-294.0437660217285,-235.61651587486267,0.8708143830299377,187.05468302965164,-226.13373291492465,-501.6288342475891,0.973405659198761,153.5249736905098,-328.8195102214813,-146.53095597028732,0.9139381647109984,196.67340075969696,0.9891681410372256,-517.853245973587,0.5809890031814575,176.48596066236496,-337.26732873916626,-136.19609701633453,0.5248780250549316,206.3316195607185,-17.930209696292877,-547.891598701477,0.6315945982933044,239.4830162525177,-366.039751291275,-203.41811162233356,0.544339656829834,209.16597014665604,90.25558000802994,-621.4747214317322,0.6334149837493896,257.0111702680588,-340.47984051704407,-230.1194257736206,0.5572962760925293,223.0698685646057,225.86478567123413,-607.8826279640198,0.6403011679649353,259.06504487991333,-402.3504505157471,-279.4334474802017,0.5643957853317261,223.0930984020233,52.75079283118248,-548.0245106220245,0.6314302086830139,252.305627822876,-425.1626965999603,-233.39030587673187,0.5683039426803589,10.364653710275888,-25.25477810204029,-132.13489800691605,0.9201290011405944,1.1169124054722488,-89.62852585315704,133.31202733516693,0.9051797389984132,-0.4113812992582097,-153.41885644197464,345.0994898080826,0.5868991017341614,3.714559407904744,-312.2724893093109,650.7902588844299,0.7062191367149353,-57.8455416560173,-186.1469223499298,1067.9034605026245,0.538461446762085,-84.4650210738182,-131.44049459695816,1229.1684064865112,0.6525300741195679,-70.99899086356163,-126.30414539575575,1139.99045753479,0.5570099949836731,-254.387699007988,-56.361471474170685,1296.1392517089844,0.6437242031097412,-130.66918063163757,-301.08481752872467,1099.0793509483335,0.5584622621536255,-671.9771122932434,-199.73325884342196,1305.8825387954712,0.6182172894477844,71.91672624757017,81.82498922324957,84.6059048895387,88.00471473716289
rob_DTL_2_frame36.jpg,rob_DTL_2,FO,frame36,P4,1030.2036666870115,363.8721442222595,-57.15708017349243,0.8368949890136719,1042.1720123291016,362.2948122024536,-26.391754746437076,0.8610323667526245,1044.8137664794922,368.6116075515747,-26.560633778572083,0.8740044236183167,1046.8970489501953,371.75062894821167,-26.55365824699402,0.8722922801971436,1037.3484420776367,355.7035303115845,-31.51183247566223,0.8450005054473877,1035.926742553711,353.2200837135315,-31.69771671295166,0.8368977904319763,1034.6112442016602,350.98547101020813,-31.819281578063965,0.8239303231239319,1042.7716827392578,374.0278565883637,114.87000703811646,0.8901234269142151,1027.8578567504885,353.33537578582764,88.56475353240967,0.8437363505363464,1022.87109375,389.62817430496216,-6.07158288359642,0.8997021317481995,1015.0896835327148,375.8988904953003,-14.210301339626312,0.8835412859916687,1012.7843856811523,424.8887515068054,96.87272787094116,0.9759214520454408,915.9577560424804,358.7737369537353,114.73890781402588,0.9225393533706664,940.0604438781738,390.426013469696,-53.01513433456421,0.6149423122406006,825.0199699401855,374.4887030124664,36.57921552658081,0.5642201900482178,864.0825462341309,301.5526270866394,-214.80877876281735,0.6647158861160278,840.8357620239258,296.20763897895813,-149.4826698303223,0.5856623649597168,843.1833457946777,278.00851821899414,-264.1713523864746,0.6646319031715393,832.7938270568848,271.19701623916626,-192.84939765930176,0.5959770679473877,844.6261024475098,270.2425253391266,-258.39085578918457,0.6703184247016907,838.245677947998,266.5257239341736,-207.72445678710935,0.6024121642112732,850.2915000915527,279.6019434928894,-215.77144145965576,0.6591417193412781,841.7682266235352,275.30797362327576,-161.98010444641113,0.6049695014953613,876.0839080810547,595.7053184509277,106.25178337097168,0.9280572533607484,803.9777183532715,567.3958039283752,-106.3991117477417,0.9146525859832764,920.00581741333,751.3205194473267,-74.37342882156372,0.6134518980979919,817.1165084838867,743.9425349235535,-408.12975883483887,0.7347528338432312,855.5097770690918,912.5311517715454,-92.27336883544922,0.5704944133758545,820.9647560119629,940.7966995239258,-473.9176940917969,0.6865600943565369,835.6324195861816,943.1591892242432,-101.72731876373292,0.58845055103302,802.1566200256348,973.8478660583496,-489.5114707946777,0.6764994859695435,926.898250579834,944.901316165924,-242.8110694885254,0.5940108299255371,874.0032005310059,969.5079660415648,-686.6797828674316,0.6552776098251343,34.32598448415524,21.43540177537046,10.454469625603092,71.26910335776019
rob_DTL_2_frame37.jpg,rob_DTL_2,FO,frame37,P4,1030.2081298828125,385.1687014102936,-132.86457538604736,0.8528581261634827,1042.408332824707,372.12424993515015,-101.54035091400146,0.8746663928031921,1044.887580871582,374.0749776363373,-101.7237138748169,0.8863168358802795,1046.938591003418,375.3055000305176,-101.727032661438,0.8847516775131226,1037.3482131958008,362.5118780136109,-111.8429160118103,0.8602852821350098,1035.7666397094729,358.06000113487244,-111.99703931808472,0.8529130220413208,1034.0868759155271,354.3675971031189,-112.11216688156128,0.841306209564209,1042.7761459350586,373.9995002746582,56.86208367347717,0.9004353284835815,1026.012954711914,353.3394956588745,8.555431365966797,0.8590536117553711,1022.8103256225586,394.6954894065857,-72.94230222702026,0.9088826775550842,1015.0886535644532,383.6642074584961,-87.63762474060059,0.8948911428451538,1013.466567993164,421.1995339393616,67.7297043800354,0.9780541062355042,915.6945991516112,356.8115186691284,62.60878801345825,0.9302746057510376,935.4504776000977,386.027694940567,-55.256699323654175,0.6398548483848572,821.4252662658691,375.0634253025055,35.856696367263794,0.6027439832687378,864.3119430541992,299.66363310813904,-225.5627918243408,0.6933804154396057,839.8287963867188,293.242392539978,-100.04847049713136,0.6238919496536255,843.2773017883301,272.1371841430664,-273.6900043487549,0.6924002766609192,832.6495742797852,263.9818149805069,-137.76297569274902,0.631888210773468,845.2122688293457,263.6157900094986,-276.8449115753174,0.6970797777175903,838.0641746520996,256.7967885732651,-156.8530511856079,0.6377856731414795,850.6614875793457,274.3920743465424,-230.408992767334,0.6841364502906799,841.3259696960449,267.4139428138733,-112.37995147705078,0.6390883326530457,877.1492385864258,595.3306031227112,106.9645357131958,0.9351357221603394,805.3639984130859,567.5103878974915,-107.08068609237672,0.9231669306755066,921.9958877563477,750.5547380447388,-60.6790566444397,0.6352989077568054,819.3292808532715,743.1033039093018,-399.9143314361572,0.7604596018791199,855.5038833618164,909.039430618286,-38.80998015403748,0.5929851531982422,820.480842590332,940.8002400398254,-486.1952590942383,0.717022180557251,834.6520614624023,938.4803009033204,-43.32923769950867,0.6136072278022766,801.6704177856445,973.5550332069396,-505.8626747131348,0.7058197855949402,926.1784744262696,942.5440406799316,-169.31742668151855,0.622127115726471,868.3566284179688,970.8274841308594,-706.6831398010254,0.6883214712142944,33.36701867555247,21.18373295624839,2.998191018624902,71.45987711581748
rob_DTL_2_frame38.jpg,rob_DTL_2,FO,frame38,P4,1029.2563247680664,378.39443922042847,-113.74181270599364,0.8673015236854553,1042.3218154907229,369.1322886943817,-83.64713430404663,0.8869835138320923,1044.0410614013672,373.9585268497467,-83.81896018981934,0.8974499106407166,1046.235809326172,375.3715467453003,-83.80603551864624,0.8960212469100952,1036.5111923217771,362.00568079948425,-89.71726655960083,0.8740992546081543,1035.1343536376953,357.80991196632385,-89.88521575927734,0.8674125671386719,1033.7427520751953,354.26894545555115,-90.02238035202026,0.8570244908332825,1043.1755447387695,374.0058088302612,66.01627349853516,0.9098187685012816,1027.0517349243164,353.7034606933594,35.067100524902344,0.8728950619697571,1021.3458251953124,395.1754868030548,-57.88164496421814,0.9172580242156982,1014.0321350097656,383.6512041091919,-67.48182535171509,0.9051775336265564,1015.3833389282228,421.20609998703,60.30423402786255,0.9799567461013794,915.2471923828124,355.6277310848236,78.46508502960205,0.9372397661209106,934.5686531066896,384.02952432632446,-87.27177143096924,0.6668140888214111,816.3451766967773,375.6117224693298,35.61365246772766,0.6367264986038208,864.3496513366699,298.73247742652893,-260.2738952636719,0.7200128436088562,839.5269012451172,292.7427291870117,-129.6280002593994,0.6582500338554382,843.24462890625,270.8074951171875,-309.385929107666,0.717752993106842,832.4215507507324,263.4750705957413,-170.02889156341553,0.6638969779014587,845.3731727600098,261.9994157552719,-307.61993408203125,0.7214751243591309,837.8738594055176,256.10135078430176,-180.61174392700195,0.6692421436309814,850.8127212524414,272.7927589416504,-262.6372718811035,0.7067182660102844,841.1889266967773,266.9848644733429,-139.02840614318848,0.6692683696746826,877.5093269348145,595.3887319564819,105.58447122573853,0.9415234923362732,805.7471466064453,568.4726357460022,-105.72696447372437,0.9308356046676636,923.2483863830566,750.4518699645996,-62.58458375930786,0.6522402763366699,821.7575454711914,743.1739211082458,-401.4912700653076,0.7833694815635681,855.3358268737793,909.132513999939,-49.5016872882843,0.6106009483337402,820.5680465698242,941.1901473999023,-505.39512634277344,0.7442219853401184,833.5796356201172,938.7144899368286,-55.00140309333801,0.6331248879432678,802.2533798217773,973.6378169059752,-526.1038398742676,0.7317038178443909,926.041774749756,941.1984515190125,-187.51768112182617,0.646424412727356,869.2206573486328,973.4381318092346,-730.898323059082,0.7178540825843811,33.220471451608546,20.55974002294361,10.279520933456403,71.24231420554375
rob_DTL_2_frame39.jpg,rob_DTL_2,FO,frame39,P4,1027.9217147827148,391.0222041606903,-160.77252388000488,0.8800102472305298,1042.0223236083984,375.33894181251526,-130.0511884689331,0.8978525400161743,1043.7456893920898,377.3037028312683,-130.2412176132202,0.9072450995445251,1045.8350372314453,378.0992245674133,-130.2305030822754,0.9059206247329712,1036.402244567871,365.9749853610992,-139.71045970916748,0.8863351345062256,1035.0238037109375,361.4115500450134,-139.86428260803223,0.8801912069320679,1033.6795806884766,357.63259649276733,-139.9905252456665,0.8709391355514526,1043.024024963379,374.5247519016266,23.739604353904724,0.9176960587501526,1027.057113647461,355.21339416503906,-22.449710369110107,0.885038435459137,1020.0575637817384,399.1229045391083,-102.95541286468506,0.9243236780166626,1013.4695434570312,388.8001763820648,-117.02590227127077,0.9142003655433656,1015.3881454467772,421.01629614830017,28.957926034927368,0.9816867709159852,914.1412925720216,355.6921362876892,31.82634830474853,0.9434996247291564,933.9154243469238,382.1908056735992,-103.18651914596558,0.6907763481140137,816.59912109375,376.2097156047821,-7.793673276901245,0.667376697063446,864.2475128173828,298.7480878829956,-264.99735832214355,0.7435006499290466,839.4796943664551,292.8171122074127,-148.36843013763428,0.688416063785553,842.292652130127,271.0917663574219,-311.97020530700684,0.7397564649581909,832.1842575073242,263.6735486984253,-187.2778415679932,0.6919335126876831,845.0305366516113,262.49407410621643,-310.9306812286377,0.7426190972328186,837.3214530944824,256.91684424877167,-199.90970134735107,0.6968564391136169,850.5633544921875,273.1009769439697,-267.6024341583252,0.726201057434082,840.8047485351562,267.4609351158142,-157.83738613128662,0.6955050826072693,877.800464630127,595.7229566574097,105.608332157135,0.9472636580467224,805.9169769287109,571.18821144104,-105.74962377548218,0.9377319812774658,924.7251319885254,749.97718334198,-62.797579765319824,0.6691477298736572,823.9497184753418,742.5374007225037,-429.3746566772461,0.8041307330131531,855.538501739502,908.6625909805298,-54.87054347991944,0.6297963261604309,820.4672241210938,941.1845469474792,-542.4114418029785,0.7688477039337158,833.2913589477539,937.876160144806,-61.44453763961792,0.6529020071029663,802.2641372680664,972.2953176498412,-564.0093612670898,0.7552093267440796,925.4203605651855,940.9603357315063,-197.6581621170044,0.6705701947212219,868.4445762634277,973.3334612846376,-773.3441162109375,0.7447501420974731,32.82998410818119,18.845423343652683,1.6228113298978792,71.2166738825089
rob_DTL_2_frame40.jpg,rob_DTL_2,FO,frame40,P4,1028.0426788330078,400.4611551761627,-168.07637214660645,0.8917009234428406,1042.1871185302734,384.8466110229492,-136.0655164718628,0.9077885150909424,1043.898811340332,385.0475513935089,-136.24481678009033,0.916234254837036,1045.9247589111328,385.0370264053345,-136.2241172790527,0.9149882793426514,1036.4239883422852,375.5849754810333,-154.52033042907715,0.8974744081497192,1035.0028610229492,370.6599891185761,-154.68279361724854,0.8918992280960083,1033.4862899780271,365.9122860431671,-154.7953462600708,0.8836070895195007,1042.8776550292969,376.866352558136,30.92339515686035,0.9252790212631226,1026.3085556030271,358.57459902763367,-55.3021252155304,0.8962594270706177,1020.0835418701172,405.4257309436798,-103.8083553314209,0.931147575378418,1013.4753799438477,396.67232036590576,-129.33244228363037,0.9225098490715028,1015.0315475463868,421.0838234424591,36.58694386482239,0.9833325147628784,912.6479530334472,355.977920293808,-8.667063117027283,0.9491381049156188,931.8804359436036,386.2197840213776,-41.13075613975525,0.7039979696273804,816.4976119995117,386.3080072402954,-91.44992351531982,0.6966385245323181,863.0410194396973,309.4223248958588,-238.0286979675293,0.7615511417388916,837.5436401367188,305.5828285217285,-247.61847496032715,0.716097891330719,842.168083190918,282.692813873291,-284.91780281066895,0.7573401927947998,832.781810760498,278.08875918388367,-294.3783187866211,0.7180318236351013,845.5937004089355,276.3358497619629,-297.9111099243164,0.7595248222351074,838.8698959350586,272.2050011157989,-306.0425090789795,0.7225748300552368,850.7394790649414,286.21244072914124,-247.89831161499023,0.7412141561508179,841.4491653442383,281.00958824157715,-256.69833183288574,0.719951868057251,877.6986694335938,595.5744481086731,117.5705337524414,0.9524506330490112,805.9682464599609,572.4023509025574,-117.61852741241456,0.9439316987991332,925.6792259216307,748.9046001434326,-60.98883390426636,0.6870080232620239,831.5859031677246,741.5894436836243,-403.544397354126,0.8229377269744873,857.9239654541016,907.9902148246764,-59.004714488983154,0.651301920413971,820.0096893310547,940.468204021454,-448.2903957366944,0.7911260724067688,833.4567832946777,936.9091486930848,-65.02007961273193,0.6744245886802673,801.9875907897949,968.6685419082642,-461.803150177002,0.7767961025238037,925.5183792114258,942.488100528717,-203.792724609375,0.6950076818466187,868.6649322509766,973.4789443016052,-648.0927658081055,0.7690762281417847,32.45235060608764,17.902749871619168,23.845643179483066,73.03879352288757
tom_DTL_1_frame40.jpg,tom_DTL_1,FO,frame40,P4,490.1288559436798,328.09242594242096,-42.549104645848274,0.8992264866828918,493.6662894487381,324.54364943504333,-31.611252397298813,0.9144099950790404,493.7787541151047,324.51646518707275,-31.72356312721968,0.9224037528038024,493.8625649213791,324.47314751148224,-31.721572794020176,0.9212456941604614,492.108504652977,322.6904615163803,-40.65007960796356,0.9041918516159058,491.243789434433,321.8082248568535,-40.72169691324234,0.8983554840087891,490.2828097343445,320.7697365283966,-40.830245956778526,0.8909132480621338,490.16725766658783,323.29201889038086,30.44077603518963,0.929505169391632,485.3852545022965,319.11247926950455,-41.300927236676216,0.8991768956184387,485.2194020748138,330.9280972480774,-21.277518309652805,0.9320639371871948,483.49788093566895,328.7984462976456,-34.523621544241905,0.9239358305931092,474.41110360622406,335.9710062742233,42.34971575438976,0.984545886516571,455.6820595264435,331.876119017601,-15.46422876790166,0.9541294574737548,452.4594022035599,322.73191171884537,-4.034636842086911,0.6975122690200806,415.11755990982056,322.55375093221664,-70.70824335515499,0.7161489725112915,401.0246132612229,291.32205337285995,-92.95933163166046,0.7658678889274597,398.4600234031677,304.3364350795746,-127.0727927684784,0.7312179207801819,395.78328108787537,278.4701225757599,-113.572262942791,0.7593879699707031,394.4967019557953,290.38540971279144,-149.98883879184723,0.730522096157074,397.343806385994,275.76760017871857,-118.10084769129752,0.7610161900520325,396.6635720729828,286.97080248594284,-149.81941330432892,0.7349045276641846,397.9359630346298,280.4479113817215,-96.80997160077096,0.7406124472618103,396.1888754367829,292.84146416187286,-129.1080493927002,0.7292511463165283,430.00292801857,406.8680255413056,68.09730345010757,0.9571055769920348,414.81395387649536,405.8097651004791,-68.09706929326057,0.9494959115982056,465.580649971962,471.34910023212433,-94.8802069723606,0.6917180418968201,424.3763644695282,482.6837764978409,-227.2032385468483,0.8398771286010742,425.79348170757294,539.4819512367249,-130.76657366752625,0.6681587100028992,411.3511383533478,555.3841587305069,-303.15274035930634,0.8108571171760559,415.281920671463,550.9336429834366,-135.64321956038475,0.6928307414054871,401.1867538690567,567.2059952020645,-313.4440898895264,0.794288158416748,443.6606204509735,561.8552803993225,-202.5725920200348,0.7171638607978821,433.76175248622894,576.8454679250717,-397.75221061706543,0.7903802990913391,12.33298208220175,3.985524570699312,72.05007394706745,83.6364273435672
tom_DTL_1_frame41.jpg,tom_DTL_1,FO,frame41,P4,489.7614204883576,326.9059066772461,-79.52707153558731,0.908728003501892,492.4720895290375,322.7262515425682,-62.40518899261952,0.9224260449409484,492.540393948555,322.7614832520485,-62.55658873915672,0.9296608567237854,492.5023044347763,322.7361087203026,-62.54559637606144,0.9286264777183532,490.60244250297546,320.3065454363823,-73.5695923268795,0.9131278395652772,489.5352423191071,319.0359706282616,-73.71893236041069,0.907678723335266,488.30159997940063,317.7053864002228,-73.86469066143036,0.9009061455726624,486.4112083911896,319.8402162194252,-8.410835349932313,0.9359067678451538,480.9008560180664,314.7716631293297,-75.77227109670639,0.908012330532074,484.8694850206375,328.1537637710572,-29.49005587399006,0.9380457401275636,482.5513669252396,325.86893928050995,-40.64804591238499,0.9309122562408448,469.4650865793228,334.2451915740967,26.080103427171707,0.9859277009963988,449.6186807155609,325.2970689535141,-90.71180748939514,0.9586892127990724,438.03957259655,316.00483071804047,5.371444243937731,0.7185382843017578,406.5967483520508,308.18227458000183,-206.2977672815323,0.7431678771972656,392.63961267471313,284.0124747753144,-55.44174161553383,0.7815921306610107,402.1243872642517,296.0824541449547,-331.52717328071594,0.7557759881019592,386.6721861362457,275.08420127630234,-70.88356178998947,0.7724841237068176,399.8322172164917,289.6024379134178,-365.3406361341477,0.7541003823280334,389.058712720871,273.6385460495949,-78.60771104693413,0.7738236784934998,405.4576359987259,285.1023474931717,-355.4200522899628,0.7580617666244507,391.5751876831055,277.0335159301758,-60.4022893756628,0.7526545524597168,404.10507667064667,291.26776188611984,-331.3465429544449,0.7515213489532471,425.187136888504,417.63487446308136,73.74565225839615,0.960646390914917,405.0959590673447,416.5444626808167,-73.69346997141838,0.954359531402588,463.3342012166977,470.7835061550141,48.025118350982666,0.6971143484115601,414.6370006799698,475.6500256061554,-184.99984914064407,0.8554908037185669,435.2577545642853,524.3995451927185,89.36518880724907,0.6817007660865784,404.8122997283936,549.7308362722397,-212.9555749297142,0.82932448387146,422.5753687620163,533.237044095993,90.36548084020616,0.7030382752418518,395.805309176445,561.374319434166,-219.59992289543152,0.812923789024353,443.940047621727,548.8212420940399,58.36704142391682,0.7326703667640686,428.273775100708,570.174738407135,-296.5374798774719,0.8105568885803223,24.26912157999585,3.106575393205374,80.35587354897142,82.24023512887568
tom_DTL_1_frame42.jpg,tom_DTL_1,FO,frame42,P4,485.2092032432556,322.5967798233032,-63.25540383160114,0.917799174785614,489.48653769493103,319.5504691004753,-53.127599850296974,0.9301220774650574,489.86875104904175,320.0313145518303,-53.19416977465153,0.9366353154182434,490.2164479494095,320.49331200122833,-53.19337190687656,0.9357064962387084,487.7874262332916,316.9010060429573,-60.499260663986206,0.9217522740364076,486.9864363670349,315.82975029945374,-60.57553942501545,0.9168221950531006,486.08522737026215,314.81305557489395,-60.613095581531525,0.9107303023338318,487.0794746875763,319.29751312732697,0.6307850077282637,0.9422011375427246,481.10576927661896,313.6630771756172,-50.91421057283878,0.9170309901237488,480.7287247180939,325.4927108287811,-39.25771361589432,0.9441180229187012,478.7961155176163,322.48648339509964,-50.35383421182632,0.9377428889274596,472.20538079738617,337.3407689332962,10.37035795301199,0.9872653484344482,438.8972457647324,318.3109097480774,-41.736372247338295,0.962810516357422,426.663955450058,321.3349840641022,-9.081170031800866,0.7439042925834656,400.33341693878174,312.59145563840866,-134.88473349809647,0.7675202488899231,397.68522441387177,280.1612831354141,-78.87594205141068,0.8016787171363831,399.15638852119446,286.5166022181511,-263.6017756462097,0.77800452709198,393.0784052610397,272.4249002933502,-97.81386271119118,0.7922492027282715,399.5756853818893,282.8711214065552,-297.96372056007385,0.7753778696060181,395.5290387868881,271.838186442852,-102.08355671167374,0.7933565378189087,401.2958189249039,282.0024961233139,-300.4537271261215,0.7789791226387024,397.44499683380127,275.3343464136124,-81.58319413661957,0.7730088233947754,403.9641662836075,285.1544827222824,-267.5339282155037,0.7719792723655701,429.9744476079941,420.33146715164185,54.73011294007301,0.964271605014801,404.2032144069672,414.8348969221115,-54.73109292984009,0.958865523338318,462.4539796113968,475.1680635213852,28.674810625612736,0.7140963077545166,414.91611564159393,478.2939825057984,-164.44299405813217,0.8694640398025513,428.6023578643799,531.1633403301239,59.60893562436104,0.7030505537986755,404.6473492383957,552.0563986301422,-192.759859085083,0.8458032608032227,418.6024035215378,539.2536574602127,59.55229568481445,0.720228910446167,396.8179421424866,562.0188479423523,-199.9343034625053,0.8286207318305969,444.1354211568832,553.6290805339813,20.728810764849182,0.7527738809585571,431.8116595745087,571.8061398267746,-275.9514158964157,0.8285823464393616,29.740522958968544,12.039825903916254,57.41210505403425,76.75171565947086
tom_DTL_1_frame43.jpg,tom_DTL_1,FO,frame43,P4,489.09790670871735,327.83325147628784,-57.20273986458778,0.9258200526237488,491.58975183963776,322.032802939415,-48.4971135109663,0.9369299411773682,491.5130524635315,321.8090912103653,-48.558107033371925,0.9427840113639832,491.3333587646485,321.51661026477814,-48.547010600566864,0.9419447183609008,490.7031126022339,320.2324433326721,-64.10316435992718,0.9294204115867616,490.052885055542,318.9240185022354,-64.18082638084888,0.9249403476715088,489.24134945869446,317.58105504512787,-64.22521211206913,0.9194735288619996,486.4081556797028,317.7825303673744,3.473397840745747,0.94772070646286,482.9495376348496,313.6214922070503,-72.48550249636173,0.9250889420509338,484.71025836467743,330.4727033376694,-35.88206948339939,0.9494318962097168,483.36873042583466,328.209210395813,-56.70869927108288,0.9438306093215942,472.27652978897095,336.9079387187958,27.72670955210924,0.9883763790130616,436.6277629137039,317.0009447336197,-84.35450112819672,0.9665193557739258,438.46969270706177,324.25913894176483,26.18143913894892,0.7585000395774841,404.00898563861847,310.59967041015625,-192.73365086317065,0.7899861931800842,400.3739347457886,285.043242931366,-23.85410436987877,0.8124842047691345,400.3878800868988,281.96185451745987,-315.9602526426316,0.7990982532501221,396.26134264469147,277.66223829984665,-37.03870891034603,0.8003571033477783,398.7288354635239,276.9503844976425,-348.9279409646988,0.7960854172706604,398.98703241348267,278.31125259399414,-45.45917125046253,0.8012483716011047,401.3393894433975,275.7887969613075,-344.8356424570084,0.7993166446685791,400.5270906686783,279.5199312567711,-28.90040557086468,0.7795233130455017,401.8335124254226,278.4458646774292,-317.82084560394287,0.7918716669082642,432.0512627363205,419.0917730331421,62.78771021962166,0.9676454663276672,404.4254379272461,412.5205779075623,-62.75828884541989,0.9629437923431396,462.2970424890518,472.95628225803375,19.21454878896475,0.7300452589988708,418.1652066707611,475.00549709796906,-200.0668882727623,0.8822939395904541,427.9562237262726,531.3338772058487,47.589595288038254,0.7233514189720154,404.5169845819473,548.7083081007004,-240.78438770771027,0.8609389662742615,418.71844124794006,541.0244070291519,46.38064348697662,0.7381512522697449,396.5163134336472,560.7079973220825,-250.3297655582428,0.8443864583969116,448.3178440332413,549.1207308769226,-1.7772820419631898,0.7721968293190002,431.2215843200684,567.6755203008652,-337.9227772951126,0.8453039526939392,29.179876217331316,13.379970561664326,72.35611327080107,77.59009808004706
tom_DTL_1_frame44.jpg,tom_DTL_1,FO,frame44,P4,491.6155958175659,328.00455844402313,-71.42253881692886,0.9331678748130798,493.3410369157791,321.56662774086,-50.48391701281071,0.943117380142212,493.2494555711746,321.2655987739563,-50.92284835875034,0.9483554363250732,493.03312933444977,320.8857701420784,-50.76170942187309,0.9476044178009032,492.12539863586426,320.0628883242607,-82.48226970434189,0.936419665813446,491.2871865034104,318.88293409347534,-82.49807095527649,0.9323815703392028,490.3133021593094,317.665861427784,-82.54681026935577,0.9274707436561584,487.06428050994873,317.5796496272087,-1.1324588027782738,0.9527291655540466,483.3512814044952,313.85983568429947,-98.0534572005272,0.9325200915336608,487.1010864973068,330.79444777965546,-47.89383441209793,0.9543240070343018,485.3698521852493,328.83275389671326,-80.2268622815609,0.9493947625160216,473.9980856180191,340.699640750885,53.9085216075182,0.9893954396247864,434.2349574565888,317.0356181263924,-118.2464325428009,0.969862163066864,497.81155943870544,343.0107253789902,103.27505081892014,0.753628671169281,394.0012607574463,319.8517675995827,-243.4476529955864,0.8104990124702454,512.0649468898773,337.7176134586334,75.16742661595345,0.8195666670799255,399.45180773735046,282.58657240867615,-375.9928994178772,0.8186632394790649,512.8422782421112,335.294788479805,78.14462685585022,0.8030238747596741,397.7321598529816,275.41064327955246,-409.1142293214798,0.8154046535491943,515.6222577095032,330.8080013990402,62.33862340450287,0.804750919342041,400.3459053039551,274.6273249387741,-405.8690582513809,0.81828773021698,515.5505536794662,332.31098997592926,66.4670861363411,0.7842350006103516,400.8765914440155,277.3286344408989,-379.1351455450058,0.8107252717018127,431.2338645458221,417.0018973350525,69.17201833426952,0.9707518815994264,403.84434735774994,409.94319546222687,-69.14641718566418,0.9666163325309752,463.3343052864074,470.6873986721039,32.99766256660223,0.7437605857849121,421.06372153759,472.2008219957352,-224.7671747803688,0.8937282562255859,427.6332260370255,529.4373716115952,76.87715318799019,0.7412638068199158,404.3368746042252,548.6883627176285,-246.8253394961357,0.8743987679481506,417.4158700704575,539.9315694570541,76.79296946525574,0.7540116906166077,396.3356484174728,560.6183971166611,-254.6920729279518,0.8581189513206482,450.8348046541214,549.7487794160843,26.045183703303337,0.7890082597732544,432.1395832300186,568.2242493629456,-344.31858944892883,0.8601841330528259,30.757925054529416,14.451541528471324,76.9943046084143,78.7993106411366
tom_DTL_1_frame45.jpg,tom_DTL_1,FO,frame45,P4,489.8561586141586,329.729949593544,-71.76674070954323,0.9398269653320312,491.922532081604,323.71275866031647,-56.61462892591953,0.9487887620925904,492.0360374450684,323.6289726495743,-56.7572868168354,0.9534978866577148,492.025422334671,323.44076216220856,-56.71999950706959,0.952821671962738,490.2187027931213,321.7689501643181,-77.73657819628716,0.942765176296234,489.2556763887405,320.465704202652,-77.77439886331558,0.9391266703605652,488.2117878198624,319.1513304114342,-77.79724216461182,0.9347100853919984,486.0841866731644,320.076846241951,6.844827421009541,0.9574080109596252,481.5572930574417,315.3667902350426,-73.99087518453598,0.9392504096031188,485.9874712228775,332.8582943677902,-45.5813447535038,0.9588488340377808,483.691624045372,330.4578790664673,-73.40211814641953,0.954441785812378,476.7696701288223,344.2565417289734,53.17675977945328,0.9903327226638794,434.1389704942703,320.1446143388748,-80.71848759055138,0.9728732705116272,460.0990208387375,343.7444690465927,39.844055369496346,0.744257390499115,397.0985834598541,322.5385993719101,-185.2299125790596,0.8286303877830505,453.05377900600433,327.4057734012604,-9.042978074401615,0.8183533549308777,399.89094722270966,283.94848012924194,-308.0165423154831,0.835430920124054,450.93432998657227,323.9201829433441,31.30340552330017,0.8018456101417542,398.7844086885452,279.1812062859535,-341.51221096515656,0.8317970633506775,450.7949112653732,317.91531348228455,6.945338163524866,0.8031376004219055,401.3262419700623,279.50354754924774,-341.2831882238388,0.8343859910964966,451.0285824537277,319.86890214681625,-32.58637907356024,0.7800756096839905,402.2050065994263,281.513218164444,-311.2882858514786,0.8261182904243469,429.70657217502594,420.4328112602234,66.80146645009518,0.9735922813415528,404.177370429039,410.9525935649872,-66.80471862852573,0.9699432253837584,463.1466675996781,469.49013662338257,21.494410425424576,0.7615439295768738,423.8198343515396,472.7570209503174,-229.0914967060089,0.9042015671730042,433.39424765110016,529.5789145231247,54.98050466179848,0.7606137990951538,404.8499035835266,549.9534313678741,-278.5067435503006,0.8868197798728943,422.9570617675781,538.1695989370346,54.0761258751154,0.7712026834487915,397.11388170719147,561.4506355524063,-288.748573243618,0.8713933229446411,457.0930713415146,548.9826148748398,0.9501684426795692,0.8063810467720032,431.2234575748444,571.4314515590668,-391.0623668432236,0.8739304542541504,29.492504158496743,20.37237774791755,72.3391259391876,79.18243225476884
grant_DTL_1_frame220.jpg,grant_DTL_1,FO,frame220,P4,693.1773948669434,299.9143660068512,182.3683851957321,0.9458428621292114,701.2694692611694,287.47527837753296,221.9341975450516,0.9539092183113098,702.856457233429,288.6620593070984,221.73856794834137,0.958147406578064,704.4523930549622,289.79515314102173,221.7120462656021,0.957538902759552,692.0002698898315,278.345285654068,204.04176592826843,0.9484878182411194,686.842188835144,272.9500222206116,203.80540430545807,0.94521301984787,681.4174747467041,267.1153002977371,203.7894880771637,0.9412383437156676,691.800262928009,281.05445623397827,389.0664553642273,0.9616664052009584,662.4529910087585,255.97077012062076,304.20064330101013,0.9453241229057312,683.3452534675598,308.491587638855,243.02138149738312,0.9629610180854796,671.9821929931641,298.39696526527405,217.45245158672333,0.9589949250221252,662.525475025177,351.6301023960113,371.5472424030304,0.9912874698638916,558.1744980812073,287.58793115615845,254.69180703163147,0.9755840301513672,605.8998155593872,333.7777590751648,157.56139039993286,0.7597007155418396,505.6228458881378,314.0944540500641,28.869020640850067,0.8294767737388611,507.9844343662262,241.8580162525177,-100.68181961774826,0.8306466341018677,482.1908104419708,235.6899708509445,-263.15048575401306,0.8412697315216064,478.7375521659851,217.5681459903717,-154.65176224708557,0.8153327703475952,465.4758095741272,205.13411164283752,-321.8347942829132,0.8385111093521118,477.9248750209808,208.98619294166565,-142.83801019191742,0.8155553936958313,466.30905389785767,200.11301636695865,-328.7628757953644,0.8407259583473206,489.250727891922,220.60349464416504,-102.61748403310776,0.7915692329406738,473.29635858535767,212.5393259525299,-275.31537652015686,0.8316494226455688,516.6751134395599,554.1652822494507,151.1054688692093,0.9762226939201356,447.1613967418671,519.8459351062775,-151.26929819583893,0.9729448556900024,597.7892661094666,719.7615194320679,-23.640473261475563,0.7667067050933838,498.1875693798065,728.0191612243652,-447.1012723445892,0.9134340286254884,513.388420343399,911.9993019104004,-47.22752898931503,0.7654420733451843,506.46507024765015,958.4201002120972,-591.1869764328003,0.8976335525512695,478.2156479358673,944.4810247421264,-57.84221291542053,0.7755736708641052,492.3314595222473,993.5708570480348,-611.442654132843,0.8824078440666199,580.3130221366882,976.8505454063416,-206.1455887556076,0.8130952715873718,589.33438539505,1007.8333425521852,-813.5589909553528,0.8857707381248474,31.538228946427818,26.27583516061093,48.23539906297741,77.05308086357546
grant_DTL_1_frame226.jpg,grant_DTL_1,FO,frame226,P4,690.5266427993774,295.8213686943054,195.48631846904755,0.9512508511543274,699.2213773727417,285.5637216567993,240.01377761363983,0.9585114121437072,701.0047674179077,287.5786292552948,239.8071241378784,0.9623262286186218,702.7376246452332,289.2566406726837,239.7974681854248,0.9617790579795836,690.1606178283691,274.4032752513885,229.58597660064697,0.9536313414573668,685.2604150772095,268.71739983558655,229.3322986364365,0.9506833553314208,680.1785516738892,262.8710585832596,229.1538405418396,0.9471087455749512,691.7584204673767,282.8363335132599,410.8885216712952,0.9654883146286012,661.0134816169739,255.8770912885666,361.13606572151184,0.9507781863212584,681.5262651443481,308.11123967170715,255.1994526386261,0.96662175655365,669.8714661598206,296.6540336608887,239.10750210285187,0.9630614519119264,668.0853080749512,351.50354504585266,371.5820360183716,0.992123007774353,546.3657188415527,287.50962138175964,320.89008808135986,0.9780192375183104,605.6144499778748,322.0056080818176,158.71163964271545,0.7808814644813538,477.4216067790985,321.91876888275146,151.23762667179108,0.8364404439926147,507.10110783576965,228.8713878393173,-39.66219887137413,0.8459162712097168,480.34851908683777,237.32292115688324,-83.00467550754547,0.8515453934669495,477.42183208465576,203.01038146018985,-84.27580922842026,0.831023097038269,465.3268504142761,205.1676499843597,-128.34560841321945,0.8472726345062256,475.1802670955658,194.51604008674624,-60.09083077311516,0.8306338787078857,466.311274766922,199.57023918628693,-131.449433863163,0.8491170406341553,485.35120368003845,205.2424192428589,-33.62876549363136,0.8073202967643738,473.1145691871643,211.79284036159515,-92.20865696668623,0.8392072319984436,517.8717112541199,553.0281329154968,147.29062736034393,0.9785768985748292,443.48119139671326,519.9112093448639,-147.5463491678238,0.975642740726471,600.0376868247986,719.7201919555664,-23.095815181732178,0.7706304788589478,496.6808545589447,728.4101629257202,-440.57642340660095,0.9216423630714417,519.3538677692413,908.384885787964,-47.231954634189606,0.7710976004600525,505.40642380714417,955.5444288253784,-565.9309959411621,0.9073677659034728,490.28233766555786,941.0610795021056,-57.84095764160156,0.7826973795890808,490.99459290504456,989.3463134765624,-584.1508769989014,0.8922649025917053,594.5375275611877,983.4864377975464,-204.43160891532895,0.8208398818969727,588.6485552787781,1006.8014430999756,-788.8924741744995,0.8964796662330627,27.73309383980383,23.99751251435197,22.610018543759132,75.83921967025965
grant_DTL_1_frame262.jpg,grant_DTL_1,FO,frame262,P4,671.6340637207031,275.2625584602356,194.2173331975937,0.9561242461204528,686.6258311271667,274.3652629852295,237.4429607391357,0.9626591205596924,689.9932479858398,279.28345799446106,237.23827064037323,0.9660925269126892,693.4388780593872,283.9674639701843,237.2163838148117,0.9656002521514891,677.4998617172241,263.99929225444794,233.57967853546145,0.9582667350769044,674.2727136611938,261.32549464702606,233.30504715442655,0.9556132555007936,670.9569883346558,258.4921807050705,233.11385929584503,0.9523967504501344,689.5614981651306,288.4274196624756,386.7049312591553,0.9689376354217528,658.8744950294495,261.06076061725616,388.7787401676178,0.955697774887085,665.4929423332214,298.10950756073,243.95099222660065,0.9699522256851196,654.5849347114563,284.16016459465027,238.92257452011108,0.9667491316795348,667.5457334518433,358.0265593528748,313.36137413978577,0.992885410785675,545.3933644294739,297.66552686691284,350.41956782341003,0.98021399974823,602.9095602035522,301.7602300643921,78.5854759812355,0.8017095327377319,464.320410490036,303.73059153556824,222.2200459241867,0.8455880880355835,501.7196202278137,205.50206780433652,-58.88961017131805,0.8603087663650513,468.4986698627472,235.36622285842896,-8.27125919982791,0.8623930215835571,471.6867434978485,177.59366154670715,-107.78489112854004,0.8458669781684875,450.7038116455078,209.48733687400815,-58.37370872497559,0.856682300567627,469.6078169345856,171.7108851671219,-88.89182925224304,0.8450601696968079,461.02493047714233,193.01289796829224,-61.00799739360809,0.8581629395484924,478.5742700099945,184.98868882656097,-56.44677489995957,0.8227764964103699,459.8372805118561,209.92088913917544,-19.6557654440403,0.8482449650764465,517.8837168216705,553.0358576774597,135.00442564487457,0.9807066321372986,441.0421621799469,521.689031124115,-135.41797399520874,0.9780749082565308,603.6700630187988,718.3916616439819,-21.77496336400509,0.7731731534004211,490.9514307975769,725.480546951294,-434.44486141204834,0.929226577281952,522.2717356681824,906.4495754241944,-41.76329791545868,0.7787627577781677,503.3053851127625,954.5148468017578,-554.7560977935791,0.9162803292274476,496.8747138977051,940.8483910560608,-51.84688031673432,0.7907963395118713,489.3061208724976,988.9712119102478,-573.2998394966125,0.901524305343628,598.2627940177917,971.7746686935424,-197.52734541893005,0.8296425342559814,588.5678958892822,1005.029640197754,-782.089147567749,0.9063724875450134,26.296068602117042,22.192565214807296,16.87657963497068,74.13729907971904
grant_DTL_1_frame282.jpg,grant_DTL_1,FO,frame282,P4,672.5435256958008,288.8126599788666,147.17528700828552,0.9605059027671814,687.0147728919983,287.7247881889343,193.86122167110443,0.9663876891136168,690.1443314552307,292.11889028549194,193.65651547908783,0.9694781303405762,693.8033580780029,296.1271727085113,193.64225685596463,0.9690357446670532,679.125280380249,275.044527053833,186.13293528556824,0.9624342918395996,675.9702301025391,270.6117367744446,185.89071571826932,0.9600458145141602,672.713212966919,266.37896955013275,185.69946348667145,0.9571529626846312,689.8212432861328,300.3172445297241,361.9302999973297,0.9720354080200196,658.9698314666748,267.5718015432358,334.5020198822021,0.9601184129714966,667.4797511100769,308.41920018196106,204.2320203781128,0.972914218902588,656.2936520576477,292.343487739563,192.1289598941803,0.9700471758842468,666.9159078598022,363.27614665031433,311.4595055580139,0.9935463666915894,543.1130790710449,300.0561797618866,329.9026644229889,0.982183039188385,607.628424167633,320.7831966876984,106.31515860557556,0.8180913925170898,471.0180687904358,341.5913236141205,142.16568231582642,0.8449310064315796,503.31233739852905,210.81477284431455,-25.32130904495716,0.8694113492965698,502.1430337429047,272.3753321170807,-40.932660698890686,0.8584431409835815,472.0816397666931,184.62583422660828,-66.7914180457592,0.8526032567024231,510.17810583114624,259.2862218618393,-82.42515742778778,0.8485211730003357,471.0751676559448,178.81340146064758,-42.98019737005234,0.8503235578536987,500.13694524765015,226.60244822502136,-71.24801427125931,0.848723292350769,479.9674308300018,192.3847943544388,-19.307501390576363,0.8267564177513123,510.2106463909149,250.73297917842865,-43.67834284901619,0.8373467326164246,512.0789766311646,552.3105025291443,134.2285779118538,0.9826075434684752,438.41612935066223,522.2532284259796,-134.50239658355713,0.980257213115692,603.4461736679077,716.6792106628418,-5.528779607266188,0.7774413824081421,496.3256120681762,724.5255732536316,-400.5089521408081,0.9359760880470276,525.0659108161926,906.2165451049804,-28.900456801056865,0.7845950126647949,503.1964981555939,954.588747024536,-494.09334897995,0.9242559671401978,498.6813426017761,938.9577555656432,-38.99267926812172,0.7937084436416626,487.3507261276245,989.0639734268188,-509.3765008449554,0.9096960425376892,599.9377155303955,967.215256690979,-183.74992668628693,0.8362116813659668,589.1805338859558,1004.4021320343018,-706.1634922027588,0.9150932431221008,27.051148039318754,22.197348187389267,8.473154714210642,74.67096926203764
grant_DTL_1_frame284.jpg,grant_DTL_1,FO,frame284,P4,673.2366943359375,299.9960553646088,131.16920202970505,0.9644518494606018,687.9779863357544,296.3313961029053,174.54012751579285,0.969745934009552,690.6559681892395,300.1533508300781,174.32713329792023,0.9725275039672852,693.9201951026917,303.769987821579,174.2781937122345,0.9721296429634094,681.26220703125,283.1519865989685,160.4778903722763,0.9661874175071716,678.0844974517822,277.6592946052551,160.27329683303833,0.964037537574768,674.707682132721,272.2762942314148,160.1837861537933,0.9614347815513612,689.9834632873535,305.53754210472107,343.64044547080994,0.9748273491859436,659.4416213035583,270.6828045845032,276.81983828544617,0.9641000628471376,668.4878325462341,317.2913789749145,190.68053483963013,0.9755990505218506,656.9060969352722,300.14408111572266,169.89530861377716,0.9730258584022522,660.952455997467,365.22491097450256,318.6904299259186,0.9941271543502808,544.1765856742859,300.1566016674042,240.64954161643985,0.9839547872543336,597.4375319480896,335.89971899986267,115.06587356328964,0.8247933983802795,491.9094622135162,340.0966465473175,10.861907489597796,0.8271211385726929,512.7932596206665,234.787911772728,-26.597395464777943,0.8684800863265991,526.3327074050903,290.75379610061646,-225.6072735786438,0.8345128893852234,483.3691906929016,209.0924406051636,-68.20453852415085,0.8492024540901184,524.6573030948639,265.48740327358246,-276.1646819114685,0.8263278007507324,483.7214076519013,200.432049036026,-48.48559498786926,0.8452705144882202,526.497083902359,256.899077296257,-265.6034195423126,0.8252788186073303,494.2328131198883,211.46466672420505,-22.90410630404949,0.8194236755371094,534.5504701137543,274.01578187942505,-228.87301325798035,0.8125649094581604,505.8835244178772,551.2401723861694,135.36969423294067,0.984323501586914,437.8221595287323,522.30517745018,-135.67826628684998,0.9822226762771606,602.8906345367432,714.2034244537354,14.831415228545666,0.7834663987159729,507.10777044296265,722.5278854370117,-409.1650307178497,0.9421498775482178,525.8879542350769,905.0919485092164,-10.607171393930912,0.7913309335708618,503.0175411701202,954.225103855133,-514.9116790294647,0.9315060377120972,498.85453820228577,935.2456212043762,-20.910148099064827,0.7955955266952515,485.3375566005707,988.7710762023926,-531.133486032486,0.9172075390815736,600.2020955085754,963.0245733261108,-154.7254854440689,0.842479407787323,589.2671799659729,1003.8847661018372,-716.9000101089478,0.9230015873908995,29.126849339006824,23.031848302274522,33.754662572452176,75.90421092555047
rob_DTL_1_frame859.jpg,rob_DTL_1,FO,frame859,P4,909.1694068908693,465.0358843803406,-13.061015903949738,0.9229117035865784,903.7077713012696,463.2747995853424,-19.93231236934662,0.9430086016654968,904.2633247375488,464.9823904037476,-20.327922105789185,0.9506047368049622,908.2856941223145,464.2435491085053,-20.589635968208317,0.9467934370040894,894.7028732299805,461.3657855987549,-43.194172382354736,0.93551766872406,888.9431762695312,461.9797110557556,-43.26865911483765,0.93631511926651,883.4623146057129,463.02873373031616,-43.863258361816406,0.924731433391571,876.9272804260254,474.45990085601807,-4.942193180322647,0.9624853134155272,855.6587791442871,474.37708497047424,-110.90625286102296,0.9323954582214355,904.3009757995604,476.6297864913941,2.705369219183922,0.9509374499320984,888.2867431640625,477.37767219543457,-28.366137742996216,0.9365241527557372,859.1134643554688,479.1006481647492,66.69905662536621,0.994162619113922,814.5743179321289,514.2409765720367,-118.2666277885437,0.9830160140991212,840.0131034851074,551.2188005447388,101.16302490234376,0.7531959414482117,776.8077850341797,478.23663353919983,-280.45031547546387,0.7945924401283264,871.761417388916,589.5225477218628,-23.175761103630062,0.8029384016990662,892.7083396911621,370.1022934913635,-317.8795051574707,0.7929445505142212,877.466983795166,584.2546463012695,-26.491849422454838,0.7900233268737793,929.655933380127,340.56026101112366,-335.39709091186523,0.7825330495834351,895.5292510986328,577.3597812652588,-58.45717191696167,0.7886326909065247,926.9997024536132,319.6266710758209,-308.12207221984863,0.7808777093887329,893.4966659545898,584.7554039955139,-38.21174025535584,0.7670902609825134,914.095630645752,329.61379051208496,-313.14900398254395,0.7700119018554688,649.2570304870605,686.6667723655701,120.7666826248169,0.9857461452484132,616.051139831543,714.0314197540283,-120.74568271636964,0.9838549494743348,565.4757499694824,802.93705701828,70.59219360351562,0.7430093288421631,676.303825378418,799.0597414970398,-189.83935832977292,0.9377220869064332,532.4917602539062,936.8638300895692,31.5411114692688,0.7540217041969299,543.8467025756836,952.424590587616,-224.679594039917,0.9174025058746338,511.6864585876465,959.6955871582032,21.47433042526245,0.7710608839988708,511.5500450134277,962.155215740204,-224.14481163024905,0.9049666523933412,559.3341636657715,973.4986424446106,-78.78785848617554,0.80504310131073,546.3018608093262,1018.8630151748656,-276.0886573791504,0.9007381796836852,38.272600983674884,39.491598832111414,76.46110722447095,82.17140303339501
rob_DTL_1_frame867.jpg,rob_DTL_1,FO,frame867,P4,911.8348503112792,444.3811905384064,254.78628158569336,0.9281187057495116,915.7715034484864,435.7728445529938,221.79020404815677,0.946386992931366,915.46875,434.46755290031433,221.61829948425293,0.9536033272743224,915.226879119873,432.7477633953095,221.58438205718997,0.9498303532600404,914.7157859802246,437.7701461315155,198.9594554901123,0.939206600189209,914.0354347229004,437.9243195056915,198.70450973510745,0.940140426158905,913.5108375549316,438.21576833724976,197.9167413711548,0.9294812083244324,907.84423828125,429.6740484237671,150.00476360321045,0.9638761878013612,906.9842720031738,437.3503696918488,55.88374614715576,0.9362245202064514,903.8061904907228,448.7327420711517,217.68075942993164,0.9527239203453064,902.9891395568848,451.2243318557739,183.28042030334475,0.9394099116325378,856.6691207885742,447.1605920791626,127.23332405090332,0.9943802356719972,859.599609375,452.5496757030487,-19.02185440063477,0.9846298694610596,786.8195343017578,484.8828899860382,141.60302639007568,0.6943037509918213,726.1886787414551,441.2113666534424,-117.18635559082033,0.7623346447944641,763.5563850402832,467.8801417350769,93.68518352508544,0.7531331181526184,718.560619354248,406.5031099319458,-140.73532104492188,0.7769156098365784,746.7850685119629,453.4759068489074,91.33302211761476,0.743972659111023,731.4107322692871,393.80595088005066,-129.3818235397339,0.7652620673179626,755.0537109375,447.9079949855805,77.32056856155396,0.7436209917068481,725.4376602172852,371.5233278274536,-135.0250482559204,0.7638982534408569,769.4922637939453,464.40258264541626,85.25451421737671,0.725963830947876,732.059211730957,395.9200572967529,-139.0006399154663,0.7546461224555969,644.9799728393555,674.9840998649597,110.23768901824953,0.9870914816856384,641.5837669372559,656.8470025062561,-109.9862265586853,0.9854366183280944,735.6439590454102,682.9345536231995,222.15421199798584,0.711585283279419,756.7796516418457,706.7154264450073,-93.62392902374268,0.9404661059379578,759.0487861633301,851.618378162384,217.85169124603271,0.7477545142173767,754.229621887207,868.5545969009399,-40.76651930809021,0.9187653064727784,744.8818588256836,885.1603245735168,209.76874351501465,0.7642397880554199,743.7470054626465,858.6387062072754,-32.58877873420715,0.9027807116508484,795.6352043151855,884.3821835517883,165.05154132843018,0.7908396124839783,761.9868278503418,890.0278902053833,-60.57937860488892,0.899060845375061,61.46343262727589,79.39407776564738,88.8521284147755,89.11647724454087
rob_DTL_1_frame871.jpg,rob_DTL_1,FO,frame871,P4,871.9526481628418,475.35539388656616,203.63337993621823,0.9309040904045104,869.6664047241211,474.51085209846497,154.18418884277344,0.9486827850341796,868.5613632202148,475.54185032844543,154.09797191619873,0.9561102986335754,863.7439727783203,467.0183801651001,154.1142511367798,0.951892077922821,869.6979904174805,473.7598121166229,137.0802927017212,0.941112458705902,854.6528434753418,491.9120693206787,136.99061393737793,0.9426200985908508,850.6581687927246,493.0167746543884,136.43767833709717,0.9312898516654968,856.1117362976074,466.91622018814087,91.25668287277222,0.9658660292625428,836.0750770568848,487.582597732544,18.44955682754517,0.9380562901496888,849.9236297607422,488.2857763767242,154.07765865325928,0.9544475078582764,843.1683540344238,495.4897928237915,129.50622081756592,0.9398590326309204,818.7310981750488,463.49453687667847,129.32355880737305,0.9947083592414856,802.6234817504883,485.8170711994171,-55.69241166114807,0.9859668016433716,773.602123260498,525.7661283016205,161.2888526916504,0.651987612247467,794.6421432495117,437.9860210418701,-148.31088066101074,0.7553626894950867,757.0016670227051,547.1376156806946,89.94343042373657,0.7388260364532471,854.8321723937988,368.5304975509644,-166.34798526763916,0.7798475027084351,738.0731964111328,543.8877439498901,94.8329257965088,0.7302612662315369,869.5341682434082,352.2434163093567,-177.2795820236206,0.7642523646354675,755.7254791259766,541.1525344848633,54.37487840652466,0.7320829629898071,860.8765411376953,333.0166447162628,-149.63404655456543,0.7624707818031311,766.9333076477051,549.3288087844849,72.41872072219849,0.7173436880111694,854.1918182373047,342.0999348163605,-160.6037664413452,0.7544347047805786,624.5227432250977,649.6464943885803,113.26453685760498,0.9883614182472228,615.7416915893555,637.6318502426147,-113.07344198226927,0.9868824481964112,720.5696868896484,659.7920680046082,219.05457973480225,0.7054848670959473,768.3079147338867,702.8366303443909,-103.18667650222778,0.9450438022613524,734.8046493530273,855.6422710418701,274.5121479034424,0.7485094666481018,748.7552833557129,880.4624462127686,-53.20326447486877,0.923280656337738,717.2729301452637,890.9584021568298,274.42440032958984,0.7656098008155823,728.9362907409668,890.3689384460449,-48.81848216056824,0.9049375653266908,767.4811935424805,886.9729399681091,208.60958576202395,0.7878374457359314,755.9775924682617,914.2374229431152,-121.31220817565918,0.9024360775947572,54.186331085263866,53.83833490607522,85.02433621404708,87.77825618420434
rob_DTL_1_frame879.jpg,rob_DTL_1,FO,frame879,P4,920.4406929016112,477.27895617485046,221.2347936630249,0.9349438548088074,917.0417404174804,473.38525772094727,217.43481159210205,0.9522637724876404,916.7135810852052,473.49520683288574,217.25163459777832,0.9593268632888794,916.4080238342284,471.7410099506378,217.11941242218015,0.9553250074386596,916.1544227600098,470.29786348342896,181.1738920211792,0.9442437887191772,913.9773559570312,471.373279094696,181.0446310043335,0.9458980560302734,912.6394844055176,469.63520765304565,180.52568435668945,0.935065746307373,906.566562652588,468.2003331184387,196.5102195739746,0.9680600762367249,900.6509399414062,464.37477350234985,62.51213550567627,0.9405947923660278,915.4804801940918,479.999874830246,216.6554546356201,0.9565929174423218,912.8512573242188,477.4538254737854,165.29233932495117,0.941292643547058,837.1195793151855,460.25670289993286,254.3763828277588,0.9948133230209352,886.0992622375488,460.10066270828247,-52.56741285324097,0.9871931076049804,796.6367340087891,497.1888864040375,343.34375381469727,0.597899854183197,862.6127243041992,400.7298159599304,-183.99928092956543,0.7441521883010864,786.7205429077148,486.5104007720947,286.45880699157715,0.6855832934379578,945.7759666442872,353.1050169467926,-214.5622444152832,0.7715702652931213,765.933723449707,475.92702627182007,298.26464653015137,0.6804701685905457,963.592529296875,328.31754326820374,-243.2032871246338,0.7534135580062866,787.6255989074707,471.6365003585816,252.44195938110352,0.6835445761680603,959.5308494567872,309.85613465309143,-207.29066848754883,0.7511704564094543,798.0073928833008,481.3611388206482,267.3269748687744,0.6704059839248657,948.969669342041,319.54424142837524,-203.12291622161865,0.7418043613433838,662.1778678894043,639.2835330963135,139.6135139465332,0.9894787073135376,675.7235527038574,628.7546825408936,-139.67674255371094,0.9881656169891356,766.9843482971191,676.3142395019531,189.98539924621585,0.6756978034973145,794.0615272521973,708.3817219734192,-116.20911598205566,0.9489508271217346,741.2927055358887,900.2182030677795,201.46140575408936,0.7352776527404785,754.8108673095703,893.725733757019,-117.54901885986328,0.9275303483009338,710.1619148254395,938.6397528648376,196.83053970336917,0.7608279585838318,742.3414993286133,901.494526863098,-115.19629240036012,0.9095091819763184,796.4498519897461,896.5560865402222,156.19050979614258,0.7766759991645813,790.8686256408691,932.7903699874878,-155.8830499649048,0.9063606262207032,0.1825331165082263,37.85736881129127,80.93362650263678,87.22330849406364
rob_DTL_1_frame891.jpg,rob_DTL_1,FO,frame891,P4,928.65571975708,481.9466435909271,370.44156074523926,0.9410845637321472,928.5994720458984,476.7658710479736,395.8452701568604,0.9567999839782716,928.7777137756348,476.6164290904999,395.564546585083,0.9631963968276978,929.1118240356444,476.0629498958588,395.5201148986816,0.9595738649368286,925.6694984436036,473.6760628223419,369.9459457397461,0.9493628740310668,923.0985832214355,471.6873550415039,369.7658729553223,0.9509021639823914,920.1358222961426,469.1058361530304,369.2284297943115,0.941120147705078,919.7704124450684,474.29922580718994,452.9076862335205,0.9710537791252136,905.2774429321288,464.4227635860443,331.7787265777588,0.9460233449935912,919.7620582580566,484.27623867988586,383.78783226013184,0.9603692293167114,915.9843063354492,480.79378724098206,346.62511825561523,0.9462840557098388,878.8564109802246,480.4635858535767,414.025468826294,0.9952279925346376,885.8553314208984,469.8310303688049,190.05765438079837,0.988432228565216,791.9111251831055,519.4379389286041,415.6523609161377,0.5649831891059875,797.7713012695312,416.6297256946564,-10.374552011489868,0.7426985502243042,757.1359062194824,532.4916923046112,355.63273429870605,0.646758496761322,819.5937538146973,393.2019066810608,-94.45516347885132,0.7538633942604065,735.5541229248047,532.8392422199249,362.2154903411865,0.6456819176673889,839.659481048584,385.84046602249146,-92.76418447494508,0.7307817935943604,750.175666809082,525.6031036376953,349.62029457092285,0.6495723128318787,831.9121742248535,372.99824237823486,-75.76661109924316,0.7291932106018066,759.1858291625977,528.9264571666718,348.6199951171875,0.6380716562271118,826.351261138916,378.8687074184418,-88.15644264221191,0.7229008078575134,741.6262435913086,633.8501286506653,116.16576433181764,0.9904665350914,744.063892364502,626.8054676055908,-116.19096279144289,0.9892893433570862,788.7516975402832,680.1725649833679,-48.65307927131653,0.6911208629608154,787.9159927368164,714.1668605804443,-218.86253356933597,0.9533604383468628,737.1955490112305,910.13840675354,-359.22231674194336,0.7518755793571472,757.2900581359863,894.4915795326233,-548.844051361084,0.9324204325675964,705.4203414916992,944.9004793167114,-396.1446189880371,0.7773624062538147,751.0794639587402,906.8454694747924,-573.2640266418457,0.9151535630226136,761.634635925293,904.595696926117,-446.3923358917236,0.7907813787460327,767.1550941467285,942.4955677986144,-590.5612564086914,0.9120173454284668,56.64493535166318,70.91295588373197,88.21010824292904,89.39893342119281
rob_DTL_1_frame895.jpg,rob_DTL_1,FO,frame895,P4,915.380973815918,478.80353450775146,471.7506408691406,0.9461268186569214,918.4815216064452,474.1853821277618,456.37587547302246,0.9604927897453308,917.1853065490724,472.8419494628906,456.2101936340332,0.9663025140762328,914.3001937866212,470.0582027435303,456.1207580566406,0.962889552116394,919.0624809265136,475.7301735877991,454.6329689025879,0.953431248664856,917.6705360412598,475.147340297699,454.537296295166,0.9549546241760254,917.5352668762208,474.72798228263855,454.1717720031738,0.945946455001831,900.7235527038574,468.8720655441284,355.6534194946289,0.9732388854026794,909.111213684082,470.75883865356445,333.2736396789551,0.9505420327186584,905.544548034668,477.8437006473541,426.0456848144531,0.9628906846046448,905.756664276123,478.9925014972687,422.99938201904297,0.9502728581428528,846.0629653930664,468.8247835636139,270.9326648712158,0.9955621361732484,922.5246047973632,492.1978533267975,211.5662956237793,0.989539921283722,779.351806640625,526.0345315933228,273.8422107696533,0.5370755791664124,816.3522720336914,498.4231102466583,76.99398994445801,0.7052660584449768,742.8636360168457,572.8065490722656,220.2653932571411,0.6192283630371094,790.9546852111816,464.01724576950073,4.160283654928207,0.7217352390289307,727.0953941345215,576.7907881736755,228.69698524475095,0.6237207651138306,802.880744934082,442.89140582084656,24.781996607780457,0.7015297412872314,739.1159248352051,574.4353795051575,225.92883110046387,0.6281444430351257,798.0989456176758,435.8050954341888,32.86651253700256,0.6999589800834656,746.7685890197754,576.7018246650696,218.21142196655276,0.6169289350509644,788.7582206726074,449.3264865875244,5.211541503667831,0.6950979232788086,733.644905090332,628.2443332672119,76.49940490722656,0.9914124608039856,787.0430946350098,638.0465412139893,-77.46057271957397,0.9903549551963806,759.1192245483398,740.3806471824646,271.4352035522461,0.6929638385772705,832.7334594726562,740.7550406455994,96.27380847930908,0.9563911557197572,743.1489372253418,885.8290958404541,-113.35471630096436,0.7712898850440979,782.9345512390137,897.3211598396301,-229.8291063308716,0.937530279159546,731.1341285705566,918.2606720924376,-128.6731767654419,0.7964334487915039,773.0877685546875,913.1441116333008,-256.878719329834,0.9217838644981384,767.1047973632812,918.0945897102356,-329.56326484680176,0.8066879510879517,804.0795135498047,943.4521508216858,-221.3822650909424,0.9172274470329284,16.997533379486526,10.4018748976207,37.82649035493841,70.87183656946196
rob_DTL_3_frame27.jpg,rob_DTL_3,FO,frame27,P5,551.7432475090027,243.7489092350006,0.4272541136015206,0.9514556527137756,559.6804404258728,232.51802265644076,23.021172657608982,0.9643856883049012,561.0860896110535,233.93261969089508,22.677941769361496,0.9696325659751892,562.4268507957458,235.03690659999847,22.52070665359497,0.9665557742118835,552.8090071678162,215.8393281698227,-16.454053781926632,0.9579812288284302,549.69966173172,205.15538692474365,-16.541595049202442,0.9593669176101683,546.1947441101074,193.7745755910873,-16.514661982655525,0.9512446522712708,548.8898491859436,206.8096125125885,167.49466180801392,0.975881040096283,527.7429270744324,154.2082804441452,-15.779116787016392,0.9553900361061096,541.3295602798462,245.40900886058807,60.0236776471138,0.966488480567932,534.2618536949158,229.891619682312,5.635674521327019,0.9551504254341124,515.222407579422,234.20937538146973,253.2792055606842,0.9959725737571716,441.1301922798157,100.49819558858871,-31.440312266349792,0.9905800819396972,406.9938898086548,173.30883264541626,338.622761964798,0.5110492706298828,381.2811827659607,99.70306009054184,-261.70214116573334,0.7326755523681641,365.20015954971313,134.31419402360916,284.16290044784546,0.5867881774902344,353.49669456481934,46.91264435648918,-545.3967761993408,0.7460285425186157,352.2551643848419,118.75980645418169,266.621253490448,0.5971168875694275,347.55046248435974,37.39603132009506,-599.0756320953369,0.7274724245071411,354.32852268218994,99.9319463968277,239.05294597148892,0.601678729057312,350.6779932975769,32.58750580251217,-590.4562139511108,0.7263190746307373,358.1665062904358,110.6554850935936,272.88487672805786,0.588208019733429,353.58935952186584,48.34889486432076,-545.571870803833,0.7209915518760681,421.9500589370728,449.73721861839294,132.78347611427307,0.9921095967292786,371.0428476333618,393.92523407936096,-132.69485861063004,0.9912395477294922,518.7757658958435,748.9121317863464,-79.96107906103134,0.7055363059043884,470.4103553295136,740.15540599823,-243.6887526512146,0.9603658318519592,504.089834690094,1002.895803451538,-225.5584627389908,0.7817471027374268,490.3058981895447,1052.0610165596008,-389.1522967815399,0.9428321719169616,486.95441365242,1048.2924914360046,-245.47025978565216,0.804405927658081,471.924022436142,1100.5543041229248,-405.1021599769592,0.9267178773880004,586.3720035552979,1127.7858924865725,-333.43963980674744,0.8187165856361389,571.4817523956299,1168.0494117736816,-475.5347692966461,0.9241434931755066,61.008228776868144,47.63144026860083,75.41350588169948,79.14492764032568
eric_DTL_1_frame28.jpg,eric_DTL_1,FO,frame28,P5,519.23450756073,218.19937193393707,-50.65051716566086,0.8966705203056335,514.8170666694641,216.89181345701215,-41.79658871889114,0.924915075302124,513.6298707723618,217.0311616063118,-41.95679713785648,0.9368687868118286,512.6398251652718,216.7394122481346,-42.07042780518532,0.9313801527023317,512.7662257552147,215.5894531011581,-70.08055179566145,0.9116508364677428,510.2210719585418,215.00231570005417,-70.05027625709772,0.9161087274551392,507.6857877969742,214.0001757144928,-70.28974910080433,0.9017727375030518,494.6431169509888,217.2727202177048,17.998194070532918,0.9441753625869752,488.9120795726776,213.8517597317696,-111.50751835107803,0.8972367644309998,509.0064834952354,221.3818541765213,-23.81133231148124,0.917190432548523,505.8246862888336,220.74600845575333,-61.79854705929756,0.8969470858573914,469.8079982995987,228.7825539112091,65.04132822155952,0.9919106960296632,469.4691754579544,225.36771565675733,-132.55535499751568,0.9815632104873656,492.6795790195465,208.85503697395325,77.40859569609165,0.4734020233154297,439.2235921025276,210.17206758260727,-248.4086035490036,0.6957810521125793,513.5657354593277,180.1310670375824,28.435429509729147,0.5427820682525635,476.4510592222214,158.1003421843052,-304.524578332901,0.6920970678329468,509.2231652736664,170.8089684844017,25.196442529559132,0.5550591349601746,488.6166484951973,144.53121507167816,-328.6922326087952,0.6766007542610168,517.2405295968056,160.14134591817856,6.897150998935103,0.5592843890190125,482.10764145851135,138.0575232207775,-326.5116319656372,0.674933135509491,521.0073364377022,166.58303081989288,16.97032893076539,0.5468144416809082,475.6809852719307,145.40086072683334,-302.35426288843155,0.6691151857376099,374.0286958217621,398.3052569627762,100.0783423781395,0.9903468489646912,373.8426964879036,398.44187128543854,-100.01902933418752,0.9894989132881165,393.934710919857,461.2648223638535,15.078469224274158,0.6866382956504822,381.3421646952629,499.8187472820282,-126.6361798644066,0.9584722518920898,342.7683754563332,592.1812727451324,6.123305592685938,0.7571762204170227,346.59512734413147,597.6674082279205,-154.4322583079338,0.9343417882919312,330.01057344675064,594.7202661037445,4.9809429459273815,0.7863234281539917,320.6562025547028,603.8616433143616,-155.2563208937645,0.9215891361236572,346.73357927799225,604.621570110321,-10.298756450414658,0.7982017993927002,350.77306509017944,609.3172446489334,-176.84976655244827,0.9123935103416444,84.33361546368464,36.29684435757346,89.90175391870923,89.94674106080582
rob_DTL_3_frame28.jpg,rob_DTL_3,FO,frame28,P5,545.5379462242126,271.99588537216187,-18.32701586186886,0.9056028127670288,557.0886540412903,262.7112686634064,-10.54389975965023,0.9312823414802552,557.3371338844299,260.8800011873245,-10.817472003400326,0.942388117313385,557.7892255783081,259.0765911340713,-10.94537816941738,0.9373262524604796,553.5837364196777,260.83841621875763,-54.01738554239273,0.9187131524086,551.2209892272949,257.6336055994034,-53.85665416717529,0.92281174659729,549.2644357681274,254.3847155570984,-54.04813170433045,0.9092738032341005,541.8639206886292,236.37219607830048,75.04505664110184,0.9493592381477356,536.7011725902557,234.11595404148105,-129.4604605436325,0.9058364629745485,529.2106318473816,267.1513330936432,21.043619513511658,0.9248613715171814,524.3703603744507,264.30620670318604,-39.27908286452293,0.9064434766769408,480.069043636322,216.48698508739471,127.86550641059875,0.9926689863204956,443.068528175354,208.9017516374588,-138.18181335926056,0.9833458065986632,459.3830966949463,259.22432720661163,183.0659633874893,0.4587451517581939,422.9967641830444,247.59675800800323,-274.75871086120605,0.6946699619293213,487.283456325531,313.03091526031494,246.555894613266,0.5114037990570068,469.837532043457,245.3047889471054,-283.4081268310547,0.6715445518493652,490.09172916412354,316.7877244949341,241.8377387523651,0.5259025692939758,483.2178497314453,234.22511458396912,-294.23714876174927,0.6562302112579346,484.22152161598206,297.88339734077454,227.20963060855863,0.5299251675605774,472.21978425979614,220.3367650508881,-279.68775272369385,0.6551874279975891,483.3397078514099,303.8193941116333,238.00994217395785,0.5198222398757935,466.9136130809784,229.1297006607056,-276.544064283371,0.6485481262207031,386.0543131828308,444.0882933139801,147.4592363834381,0.9911231994628906,364.283584356308,448.6573612689972,-146.78679585456848,0.9903936982154846,467.65148878097534,647.3100113868713,-115.40457218885422,0.7045860886573792,447.3281228542328,665.3804183006287,-427.5264358520508,0.9622371196746826,439.70465183258057,827.2168850898743,-348.3938455581665,0.7703483700752258,427.2140336036682,752.7767014503479,-690.3136324882507,0.9398852586746216,412.8788709640503,657.2969055175781,-379.9869632720947,0.7965444326400757,403.5802853107453,899.5649456977844,-715.3620743751526,0.9274944067001344,524.7490990161896,854.3112945556641,-441.9514310359955,0.809643030166626,526.0088467597961,996.2093138694764,-794.8823833465576,0.9193981289863586,11.585316114286893,11.852758762154568,82.08237926870125,85.76849966071568
eric_DTL_1_frame29.jpg,eric_DTL_1,FO,frame29,P5,487.39703863859177,185.7041074037552,26.1643160879612,0.8639532923698425,474.6130907535553,195.21214467287064,19.26282439753413,0.9082015156745912,477.53207862377167,191.9800300002098,19.072448659688234,0.9240050315856934,476.4507129192352,192.1992174386978,18.86288990080357,0.9157607555389404,474.9061323404312,194.11376243829727,6.683707153424621,0.8915119767189026,473.2735908031464,195.31718522310257,6.545758982189,0.9008737206459044,471.0082844495773,195.6094736456871,5.97753746714443,0.885595440864563,468.1310260891914,204.0035535693169,14.700654830783606,0.9309284687042236,466.1780850291252,201.72721934318545,-43.53331550955773,0.874849796295166,485.8568907380104,195.68303668498996,26.9787427932024,0.8875678777694702,479.7326609492302,198.21837210655207,9.879176834598184,0.8617329597473145,445.0086181163788,209.04823380708692,57.29408022761345,0.9901602268218994,437.9734036922455,218.8375471830368,-105.81718023121356,0.9824385643005372,469.8362219929695,246.33393269777295,26.85157817229629,0.4206172525882721,418.505011677742,186.9144417643547,-227.3843761086464,0.6613742113113403,482.9985751509666,251.4272827506065,-54.23075760155916,0.4730606079101562,462.1300109028816,94.56032955646516,-268.9771655201912,0.6395451426506042,479.861589550972,248.55106610059735,-48.43668442219496,0.4919138550758362,478.0776443481445,67.85021761059761,-285.21581467986107,0.627456545829773,490.08327627182007,237.5886908173561,-74.8239633589983,0.4961159527301788,468.5395597219467,56.345423206686974,-266.1670553088188,0.6265770792961121,490.8627696633339,241.2095671892166,-66.72394517064095,0.4870155155658722,460.2600786685944,67.60283517837524,-265.3360666632652,0.6246860027313232,321.6054883003235,389.1029654741287,89.81380066275597,0.9908720254898072,321.7942926883697,401.9472916126251,-88.9950538277626,0.9908618927001952,356.3042510151863,427.9067467451096,115.49678157269956,0.6884822249412537,352.86231100559235,446.0370229482651,-160.51785799860954,0.9623607993125916,403.6209785938263,449.8805136680603,8.28585627488792,0.7514587640762329,391.9698570370674,463.8906050920487,-235.87634867429733,0.9357077479362488,405.7156268358231,458.6433906555176,-5.757663749158382,0.7789934873580933,389.3163450360298,467.3166674375534,-238.01513323187828,0.9223381876945496,414.4139613509178,429.6130396127701,-27.87855915725231,0.7850356101989746,428.25995123386383,482.26207411289215,-266.7696917653084,0.9124633073806764,54.296606684704244,89.15784483873318,87.5302844521464,89.93950137089625
rob_DTL_3_frame29.jpg,rob_DTL_3,FO,frame29,P5,500.1810729503632,251.13740265369412,-1.0949088167399168,0.8671155571937561,498.83625626564026,259.60335552692413,-14.845985658466816,0.9005805253982544,500.79956889152527,254.5343828201294,-15.033246763050556,0.9200368523597716,496.8793165683746,253.3911180496216,-15.122337006032469,0.904485821723938,501.4516997337341,254.5100659132004,-25.584212467074394,0.889555037021637,498.94121646881104,253.55380475521088,-25.427506417036057,0.9021825790405272,495.25885462760925,252.1688997745514,-26.235373690724373,0.8826524019241333,472.34659910202026,247.82911241054532,-50.96016213297844,0.9207022786140442,450.5512154102325,263.4999668598175,-101.91129595041276,0.8734346628189087,496.2593400478363,247.39124715328217,-14.151667356491089,0.8882482051849365,461.03249430656433,301.32213950157166,-30.176796689629555,0.864324688911438,456.1430740356445,244.835187792778,-102.505861222744,0.9909051656723022,404.8300552368164,304.2085289955139,-70.55482149124146,0.983875036239624,449.2775309085846,412.5160002708435,-88.41870367527008,0.4054082632064819,406.4677047729492,453.8907587528229,-215.7208013534546,0.6131144762039185,477.3344135284424,719.9604320526123,-85.13460159301758,0.467542290687561,412.1756601333618,684.5761299133301,-170.81181943416595,0.6031531095504761,484.8143970966339,765.2299189567566,-52.24672928452492,0.490772932767868,405.1757061481476,726.3484239578247,-132.58563369512558,0.595503032207489,477.53551483154297,780.345025062561,-52.61524870991707,0.4948730766773224,388.5537886619568,719.906165599823,-122.71547198295592,0.5934648513793945,476.07553482055664,772.4731707572937,-81.35513305664062,0.4896223843097687,399.9481666088104,711.8001222610474,-163.84178280830383,0.5919470191001892,338.34579706192017,447.4292206764221,60.05559861660004,0.9915589690208436,371.0959231853485,475.8553469181061,-60.23641437292099,0.9915539622306824,382.7728986740112,458.6404895782471,51.32477089762688,0.6992362141609192,433.0730724334717,563.5170078277588,-95.96790432929993,0.9427043795585632,424.076943397522,311.3573455810547,-60.8519572019577,0.7554945945739746,437.15940713882446,336.3492679595947,-195.69936096668243,0.9192888736724854,410.4916298389435,320.2302324771881,-81.5654718875885,0.7816922664642334,432.89334297180176,412.2190475463867,-206.48769915103912,0.9131487011909484,443.67913842201233,333.1416893005371,-134.21722412109375,0.7797461748123169,454.3650269508362,342.7684485912323,-256.80844008922577,0.8873715996742249,49.16500013290378,40.95699963181693,31.90925294115239,74.77005951875874
eric_DTL_1_frame31.jpg,eric_DTL_1,FO,frame31,P5,487.4107868671417,229.62006747722623,-126.80424936115742,0.8803550601005554,489.8752520680428,219.4693499207497,-114.23982293903828,0.91044819355011,489.5672501921654,218.83741241693497,-114.30489327013493,0.927942395210266,489.0379260778427,218.11400723457336,-114.3149793446064,0.9139595627784728,487.027810394764,218.07627272605896,-145.63886362314224,0.9005489349365234,484.8197479248047,216.42960423231125,-145.6820129752159,0.9119100570678712,482.45650708675385,214.5816529393196,-145.74015724658966,0.8943453431129456,476.5505174398422,212.2294261455536,-29.43481880426407,0.9284535050392152,469.05762898921967,208.0944363474846,-168.93450966477394,0.8860518932342529,479.4434979557991,234.4629065990448,-90.3576348721981,0.899383008480072,476.3336625099182,233.04751598834991,-130.83099122345448,0.8778772354125977,469.1747140288353,249.23922032117844,79.22826205193996,0.9917871952056884,412.06810492277145,247.87496381998065,-197.47200548648837,0.985486626625061,487.4426813721657,302.45956683158875,71.41357588022947,0.4143214523792267,406.1712923049927,324.38377833366394,-198.67871555686,0.651330292224884,485.4062466621399,333.5747494697571,-112.06510078907012,0.4516890943050384,469.43724632263184,344.5723179578781,-194.6648215353489,0.641407310962677,488.71565651893616,343.5107846260071,-146.52070686221123,0.4721667170524597,481.381374835968,355.3389743566513,-223.06412515044207,0.6333274841308594,488.9338966608048,336.8089048862457,-161.16456151008606,0.4771916270256042,485.151471555233,348.01944231987,-233.00606831908223,0.6314084529876709,487.1781405210495,331.8216735124588,-124.80951818823814,0.470725268125534,480.5587320923805,342.3115973472595,-195.0359544456005,0.6272783875465393,429.1536899805069,375.04335713386536,92.33276529610156,0.9922953844070436,395.8854702711105,371.6825985908508,-92.28931292891502,0.9923654794692992,458.70600938797,462.6372803449631,76.06586647033691,0.70047926902771,438.8116647005081,468.2850581407547,-233.2051232755184,0.9469487071037292,427.54812544584274,563.2281619310379,151.58608064055443,0.7628257870674133,385.2634919285774,583.9663162231445,-237.3034979104996,0.9261154532432556,415.6403241157532,576.9642931222916,153.1496732532978,0.7857824563980103,368.6559781432152,600.2337783575058,-243.7804546058178,0.9166859984397888,473.8515704870224,585.7780731916428,81.36380867660046,0.7897419929504395,422.4327801465988,617.0978307723999,-354.6756227016449,0.8971421718597412,1.368515410177859,5.7684554332983655,78.33877517059791,79.78513116448423
tom_DTL_2_frame33.jpg,tom_DTL_2,FO,frame33,P5,1070.936050415039,338.1774938106537,-98.13714265823364,0.8918469548225403,1074.6035385131836,321.43712997436523,-83.61851692199707,0.9189070463180542,1073.804054260254,321.045001745224,-83.74026775360107,0.934557557106018,1072.514419555664,320.5623972415924,-83.71294498443604,0.9218610525131226,1074.2803573608398,319.5529639720917,-132.42207527160645,0.9102197885513306,1073.4033966064453,317.8768837451935,-132.52225399017334,0.9204437136650084,1065.2318572998047,311.4052391052246,-132.6802110671997,0.9046649932861328,1045.619773864746,311.7306125164032,17.30463981628418,0.9349508881568908,1047.194938659668,304.1804301738739,-194.3631076812744,0.8972091674804688,1052.8904342651367,344.03514862060547,-52.90524244308472,0.908891499042511,1053.888702392578,341.8608856201172,-117.84120082855225,0.8898743987083435,979.3660354614258,378.20910930633545,130.92241287231445,0.991579294204712,925.1681327819824,332.46265053749084,-237.78611183166504,0.9869080185890198,863.4210205078125,406.254597902298,227.48345375061035,0.4319742619991302,840.0682640075684,387.0131170749664,-438.9485549926758,0.6824936270713806,849.147777557373,314.5153248310089,178.71421337127686,0.4704754650592804,850.7595634460449,298.02080154418945,-605.5821418762207,0.6738054752349854,822.9449272155762,293.35697650909424,172.75620460510254,0.4892863929271698,837.8714561462402,277.32304215431213,-659.4253349304199,0.6655453443527222,830.1340484619141,285.37964701652527,165.82842350006104,0.4935686588287353,837.6816558837891,274.7407829761505,-647.3489570617676,0.6635176539421082,839.3350982666016,294.629727602005,174.681715965271,0.481008768081665,843.5880661010742,282.00971961021423,-602.7872085571289,0.6569206118583679,869.058895111084,569.9816679954529,162.84735202789307,0.9926315546035768,823.5129547119141,560.888979434967,-162.70068168640137,0.9930494427680968,940.5570602416992,713.8302540779114,144.3643856048584,0.7079351544380188,897.978630065918,728.884527683258,-331.1546802520752,0.9511760473251344,896.132698059082,878.525333404541,281.12016677856445,0.7668867111206055,867.4048233032227,928.346893787384,-331.92681312561035,0.932703971862793,876.9723701477051,897.9126191139221,287.7861499786377,0.7898464798927307,844.5544052124023,960.2442383766174,-337.7357769012451,0.9227859377861024,957.107162475586,923.3854722976683,213.022141456604,0.7957568764686584,940.800075531006,975.0466203689576,-479.76393699646,0.9059977531433104,40.1664826702929,11.289973364955756,81.63775521300126,82.03570350036786
random_1_frame34.jpg,random_1,FO,frame34,P5,297.9152923822403,359.9572789669037,-42.55915425717831,0.902618646621704,298.5111196041107,351.27200841903687,-32.2958570420742,0.9269715547561646,298.20734679698944,350.11372923851013,-32.380233347415924,0.9410549402236938,297.63229191303253,348.3323783874512,-32.395450443029404,0.92961984872818,296.34037148952484,347.6297721862793,-51.63016648590565,0.9191571474075316,294.6900441646576,344.3480515480041,-51.71886605024338,0.9283564686775208,292.54431080818176,340.07099771499634,-51.760093837976456,0.914153516292572,286.79086470603943,331.04286885261536,27.72426448762417,0.9414002895355223,280.0143744945526,322.8837468624115,-61.36576741933823,0.907447636127472,292.6182944774628,359.6733422279358,-18.28481164574623,0.9179120659828186,290.06616830825806,356.0013573169708,-44.7131719738245,0.9008410573005676,276.20129239559174,355.88551020622253,68.87040826678276,0.9921987652778624,243.188071846962,321.93198108673096,-79.69341069459915,0.988208532333374,261.26908564567566,363.1716332435608,53.09966388344765,0.4365119040012359,217.15684020519257,325.30202651023865,-173.86335599422455,0.7100529074668884,222.14261519908905,296.44628846645355,-11.152140025049448,0.4937105476856231,207.86322379112244,296.2155154943466,-274.3970221281052,0.7022238969802856,203.72532492876053,279.19598960876465,-23.679102279245853,0.5114759802818298,197.95285260677335,280.2408783435821,-301.57619059085846,0.694614589214325,204.3868967294693,274.27536630630493,-26.605293825268745,0.5153154134750366,197.20515191555023,275.37207531929016,-300.3459404706955,0.6928092241287231,215.7626101970673,281.67837285995483,-14.456408977508543,0.501162052154541,200.20396095514295,280.6397793292999,-276.4059374332428,0.6852145791053772,245.56969928741452,442.6463978290558,68.16788676381111,0.9929028153419496,222.97537124156952,419.2905378341675,-68.00132003426552,0.9936729073524476,288.40862369537354,545.2876672744751,65.3692022562027,0.7251635193824768,249.142205119133,525.3687584400177,-166.1507266163826,0.9558159708976746,292.1856452226639,636.4857141971588,97.88512191176414,0.7788695096969604,253.7080322504044,630.7483649253845,-204.6507675051689,0.9390934109687804,285.611652970314,643.5112388134003,97.79625743627548,0.7985397577285767,248.4285213947296,643.593076467514,-212.11486607789996,0.9283918738365172,324.12418830394745,685.320568561554,69.19447484612465,0.8091331124305725,287.7667506933212,686.0115056037903,-282.4558355808258,0.9147757887840272,45.8044615050822,45.9494753862515,77.47154563646846,80.57884337267252
tom_DTL_2_frame34.jpg,tom_DTL_2,FO,frame34,P5,1169.3320083618164,375.4292249679565,-82.69852638244629,0.888839602470398,1184.1454696655271,365.20630717277527,-83.5244607925415,0.9139295816421508,1183.9299774169922,367.458815574646,-83.63870143890381,0.9272403120994568,1183.7014389038086,369.4218063354492,-83.8794994354248,0.9184709191322328,1183.644676208496,360.0770652294159,-109.52841281890868,0.9042372107505798,1182.1538543701172,359.2555046081543,-109.47014808654784,0.9109179973602296,1180.052833557129,358.4522259235382,-110.02964973449708,0.8971620798110962,1173.585548400879,375.2081036567688,-11.162988245487211,0.9303387999534608,1157.6226425170898,366.6024613380432,-138.95809650421145,0.8843461275100708,1152.0910263061523,393.45579385757446,-46.83222055435181,0.9097862839698792,1150.5223846435547,387.3417091369629,-81.51314735412598,0.8877001404762268,1114.522933959961,421.6347920894623,35.21920680999756,0.9922974705696106,1047.1313095092771,441.0563564300537,-127.83163547515868,0.987561821937561,1119.584083557129,414.2514002323151,102.79049634933472,0.4203818142414093,982.0029830932616,447.6661777496338,-234.94069576263428,0.671147882938385,1121.125373840332,352.3191511631012,91.31283044815063,0.4807162284851074,1079.9821472167969,383.41962218284607,-223.78608226776123,0.6573324799537659,1110.6939697265625,306.5482950210572,81.93635702133179,0.499305248260498,1107.2511291503906,347.31550097465515,-234.79827404022217,0.6514044404029846,1129.1765213012695,304.6174907684326,69.68042850494385,0.5027831196784973,1102.2602462768557,303.3321225643158,-222.67054080963132,0.6496749520301819,1134.5500946044922,309.2922270298004,84.23606872558594,0.4879529178142547,1091.1205673217771,331.44150137901306,-220.39326667785645,0.6430463790893555,888.6348152160645,707.0078086853027,90.6866455078125,0.9920912384986876,866.528263092041,545.2058458328247,-91.3338017463684,0.9923592805862428,861.474609375,746.8726658821106,116.45587921142578,0.6764458417892456,959.934310913086,719.8502898216248,54.380117654800415,0.919184386730194,845.8576011657715,833.3576846122742,561.9224739074707,0.7337563633918762,841.6343879699707,805.209231376648,344.9827480316162,0.8883653283119202,828.3951187133789,887.8476405143738,582.2831153869629,0.7503107190132141,807.2389984130859,813.3235144615173,383.8584709167481,0.8815097808837891,848.2840347290039,857.8931379318237,533.5053634643555,0.7644001841545105,835.9078788757324,848.7363338470459,437.5010776519776,0.8663914799690247,16.076430529024755,82.22000806236869,67.54387845013103,83.07528879833653
random_1_frame35.jpg,random_1,FO,frame35,P5,244.69953751564023,328.2521357536316,175.8418888449669,0.8768830299377441,247.89374363422397,334.64572167396545,185.36798471212387,0.8909680843353271,248.6856793165207,336.777339220047,185.21680968999863,0.9097099900245668,249.44468450546265,339.0091426372528,185.17314380407333,0.8983906507492065,246.1411325931549,340.6255898475647,187.54413932561877,0.8783427476882935,245.461362361908,353.720458984375,187.4952609539032,0.8913530111312866,244.8125824928284,344.8512840270996,187.0914808511734,0.8780893087387085,250.4919673204422,356.4631335735321,202.42190599441528,0.9117688536643982,244.69984793663025,310.2439365386963,211.48901855945587,0.8636741638183594,244.27570939064023,327.11143708229065,178.79282838106155,0.8882386088371277,242.0773855447769,317.26416397094727,180.5847206115723,0.8615147471427917,249.6312475204468,346.4017083644867,187.5324856042862,0.9922435879707336,234.61038970947263,283.74849700927734,162.3827202320099,0.9886237382888794,254.62625753879547,339.06541562080383,224.61359214782715,0.4042829871177673,226.88000166416168,276.1846556663513,140.62396788597107,0.6501126885414124,252.4307016134262,357.8847749233246,272.234965801239,0.4757028818130493,220.6405138969421,260.36517226696014,150.19508773088455,0.6104686856269836,248.4215886592865,354.21781849861145,285.5673921108246,0.4969782829284668,218.2970165014267,256.8829647302628,160.84114372730255,0.6068084239959717,248.4537172317505,340.6144196987152,289.0034679174423,0.5005354285240173,217.6695522069931,249.38334214687347,156.10543870925903,0.6046077609062195,250.74120950698853,343.7867419719696,276.1961963176728,0.4873523712158203,219.20541179180145,254.48190093040463,149.62840127944946,0.6005734205245972,231.0639592409134,406.1486082077026,36.4027429074049,0.9927985072135924,222.08487689495087,372.3275854587555,-36.8686298429966,0.9930583238601683,248.70738291740415,572.6210215091705,-65.85589709877968,0.6866853833198547,250.05344593524933,591.5723881721497,-59.76185449957848,0.9264724850654602,283.56380569934845,811.9549722671509,-182.73183792829516,0.7488416433334351,275.3297337293625,807.3197827339172,-202.1408068537712,0.895735502243042,289.3501822948456,883.3100366592407,-196.29348427057263,0.7681970000267029,275.9705719947815,841.2021837234497,-214.39907306432724,0.8892519474029541,314.59775614738464,863.1040434837341,-241.3682546615601,0.7750184535980225,303.7903459072113,922.9406499862672,-242.37016427516937,0.8710310459136963,76.51802716807164,75.13163989766284,59.151970062503956,83.01349002705436
random_1_frame36.jpg,random_1,FO,frame36,P5,303.91725635528564,287.27352344989777,-87.18206486105919,0.8890721201896667,308.2725921869278,281.3688714504242,-76.05380865931511,0.9017158150672911,309.0333046913147,281.24114406108856,-76.15111270546913,0.9186034798622132,309.76351833343506,281.0588710308075,-76.18672704696655,0.9083753824234008,304.8126915693283,279.09945034980774,-97.1018327474594,0.8903400301933289,303.03912711143494,277.22109961509705,-97.13963297009468,0.9020366072654724,301.1563720703125,275.1031856536865,-97.17681881785391,0.8900694251060486,305.65799379348755,275.04055988788605,-2.8173400815576315,0.9202227592468262,294.91018438339233,267.55819153785706,-96.83624172210692,0.8770979046821594,300.3356448411941,290.1495680809021,-56.27075657248497,0.8991930484771729,296.6042810678482,287.3843996524811,-83.89097505807877,0.8752403259277344,294.18615329265594,300.8002858161926,73.53365585207939,0.9929879307746888,251.1863532066345,277.83240616321564,-105.12186297774316,0.9897591471672058,267.0663528442383,335.61122941970825,46.96792130172253,0.3877733647823334,231.44337129592896,331.9973599910736,-109.75240641832352,0.6741835474967957,245.1624528169632,349.569616317749,-86.45571208000183,0.4562918245792389,238.08006858825684,344.7124056816101,-117.43329524993896,0.632504403591156,234.6959882974625,354.18772435188293,-106.71520218253136,0.4783199429512024,230.79228913784027,347.0447404384613,-135.47740775346756,0.6313126683235168,237.80819153785703,343.8154158592224,-114.6116977930069,0.4819221198558807,241.03162896633148,337.898806810379,-145.2098171710968,0.6296759247779846,240.1186808347702,343.7571084499359,-93.56247729063034,0.4694103598594665,241.70617377758023,337.4994068145752,-119.81634545326231,0.6191110014915466,230.71088123321533,382.6189007759094,69.4516068994999,0.9933575391769408,205.7471744418144,375.4509663581848,-69.30585777759552,0.9937424659729004,250.3619785308838,447.88412284851074,156.30088752508163,0.696742057800293,217.8976857662201,457.0142800807953,-217.70985519886017,0.9335662126541138,241.55825817584991,523.5037274360657,266.2378650903702,0.7608320713043213,190.8150840997696,545.7077186107635,-282.1769223213196,0.9057724475860596,230.84275841712952,534.730149269104,272.9061477184296,0.7773790955543518,178.48976695537567,559.2125053405762,-294.5610901117325,0.8977755904197693,272.9200390577316,542.2050132751465,233.4014551639557,0.788890540599823,219.3463170528412,571.4581360816956,-392.1688314676285,0.8834035992622375,28.10842342163601,16.020583677032015,76.46713315863842,79.80108061325342
rob_DTL_2_frame41.jpg,rob_DTL_2,FO,frame41,P5,1285.118637084961,319.18925642967224,-109.22699689865112,0.8988093733787537,1273.8519287109375,340.78798055648804,-137.3542070388794,0.9107117652893066,1268.701286315918,344.45518255233765,-137.45251178741455,0.9259428977966307,1263.039093017578,347.8600001335144,-137.56723880767822,0.9167943000793456,1274.465446472168,338.6868453025818,-105.07390022277832,0.8997698426246643,1270.4015350341797,340.8524823188782,-105.1678705215454,0.9102790355682372,1266.2966537475586,342.6051342487335,-105.28380632400513,0.899752140045166,1212.2407150268557,373.6739659309387,-211.41613483428955,0.9269828200340272,1231.3929748535156,360.9700477123261,-68.88256072998047,0.888170599937439,1252.5093841552734,330.3781878948212,-127.13291645050047,0.906973958015442,1258.249969482422,325.6833028793335,-87.14962720870972,0.8856574892997742,1112.2747421264648,405.2897751331329,-265.8869934082031,0.9931733012199402,1130.5119323730469,395.2686989307404,49.66295599937439,0.9902336597442628,993.9571380615234,456.2823128700256,-346.23764991760254,0.4240058362483978,997.415885925293,436.81169629096985,86.24311923980713,0.6207096576690674,1033.604965209961,382.9007112979889,-305.7435607910156,0.4702029526233673,1009.0879440307616,391.542466878891,48.9426577091217,0.5840253829956055,1027.869529724121,374.872784614563,-326.66015625,0.486942321062088,995.6954956054688,393.4985375404358,71.59858703613281,0.584388256072998,1037.5250244140625,368.69786739349365,-275.9904098510742,0.4886439740657806,1008.5313034057616,386.854373216629,41.4330518245697,0.5835909247398376,1033.9354705810547,370.285724401474,-283.90814781188965,0.4735174775123596,1010.3155517578124,386.6302263736725,34.57946419715881,0.5740926861763,711.2119674682617,687.456693649292,-78.8066554069519,0.9937885403633118,729.9369621276855,691.9745206832886,78.43325614929199,0.9940834045410156,711.5759468078613,738.8320255279541,-48.79503607749939,0.706601083278656,739.0213394165039,722.1046328544617,203.0120658874512,0.8892029523849487,587.479362487793,881.4235353469849,-341.6761779785156,0.7735089659690857,591.185474395752,874.5329833030701,-95.2838373184204,0.8743290305137634,590.1842308044434,886.0927033424377,-361.9836330413818,0.7923406958580017,590.5753898620605,880.4152607917786,-120.90090751647948,0.8689928650856018,575.7034492492676,912.6875138282776,-380.9390544891357,0.8038114309310913,578.6885261535645,907.64324426651,-110.07687091827393,0.8683522343635559,28.788167546358654,13.56465359179657,86.69227349600271,83.20888492542485
rob_DTL_2_frame42.jpg,rob_DTL_2,FO,frame42,P5,1115.5768203735352,420.9414303302765,-234.6860647201538,0.9007539749145508,1132.1681213378906,408.1396329402924,-243.66694450378415,0.9139335751533508,1136.1370468139648,407.0046079158783,-243.7765216827393,0.9287712574005128,1139.7890853881836,405.98780393600464,-243.9577388763428,0.9206684231758118,1118.7278366088867,405.07171154022217,-262.29623794555664,0.9038649201393129,1114.174690246582,403.01074504852295,-262.3526859283447,0.913400173187256,1109.8103713989258,400.9728562831879,-262.9087257385254,0.9025508761405944,1134.2708587646484,398.677990436554,-204.80353832244876,0.9297631978988647,1093.9291763305664,389.1532301902771,-281.5689754486084,0.8913922905921936,1102.6898574829102,425.1695466041565,-210.2171802520752,0.912194550037384,1090.0456237792969,425.2056920528412,-232.41547107696533,0.8919074535369873,1077.897491455078,442.7833557128906,-169.14862632751465,0.9936146140098572,995.2434539794922,394.1962444782257,-205.23383617401123,0.9902509450912476,1024.1662216186523,473.75990867614746,-206.08102798461917,0.4214648902416229,957.1464729309082,399.1775894165039,-264.2314052581787,0.6163278818130493,1040.6640243530271,426.75212502479553,-267.6091861724853,0.4689963459968567,1078.1267166137695,354.4566893577576,-267.16272354125977,0.5861300826072693,1043.872947692871,411.5364682674408,-287.1419906616211,0.4874150454998016,1107.652816772461,357.1282660961151,-267.1571159362793,0.5876004695892334,1056.811752319336,401.9749188423157,-267.2910404205322,0.4876726269721985,1117.0849227905271,334.86006259918213,-266.82987213134766,0.5869771242141724,1053.2655715942385,406.1792492866516,-261.3525867462158,0.4738276898860931,1106.3977432250977,334.1011047363281,-267.0930290222168,0.5782647728919983,746.4593124389648,601.4477777481079,-67.20324039459229,0.9940609335899352,706.6962432861328,587.9119348526001,67.38398551940918,0.9942895770072936,730.8995246887207,637.9571914672852,13.379764258861542,0.7077018022537231,722.1136093139648,660.8023381233215,80.96649885177612,0.8770301342010498,820.2991676330566,504.1064429283142,-79.0682601928711,0.7693299055099487,804.9914360046387,450.6502211093903,-47.08321809768677,0.8552008867263794,830.1249504089355,487.0143127441406,-84.98389720916748,0.7738034725189209,815.2300643920898,418.5757219791413,-41.85747742652893,0.8502535223960876,848.159351348877,432.202330827713,-115.4103684425354,0.7964884638786316,834.9626541137695,421.6145789623261,-27.92085886001587,0.8538942337036133,30.448592919797342,18.799212305160818,23.58518331541458,73.54050926212796
rob_DTL_2_frame43.jpg,rob_DTL_2,FO,frame43,P5,1214.6073532104492,404.2272984981537,-193.5801601409912,0.9019968509674072,1229.5087051391602,386.89679503440857,-224.93232250213623,0.9160938262939452,1230.2618408203125,385.180127620697,-225.17549514770508,0.9299639463424684,1230.8370208740234,383.6011862754822,-225.54977416992188,0.9226725697517396,1224.7203826904297,384.6789515018463,-205.7583332061768,0.9067461490631104,1222.5032043457031,381.7096173763275,-205.783109664917,0.9151721000671388,1220.4140853881836,378.8032078742981,-206.02895736694336,0.9053544402122498,1218.069076538086,374.518346786499,-136.32226467132568,0.9295337200164796,1202.0957565307615,365.1302182674408,-268.34601402282715,0.8932903409004211,1216.3354110717771,403.6233830451965,-144.1102123260498,0.9127110242843628,1188.8206100463867,404.3798625469208,-183.72960090637207,0.8952744007110596,1119.7685623168943,425.5605161190033,-60.77747583389282,0.9933555126190186,1097.190170288086,386.167094707489,-262.24748611450195,0.9903802871704102,1019.5113372802734,462.3701012134552,-41.8174409866333,0.396146684885025,988.3622360229492,335.1937401294708,-461.22084617614746,0.5899045467376709,1039.859619140625,449.6628677845001,-135.41612148284912,0.4429487586021423,1063.6753463745115,336.0628080368042,-595.7266044616699,0.554577112197876,1040.287628173828,437.3039889335632,-139.51711177825928,0.4625047147274017,1078.381805419922,339.0654230117798,-618.2560157775879,0.5600021481513977,1031.8882369995115,397.4238431453705,-156.92736625671387,0.4633205831050873,1082.1483993530271,330.2604818344116,-590.5208015441895,0.5596065521240234,1027.0151138305664,399.5440328121185,-142.88246154785156,0.4494775831699371,1085.1280975341797,322.47775197029114,-586.3564682006836,0.5509604811668396,829.8917770385742,561.4486384391785,52.77690768241882,0.9926146864891052,727.5163078308105,552.1683025360107,-51.99213266372681,0.9940744638442992,790.6196022033691,608.1954216957092,276.43773078918457,0.6708593368530273,771.6216087341309,615.5555105209351,-240.83438873291016,0.8762027621269226,885.941219329834,612.2902536392212,337.0449542999268,0.744871973991394,863.0716896057129,489.8664879798889,-142.47714042663574,0.8432053923606873,894.9730110168457,629.7810459136963,337.50457763671875,0.74759441614151,881.0539054870605,431.545307636261,-77.21875190734863,0.829132080078125,917.1124076843262,572.9211974143982,308.2371139526367,0.7694035768508911,880.001106262207,494.8853302001953,-42.07813382148743,0.8388490080833435,60.1807640180896,5.179705216098923,83.60564256814847,45.66202778568818
tom_DTL_1_frame47.jpg,tom_DTL_1,FO,frame47,P5,484.7311763763428,330.52310585975647,-120.82290369272232,0.9117769598960876,488.3955402374268,326.0527217388153,-106.04324439167976,0.9244502186775208,488.6289339065552,326.18298280239105,-106.09223520755768,0.9369194507598876,488.7659937143326,326.2311520576477,-106.12878969311714,0.9303598403930664,486.51524341106415,323.81356370449066,-126.57207003235816,0.916054904460907,485.5245344638825,322.4084730744362,-126.58605873584747,0.9236381649971008,484.4060626029968,320.7465760111809,-126.62283870577812,0.914803683757782,483.8293776512146,322.5335167646408,-29.950282484292984,0.9365213513374328,478.3110466003418,315.42316097021103,-124.03282114863396,0.9039513468742372,480.502095580101,333.2151165008545,-91.10577204823494,0.9214130640029908,477.5797834396362,330.33551144599915,-118.5469338297844,0.905739426612854,474.63454127311707,336.8306599855423,41.00865179300308,0.9939689636230468,437.0365834236145,324.02553153038025,-153.9443897008896,0.9913398027420044,505.2158417701721,351.95357286930084,48.7187342941761,0.4474750459194183,426.0692664384842,351.0496773719788,-290.3944010138512,0.6305283904075623,553.3339290618896,352.9590435028076,-18.963543489575382,0.492459088563919,440.87398052215576,354.27212738990784,-415.2400152683258,0.5988012552261353,568.6135132312775,353.2913382053375,-27.61034010350704,0.5057377219200134,450.05990159511566,353.9942011833191,-449.7461661100388,0.6033734679222107,569.3000957965851,351.8529603481293,-44.39845807850361,0.5074784755706787,451.7177667617798,349.471373796463,-448.780746102333,0.6029852032661438,562.9962812662125,352.47711992263794,-30.09070721268654,0.4955224394798279,448.9972804784775,350.9323923587799,-417.8678448200226,0.5945340394973755,429.2287534475327,413.03299713134766,67.87989749014378,0.9932849407196044,406.9744173288345,408.8707653284073,-67.89089418947697,0.9946416020393372,453.09252762794495,467.4011080265045,69.98403091728687,0.6828232407569885,432.07752299308777,473.9758840799332,-180.57662630081177,0.887893557548523,429.6735126972199,532.6429566144943,140.24334356188774,0.7549694776535034,405.6091961860657,548.2238047122955,-193.14694637060165,0.8582643866539001,422.412638425827,541.1923640966415,142.7343474626541,0.7561952471733093,396.8530136346817,560.6119283437729,-199.8989891409874,0.843468189239502,455.7247281074524,548.6417336463928,96.11408346891405,0.7820074558258057,432.8264780044556,571.0591505765915,-288.87493121624,0.8541008234024048,18.8078378166761,10.593646872498429,79.08415404314152,80.6913628645928
tom_DTL_1_frame48.jpg,tom_DTL_1,FO,frame48,P5,481.6529678106308,330.60874009132385,-56.43718573451042,0.9205247163772584,485.421991109848,326.2079337835312,-46.81399843096733,0.931887149810791,485.5698394775391,326.2631108760834,-46.8623778373003,0.9430948495864868,485.65528070926666,326.2528686523437,-46.87204331159592,0.9372110962867736,484.21429681777954,324.0785908699036,-65.3354017585516,0.9243579506874084,483.5113753080368,322.6431008577347,-65.36181811988354,0.93117094039917,482.663276553154,320.99065667390823,-65.41590835154057,0.9232384562492372,480.6060265302658,320.955501973629,9.05681229941547,0.9424842000007628,476.83006525039673,315.2709907889366,-74.06774801015854,0.9133782386779784,476.9628928899765,333.1235910654068,-33.065440133214,0.9291858077049256,475.1391752958298,330.33705163002014,-57.51767215132713,0.915121614933014,470.35276651382446,336.7895370721817,69.08966016769409,0.9945523738861084,437.04199504852295,324.8558062314987,-98.94289764761923,0.9922050833702089,476.1806702613831,371.5841808319092,50.68563012778759,0.47938272356987,424.5131814479828,363.4795399904251,-130.40369993448255,0.6665216088294983,468.3392604589462,393.737379193306,-59.27847960591316,0.5219698548316956,446.0660530328751,393.44666945934296,-169.8478717803955,0.6373322606086731,461.5002154111862,397.717445731163,-77.85058656334877,0.5283193588256836,450.3689886331558,398.77501308918,-193.8768045902252,0.6407400369644165,460.4955958127976,392.6719568967819,-87.9478200674057,0.5306107997894287,452.8219463825226,394.0536944866181,-198.43406921625137,0.6402897238731384,461.7787059545517,390.9665496349335,-66.435899913311,0.5158824324607849,451.8284969329834,391.9117220640183,-170.5871656537056,0.6299848556518555,429.06782698631287,410.88112902641296,65.89271673560143,0.9938697814941406,407.03855895996094,405.4859414100647,-65.88126473128796,0.9951688647270204,447.8059251308441,465.8464847803116,82.87325093150139,0.6758026480674744,432.517876625061,471.74916303157806,-188.2257152795792,0.8985767960548401,429.7918399572373,532.396527171135,150.41103225946426,0.7462758421897888,406.444251537323,548.1217675209045,-237.95844411849976,0.8719924092292786,423.1673866510391,541.2718375921249,153.4931434392929,0.7529252171516418,396.73548424243927,560.6087709665298,-248.35419291257855,0.8572512269020081,457.7295616865158,547.2814431190491,112.62672892212868,0.7839696407318115,432.8291838169098,568.7911911010742,-335.7183727025986,0.8681352138519287,19.710287099322112,13.761434942309146,78.78706326811071,80.50936196502715
grant_DTL_1_frame290.jpg,grant_DTL_1,FO,frame290,P5,695.9993147850037,331.7872166633606,159.6708619594574,0.9284693598747252,700.9366607666016,316.54436230659485,175.89793145656586,0.9386968016624452,700.8813643455505,316.1440908908844,175.70733904838562,0.9487836956977844,700.9544920921326,315.82000494003296,175.69488286972046,0.9434885382652284,696.0567998886108,310.8639907836914,126.03240430355072,0.9319202303886414,692.6684617996216,306.7174029350281,125.93720465898514,0.9380516409873962,689.1878771781921,302.3258113861084,125.97994834184648,0.9309121370315552,684.2024445533752,303.7522208690644,269.6113640069961,0.9482344388961792,667.8163576126099,290.02509355545044,40.66488102078438,0.9220373034477234,683.3366918563843,335.1980853080749,199.82143878936768,0.9362630248069764,677.7859354019165,330.08306980133057,132.6502561569214,0.9236057996749878,611.7309808731079,337.55722761154175,302.6235044002533,0.9950518012046814,602.9907989501953,327.82325506210327,-82.35544145107269,0.9929736852645874,584.4311571121216,328.25162529945374,74.22254651784897,0.4851138889789581,612.4224758148193,339.6262729167938,-520.923957824707,0.6911563873291016,523.644779920578,295.0902843475342,-324.494526386261,0.550563633441925,541.0753512382507,295.66381573677063,-917.1416759490968,0.6671841144561768,499.8862767219544,273.8780879974365,-384.27343368530273,0.5637975931167603,516.5094494819641,273.5780775547028,-1014.7767448425292,0.671298623085022,506.39191031456,270.1613187789917,-395.0893557071686,0.5658026933670044,518.2145941257477,279.78238105773926,-995.4896235466005,0.670019805431366,513.028736114502,277.98685669898987,-339.9116384983063,0.5481475591659546,531.2377381324768,278.16681146621704,-919.0763425827026,0.6578963994979858,479.9253952503204,534.3427062034607,183.5596400499344,0.994469940662384,455.4442727565765,530.770937204361,-183.4640461206436,0.9956468939781188,579.534752368927,707.8704071044922,172.73897051811218,0.6896824240684509,532.3885345458984,724.3265318870544,-363.1485915184021,0.9086779952049256,529.1804087162018,890.2413511276245,205.56928932666776,0.7577754259109497,503.5328793525696,949.5520734786988,-463.33537459373474,0.8847481608390808,508.3624970912933,918.7667083740234,200.04843413829803,0.7634226679801941,482.93097138404846,980.1082062721252,-480.0623166561127,0.8713258504867554,603.8517880439758,940.7556295394896,88.0732861161232,0.798357367515564,589.9986505508423,1000.761580467224,-651.4394760131836,0.8811941742897034,48.07917639914294,8.300823756120014,88.69943660388685,86.18392388578538
grant_DTL_1_frame296.jpg,grant_DTL_1,FO,frame296,P5,694.7371530532837,324.18389439582825,1.8164206948131325,0.9356038570404052,700.9600281715393,312.4762773513794,29.06022660434246,0.944801390171051,701.0744190216064,313.3300244808197,28.846206441521645,0.9538828134536744,701.3503217697144,313.89418959617615,28.813712149858475,0.9491196870803832,695.9594678878784,304.43026185035706,-4.369376823306084,0.9386929869651794,692.5007057189941,299.44408893585205,-4.451241195201874,0.9442100524902344,688.9298701286316,293.9340806007385,-4.469004124403,0.937782883644104,686.9638538360596,303.9822256565094,184.04380559921265,0.9533867835998536,668.1215500831604,284.3259572982788,26.61319501698017,0.9297767877578736,682.4195051193237,331.7017614841461,63.2138192653656,0.9425854682922364,674.805850982666,323.620662689209,17.68331989645958,0.931199073791504,643.060941696167,349.08093094825745,254.9405121803284,0.9955047369003296,582.9181981086731,301.2495267391205,-44.70385327935219,0.9936580061912536,641.9400787353516,379.552606344223,11.72292374074459,0.5112060308456421,580.0736832618713,339.8285973072052,-274.7123622894287,0.711846113204956,562.2716474533081,350.1678693294525,-359.78642106056213,0.57281094789505,561.4496040344238,346.7611849308014,-440.805526971817,0.6740317344665527,537.9582488536835,337.9747188091278,-431.6372966766357,0.5820850133895874,537.5348031520844,338.7896168231964,-495.20548939704895,0.6818720102310181,540.7398390769958,324.93409752845764,-418.63330364227295,0.583535373210907,546.5138411521912,348.3811318874359,-510.1299226284027,0.6810176372528076,548.8398313522339,331.3147509098053,-365.1926279067993,0.5636229515075684,551.9421601295471,344.3738794326782,-448.08141589164734,0.6677548885345459,494.5439600944519,534.7331607341766,165.80390453338623,0.9949402809143066,451.6914224624634,526.406317949295,-165.584135055542,0.9960356950759888,580.6799483299255,706.2885689735413,84.2526188492775,0.6990605592727661,533.0938053131104,721.5001058578491,-347.1381211280823,0.9175859689712524,532.2045886516571,890.2374243736267,53.34905281662941,0.7578469514846802,501.0863506793976,947.9670810699464,-400.0983166694641,0.8958229422569275,508.052122592926,918.7519025802612,41.90127745270729,0.7623328566551208,479.69056248664856,979.8400926589966,-410.48683404922485,0.8823936581611633,604.9623513221741,944.3741655349731,-60.70969685912132,0.8021644353866577,578.5467553138733,1000.9032011032104,-556.0376358032227,0.8921669721603394,38.49516017000615,10.996332327753015,78.6507510686391,82.6318407814168
grant_DTL_1_frame300.jpg,grant_DTL_1,FO,frame300,P5,691.9144606590271,318.01638007164,6.634656228125095,0.9420253038406372,700.5950975418091,309.9566853046417,36.09802186489105,0.9502963423728944,700.9016418457031,311.6631817817688,35.907787531614304,0.9584687948226928,701.2707567214966,312.89241671562195,35.8623643219471,0.9541851282119752,695.6303930282593,300.6495702266693,3.2243324909359217,0.9448009133338928,692.3932671546936,295.76420545578003,3.1174680031836037,0.9497658014297484,688.9312863349915,290.431866645813,3.031990947201848,0.9439864158630372,687.569797039032,305.7257044315338,190.52768111228943,0.9579994082450868,670.0250601768494,283.0888366699219,31.881009936332703,0.936771273612976,679.7681736946106,328.3265554904938,67.21523389220238,0.9482709169387816,672.442524433136,318.77253770828247,22.873645797371864,0.9380568265914916,653.9968872070312,363.5018062591553,268.4686303138733,0.995843470096588,572.1185946464539,296.4285671710968,-30.970650762319565,0.9942876696586608,636.57954454422,412.3691010475159,27.32174076139927,0.523657500743866,530.6646251678467,364.4202160835266,-208.71358931064609,0.7379263043403625,587.4880385398865,393.33377480506897,-304.34950590133667,0.5843610167503357,558.9696979522705,386.3333702087402,-342.45131492614746,0.7005109190940857,576.5262794494629,401.45349740982056,-369.2300069332123,0.5904403328895569,547.5393033027649,391.66197538375854,-386.9537651538849,0.7068679332733154,571.3971018791199,383.6214959621429,-347.69227623939514,0.5904732942581177,559.9328470230103,386.80853962898254,-395.7569682598114,0.7060972452163696,571.9634556770325,382.2658967971802,-305.4582345485687,0.568847119808197,558.2276058197021,385.30977487564087,-344.56007838249207,0.6924823522567749,502.20290064811707,538.6659014225006,157.16359734535217,0.9952609539031982,450.84768533706665,524.3892216682434,-156.95449769496918,0.9963729977607728,580.57772397995,707.8487133979797,75.92384487390518,0.7090867161750793,533.7136209011078,721.3792777061462,-323.2754945755005,0.9255318641662598,533.7095975875854,891.3826847076416,57.01465353369713,0.7587909698486328,499.8861157894135,947.9827237129213,-376.0996377468109,0.9056636095046996,508.6723566055298,919.5076417922974,47.59305506944656,0.7625502347946167,478.0782115459442,980.504937171936,-386.907320022583,0.89198237657547,623.3154201507568,957.7886652946472,-48.67606669664383,0.8066163659095764,577.6385164260864,1001.461057662964,-535.0886285305023,0.9018811583518982,39.323723565195984,15.535858051453767,74.70694748507465,80.7148503954255
grant_DTL_1_frame304.jpg,grant_DTL_1,FO,frame304,P5,686.5227055549622,318.4731709957123,-23.875812962651253,0.9478030800819396,697.3880338668823,309.93019580841064,5.8507533185184,0.9552348852157592,698.2317066192627,311.6370463371277,5.773662105202675,0.9625940918922424,698.9626622200012,312.8885543346405,5.766255185008049,0.9587381482124328,690.8251404762268,300.78600883483887,-36.84575468301773,0.9502882957458496,687.0577096939087,296.09057664871216,-36.93518489599228,0.9547600150108336,682.9620409011841,291.0052692890167,-37.01643571257591,0.949558973312378,686.3230204582214,306.83372497558594,155.5934751033783,0.9621551632881165,664.6558356285095,283.3843410015106,-35.066613256931305,0.9430620074272156,674.6761393547058,328.5343837738037,34.27665174007416,0.9534165859222412,665.8599328994751,319.11319971084595,-21.841820776462555,0.9442339539527892,648.0660724639893,366.9396793842316,267.20101296901703,0.996235489845276,563.6900424957275,300.2023708820343,-120.94334721565248,0.994856894016266,644.4824910163879,467.643860578537,82.44265884160995,0.5588687062263489,526.2625086307526,400.6367325782776,-145.61440229415894,0.7629604935646057,596.8724656105042,441.94724678993225,-275.21167159080505,0.6052799820899963,599.8275089263916,435.5033791065216,24.428700730204586,0.7245762944221497,571.3098120689392,437.0946478843689,-340.38667917251587,0.6000089049339294,611.1917281150818,446.6612827777863,19.1749070584774,0.7276518940925598,570.9193253517151,418.6241948604584,-306.10663175582886,0.5987541079521179,613.3536958694458,437.3655939102173,-2.073635528795421,0.7267922759056091,576.7039489746094,420.00203490257263,-272.0649254322052,0.5757426619529724,606.1000156402588,433.5450553894043,27.61859491467476,0.7118614912033081,506.7407476902008,543.1273698806763,160.93622624874115,0.9956070780754088,449.0772020816803,524.9655210971832,-160.72377920150757,0.9966973662376404,580.398895740509,707.9631686210632,103.39207649230956,0.7198382616043091,533.7107563018799,729.9669599533081,-310.20036935806274,0.9326601624488832,536.674393415451,888.301727771759,122.63804733753204,0.7638479471206665,499.34650897979736,953.1041121482848,-356.2748730182648,0.9146051406860352,510.3736388683319,913.16162109375,123.2962453365326,0.7675897479057312,477.5508999824524,983.3459758758544,-366.0542929172516,0.900890052318573,618.3392572402954,952.33491897583,47.293744683265686,0.8129372596740723,578.3885264396667,1003.0145072937012,-506.8914771080017,0.9108323454856871,38.34227123181857,17.48246750715214,77.73567433065531,79.83662126767487
grant_DTL_1_frame308.jpg,grant_DTL_1,FO,frame308,P5,684.7305607795715,318.3862030506134,4.084829231724143,0.9529733657836914,695.5988502502441,309.519077539444,30.259697064757347,0.9596399068832396,696.3439035415649,311.0398578643799,30.170878395438194,0.966257631778717,696.9965171813965,312.1693789958954,30.139003694057465,0.9628016948699952,690.0582647323608,301.09599709510803,-17.029070779681206,0.9552083611488342,686.7205238342285,296.5717327594757,-17.124455496668816,0.9592305421829224,683.017144203186,291.61346554756165,-17.265995666384697,0.9545661211013794,685.0647211074829,306.4648997783661,160.3808158636093,0.9657487273216248,664.6551275253296,283.57179522514343,-49.65791612863541,0.9486926794052124,671.7983436584473,327.6340627670288,55.793960094451904,0.9579983949661256,664.606397151947,318.9453792572021,-5.546935815364122,0.9497838616371156,643.2669997215271,362.71310806274414,288.9959943294525,0.9964967966079712,567.9785084724426,300.0852763652801,-156.68524146080017,0.995369017124176,650.8084273338318,466.9788873195648,187.860079407692,0.5497975945472717,508.4945261478424,415.2322840690613,-186.42909944057465,0.7857447266578674,636.2130045890808,488.1040835380554,-162.5874102115631,0.5920073390007019,601.7375206947327,493.32756757736206,-113.03886383771896,0.7495054006576538,630.4206562042236,500.121785402298,-220.9766972064972,0.5842998623847961,616.4548659324646,511.8356788158417,-136.3593327999115,0.7510733008384705,621.3763761520386,481.8082737922669,-217.4104964733124,0.5824377536773682,624.16752576828,505.6126749515533,-142.68295168876648,0.7500415444374084,620.1070690155029,477.696350812912,-172.4213057756424,0.5595948696136475,618.0197739601135,498.6463236808777,-105.07517337799072,0.7342168688774109,505.4526114463806,541.5777826309204,161.7401647567749,0.9955154657363892,449.64709639549255,522.6051557064056,-161.41078412532806,0.9969095587730408,572.1182084083557,712.3415637016296,154.07217979431152,0.7051808834075928,534.7556269168854,737.005763053894,-254.78266954422,0.9387038350105286,535.814563035965,888.1745910644531,231.3374215364456,0.7511287927627563,498.9592087268829,955.6273412704468,-317.9091346263885,0.9220404028892516,509.6161615848541,913.4366226196288,232.45414853096008,0.7575013637542725,476.8745970726013,987.474410533905,-330.50130128860474,0.9075585007667542,605.1845026016235,947.8647923469543,161.04025304317474,0.8051769733428955,579.0326428413391,1003.2567429542542,-467.1213126182556,0.9177961349487304,39.754972508119565,18.776884482733056,80.41160467561656,80.20212558572564
grant_DTL_1_frame310.jpg,grant_DTL_1,FO,frame310,P5,683.1335306167603,318.91106843948364,27.41798847913742,0.9576354026794434,693.0387353897095,309.629670381546,53.41924354434013,0.963601529598236,693.531768321991,311.0078001022339,53.30389112234116,0.9695574641227722,693.9817357063293,312.0228660106659,53.26078936457634,0.9664680361747742,688.3295917510986,301.3403248786926,7.29092001914978,0.9596303701400756,685.2287435531616,296.6228771209717,7.221094407141209,0.9632460474967957,681.7972111701965,291.9157934188843,7.086600065231323,0.9590630531311036,682.087082862854,305.9231686592102,176.33468627929688,0.9689953923225404,663.3866572380066,283.6036276817322,-29.4492669403553,0.9537001252174376,669.5884823799133,327.4496018886566,76.68805718421936,0.96210914850235,663.3657360076904,319.1864883899689,16.481582298874855,0.95476233959198,641.2767791748047,360.7952427864074,305.6542503833771,0.9968101978302002,569.5176029205322,301.29278540611267,-141.67638301849365,0.9958287477493286,653.3516764640808,460.592987537384,281.41352891922,0.5667185187339783,507.5909221172333,424.1299867630005,-223.1751161813736,0.8063847422599792,649.6740460395813,521.0695052146912,10.611956119537354,0.616439700126648,601.6564750671387,516.0140347480774,-257.6809358596802,0.773327112197876,646.0483646392822,540.0380444526672,-30.96563771367073,0.6054244041442871,619.188723564148,536.6178095340729,-299.3055260181427,0.7740529775619507,638.9317345619202,531.3656151294708,-52.32853129506111,0.6038938164710999,626.903121471405,533.6639249324799,-296.5285384654999,0.7729729413986206,636.4621925354004,525.370169878006,-5.506393387913704,0.5802052021026611,621.4601254463196,527.3261117935181,-250.18098056316376,0.757037878036499,505.5892431735992,537.39173412323,163.57585787773132,0.9955193996429444,450.05483508110046,517.8936624526978,-163.25743675231934,0.9970791339874268,566.5460801124573,713.2080245018005,156.220725774765,0.6888481378555298,536.981999874115,739.705696105957,-254.76186096668243,0.9437646865844728,535.5057334899902,885.3800940513611,229.6724617481232,0.7334644794464111,499.00063276290894,956.813027858734,-320.43274998664856,0.9282270669937134,509.5780849456787,913.3423805236816,230.3101408481598,0.7436941266059875,476.9683885574341,987.8366374969482,-333.1561410427093,0.9124388098716736,602.1797633171082,940.9002757072448,163.09954583644867,0.7914661765098572,579.3995046615601,1003.4936356544496,-466.4275646209717,0.9232072234153748,39.665403524754936,19.34612006098258,80.88646134404262,80.35659799144979
rob_DTL_1_frame901.jpg,rob_DTL_1,FO,frame901,P5,928.8234901428224,436.1697363853455,20.79734444618225,0.951379895210266,940.3585624694824,434.9129819869995,17.716970443725586,0.9609891176223756,942.8482246398926,435.6733882427216,17.53669023513794,0.9673153162002563,945.2098846435548,435.9883975982666,17.389522790908813,0.9637258052825928,933.0440139770508,434.4316649436951,-2.1458130329847336,0.9549202919006348,930.4258918762208,434.508204460144,-2.1922259777784348,0.9588181376457214,928.3443260192872,434.1951906681061,-2.5560014694929123,0.9527871608734132,938.7616539001464,444.4240629673004,31.1262309551239,0.9673404693603516,924.5098686218262,439.24747467041016,-52.13791251182556,0.9472570419311525,929.0490531921388,441.2808573246002,35.029778480529785,0.9572671055793762,918.7734031677246,440.5793523788452,8.404827117919922,0.9472255110740662,890.7594108581543,459.2578589916229,89.66552495956421,0.996860682964325,864.7285079956055,465.825355052948,-117.51658201217651,0.9957275390625,848.4243392944336,531.4380347728729,102.97109127044678,0.5373906493186951,801.0375595092773,461.6848182678223,-195.15845775604248,0.7757768034934998,846.2001800537109,569.0980195999146,3.092554584145546,0.6019658446311951,852.3649406433105,424.329993724823,-216.93227291107175,0.7486843466758728,840.5689430236816,574.599916934967,12.305890917778015,0.5965573191642761,868.535041809082,411.69939637184143,-215.28624057769773,0.745604932308197,852.54638671875,564.9355959892273,-14.434650242328644,0.5962938666343689,862.6654815673828,403.4579122066498,-192.75371074676517,0.7441720366477966,855.355396270752,567.2441411018372,-8.783129453659058,0.5741500854492188,853.2578659057617,408.2102501392365,-210.419282913208,0.7311289310455322,658.0351066589355,664.8474740982056,108.754141330719,0.9959056973457336,637.1174240112305,666.0408210754395,-109.03888463974,0.9972997903823853,601.3766098022461,748.626959323883,248.83071899414065,0.6763324737548828,623.8104057312012,761.3271760940552,14.807259142398834,0.9416583776474,572.5682830810547,863.8534355163574,58.35754036903381,0.7417140603065491,606.1096572875977,869.581732749939,-205.46566486358645,0.926371157169342,557.112979888916,883.7588596343994,31.31516575813293,0.7556418776512146,594.9855995178223,857.462739944458,-221.62197589874268,0.9113789796829224,602.9394721984863,897.9444193840027,45.05381941795349,0.7988578081130981,603.6200523376465,908.2629632949828,-233.9925241470337,0.9208006858825684,14.159996253477003,3.265166274556031,82.83873352753899,84.51391958582393
rob_DTL_1_frame903.jpg,rob_DTL_1,FO,frame903,P5,860.1363372802734,503.5640358924866,-92.83671140670776,0.9454341530799866,869.7555541992188,497.76570081710815,-119.74870920181274,0.9568656086921692,870.1015663146973,499.5371174812317,-119.80226755142212,0.9638815522193908,877.877311706543,493.5996723175049,-119.76669788360596,0.9594083428382874,865.3119277954102,492.4069046974182,-124.38839435577393,0.9494591355323792,861.9643592834473,490.91702342033386,-124.48110580444336,0.953417956829071,858.0209541320801,489.917117357254,-124.88322257995604,0.9459226131439208,865.2243804931641,496.37492179870605,-152.6700496673584,0.9642215967178344,846.9165229797363,486.4163839817047,-173.11198711395264,0.9422422051429749,855.4825401306152,512.3557162284851,-94.22834873199464,0.9539604783058168,839.3090057373047,531.3172709941864,-100.85191011428832,0.9423232078552246,804.5051765441895,513.7876617908478,-60.32516241073608,0.9965824484825134,777.6732444763184,529.0306448936462,-178.36877346038818,0.9955646395683287,760.1633262634277,580.5236506462097,8.34095299243927,0.5009657740592957,760.8950614929199,535.7593309879303,-231.26954555511475,0.7486903071403503,725.3403854370117,624.335024356842,-71.3969349861145,0.5770699381828308,838.4263801574707,507.5848710536957,-197.70312309265137,0.7297213077545166,712.0515632629395,628.5472726821899,-68.00105094909668,0.5770683288574219,860.3165245056152,502.36740589141846,-216.87121868133545,0.7230855226516724,723.0329704284668,629.2338752746582,-101.48865222930908,0.5780149698257446,858.6859130859375,482.3912036418915,-204.4822883605957,0.7211219072341919,728.0099487304688,633.1373906135559,-85.75680255889893,0.558377742767334,848.4551239013672,481.9965970516205,-196.77961349487305,0.7110260128974915,609.1916084289551,648.4614515304565,81.99848413467407,0.9961115717887878,586.9652366638184,672.2915053367615,-81.93671464920044,0.9974681735038756,668.8823890686035,665.4239344596863,157.1313714981079,0.6634461879730225,733.5853385925293,729.4743776321411,-122.4362325668335,0.9417297840118408,706.105842590332,858.2889032363892,158.31024169921875,0.7365056872367859,739.7839736938477,877.6481866836548,-84.78691577911377,0.9211537837982178,700.8972930908203,886.9396591186523,156.53110027313232,0.7421037554740906,689.7445678710938,878.6717820167542,-79.6443772315979,0.8951830863952637,740.5967903137207,892.4053144454956,111.33458375930786,0.7913620471954346,740.5353355407715,920.6733083724976,-131.80671215057373,0.9138009548187256,29.600523412445295,46.99422999396868,77.19396226440996,82.27890512116736
rob_DTL_1_frame905.jpg,rob_DTL_1,FO,frame905,P5,898.8766479492188,500.49888253211975,-131.57416820526123,0.9492883682250975,893.4243392944336,492.9234981536865,-127.90796756744383,0.9602758288383484,893.807544708252,493.63694429397583,-128.10909748077393,0.966553807258606,895.2170562744141,493.0978524684906,-128.24861526489258,0.9626960754394532,886.7439079284668,490.661848783493,-159.94794845581055,0.9535771012306212,882.1902465820312,489.8808753490448,-159.9751853942871,0.9569827318191528,877.7470779418945,489.004179239273,-160.17339706420898,0.9501954913139344,877.7945137023926,495.92315196990967,-66.23999834060669,0.967238426208496,855.6878471374512,492.17371344566345,-206.59571170806885,0.946385145187378,888.9291000366211,512.9110622406006,-99.80555534362792,0.9578404426574708,879.0839767456055,514.0428364276886,-141.19736194610596,0.9467725157737732,815.2281761169434,541.6219425201416,35.05149006843567,0.996513843536377,799.0178489685059,557.8330636024475,-250.51583290100095,0.9950279593467712,823.2199859619141,618.6711001396179,83.9047908782959,0.4806807339191437,777.8742027282715,632.4035382270813,-271.22812271118164,0.722028911113739,849.5812797546387,632.3298954963684,48.382322788238525,0.5652765035629272,828.6050605773926,631.1503887176514,-206.69477462768555,0.684503436088562,855.7525634765625,626.7792677879333,48.22252035140991,0.5642465949058533,844.1644477844238,630.3923964500427,-237.1935796737671,0.6771981716156006,860.4840660095215,619.4402933120728,19.28635954856873,0.5661113262176514,841.3979530334473,612.2460293769836,-220.76398372650144,0.6738159656524658,858.7776947021484,628.812038898468,33.94680619239807,0.5455579161643982,833.4756660461426,612.3231482505798,-202.2982120513916,0.6641473770141602,595.0737190246582,700.0214052200317,95.8842945098877,0.995919704437256,568.76953125,728.4723472595215,-96.8096923828125,0.9965485334396362,602.032642364502,673.4992718696594,186.95401668548584,0.6198301315307617,679.6969413757324,782.6189374923706,-76.91543340682983,0.9217378497123718,552.5808334350586,883.3704328536987,346.16320610046387,0.6875145435333252,591.3840293884277,901.7806649208068,50.88045001029968,0.8848747611045837,540.5533790588379,903.6796689033508,360.9600162506104,0.6935527920722961,542.4238014221191,882.6332974433899,67.74477481842041,0.8593132495880127,536.2669944763184,936.158881187439,330.16345024108887,0.7449581027030945,599.242000579834,974.9806380271912,39.54246640205383,0.8707286715507507,45.001403054531664,47.245214184523974,86.75107208578791,82.22673793550801
rob_DTL_1_frame907.jpg,rob_DTL_1,FO,frame907,P5,882.392406463623,514.4883298873901,-1.888231560587883,0.9480348229408264,882.6193428039551,508.5373985767365,-28.75471830368042,0.9611008167266846,882.6405715942383,510.04186034202576,-28.754648566246036,0.966843843460083,882.7925491333008,511.2421596050263,-28.792174458503723,0.963781476020813,876.2729644775391,503.9018654823303,-39.681830406188965,0.9535332322120668,871.8189239501953,502.3191261291504,-39.68461275100708,0.9557878375053406,867.612419128418,500.5470013618469,-39.93055701255798,0.9495882391929626,867.4221038818359,512.8134727478027,-13.712032735347748,0.9676141738891602,854.4237327575684,498.6283314228058,-176.67951107025146,0.9460793733596802,873.6962699890137,522.3478889465332,-31.80886387825012,0.958164632320404,867.2784805297852,534.9995684623718,-39.13605451583862,0.9462409615516664,819.5230293273926,525.5085396766663,49.73173499107361,0.9960296154022216,826.6671180725098,566.5998315811157,-222.5208806991577,0.9945986866950988,828.8501930236816,551.1550068855286,75.27857065200806,0.4477714896202087,801.6823768615723,570.4223656654358,-169.33186054229736,0.6849883794784546,834.4428062438965,560.4560708999634,72.18127012252808,0.5449020862579346,820.0061988830566,572.6693058013916,-79.0437912940979,0.6401363611221313,833.6115646362305,560.02934217453,82.28362798690796,0.5455378293991089,822.7716636657715,569.7069239616394,-85.71254253387451,0.6317023038864136,834.5203971862793,555.8314490318298,64.15889024734497,0.5479099750518799,820.4708290100098,566.3004970550537,-69.13993835449219,0.6279111504554749,834.0421485900879,561.246120929718,65.24835348129272,0.5270052552223206,814.3902969360352,566.4555716514587,-71.30330085754395,0.6205525398254395,626.4519882202148,679.457380771637,95.10483741760254,0.9961013197898864,627.9582023620605,704.0619707107544,-95.3238844871521,0.9967034459114076,762.2699546813965,683.67342710495,73.93120765686035,0.5803753733634949,752.4894905090332,748.81840467453,-128.2027244567871,0.9227445125579834,735.6366348266602,900.2187180519104,61.66001558303833,0.6745315790176392,737.929859161377,911.493136882782,-121.65099620819092,0.8840897679328918,718.7385749816895,933.5697984695436,57.19611525535584,0.6832222938537598,724.460620880127,928.8683152198792,-120.7413911819458,0.8564693331718445,746.7087936401367,966.2152218818665,49.66453671455383,0.7316370606422424,770.9074974060059,975.1196193695068,-159.9121856689453,0.8647785186767578,80.13720158472324,86.49690758023263,88.4968657836198,89.5468230165625
rob_DTL_1_frame909.jpg,rob_DTL_1,FO,frame909,P5,863.9857292175293,525.9946203231812,-222.3225259780884,0.9528498649597168,867.8089714050293,519.372181892395,-223.8047218322754,0.964829444885254,866.8169403076172,520.7770907878876,-223.88922214508057,0.9699609875679016,867.879753112793,521.8580424785614,-224.1153860092163,0.967259407043457,865.2128219604492,514.456433057785,-243.3798122406006,0.9580050110816956,860.5630874633789,512.5342547893524,-243.4808349609375,0.9599892497062684,855.7600593566895,510.1701879501343,-243.6126136779785,0.95444917678833,858.6233139038086,527.3208010196686,-150.41443347930908,0.9707185626029968,838.0099296569824,512.6432383060455,-245.60036659240723,0.95120370388031,856.512336730957,541.7745065689087,-190.45422077178955,0.9622143507003784,848.4570693969727,537.867386341095,-216.0918474197388,0.9513913989067078,801.2410926818848,559.2093586921692,-14.214140474796295,0.9962059259414672,802.7215003967285,613.8364291191101,-237.03680992126465,0.9949949979782104,801.2337684631348,616.2565326690674,66.59720420837402,0.4213994741439819,777.1895599365234,686.8882155418396,-219.07829761505127,0.6482124924659729,816.8048286437988,620.6170964241028,146.22206211090088,0.5185167193412781,787.0735359191895,706.2195611000061,-92.58117914199828,0.5872610211372375,820.4032516479492,614.6047854423523,173.38504314422607,0.5191256403923035,787.1756744384766,723.503007888794,-103.02369832992554,0.5784597396850586,821.9708633422852,609.5931529998779,158.18753242492676,0.5210714340209961,787.5116157531738,715.4478192329407,-87.3712420463562,0.5744662880897522,820.3039741516113,617.9864287376404,143.1697940826416,0.5003989338874817,783.7140655517578,715.674798488617,-86.20879411697388,0.5685538053512573,607.0943069458008,713.1544017791748,102.36685037612916,0.9964110851287842,609.5451736450195,747.4279475212097,-102.62221097946168,0.996906578540802,700.6938743591309,724.5938086509705,107.7311396598816,0.5632913112640381,745.1876449584961,766.7130088806152,-55.33642172813416,0.9243202805519104,689.6837997436523,931.5036177635192,121.4170789718628,0.6786485910415649,738.7788963317871,924.431083202362,-70.1972222328186,0.8833869099617004,678.3241081237793,953.344931602478,129.2711305618286,0.6772379875183105,721.0025596618652,950.2916550636292,-68.63744258880615,0.848882257938385,699.5555877685547,987.3246788978576,139.36503410339355,0.7346742749214172,739.0969276428223,981.1460280418396,-82.34329462051392,0.8585838675498962,88.44764953319725,85.90979889161645,89.61933915329062,89.31499941247759
rob_DTL_1_frame911.jpg,rob_DTL_1,FO,frame911,P5,903.5664939880372,505.81828236579895,305.4168891906738,0.9215520620346068,903.7235641479492,501.242938041687,307.1455478668213,0.9419854879379272,904.0163040161132,501.7027223110199,306.8672561645508,0.9506316781044006,904.6279907226562,501.8004727363586,306.7511558532715,0.9464635848999025,901.0636711120604,498.253036737442,290.0148010253906,0.9305317997932434,899.1748237609863,496.69633626937866,289.8959827423096,0.9360676407814026,897.5014686584473,494.72407579422,289.3054676055908,0.9299562573432922,900.2334594726562,501.3696241378784,300.3511333465576,0.9495156407356262,892.3542022705078,506.5064299106598,220.01449584960935,0.9237266182899476,902.7352523803712,512.1567392349243,302.3827171325684,0.9348263740539552,897.6354217529297,510.3564190864563,277.4179744720459,0.9143003821372986,877.7142333984375,548.7692785263062,300.5570983886719,0.9925048351287842,893.8480567932129,531.3204252719879,86.206533908844,0.9945018291473388,868.0688095092773,571.1522269248962,351.0216236114502,0.3825320303440094,895.6558227539062,672.3628306388855,-3.832405954599381,0.6182839870452881,877.6760101318359,580.243821144104,325.04133224487305,0.4779546856880188,929.5853233337402,585.5024528503418,59.51830744743347,0.5385699272155762,871.9930458068848,578.05340051651,341.9532966613769,0.4841306209564209,938.2866668701172,586.4639925956726,63.50328683853149,0.5307358503341675,883.1012535095215,573.4572315216064,327.6239204406738,0.4864997863769531,934.907169342041,578.5435366630554,89.87065315246582,0.5262804627418518,885.8724403381348,577.1738719940186,319.85143661499023,0.467218279838562,930.040798187256,578.8551020622253,71.30223512649536,0.5216895341873169,741.7615699768066,647.4452590942383,105.2676272392273,0.9965237379074096,741.804256439209,652.1386957168579,-105.77669620513916,0.9970329403877258,791.0718154907227,729.8854637145996,30.74930548667908,0.5597438812255859,790.1822662353516,752.6412606239319,-230.65788745880127,0.931507408618927,743.8055992126465,922.8644371032716,-132.9548692703247,0.6943365335464478,754.7958755493164,926.4164757728576,-417.9327392578125,0.8938223719596863,723.6833953857422,955.0542283058168,-154.86907482147217,0.6959084868431091,740.3926849365234,952.272412776947,-431.9173622131348,0.862062931060791,797.0498085021973,974.657678604126,-206.09129905700684,0.7442206740379333,823.2032203674316,979.862687587738,-470.9200572967529,0.86921226978302,47.24244144387805,89.47891344823012,85.69555497704788,89.98841118270926
rob_DTL_1_frame913.jpg,rob_DTL_1,FO,frame913,P5,941.8490982055664,495.3167259693146,158.74178409576416,0.9187319874763488,942.487735748291,489.0543901920319,267.0809268951416,0.9397570490837096,941.7703056335448,489.427946805954,267.042932510376,0.9481873512268066,941.3444709777832,489.34950828552246,268.75611305236816,0.9451183676719666,942.5838661193848,485.8845984935761,111.70236110687256,0.9276078939437866,941.8112182617188,483.9426898956299,111.53301000595091,0.9335264563560486,941.158561706543,481.72191739082336,111.28803491592409,0.9284790754318236,928.7350273132324,491.094982624054,170.91115951538086,0.9435724020004272,922.920627593994,496.8941867351532,-14.877330958843231,0.917660117149353,933.1999969482422,500.8376455307007,247.08477973937988,0.9247735142707824,932.8882598876952,500.6713378429413,96.80525064468384,0.9059783220291138,901.9038963317872,528.7300550937653,286.8955993652344,0.9901754260063172,905.9688377380372,503.8669431209564,-181.865816116333,0.9947597980499268,862.9083824157715,556.1683773994446,408.4896183013916,0.3483791649341583,853.0363082885742,594.4657516479492,-336.87578201293945,0.639590322971344,846.1906814575195,568.0276894569397,392.0997047424317,0.4331543147563934,860.8836936950684,576.2740659713745,-350.46154975891113,0.5536814332008362,841.2951850891113,564.7340440750122,421.700963973999,0.4398165941238403,864.2133522033691,588.5644841194153,-385.3684616088867,0.5443385243415833,858.032341003418,553.9997148513794,381.60801887512207,0.4420025944709778,862.5821685791016,586.2406182289124,-334.61949348449707,0.5383837819099426,861.6864967346191,558.8857555389404,374.6695518493652,0.4247723221778869,860.5793380737305,586.7125368118286,-329.2189693450928,0.5285652875900269,754.6835517883301,628.2249569892883,162.70118236541748,0.9956855177879332,750.9900856018066,631.7095327377319,-162.4384832382202,0.9965679049491882,808.472728729248,743.6657953262329,76.35442972183228,0.5353016257286072,808.7229537963867,761.8253588676453,-211.4698076248169,0.9371526837348938,753.0633544921875,913.9434313774108,129.4675254821777,0.6699668765068054,759.1445159912109,933.111526966095,-247.89173126220703,0.9023258090019226,731.5279197692871,944.6607542037964,129.05339241027832,0.6737061738967896,734.9664688110352,965.5964040756226,-246.41647338867188,0.8703440427780151,806.2013626098633,946.4938402175904,111.18259191513062,0.7307831645011902,835.689582824707,978.7887525558472,-300.1625347137451,0.8792946934700012,80.71469904223049,43.333088098088716,89.50316271526307,89.34916915779066
rob_DTL_1_frame915.jpg,rob_DTL_1,FO,frame915,P5,923.9415550231934,501.4131081104279,114.1860580444336,0.924920916557312,929.6678924560548,491.9309306144714,148.12663078308103,0.9435637593269348,929.809684753418,491.5162718296051,147.95135021209717,0.9516090154647828,930.1116943359376,490.927129983902,148.04709434509277,0.9487617611885072,927.473316192627,488.6486792564392,90.07116079330444,0.93239825963974,925.9549140930176,486.0007917881012,89.94102001190186,0.9382986426353456,924.3197250366212,483.2139551639557,89.71234560012817,0.933737814426422,921.1825561523438,484.90896105766296,220.51842212677,0.945942997932434,909.389419555664,484.1115081310272,21.04866743087769,0.9231942296028136,914.0637016296388,503.8668143749237,156.54883861541748,0.9252669215202332,909.7245597839355,500.7818019390106,86.03515863418579,0.9085641503334044,887.830638885498,511.33405208587646,346.6878318786621,0.9899868965148926,878.7918090820312,497.5468969345093,-151.39819622039795,0.9952268600463868,843.7320327758789,584.1764330863953,411.82997703552246,0.3230655193328857,831.998291015625,578.8991975784302,-300.303955078125,0.6734626293182373,833.5716819763184,642.8680801391602,306.1431312561035,0.3965518772602081,842.2509956359863,611.7058753967285,-199.19760704040527,0.589703381061554,828.6444854736328,696.9331097602844,319.0839958190918,0.4031437933444977,846.2812614440918,616.3413763046265,-223.31643104553223,0.5755804181098938,836.5772438049316,695.9931993484497,275.6831359863281,0.4056999087333679,846.064567565918,613.0492758750916,-184.04462814331052,0.5695773959159851,838.003978729248,691.7833971977234,281.9869136810303,0.3912574648857116,842.2260475158691,610.0047540664673,-180.31226634979248,0.557206928730011,753.9642906188965,629.2133402824402,164.70345497131348,0.9954037070274352,745.502815246582,631.1631345748901,-164.26015377044678,0.996540069580078,803.2949066162109,755.6178689002991,77.78038501739502,0.5300862789154053,798.2319259643555,764.6993565559387,-204.9761152267456,0.9431478977203368,765.7978248596191,911.1203527450562,114.45186138153076,0.6630368232727051,761.3974571228027,934.849727153778,-259.20312881469727,0.9112296104431152,746.9645118713379,940.5128145217896,121.26824855804443,0.6654062271118164,739.3061256408691,967.7152419090272,-262.4089908599853,0.8802220821380615,821.6970062255859,939.9158191680908,97.47400045394896,0.734617292881012,831.7999649047852,971.9991374015808,-333.3500003814697,0.8900033235549927,56.751235843858986,12.97626791169771,88.96036039630086,88.52658488500771
eric_DTL_1_frame32.jpg,eric_DTL_1,FO,frame32,P6,493.2555847764015,229.15219807624817,-359.4931474328041,0.932414710521698,495.5188133120537,220.1546933054924,-339.636826813221,0.9491935968399048,496.5936685204506,219.49341529607773,-339.7179656028748,0.9564343094825744,497.66294825077057,218.76255947351456,-339.8704428076744,0.9538750648498536,490.6960594058037,220.17034542560577,-363.56120324134827,0.939145565032959,488.1409320831299,219.5659194588661,-363.65217703580856,0.944453775882721,485.1914695501328,218.840569794178,-363.6372860074043,0.9403517246246338,490.4676379561424,216.57399648427963,-216.7070239186287,0.9513277411460876,472.279354929924,217.13658720254895,-319.43333745002747,0.9308536648750304,488.398027420044,234.72448760271072,-309.9157193303108,0.9327211976051332,481.2699691653252,234.53431338071823,-340.4984286427498,0.917687714099884,485.79826164245605,243.58840066194531,-55.36647988855839,0.9909750819206238,433.6087393760681,268.74848103523254,-300.0780479907989,0.9956914782524108,507.42973136901855,310.12704569101334,-48.76878465712071,0.3641977906227112,436.8768699169159,342.0156124830246,-288.7349802553654,0.7052047848701477,506.2770965099335,352.11425256729126,-231.94788759946823,0.441982626914978,496.8496903181076,377.1030452251434,-223.0687482953072,0.6282280683517456,507.2199410200119,369.26554930210114,-260.1337819993496,0.4445934891700744,503.0011048913002,387.1463156938553,-252.84529888629916,0.6139190793037415,501.8045241832733,362.5548520088196,-290.1567617952824,0.4477383196353912,507.1662986874581,383.4006651639938,-257.68533331155777,0.6084452271461487,499.9817237854004,358.76811707019806,-248.55588620901108,0.433955043554306,503.96600890159607,378.67141461372375,-221.66932061314583,0.5951492786407471,420.7337484359741,333.90665912628174,94.65770502388476,0.995805323123932,386.5945420861244,355.3771324157715,-94.34695003926754,0.9968438744544984,459.99238646030426,445.5078927278519,4.016135251149535,0.5494931936264038,442.4370760321617,465.4238967895508,-202.84266266226768,0.9482659697532654,431.7141503691673,556.5848476886749,62.90034464001656,0.6754353642463684,397.4600753188133,583.2471272945404,-216.8739765882492,0.9188423752784728,424.9581600427628,565.9435448646545,68.87032242119312,0.6751694679260254,372.0043817162514,601.4291921854019,-221.7986994087696,0.8877013921737671,475.6535234451294,584.3616814613342,5.668598408810794,0.7496976852416992,439.3197950720787,613.2058627605438,-315.6724177598953,0.899262547492981,25.73828095222367,32.16617988068866,77.96092117543878,79.7612734157393
tom_DTL_2_frame36.jpg,tom_DTL_2,FO,frame36,P6,1021.856575012207,362.354131937027,-85.63897132873535,0.9387956261634828,1028.7480926513672,342.2385942935944,-59.65015769004822,0.9538182616233826,1027.540054321289,340.619033575058,-59.88570928573608,0.9604179263114928,1025.6441116333008,338.66531252861023,-60.04101276397705,0.9581832885742188,1025.7777786254885,340.971314907074,-113.30978393554688,0.9448179006576538,1022.7417755126952,338.5418128967285,-113.36779117584229,0.9496180415153505,1019.3072891235352,335.7408142089844,-113.44573974609376,0.9459629058837892,999.0668106079102,325.6016135215759,52.85833597183228,0.955522894859314,991.8656158447266,324.22502875328064,-183.04111003875727,0.9371989965438844,1004.3402481079102,368.3772253990173,-39.20807361602783,0.939048171043396,1002.6367950439452,365.7357752323151,-108.68290901184082,0.9255890250205994,961.2463760375977,390.87701082229614,186.73858165740967,0.9918460845947266,784.7804832458496,365.0675511360169,-292.4290466308594,0.9961068630218506,973.9184188842772,482.7445149421692,227.5418329238892,0.3838148117065429,768.3296012878418,469.5798790454865,-380.04283905029297,0.7328953146934509,952.6479148864746,549.564220905304,50.83203077316284,0.4558272063732147,901.5957641601562,525.6848251819611,-392.7720451354981,0.6585373282432556,943.2880210876464,571.7869448661804,31.575876474380493,0.453097403049469,911.7325401306152,461.9006288051605,-453.8511371612549,0.6430003643035889,935.9386825561523,566.5167260169983,-11.680770814418793,0.4575732946395874,920.8707046508788,471.28557085990906,-443.2950782775879,0.6371816396713257,934.8541259765624,563.4904861450195,27.90639102458954,0.4427556693553924,918.6304092407228,500.4860401153565,-387.1037292480469,0.6180844306945801,854.0531730651855,540.979950428009,127.86811351776124,0.9959985613822936,791.2035942077637,538.4406280517578,-127.01741695404051,0.996950387954712,896.3285636901855,681.6985273361206,41.670119762420654,0.5386369228363037,882.9229545593262,696.5287828445435,-330.59967041015625,0.9520806074142456,858.1875228881836,855.4589366912842,58.87511730194092,0.6604155898094177,837.5754547119141,884.6416711807251,-348.2516670227051,0.9247323870658876,830.203971862793,883.553638458252,55.54692506790161,0.6605168581008911,805.3843116760254,912.6014471054076,-358.0857753753662,0.8927618265151978,927.8409576416016,892.6747155189514,-36.24273419380188,0.7437101006507874,907.4831199645996,922.2196125984192,-497.8629684448242,0.9064022898674012,8.320940190659542,2.313672851742126,69.782463267279,76.14834960751118
random_1_frame37.jpg,random_1,FO,frame37,P6,286.4207135438919,387.911363363266,-94.14656671881676,0.944894313812256,287.6296739578247,376.38319396972656,-87.12561997771263,0.9583992958068848,287.3612115383148,374.9705348014832,-87.1913774907589,0.9643415808677672,287.04543578624725,373.367906332016,-87.2492063343525,0.9623326659202576,286.22282016277313,374.5940124988556,-110.86121726036072,0.9503081440925598,284.9764281511307,372.0222296714783,-110.9191237092018,0.9546287655830384,283.6219837665558,369.2588653564453,-110.94204312562944,0.9513396620750428,278.08697056770325,359.0348780155182,-44.26714228093624,0.959913969039917,273.1558555364609,354.56397795677185,-149.19946414232254,0.9434409737586976,281.92488634586334,387.2274124622345,-73.93437054753304,0.9451090693473816,279.47848439216614,383.5431826114655,-104.54008230566978,0.933010458946228,265.91717433929443,376.2229733467102,30.50773513317108,0.9926442503929138,241.6693630218506,357.13084745407104,-186.2304894328117,0.9964932799339294,275.4788910150528,444.83440351486206,85.12670281529427,0.4065022766590118,237.28453719615936,423.6926128864288,-195.56642657518387,0.7590621113777161,285.5862760543823,501.9339396953583,52.57549540698528,0.4714301228523254,277.3399941921234,505.88160848617554,-167.8509023785591,0.6905898451805115,288.6832945346832,519.1792676448822,50.06043221056461,0.4625426232814789,283.37527668476105,521.513176202774,-187.5076648592949,0.6751064658164978,288.4043036699295,518.3158650398254,29.756694182753563,0.4682099223136902,286.19832277297974,520.8883771896362,-187.64956605434415,0.6696932315826416,286.3051075935364,510.5208284854889,42.945395573973656,0.4540207087993622,284.37979900836945,516.3945226669312,-166.56799709796906,0.64994215965271,233.9647399187088,449.7824723720551,68.32680290937424,0.9962383508682252,219.52123928070068,434.8830676078797,-68.20495620369911,0.9971818327903748,276.2004646062851,578.5734825134277,48.58188733458519,0.5422481894493103,262.8056695461273,576.9302806854248,-147.57597529888153,0.9550442695617676,290.6782408952713,687.4414381980896,84.34799882769585,0.6610221266746521,257.47959554195404,681.1962885856628,-163.08732414245603,0.9303553104400636,285.33905160427094,694.742109298706,86.01199114322662,0.6605629324913025,250.6598016023636,692.1904020309448,-168.37763506174088,0.8984914422035217,322.8081067800522,734.7628717422485,55.684203177690506,0.7488186955451965,286.68532156944275,735.7006268501282,-231.35409939289093,0.9133841395378112,38.21601920110788,45.890139552325195,83.61651995150412,83.96122123434452
rob_DTL_2_frame44.jpg,rob_DTL_2,FO,frame44,P6,1188.5912704467771,397.3177886009216,111.97775602340698,0.9242492914199828,1199.564552307129,391.9223964214325,109.36981916427612,0.9403842091560364,1197.6769638061523,392.49982237815857,109.14962768554688,0.9487716555595398,1196.1888885498047,392.0695209503174,108.98057699203493,0.9444695115089417,1200.5480575561523,387.571713924408,69.65590953826904,0.9287100434303284,1199.2229461669922,385.9990167617798,69.70855951309204,0.9338827133178712,1197.8017044067385,384.0616464614868,69.27676677703857,0.9260141849517822,1172.431640625,394.4460117816925,117.64381885528564,0.94189453125,1170.2972030639648,390.8918166160584,-54.639376401901245,0.9129085540771484,1168.9849090576172,402.2457039356232,126.89492225646973,0.9251096844673156,1169.65576171875,398.0724656581879,73.34994077682495,0.9034776091575624,1117.4092483520508,417.1395921707153,155.63551425933838,0.993048131465912,1086.155891418457,426.5549826622009,-97.95204162597656,0.9961135983467102,1092.6245498657229,515.6375813484192,182.4777030944824,0.3773239254951477,1026.346435546875,505.1658940315247,-218.50589275360107,0.7389518022537231,1054.2046737670898,591.8283247947693,76.5785264968872,0.4611212909221649,999.4301605224608,538.1107807159424,-203.73551845550537,0.6853740215301514,1004.6439743041992,611.4436841011047,82.77835607528687,0.4579441249370575,986.5708923339844,545.8780288696289,-211.5312910079956,0.6699565052986145,1023.2893753051758,591.062285900116,45.89354753494263,0.4636161923408508,979.5942306518556,543.4183359146118,-188.20339679718015,0.6642600893974304,1018.542938232422,588.7029504776001,58.66449236869812,0.4497438073158264,995.3958892822266,543.0807638168335,-193.59493732452395,0.6434999704360962,877.1792793273926,692.3934602737427,116.61664009094238,0.9963639378547668,879.8141098022461,695.4523372650146,-117.08203554153442,0.9969377517700196,893.1683921813965,689.1309714317322,118.070969581604,0.5421654582023621,968.6174011230468,631.55104637146,-92.86171674728394,0.9432509541511536,882.410888671875,748.7789440155029,103.84456157684326,0.6587583422660828,952.6547241210938,630.3309202194214,-91.95116758346558,0.9024930000305176,876.6675567626953,757.1957159042358,95.4394268989563,0.6592108011245728,936.2957954406738,624.6401524543762,-83.48975658416748,0.8725370764732361,872.9763793945312,768.7437200546265,46.51551604270935,0.739876925945282,939.9968147277832,657.6001667976379,-69.32049751281738,0.882815957069397,16.765460090796378,49.259316717338166,82.97402126174596,89.35404738835395
grant_DTL_1_frame314.jpg,grant_DTL_1,FO,frame314,P6,677.7292227745056,326.2469530105591,27.9534774273634,0.9317712187767028,688.563072681427,312.78024673461914,55.82380503416061,0.9462719559669496,688.864209651947,312.94426918029785,55.697903484106064,0.953811764717102,689.128589630127,312.8074765205384,55.58995395898819,0.9499707221984864,684.9485921859741,307.30361580848694,-6.275437194854021,0.9357784390449524,682.6699805259705,303.7890100479126,-6.291993632912636,0.9404228925704956,680.2354574203491,299.85260009765625,-6.4067767560482025,0.9333590269088744,676.9786334037781,301.22838020324707,181.6640156507492,0.947514533996582,663.8848400115967,287.42889761924744,-97.27895736694336,0.9214782118797302,665.8578085899353,330.86127519607544,80.26430010795593,0.9324849247932434,661.8700289726257,325.6835603713989,-1.1813582573086023,0.913057267665863,618.3823227882385,346.9126868247986,370.3004658222199,0.9937222003936768,580.9575891494751,315.2759885787964,-258.78026604652405,0.99649840593338,639.0562319755554,457.4063301086426,482.8312575817108,0.3854714035987854,527.5919079780579,444.03756737709045,-366.5300416946411,0.763191282749176,669.4033455848694,557.1192312240601,384.3113172054291,0.4875921905040741,618.1455588340759,549.74684715271,-377.86014318466187,0.7138863205909729,668.355610370636,586.0596013069153,386.3169229030609,0.4804977476596832,635.539276599884,578.979663848877,-426.3734185695648,0.6987872123718262,666.0509920120239,579.0934109687805,341.2904763221741,0.4866859018802643,642.9038071632385,574.981005191803,-418.956423997879,0.693371593952179,663.6676454544067,570.1579856872559,362.0435321331024,0.4714903831481933,638.9694571495056,565.8871579170227,-370.6809425354004,0.6711596250534058,488.80706906318665,522.2432827949524,212.21612513065335,0.9963922500610352,457.6098132133484,515.8934962749481,-212.06531524658203,0.9971471428871156,561.9876980781555,704.353837966919,273.4844470024109,0.5386558771133423,542.8412318229675,742.9712748527527,-302.33585357666016,0.9481931924819946,541.5074229240417,870.6247687339783,398.0644190311432,0.6594986319541931,498.232147693634,960.097017288208,-365.0328862667084,0.911839246749878,514.6065831184387,896.7959403991699,402.4294245243073,0.6618449687957764,472.7896463871002,988.2885360717772,-378.6579179763794,0.8838918209075928,596.6566872596741,917.8710222244264,340.5089235305786,0.7415706515312195,586.6171360015869,1002.07594871521,-518.1484830379486,0.893750786781311,40.209239392043855,11.5046435359788,86.59542112568516,85.79463075995027
grant_DTL_1_frame315.jpg,grant_DTL_1,FO,frame315,P6,678.6347579956055,324.3359112739563,47.58875817060471,0.938566029071808,688.7282538414001,311.38570189476013,76.67232602834702,0.9516062140464784,688.9928913116455,311.780823469162,76.53588742017746,0.9583866596221924,689.2269515991211,311.8907403945923,76.4297604560852,0.9549472332000732,685.2891254425049,305.9222674369812,17.890271097421646,0.9421655535697936,683.0453395843506,302.58671522140503,17.883564233779907,0.9463369846343994,680.5863547325134,298.8463854789734,17.78396710753441,0.9399889707565308,677.0801496505737,301.4008355140686,204.6723318099976,0.9526751041412354,663.8473749160767,287.4280285835266,-60.21742433309555,0.9292363524436952,666.316659450531,330.2342176437378,100.24158865213394,0.9391697645187378,662.4405670166016,324.8085057735443,22.723081335425377,0.9217019081115724,617.6658511161804,347.1977627277374,377.4884533882141,0.9943374991416932,584.0385460853577,314.12261724472046,-218.804252743721,0.9968437552452089,638.9370131492615,457.9497992992401,466.7777860164642,0.4026685059070587,533.6617362499237,444.0528881549835,-352.4458372592926,0.7834504246711731,669.0874028205872,556.4764666557312,345.48704981803894,0.5211386680603027,625.9744763374329,550.0246810913086,-384.4987392425537,0.7374910712242126,668.2916235923767,586.2995195388794,341.1481475830078,0.510399580001831,640.2209973335266,579.7507238388062,-436.8802535533905,0.7223919034004211,665.7427096366882,579.8646640777588,295.60427069664,0.5167152881622314,646.6046118736267,576.4391183853149,-426.3682043552399,0.7170113325119019,663.469569683075,570.2614974975586,322.69407749176025,0.499894917011261,642.468581199646,566.8378829956055,-377.5349628925324,0.6923874616622925,488.618552684784,522.1395778656006,209.4277918338776,0.9964068531990052,459.2932641506195,516.4660620689392,-209.31097090244293,0.9972970485687256,560.9995722770691,711.9679427146912,247.32880532741547,0.5293201208114624,542.8461241722107,747.5474238395691,-282.17374205589294,0.9520092010498048,532.8405618667603,876.4832925796509,352.9393529891968,0.6492641568183899,497.75363087654114,960.3418922424316,-314.2775630950928,0.919707179069519,514.596734046936,900.883948802948,355.79912424087524,0.6544814109802246,472.6108503341675,988.491632938385,-324.7974979877472,0.8927477598190308,597.3663353919983,918.8953256607056,291.1264514923096,0.7341405749320984,586.8139886856079,1002.068030834198,-459.1554415225983,0.9026567339897156,44.52571923714197,10.949643524777287,86.7722830753047,85.99397864192147
grant_DTL_1_frame316.jpg,grant_DTL_1,FO,frame316,P6,678.8560724258423,323.04848313331604,81.07270449399948,0.9446794986724854,688.5400915145874,310.23767352104187,111.7766699194908,0.9564106464385986,688.7187910079956,310.773868560791,111.63956344127656,0.9625067114830016,688.8599610328674,311.0617125034332,111.51667535305025,0.959427535533905,685.2331852912903,304.79387283325195,53.45450788736344,0.9479185342788696,682.9801940917969,301.57702445983887,53.44215631484985,0.951666533946991,680.4989361763,298.0233120918274,53.34488868713379,0.9459636807441713,676.4531564712524,301.4384615421295,243.181831240654,0.9573239088058472,663.2666015625,287.43430495262146,-19.244894608855247,0.9362456798553468,666.4069747924805,329.79747891426086,134.5668661594391,0.945180118083954,662.6633620262146,324.18930172920227,57.9490801692009,0.9294796586036682,614.2018747329712,347.8527581691742,419.8124241828919,0.994881510734558,590.8085918426514,314.12776708602905,-194.7262823581696,0.9971566200256348,627.7387475967407,460.83393573760986,482.4855422973633,0.3930999636650085,559.639241695404,444.6745383739472,-315.3018021583557,0.8015530109405518,665.6801390647888,560.7523798942566,355.11303663253784,0.5231207013130188,637.7263498306274,556.8858790397644,-330.17351388931274,0.7564554214477539,667.4003791809082,591.8736433982849,354.48848962783813,0.509743332862854,647.1779179573059,585.6955075263977,-378.32369327545166,0.7405252456665039,665.251157283783,587.250759601593,308.813259601593,0.516313910484314,653.3447241783142,584.9216794967651,-367.3563015460968,0.7348864674568176,662.7912068367004,576.6795516014099,332.84708619117737,0.4987310767173767,649.1141295433044,574.271035194397,-322.83408880233765,0.7068895697593689,486.7069959640503,522.1121871471405,208.7045127153397,0.996429204940796,464.4859778881073,517.2062230110168,-208.545543551445,0.9974629282951356,560.4583883285522,711.408863067627,245.0211614370346,0.518312931060791,543.3451437950134,747.5601696968079,-279.897962808609,0.9556180834770204,534.3873167037964,878.5227584838867,350.8296883106232,0.6404473781585693,497.40527629852295,960.3422141075134,-320.13595819473267,0.926991641521454,514.9510431289673,904.2411303520204,353.8127017021179,0.6486326456069946,472.2485589981079,988.4769558906556,-331.3868486881256,0.901238739490509,597.9988646507263,919.7197508811952,286.9168746471405,0.7284798622131348,586.8090963363647,1001.6315174102784,-468.8645339012146,0.91101735830307,55.25295451286263,12.450058170671525,87.82000788385912,86.95154278187968
grant_DTL_1_frame317.jpg,grant_DTL_1,FO,frame317,P6,679.4079422950745,321.5997362136841,130.3650060296059,0.950202226638794,688.5046219825745,308.4578239917755,163.16282451152802,0.9607593417167664,688.6227464675903,309.0422344207764,163.05432379245758,0.966243863105774,688.688600063324,309.3991184234619,162.93941795825958,0.9634774923324584,685.2496647834778,303.0379378795624,105.64370781183244,0.9531171321868896,682.9975748062134,299.82356786727905,105.62750190496445,0.956488311290741,680.5147075653076,296.3145625591278,105.54056614637376,0.951359212398529,675.970938205719,300.89335083961487,296.4704740047455,0.9615676999092102,663.0553293228149,286.8227291107178,36.3531120121479,0.9426002502441406,666.7865180969238,329.2319941520691,183.67475509643555,0.9506366848945618,663.3025860786438,323.4348499774933,107.61855125427246,0.9365124702453612,610.6455874443054,348.494428396225,465.587078332901,0.995377004146576,596.5534973144531,312.44866132736206,-149.60696160793304,0.9974395632743835,616.6353034973145,466.7015039920807,523.7196135520935,0.3843567967414856,579.6741199493408,442.0336675643921,-296.2533438205719,0.8187803626060486,659.2622780799866,569.806637763977,408.7871289253235,0.5318301320075989,639.5553159713745,558.8919997215271,-339.3092679977417,0.7756755352020264,663.4233498573303,600.8044981956482,406.1997842788696,0.515338659286499,648.5729455947876,589.1729378700256,-388.8371908664704,0.7594060301780701,664.2865920066833,596.4920854568481,363.9704096317291,0.5220323204994202,654.5966506004333,588.2954692840576,-375.659841299057,0.753688633441925,661.481602191925,585.9926533699036,386.1538982391357,0.5036408305168152,651.1138129234314,578.0778622627258,-331.4916479587555,0.7238461375236511,484.3368136882782,521.9958651065826,207.00519382953644,0.9965583682060242,469.08546209335327,517.1265292167664,-206.82968080043796,0.9976523518562316,558.1156611442566,711.6312074661255,243.17550659179688,0.5102176070213318,544.161651134491,747.459876537323,-273.06389808654785,0.958937406539917,535.725953578949,880.7248950004578,355.9351444244385,0.63392174243927,497.3400020599365,960.3818678855896,-314.1248059272766,0.9335305094718932,504.819792509079,914.1877269744872,359.6043419837952,0.6446248888969421,472.4417102336884,988.4953665733336,-325.22631883621216,0.9087868928909302,598.2665276527405,921.0382390022278,290.854926109314,0.7247549891471863,587.3096609115601,1001.6871356964112,-466.2754189968109,0.9184799790382384,68.64699001361885,17.7068484920394,88.68776994141602,87.88939299371877
grant_DTL_1_frame318.jpg,grant_DTL_1,FO,frame318,P6,679.4840312004089,320.976927280426,103.1205752491951,0.9551741480827332,688.4371590614319,307.8183102607727,134.44192618131638,0.9646735191345216,688.4966397285461,308.3894920349121,134.3273502588272,0.9696086049079896,688.5073256492615,308.7236523628235,134.21846330165863,0.9671234488487244,685.2664017677307,302.4048614501953,75.34049659967422,0.957796037197113,683.0387091636658,299.209223985672,75.33733427524567,0.960827887058258,680.5859684944153,295.7288324832916,75.25241017341614,0.9562142491340636,675.7887625694275,300.47083854675293,262.942995429039,0.965389609336853,663.0501794815063,286.5398097038269,-3.930118996649981,0.948314130306244,666.8309998512268,328.7164306640625,155.29552459716797,0.9555514454841614,663.3246660232544,322.7771508693695,77.27386772632599,0.942842960357666,610.4695916175842,348.54029417037964,435.3007650375366,0.9958318471908568,595.244472026825,312.1613323688507,-178.1846058368683,0.9976935386657716,619.8781585693359,466.8843877315521,513.7413454055786,0.4082292020320892,570.0556325912476,446.8351542949677,-315.50930857658386,0.8347319960594177,659.9083256721497,572.0021438598633,408.73080253601074,0.5658445358276367,637.4907445907593,562.8177237510681,-378.0767261981964,0.7947424650192261,663.594388961792,603.2941889762878,409.06264543533325,0.5465281009674072,647.5928664207458,596.0278916358948,-433.20432901382446,0.7786905169487,665.0643467903137,600.1966238021851,363.7392461299896,0.5531905889511108,654.6005773544312,594.2264127731323,-416.89204573631287,0.773077666759491,662.1518540382385,589.8475027084351,386.11125111579895,0.5337921977043152,650.6886291503906,582.6999735832214,-369.8542320728302,0.7421996593475342,484.4376862049103,520.7343792915344,206.9390344619751,0.9966717958450316,469.343147277832,516.8270981311798,-206.7763316631317,0.9978071451187134,555.7445454597473,711.4284324645996,245.83660662174225,0.5027082562446594,545.562150478363,747.3586821556091,-271.0749328136444,0.962020456790924,533.6802434921265,881.316032409668,359.5347225666046,0.6284005045890808,496.02505445480347,960.3836059570312,-313.39996576309204,0.9395222067832948,493.9137482643128,917.678804397583,363.1464993953705,0.6405203938484192,472.0735931396485,988.2916259765624,-324.7871661186218,0.9158117771148682,598.190438747406,921.3189697265624,296.65586829185486,0.7218122482299805,587.3023223876953,1001.7894244194032,-462.3413264751434,0.9253866672515868,67.28998749319402,14.512693511710097,88.57835881482735,87.91047180488401
grant_DTL_1_frame320.jpg,grant_DTL_1,FO,frame320,P6,679.5343708992004,320.19946217536926,88.61708521842957,0.9596481919288636,688.3168458938599,307.1462559700012,119.08378779888152,0.968195140361786,688.3420157432556,307.69638776779175,118.96518051624298,0.9726353883743286,688.3200645446777,308.02852034568787,118.856221139431,0.9704036712646484,685.1844549179077,301.87413811683655,59.475151151418686,0.9620069861412048,682.9033327102661,298.767786026001,59.46988865733147,0.9647333025932312,680.3811979293823,295.3945755958557,59.379577338695526,0.9605838656425476,675.335898399353,300.11327862739563,247.3287409543991,0.9688234329223632,662.5301098823547,286.3322389125824,-21.086019203066822,0.9534552097320556,666.8337678909302,328.2565176486969,141.05442702770233,0.959973156452179,663.2456159591675,322.1739113330841,62.29764237999916,0.9485408067703248,610.744206905365,349.1930043697357,426.3310611248016,0.9962418675422668,594.0473914146423,311.6321861743927,-189.7114312648773,0.9979224801063538,624.6987318992615,467.0058596134186,509.89280462265015,0.4345824420452118,566.296055316925,450.14544010162354,-314.90532875061035,0.8493052124977112,660.3026103973389,573.3309960365295,406.6600835323334,0.5985281467437744,636.5791583061218,567.7226257324219,-362.0024621486664,0.8126353621482849,665.286819934845,604.5860910415649,406.8764412403106,0.5770562887191772,647.4347019195557,604.3535113334656,-416.5029752254486,0.796994686126709,667.4253559112549,603.56365442276,362.5749313831329,0.5836778283119202,655.7019996643066,600.6170439720154,-402.0620477199554,0.7915695905685425,664.2941880226135,593.484513759613,383.9781868457794,0.5636770725250244,652.0629286766052,588.7941670417786,-353.76200795173645,0.7603068351745605,484.6034789085388,519.6862900257111,206.2426954507828,0.9967833757400512,468.75818967819214,516.3922584056854,-206.12059593200684,0.9979605674743652,555.0168085098267,710.749876499176,252.22054302692413,0.4923653602600097,545.5388474464417,748.1694602966309,-274.3083894252777,0.96454119682312,534.0689599514008,879.2231369018555,378.92458319664,0.6201920509338379,495.8538544178009,960.5028247833252,-320.6336259841919,0.9447879195213318,502.19141006469727,910.9032225608826,384.3232262134552,0.6342231631278992,471.8635761737824,988.4897017478944,-332.5391900539398,0.921941876411438,598.4170317649841,921.3079619407654,325.5971074104309,0.7165963053703308,587.4780607223511,1001.667501926422,-470.60447216033936,0.93143892288208,66.0335387868003,11.743784357588368,88.4474724987496,87.79946037171236
grant_DTL_1_frame321.jpg,grant_DTL_1,FO,frame321,P6,679.5348215103149,319.96723651885986,69.42520380020142,0.9636707305908204,687.9834580421448,307.0429372787476,100.8181455731392,0.9713594913482666,687.8802037239075,307.5398325920105,100.69454938173294,0.9753535985946656,687.7385830879211,307.80324697494507,100.58472096920012,0.9733527302742004,685.122013092041,301.86187505722046,38.40450301766396,0.9657918214797974,682.868378162384,298.7959814071655,38.41296002268791,0.9682409167289734,680.3656840324402,295.4348087310791,38.33411514759064,0.96451073884964,674.4901013374329,299.6937596797943,227.58170664310452,0.9718996286392212,662.369499206543,286.3178515434265,-53.99898290634155,0.9580641388893129,666.7511129379272,327.78807520866394,121.34142994880676,0.9639459848403932,663.1693339347839,321.82764887809753,38.83557289838791,0.9536609649658204,608.4467339515686,347.69697546958923,398.72807264328,0.9966101050376892,593.9688563346863,311.3671946525574,-217.9244989156723,0.9981281161308287,625.1762509346008,466.7149257659912,471.92392587661743,0.455371230840683,561.0889220237732,452.6480376720429,-343.0689740180969,0.8618512749671936,660.5508971214294,572.9007911682129,349.09361243247986,0.6267092823982239,637.4450397491455,569.2308211326599,-379.8753726482392,0.8283284306526184,666.7029619216919,604.7412943840027,349.50559973716736,0.603216826915741,647.891685962677,607.3402261734009,-434.67245221138,0.8131316304206848,668.8304901123047,604.257595539093,299.94755029678345,0.6099867820739746,657.4147081375122,604.2225122451782,-418.8054049015045,0.8078943490982056,666.0215091705322,593.9914512634277,324.7425878047943,0.5893614292144775,653.8965940475464,591.9558477401733,-371.0269796848297,0.7759450674057007,483.7187361717224,517.854974269867,207.13097870349884,0.9968554973602296,468.343209028244,516.7402267456055,-207.0859658718109,0.9980999827384948,554.3862748146057,706.8199038505554,275.0351929664612,0.4827416241168976,545.138897895813,748.3038067817688,-276.3094890117645,0.9668616652488708,544.6285486221313,876.4826488494873,412.0864069461823,0.6142481565475464,496.2504887580872,961.19708776474,-322.224862575531,0.9496782422065736,522.5620257854462,906.343231201172,418.5879850387573,0.629770815372467,471.6858422756195,989.0262508392334,-334.41585659980774,0.9277937412261964,599.0877985954285,919.894073009491,359.5486271381378,0.7134624123573303,589.4237995147705,1002.5062823295592,-474.0982854366303,0.9371308088302612,68.27209219062684,4.146769660875293,88.65504669105057,87.87418513496306
grant_DTL_1_frame322.jpg,grant_DTL_1,FO,frame322,P6,679.1136932373047,319.9972987174988,48.47606778144837,0.9672791361808776,687.2332549095154,307.0643091201782,78.71535658836365,0.9741926193237304,686.9753766059875,307.57652521133423,78.59155923128128,0.977782666683197,686.7080998420715,307.8421604633332,78.4823825955391,0.975997030735016,684.8649716377258,301.8944799900055,14.48953315615654,0.9691867232322692,682.7189683914185,298.8091456890106,14.496853575110435,0.9713839292526244,680.299186706543,295.4859530925751,14.40307516604662,0.9680346846580504,673.6396050453186,299.6057617664337,203.41945588588715,0.9746267199516296,662.3177433013916,286.3009214401245,-85.96838504076004,0.9621821045875548,665.7692313194275,327.59588956832886,100.26543885469437,0.9674920439720154,662.4363827705383,321.6421580314636,15.49648504704237,0.9582496881484984,605.5037927627563,343.50210785865784,378.9059472084045,0.9969341158866882,592.9704308509827,311.3581502437592,-247.2542291879654,0.9983118176460266,623.6128878593445,465.4216718673706,463.53641152381897,0.4634398519992828,558.3062052726746,455.04586815834045,-359.2331349849701,0.8735402822494507,660.5591368675232,572.0934247970581,351.2610197067261,0.6444623470306396,638.3246970176697,571.5161919593811,-378.61659049987793,0.8422321081161499,666.6992926597595,603.9206671714783,353.623960018158,0.6181309223175049,648.1203389167786,610.313036441803,-433.1831824779511,0.8271794319152832,668.7728762626648,604.0147161483765,304.853675365448,0.6253145337104797,657.5448060035706,608.0976390838623,-415.56860089302063,0.8220910429954529,666.0029697418213,593.2539296150208,327.45455861091614,0.6033474206924438,653.9918661117554,595.2773022651672,-370.5631721019745,0.7890781760215759,482.5947189331055,516.1304211616516,208.01494896411896,0.9967204332351683,468.0144238471985,516.7135119438171,-208.01374197006223,0.9981662034988404,551.1895108222961,705.6529498100281,274.09093737602234,0.4708142280578613,545.1152086257935,748.2801818847656,-277.1442782878876,0.9687795639038086,542.5144743919373,879.521119594574,406.4898812770844,0.6038752794265747,496.1916196346283,961.228244304657,-320.46590209007263,0.953908920288086,521.3048207759857,908.2155203819276,412.2219121456146,0.620719850063324,471.6845548152924,989.2004442214966,-332.6186263561249,0.9326613545417786,599.2414569854736,921.6055583953856,351.2146389484405,0.7062426805496216,590.8544254302979,1002.5158095359802,-471.8327736854553,0.9419631361961364,68.6985200025569,2.2901352282668417,88.85330800721825,87.99281246526212
rob_DTL_1_frame916.jpg,rob_DTL_1,FO,frame916,P6,905.5949020385742,460.28422236442566,28.637625575065613,0.9146348237991332,905.3017616271972,461.767441034317,14.295731484889984,0.9372273683547974,907.9372787475586,460.6218910217285,14.199110269546509,0.9459075927734376,926.005039215088,447.3466944694519,14.012581408023834,0.93698251247406,896.5484046936035,463.975692987442,-5.399951934814453,0.9302022457122804,893.1081962585449,464.8949074745178,-5.433884561061859,0.9372671246528624,891.749439239502,464.4977259635925,-5.90079590678215,0.9274500012397766,907.9008865356444,453.2413637638092,-8.941812515258789,0.9391058087348938,891.0519790649414,466.2618362903595,-94.52548027038574,0.9195623993873596,910.8402442932128,456.2943184375763,32.37683057785034,0.9271422624588012,887.3989677429199,490.8698058128357,3.6259272694587703,0.9114255905151368,880.4730033874512,459.94845271110535,57.08335518836975,0.9948031306266784,852.6362228393555,496.95608139038086,-111.49819850921632,0.9939520359039308,845.3629302978516,538.9668452739716,87.82648801803589,0.4256485402584076,913.5878562927246,453.5135006904602,-199.4396209716797,0.8058457374572754,855.8963584899902,580.3032374382019,21.992107629776,0.5943939089775085,1040.9929275512695,366.9834530353546,-170.9184694290161,0.780795693397522,852.0787239074707,599.990565776825,48.36473107337952,0.5746909976005554,1078.9990997314453,344.4947075843811,-176.65759563446045,0.7673532962799072,869.8040771484375,599.3538522720337,14.603766202926636,0.5816888213157654,1068.1097030639648,331.56532287597656,-139.46027755737305,0.7617557644844055,874.9739456176758,591.0142636299133,10.525284111499786,0.5624727606773376,1053.6679458618164,338.3782410621643,-159.0873956680298,0.732636034488678,684.4828033447266,631.8926739692688,117.79544591903688,0.9966964721679688,662.101993560791,651.6698670387268,-117.70605325698853,0.9980242252349854,675.3398895263672,688.6687731742859,220.36376953125,0.4901421964168548,743.4199333190918,675.2675342559814,-119.9712610244751,0.9672930240631104,700.5550575256348,718.6852025985718,237.46893882751465,0.6291053295135498,877.5748443603516,517.4060046672821,-122.81538963317873,0.9508240222930908,703.8894081115723,732.2086215019226,233.4474277496338,0.6430169939994812,906.7507553100586,588.6842823028564,-122.80142784118652,0.92947119474411,710.4024696350098,700.6187224388123,181.3827753067017,0.7191156148910522,929.7722053527832,501.7334926128388,-177.28062629699707,0.9363476037979126,53.04986877736761,41.46598478571096,80.62372510602978,84.57121822161915
rob_DTL_1_frame918.jpg,rob_DTL_1,FO,frame918,P6,912.608127593994,505.4698956012726,-16.203998923301697,0.922911524772644,920.3417015075684,495.2127313613892,1.646667905151844,0.9431338906288148,920.4916763305664,494.3924903869629,1.5476078912615776,0.9509674906730652,920.6938934326172,493.44292402267456,1.4590345323085785,0.9430221915245056,918.3969497680664,493.5705435276032,-43.499207496643066,0.9369186758995056,917.006607055664,491.7781734466553,-43.5676109790802,0.9432847499847412,915.5463409423828,489.8396444320679,-43.671079874038696,0.9345142841339112,911.0830307006836,482.8021287918091,83.50497007369995,0.9443293809890748,902.8062629699708,478.0791449546814,-117.85776615142822,0.927208125591278,903.4693336486816,507.6028633117676,18.17975878715515,0.9340066313743592,900.795192718506,504.754775762558,-40.74909567832947,0.920065939426422,874.7982788085938,509.0169775485992,205.62941551208496,0.9952170252799988,831.665153503418,491.2323868274689,-215.30409336090088,0.9945510625839232,844.6523094177246,578.8314771652222,292.26222038269043,0.4076670706272125,782.2317695617676,574.4089865684509,-255.84860801696777,0.824470579624176,851.2026786804199,650.5245423316956,209.11843299865723,0.5722724795341492,829.2746543884277,649.3301010131836,-207.8851318359375,0.8001559376716614,849.0642929077148,667.905900478363,205.7986307144165,0.5536473989486694,837.6626586914062,664.4299507141113,-234.5170497894287,0.7869089245796204,851.1749267578125,666.8711686134338,175.3500509262085,0.5611586570739746,843.6994743347168,662.0198893547058,-229.81485843658447,0.7816191911697388,848.6606597900391,661.0246825218201,192.79622554779053,0.5425894260406494,841.3554954528809,656.6477036476135,-201.42255306243896,0.7521910667419434,770.6187057495117,633.6254024505615,135.14360904693604,0.9963868260383606,739.4947242736816,630.3307271003723,-134.81167316436768,0.9980408549308776,806.1705207824707,760.3402733802795,129.8779535293579,0.5073770880699158,784.8073768615723,773.4838914871216,-212.59204387664795,0.9702564477920532,771.6676712036133,890.625786781311,205.63356399536133,0.6432358026504517,753.1376266479492,933.8961696624756,-268.82022857666016,0.9554643630981444,756.0035133361816,912.9510569572448,207.55195140838623,0.6532431244850159,733.5439682006836,957.0140647888184,-280.4662799835205,0.9354758858680724,824.9819183349609,934.5868277549744,151.4353895187378,0.7321050763130188,812.896671295166,973.8209581375122,-386.8129348754883,0.9422007203102112,22.407265804210567,6.04262659738464,84.14931277109632,83.42322992517173
rob_DTL_1_frame919.jpg,rob_DTL_1,FO,frame919,P6,912.1866416931152,504.7204649448395,-7.935478985309601,0.9304163455963136,919.8403358459472,494.1525721549988,10.465991199016573,0.9484941959381104,919.9053382873536,493.2550513744354,10.37983864545822,0.9555492997169496,920.0088500976562,492.2224760055542,10.3348571062088,0.9484978318214417,918.0349159240724,492.6430571079254,-37.272974252700806,0.9429868459701538,916.6865730285645,490.8708679676056,-37.31802821159363,0.9487119317054749,915.2273368835448,488.9259016513825,-37.43075251579285,0.9408719539642334,910.3362464904784,481.5112566947937,91.61181449890135,0.9490354657173156,901.9463539123536,476.3141977787018,-118.5606837272644,0.9340491890907288,902.9156112670898,507.0201909542084,26.387089490890503,0.9401978254318236,900.4350471496582,504.3786442279816,-36.0591459274292,0.9278465509414672,869.6124458312988,507.7533352375031,218.54207038879397,0.995634913444519,832.6076316833496,491.3014268875122,-220.86400508880612,0.9950909614562988,847.7581787109375,577.6304697990417,297.0120334625244,0.3967344164848327,783.9578247070312,576.3162302970886,-268.91392707824707,0.8411141037940979,852.0532035827637,650.1833653450012,217.77823448181152,0.5656424760818481,831.0483169555664,650.6798100471497,-242.8371620178223,0.8181143999099731,850.6575965881348,670.1884388923645,217.3513984680176,0.5452492833137512,837.905216217041,671.614236831665,-273.7981510162353,0.8051688075065613,853.0792808532715,669.6540141105652,187.5267505645752,0.5529746413230896,845.1568794250488,669.351396560669,-269.5503044128418,0.8001720905303955,851.0529327392578,662.859377861023,202.1555471420288,0.5342350602149963,843.5234642028809,662.1018362045288,-237.05856800079343,0.7707502245903015,770.5650901794434,634.4032859802246,141.85101985931396,0.9963734745979308,741.6153717041016,631.8153619766235,-141.6313934326172,0.998111605644226,801.108283996582,760.5914568901062,150.89966297149658,0.5057336091995239,785.0015830993652,777.5072693824768,-212.07972049713132,0.9726247787475586,769.9680519104004,896.8845820426941,227.83653259277344,0.6452044248580933,754.134349822998,933.8309597969056,-256.90300941467285,0.9594506025314332,754.8367309570312,917.889368534088,229.2937660217285,0.6566216349601746,734.234676361084,957.6286339759828,-268.05344581604004,0.9403730630874634,824.3292617797852,928.1630444526672,176.93982124328613,0.7374423742294312,814.2465591430664,970.833728313446,-374.5776844024658,0.9472085237503052,23.969372576218404,5.1083064394394455,85.1861646142911,84.16906896899772
rob_DTL_1_frame920.jpg,rob_DTL_1,FO,frame920,P6,911.3798904418944,504.5032060146332,-21.096982955932617,0.9372127652168274,919.2755699157716,493.7192130088806,-2.604307606816292,0.9533939957618712,919.321346282959,492.77949571609497,-2.685230076313019,0.9597415328025818,919.372673034668,491.6936194896698,-2.709739655256272,0.9534749388694764,917.4342727661132,492.2716248035431,-51.815056800842285,0.9485061168670654,916.0440444946288,490.4463922977448,-51.85737133026123,0.9536529183387756,914.4952011108398,488.41001629829407,-51.97161912918091,0.946639895439148,909.4021224975586,480.59770703315735,79.51643943786621,0.9534637331962584,900.3424644470215,474.9722456932068,-140.34600734710693,0.9403086304664612,901.6864013671876,506.92556262016296,13.908310532569883,0.945871889591217,899.311695098877,504.3555021286011,-50.641783475875854,0.934904158115387,867.8937149047852,506.4183032512665,208.8954162597656,0.9960344433784484,832.8422355651855,491.6347503662109,-239.6524143218994,0.9955775141716005,854.3696022033691,577.5192332267761,283.6918830871582,0.3991442620754242,787.7974891662598,578.9564895629883,-289.6955680847168,0.8561620712280273,856.9521903991699,650.1851677894592,206.6831731796265,0.5720276832580566,835.2593421936035,653.7202763557434,-266.70361518859863,0.8344314694404602,858.5857772827148,673.2128763198853,206.9699192047119,0.5481705069541931,840.8940696716309,679.8526310920715,-299.08764839172363,0.8217408657073975,859.3058967590332,674.6593379974365,176.96192264556885,0.5561763644218445,849.404182434082,678.7761211395264,-296.4395999908447,0.8170254230499268,857.3624038696289,667.4971318244934,191.520094871521,0.5365601181983948,848.9399528503418,671.3595771789551,-261.6093635559082,0.7877057194709778,770.6730079650879,634.4039297103882,144.06198978424072,0.996465027332306,742.8421783447266,632.0680904388428,-143.90626430511475,0.9982210993766784,801.42333984375,760.4327130317688,163.01220417022705,0.5065938234329224,785.0101089477539,777.806282043457,-220.20830154418945,0.9748096466064452,769.4538116455078,899.2772626876831,245.96240043640137,0.6486746668815613,755.5058670043945,933.7640762329102,-266.3232135772705,0.9631191492080688,754.7604560852051,920.3081846237184,247.9496955871582,0.6597903370857239,735.6805229187012,958.2200932502748,-278.5653877258301,0.9449508786201476,824.3454551696777,927.2286701202391,196.02882385253903,0.7437291741371155,815.2712059020996,969.1407823562622,-388.3661556243897,0.9518527388572692,22.86840585959544,4.797586106240146,85.53173890700326,84.47976635878238
rob_DTL_1_frame921.jpg,rob_DTL_1,FO,frame921,P6,910.7158470153807,503.8722860813141,-20.987144708633423,0.9433438777923584,918.6001968383788,492.9743206501007,-2.297495305538177,0.957827627658844,918.6271476745604,491.9019627571106,-2.369359955191612,0.9635441899299622,918.643856048584,490.6840252876282,-2.370520904660225,0.9579728245735168,916.9877243041992,491.9257164001465,-50.47292947769165,0.9534797668457032,915.7050704956056,490.211398601532,-50.521312952041626,0.9581071734428406,914.2484664916992,488.26881408691406,-50.63313961029053,0.9518276453018188,908.913688659668,479.9379801750183,79.66405391693115,0.9574907422065736,900.0246047973633,474.8865652084351,-139.85846042633057,0.945915460586548,901.1038970947266,506.10989212989807,14.091208577156069,0.9509868025779724,899.0338325500488,503.9826858043671,-49.06530976295471,0.9412482976913452,866.1852836608887,504.967303276062,211.57347679138184,0.9963933229446412,836.1783027648926,491.7017304897308,-244.7043228149414,0.9960155487060548,853.8193702697754,577.4490666389465,284.57064628601074,0.3941253423690796,793.1088066101074,579.739716053009,-298.7506484985352,0.8695934414863586,857.999324798584,650.1850390434265,209.60294723510745,0.5738877654075623,838.6410713195801,656.1739826202393,-274.9563789367676,0.8489636182785034,860.1349639892578,676.0140681266785,212.142276763916,0.5480796098709106,844.1364669799805,684.9718308448792,-308.3496379852295,0.836555004119873,860.8438110351562,678.2872724533081,180.21324634552,0.5563910603523254,852.5760841369629,683.9289236068726,-303.0548572540283,0.8320708870887756,858.8368606567383,670.0233864784241,193.89374256134036,0.536038875579834,851.9846534729004,675.6407046318054,-269.1234397888184,0.8025859594345093,770.2543830871582,634.0135073661804,148.0585241317749,0.9965835213661194,743.646354675293,632.0545077323914,-147.93322563171387,0.998336672782898,797.8117561340332,760.6442427635193,187.21097946166992,0.5092188119888306,785.1145362854004,777.9903244972229,-220.79076290130612,0.976922571659088,769.2419242858887,898.883364200592,287.3319911956787,0.6576904654502869,755.7154083251953,933.7579607963562,-268.3345127105713,0.966583013534546,754.7578239440918,919.720973968506,291.0387325286865,0.6677152514457703,735.4883766174316,958.8340830802916,-280.9984874725342,0.9495028257369996,824.1985702514648,924.8132014274596,242.10731506347656,0.753047525882721,815.2309799194336,967.6174592971802,-390.93512535095215,0.9562745094299316,23.84940152289454,4.210769066098237,86.23737741147997,84.86323200659845
rob_DTL_1_frame922.jpg,rob_DTL_1,FO,frame922,P6,910.1778030395508,503.3893918991089,-51.50721430778504,0.948899507522583,917.724380493164,492.47758626937866,-33.8495135307312,0.9618839621543884,917.6315689086914,491.3258564472199,-33.91888976097107,0.967035710811615,917.5346946716307,490.0254249572754,-33.94736409187317,0.9620677828788756,916.4527130126952,491.6547703742981,-82.87900686264038,0.958000659942627,915.2630996704102,490.0080120563507,-82.91066408157349,0.962158203125,913.9068603515624,488.1254553794861,-83.00974130630493,0.9565198421478271,907.5687789916992,479.154464006424,47.479273080825806,0.9612608551979064,899.6421432495117,474.7518968582153,-174.5434284210205,0.9509733319282532,900.3371429443359,505.5460166931152,-16.49752378463745,0.9556582570075988,898.6965179443359,503.73929142951965,-81.22159481048584,0.946981966495514,861.192626953125,505.026558637619,183.50106239318848,0.9967195987701416,838.3939933776855,492.9790842533112,-274.0210247039795,0.9964088201522828,852.3539543151855,580.0549507141113,254.69040870666504,0.3941497802734375,801.6507339477539,588.1050539016724,-324.7033882141113,0.8812559843063354,857.8385353088379,656.819064617157,187.13075637817383,0.5785868167877197,847.7557182312012,666.4690947532654,-292.59140968322754,0.8613060712814331,860.0600051879883,684.5781254768372,191.58584117889404,0.5503328442573547,851.8463516235352,694.5281338691711,-325.19588470458984,0.8491779565811157,861.4163589477539,687.3872995376587,157.3502540588379,0.5592368841171265,857.6238441467285,693.8253736495972,-320.341157913208,0.8449207544326782,859.4606781005859,679.141116142273,170.62572956085205,0.5383595824241638,856.3319778442383,686.0877370834351,-287.0750141143799,0.8145912885665894,768.5870361328125,633.1697058677673,149.7211217880249,0.9966723918914796,745.561408996582,632.4496936798096,-149.67232704162598,0.9984399676322936,790.2491569519043,761.6032075881958,210.92607021331787,0.5095974206924438,785.3001594543457,779.4766974449158,-207.85675048828125,0.9787572026252748,769.2733383178711,898.5020184516907,330.82672119140625,0.6685829162597656,756.1004447937012,933.7655568122864,-254.2482948303223,0.9697232842445374,755.5292701721191,919.1654348373412,336.87658309936523,0.6760687232017517,735.4678916931152,959.080502986908,-267.5285625457764,0.9536676406860352,824.1034698486328,921.8657541275024,289.74992752075195,0.7628181576728821,815.5217170715332,966.505093574524,-378.786678314209,0.9602710008621216,27.85330177954421,1.791057462022593,87.14727237628911,85.60217704238346
rob_DTL_3_frame30.jpg,rob_DTL_3,FO,frame30,P7,480.2066087722778,299.72031354904175,-39.67209622263909,0.9522854685783386,472.6138114929199,267.24090814590454,-21.72382704913616,0.9633185863494872,471.3726675510407,266.1678743362427,-21.808564066886905,0.9678890109062196,470.09541034698486,265.0504392385483,-21.860032305121425,0.9644310474395752,472.1189439296722,267.4210238456726,-71.30522578954697,0.9602075219154358,470.2595615386963,265.83290934562683,-71.34464621543884,0.9635989665985109,468.44746112823486,264.3096989393234,-71.48912340402603,0.9594517946243286,457.48061656951904,256.6044580936432,80.98848849534988,0.9635711312294006,455.0749325752258,255.6151896715164,-155.5228579044342,0.9547144770622252,476.7661285400391,303.41365098953247,1.5293033374473453,0.9593752026557922,474.51690316200256,300.3094232082367,-76.42927765846252,0.9519102573394777,443.26061725616455,302.8546679019928,264.2224735021591,0.9969797134399414,447.1714389324188,309.8566496372223,-263.29244434833527,0.9967668056488036,477.4837911128998,412.310585975647,341.20164155960083,0.3662592470645904,491.1935377120972,466.3138496875763,-284.7079145908356,0.8927093744277954,536.8097376823425,506.61670088768005,246.26721382141116,0.5523121356964111,546.9717907905579,580.0561738014221,-292.12751626968384,0.8748804330825806,551.7730522155762,541.1343169212341,243.26234579086304,0.5315433740615845,565.4284358024597,620.1261878013611,-345.5374217033386,0.8638063669204712,555.7354044914246,524.6165227890015,194.97724056243896,0.5404024720191956,566.954333782196,614.4403123855591,-339.84881043434143,0.8599340319633484,552.527825832367,521.8363165855408,221.97948396205905,0.5182375907897949,559.3949460983276,601.8157339096069,-289.1318213939667,0.832120418548584,398.7825322151184,470.9426236152649,160.10423719882965,0.9968662261962892,390.6664788722992,470.8195102214813,-159.92116034030914,0.9985825419425964,474.94868516922,701.7883801460266,165.72792828083038,0.4795587658882141,460.5828487873077,731.0423111915588,-307.6154065132141,0.9789905548095704,508.1303679943085,900.4102921485901,280.3444540500641,0.6440147161483765,486.8675422668457,969.6049761772156,-358.66913080215454,0.9724046587944032,501.4706575870514,922.538194656372,284.66150164604187,0.6621031761169434,470.009890794754,1015.9820652008056,-370.4239654541016,0.9575792551040648,570.358829498291,1006.883261203766,213.28351020812988,0.7503862380981445,544.7130060195923,1028.7110567092896,-531.4109015464783,0.9635410308837892,60.81530133082512,0.8690599487727013,89.57523576335839,88.54725296397817
rob_DTL_3_frame32.jpg,rob_DTL_3,FO,frame32,P7,644.9219012260437,228.16486179828644,-158.16725313663483,0.9570239186286926,650.5204224586487,214.0509170293808,-141.28597676753998,0.96695876121521,649.7073268890381,212.7116686105728,-141.2934923171997,0.9710525274276732,648.3274269104004,211.2993890047073,-141.2844479084015,0.967963457107544,650.1384329795837,213.3138781785965,-202.38700926303864,0.9641610383987428,649.1554570198059,211.73886358737943,-202.3017954826355,0.9672017097473145,647.677903175354,210.33347189426425,-202.43234395980835,0.9634839296340942,617.7691054344177,196.31980419158936,-45.72709053754807,0.967162013053894,622.7075457572937,198.0136996507645,-325.03944396972656,0.9592215418815612,613.8424158096313,229.3723064661026,-115.0869396328926,0.9634182453155518,616.0022592544556,225.94104766845703,-196.27485573291776,0.9567050337791444,518.4568619728088,246.8910366296768,142.64397382736206,0.9972349405288696,552.0766353607178,245.65658748149872,-439.11518812179565,0.9970881938934326,516.7780780792236,365.7224178314209,228.21817874908447,0.3338015079498291,548.5448098182678,393.9193761348725,-495.9345138072968,0.9016003012657166,532.3208141326904,459.2375814914704,218.69681417942047,0.4999857246875763,591.4330744743347,529.2943167686462,-456.68670415878296,0.885328471660614,530.939691066742,481.5311801433563,235.04868686199188,0.4815147519111633,600.9147047996521,562.6327800750732,-508.6969470977783,0.8744206428527832,536.008905172348,478.4067392349243,190.83499789237976,0.4895297884941101,602.5583410263062,557.2450804710388,-489.09813165664673,0.870445966720581,538.7344908714294,470.4251289367676,196.59047663211825,0.4697602093219757,596.2067198753357,541.2779331207275,-447.85343885421753,0.8421397805213928,440.89378237724304,452.5693738460541,165.646995306015,0.9969525933265686,456.3247346878052,449.56273555755615,-165.80580353736875,0.9984030723571776,439.1855156421661,635.5428171157837,211.31342232227323,0.443162739276886,481.2025558948517,639.7134804725647,-99.10194486379623,0.9489702582359314,416.18831992149353,838.4962606430054,365.18757462501526,0.6176084876060486,423.6823046207428,851.2955474853516,65.60482621192932,0.9629497528076172,402.2405540943146,842.8648710250854,372.7300643920898,0.6383712291717529,414.304347038269,867.3174118995667,74.57489222288132,0.9449450373649596,462.142413854599,883.1098508834839,271.1125910282135,0.728697657585144,471.22406244277954,890.5621862411499,-54.00770545005798,0.9515015482902528,2.1028388684161703,11.0256331478753,86.69256426351303,87.33449071487081
eric_DTL_1_frame33.jpg,eric_DTL_1,FO,frame33,P7,524.0986446738243,220.76116001605988,-147.307974755764,0.9585652947425842,528.826476931572,211.71856635808945,-145.09591248631477,0.9655458331108092,528.0542559027672,210.46888029575348,-145.1504378914833,0.96988707780838,527.2290505170822,209.14006727933884,-145.1621083021164,0.9663748741149902,529.382085442543,212.42218017578125,-175.00568583607674,0.9638708233833312,528.9106978178024,211.86921560764316,-175.0015648305416,0.9665756225585938,528.1992875933647,211.4524995684624,-175.13319459557533,0.9620160460472108,516.3791355490685,205.1496815085411,-101.46986569464208,0.963672935962677,516.0797219872475,211.29936677217484,-238.1534812748432,0.9531127214431764,513.9628757238388,222.934186398983,-123.29028698801994,0.9622780680656432,513.2846066951752,224.50024551153183,-163.09428295493126,0.9566312432289124,470.2215533256531,225.3777461051941,9.61931648477912,0.9968653321266174,463.3559927344322,255.22441393136975,-424.7105880379677,0.9971721768379213,458.5501037836075,290.11495339870453,76.75122605264187,0.3255343437194824,460.51679307222366,329.332505106926,-376.3848720788956,0.8949872851371765,477.3960161805153,344.60450780391693,32.310153018683195,0.4875674247741699,473.33831483125687,366.6497392654419,-261.96856448054314,0.8692343235015869,488.8052797317505,356.5244925022125,38.970851585268974,0.4695105850696563,477.7900050878525,375.8293900489807,-264.511467307806,0.857623815536499,493.6653997302056,359.9986085891724,10.189548721536994,0.4780233204364776,481.0546725988388,375.0959929227829,-257.3272733390331,0.8528979420661926,482.7943256497383,355.66995990276337,18.34302418678999,0.4599762856960296,476.74067240953445,372.27872681617737,-257.2405763864517,0.8211935758590698,382.9856147766113,349.79904794692993,129.95100070536137,0.9964482188224792,373.0551688671112,371.3795288801193,-130.44737409055233,0.9982369542121888,403.030982196331,423.1984812021256,218.97380205988884,0.4417826533317566,370.7884080410004,460.74281549453735,-126.00588245689868,0.952201008796692,338.8801201581955,518.9573434591293,357.0626199245453,0.6228407621383667,288.23923021554947,569.8435603380203,-70.48492979258299,0.9642921686172484,325.4775712490082,543.7889218330383,367.6395096182823,0.6409881711006165,259.90731716156006,589.0980938673019,-67.93332610279322,0.9446715116500854,380.6735575199127,541.8686589002609,358.8801218867302,0.735924243927002,331.8623247742653,590.6187560558319,-128.40934638679028,0.9527336955070496,77.0457277068467,65.29006571551105,89.09438681700026,87.8160499012844
eric_DTL_1_frame34.jpg,eric_DTL_1,FO,frame34,P7,494.5647139549256,216.60137325525284,38.1881851926446,0.9611831307411194,496.2193149924278,207.0059112906456,35.97612725198269,0.9672438502311708,494.68076008558273,205.40067374706268,35.90700950473547,0.9713649153709412,493.2199501991272,203.80533188581467,35.84343260526657,0.9679065942764282,499.148380279541,208.420974612236,9.94596028327942,0.965667188167572,499.6519394516945,207.88845598697665,9.864969754591584,0.9683123230934144,499.9050869345665,207.3638500571251,9.629080064594746,0.9638971090316772,483.5736458897591,199.68895906209943,34.45719040930271,0.9651414752006532,489.154768705368,204.6395148038864,-75.78970715403557,0.9554498195648192,485.07680863142014,216.42421358823776,44.69306689500809,0.9631364345550536,487.7880493402481,218.47724038362503,10.496063658967614,0.958488404750824,443.0311588048935,209.18265336751935,29.525844544172287,0.99676775932312,473.7156465649605,230.0242695212364,-167.15816581249237,0.9974297881126404,455.5306534171104,226.75848257541656,121.88418431580068,0.3112124502658844,488.4524316191673,302.4475919008255,-153.8438722193241,0.902055025100708,481.9857428073883,241.60454738140103,183.37802803516388,0.4612689316272735,499.9648241996765,326.7946283817291,8.592044929973781,0.8671493530273438,485.37244749069214,244.1020905375481,201.6776647865772,0.4463723003864288,504.7853617668152,339.68908751010895,22.146500185132027,0.8517932891845703,491.2396165728569,241.55547326803207,187.6653802096844,0.4544955790042877,505.4377273321152,336.70563554763794,36.57575087249279,0.846312403678894,490.7690254449845,244.3053755760193,176.09319841861725,0.4365464746952057,503.2888480424881,331.9751913547516,20.34011022001505,0.8155542612075806,392.6073315739632,342.84014999866486,115.25468115508556,0.996475636959076,400.4158751964569,357.910581111908,-115.7932688742876,0.9982869625091552,447.93214255571365,410.5788679122925,206.01074627041817,0.4333974123001098,435.4657198786736,460.746165394783,-75.12388771772385,0.9557749629020692,425.17117100954056,495.6194355487824,328.1845870614052,0.6046754717826843,392.9836936593056,572.0459464788437,-37.17376851290464,0.964733064174652,405.5316014289856,518.9852207899094,330.93045806884766,0.6273863315582275,369.37770819664,591.3542324304581,-31.729210279881958,0.9444722533226012,453.9608966112137,537.2702469825745,340.7983270287514,0.727212131023407,437.3703863024712,603.1961683034897,-47.23719044029713,0.952849268913269,34.18525691225273,62.609667836680956,81.13281713621235,88.06435688360953
tom_DTL_2_frame37.jpg,tom_DTL_2,FO,frame37,P7,1039.4757843017578,335.3017580509186,-221.78129196166992,0.963545858860016,1042.287712097168,320.35804510116577,-204.70760822296145,0.967829167842865,1041.507911682129,318.95052909851074,-204.8329782485962,0.9719103574752808,1040.6013107299805,317.16330885887146,-204.9758005142212,0.968821108341217,1040.196189880371,318.1919574737549,-260.8420658111572,0.9671025276184082,1038.1330490112305,315.4820144176483,-260.9571933746338,0.9696436524391174,1035.919418334961,312.54554271698,-261.11291885375977,0.965657353401184,1022.1600723266602,305.2776038646698,-107.80638456344604,0.9636549949645996,1016.8993377685548,303.48204731941223,-354.8024368286133,0.9569303393363952,1026.419677734375,338.7015223503113,-175.74395656585693,0.9634714126586914,1022.8835678100586,336.75668478012085,-249.1918659210205,0.9602967500686646,960.5663681030272,347.6182472705841,65.27424573898315,0.9963988065719604,944.4425582885742,339.39932584762573,-457.96786308288574,0.9976386427879332,951.4587593078612,428.4075736999512,165.1935338973999,0.2976612746715545,907.7316856384276,446.0388600826264,-561.577262878418,0.9093856811523438,963.6161041259766,361.2319493293762,84.48754549026489,0.4414320588111877,955.249729156494,425.879420042038,-531.4702033996582,0.8736034631729126,969.3656158447266,352.4707496166229,93.31799268722534,0.4273708164691925,962.3336791992188,531.2600111961365,-589.4918632507324,0.856982409954071,977.8226852416992,326.4827513694763,29.63577210903168,0.4363996684551239,972.4066543579102,527.5940001010895,-558.8907623291016,0.8513123989105225,972.400360107422,255.98074793815613,53.524500131607056,0.4207847714424133,968.5196685791016,492.64588952064514,-518.3746147155762,0.8178733587265015,859.5274543762207,487.3683643341065,164.67154026031494,0.9952598810195924,830.8407211303711,493.7730610370636,-164.7414493560791,0.9978511929512024,923.9544868469238,578.4004354476929,169.27963256835938,0.4171609878540039,896.0868072509766,482.5308930873871,-169.84777450561523,0.957330286502838,956.5886306762696,773.4718537330627,297.18186378479004,0.5811150074005127,868.4569358825684,865.5553293228149,-138.21417331695557,0.9639654755592346,937.708339691162,819.3455457687378,303.5076713562012,0.598630964756012,843.1037521362305,904.383909702301,-142.69347667694092,0.9382749199867249,1032.2747039794922,844.1454434394836,276.08662605285645,0.7072678208351135,945.4198265075684,916.4890623092653,-211.01044178009036,0.9506462216377258,27.009675444098832,12.585641247753577,88.23497767402291,85.02298733393415
random_1_frame38.jpg,random_1,FO,frame38,P7,292.043679356575,430.89313650131226,-45.46202704310417,0.9670749306678772,291.7314475774765,418.8582031726837,-46.20327033102512,0.9709306359291076,291.1938501596451,416.34898853302,-46.2960247695446,0.9746018648147584,290.5409572124481,413.4452872276306,-46.37083299458027,0.9718379378318788,290.9935510158539,419.2096982002258,-67.28631702065468,0.9703054428100586,289.9573140144348,417.1257936954498,-67.34745702147484,0.9725757837295532,288.77636909484863,414.67200756073,-67.41516759991646,0.9690018892288208,282.19146037101746,395.6302433013916,-35.57919925451279,0.9670504927635192,279.5318509340286,396.8671741485596,-127.95390236377716,0.9610286951065063,287.9800616502762,428.8125331401825,-36.77470809221268,0.9669663906097412,286.0278240442276,426.6329338550568,-64.30814450979233,0.9641405940055848,264.2987427711487,391.62799048423767,29.606473058462143,0.9966441988945008,257.5823448896408,406.3872501850128,-166.15436112880707,0.9978444576263428,273.02578914165497,467.7752022743225,80.26523849368095,0.2908985912799835,271.7959529161453,487.39132714271545,-170.8090074658394,0.9077296853065492,301.30260622501373,552.7184264659882,59.03180253505707,0.4295164942741394,306.6402951478958,522.8591983318329,-104.50823828577995,0.8518547415733337,308.8363425731659,577.7869274616241,63.32726591825485,0.4137109816074371,311.7326738834381,605.2824215888977,-115.42577683925629,0.8350161910057068,310.52001428604126,574.3680558204651,34.5750617235899,0.4230978488922119,313.192920088768,601.2335689067841,-115.30301827192308,0.8280155658721924,307.1096258163452,555.3548502922058,48.0322223007679,0.4090756475925445,310.2585363388061,581.130909204483,-102.48549631237984,0.7897288799285889,227.37752890586853,457.2086637020111,76.42172220349312,0.995343029499054,231.3272479772568,471.1552278995514,-76.37485510110855,0.9979870319366456,279.6979261636734,621.3218340873718,87.99356999993324,0.4277518093585968,279.3512635231018,631.8846492767334,-155.17985385656357,0.96054345369339,309.4482082128525,780.6271958351135,146.5425579547882,0.5901131629943848,287.6500324010849,786.8143835067749,-190.9483452439308,0.9664231538772584,306.0539357662201,789.9005689620972,150.22743618488312,0.6030964851379395,280.2959780693054,796.4906497001648,-200.16032093763351,0.9407081604003906,330.16836953163147,826.6936573982239,119.89113104343414,0.7169886231422424,313.90895783901215,846.6853065490723,-271.04217314720154,0.953774869441986,65.53145873087196,74.18767992246107,88.0349983359687,88.51926101785821
tom_DTL_2_frame38.jpg,tom_DTL_2,FO,frame38,P7,1272.5372314453125,391.7535781860352,-79.01504516601562,0.9534565210342408,1289.3425369262695,374.9429512023926,-68.4980320930481,0.95496267080307,1288.7287902832031,373.8695633411408,-68.60407590866089,0.9627549648284912,1288.4643173217771,372.2115397453308,-68.81680011749268,0.9573190808296204,1291.7572402954102,370.59587359428406,-120.8103847503662,0.954369068145752,1292.0307540893557,367.4526679515839,-120.60868263244627,0.9584994912147522,1292.1148681640625,364.4276189804077,-120.70765972137453,0.9512192606925964,1272.5270462036133,360.8005213737488,2.582850605249405,0.951204776763916,1271.7180633544922,360.07259130477905,-232.54018306732175,0.9449387192726136,1253.5973739624023,394.0068590641022,-43.18082928657532,0.9518061280250548,1252.4948501586914,390.20405530929565,-112.27670431137084,0.94840407371521,1144.8251724243164,404.1307711601257,149.06682014465332,0.9938035011291504,1163.5854721069336,411.1819016933441,-365.269832611084,0.9977952241897584,1050.6219863891602,528.4999859333038,219.93428707122803,0.2647156715393066,1049.945182800293,553.8897013664246,-467.0779895782471,0.906326949596405,1024.38720703125,617.6297378540039,115.59393882751463,0.3892027139663696,1041.0026550292969,627.3045516014099,-375.0447750091553,0.8401070237159729,1011.3916397094728,649.1378831863403,118.4810757637024,0.3758783638477325,1026.1051940917969,651.5745949745178,-413.4996700286865,0.8218596577644348,1019.6730422973632,641.7448997497559,82.3776125907898,0.3845749497413635,1034.1602325439453,657.250235080719,-375.2560043334961,0.8147842288017273,1014.082489013672,627.2874283790588,76.5854287147522,0.3725797235965729,1035.0651168823242,647.1109056472778,-358.7465286254883,0.7753306031227112,937.4971961975098,625.2305173873901,173.69218826293945,0.9917067289352416,914.7462844848632,640.3248953819275,-173.6249828338623,0.9964194893836976,910.4495429992676,715.4168558120728,259.58553314208984,0.3958717286586761,889.9616432189941,727.6534581184387,-172.3427438735962,0.9502531886100768,844.5307731628418,880.4345083236694,405.082368850708,0.544314444065094,773.8152694702148,923.1108570098876,-22.89443135261536,0.9325626492500304,813.0077362060547,913.1386399269104,414.9615955352783,0.562619149684906,723.925609588623,954.4685626029968,-5.393756031990051,0.9121317863464355,929.2250633239746,938.6732268333436,386.2769508361816,0.6624593138694763,818.0539512634277,961.9853353500366,-47.27095127105713,0.9085510969161988,20.59892281438929,33.56278418968919,87.91107693782828,86.2522106929739
random_1_frame39.jpg,random_1,FO,frame39,P7,260.086976647377,287.5537176132202,152.57079130411148,0.9580020308494568,258.52819764614105,275.6779876947403,146.6679939031601,0.9594168663024902,257.55484676361084,273.9414709806442,146.5953812599182,0.9664455652236938,256.5931884050369,272.7030622959137,146.4743817448616,0.9615328311920166,259.2987401485443,277.73632752895355,135.71477633714676,0.958875298500061,258.7552706003189,276.61509025096893,135.61669623851776,0.9626097083091736,258.24023044109344,276.05038356781006,135.4631930589676,0.956041693687439,249.1064032316208,255.25369679927823,116.61300778388976,0.9560443162918092,259.2045532464981,299.116357088089,62.25491660833359,0.9503965973854064,259.2384408712387,290.63170778751373,141.91542267799375,0.9565359354019164,259.24087250232697,290.1412960290909,125.43056774139404,0.9534872174263,221.1398519277573,236.26361846923828,132.94508385658264,0.9943053126335144,244.5109567642212,274.77072978019714,-13.550814751535654,0.9980103373527528,228.6528676748276,312.4503096342087,128.94918966293335,0.2699025571346283,248.21712470054624,190.82034373283383,-139.2785386443138,0.9031158089637756,277.4447354078293,519.2680530548096,88.72750869393349,0.3904328942298889,265.3664616346359,178.75124740600586,-220.02986407279968,0.8372371792793274,287.5894227027893,554.8566462993622,94.74758702516556,0.3787075281143188,270.9779160022736,173.1594363451004,-240.74860262870789,0.8161394596099854,289.0105041265488,561.1094346046448,75.3657540678978,0.3893696367740631,269.54366755485535,166.46414124965668,-227.7197939157486,0.8099606037139893,285.8022255897522,552.5961306095123,75.6434967815876,0.3809396922588348,265.28461396694183,168.1699880361557,-219.3581906557083,0.7745918035507202,190.04596436023712,306.36501598358154,83.57708123326302,0.9925089478492736,203.99843072891235,355.3114182949066,-83.22016176581383,0.9967766404151917,226.10961437225345,399.0824718475342,274.8682153224945,0.4372223317623138,257.70454728603363,572.6067037582397,-296.5980726480484,0.9551967978477478,269.95818305015564,624.3522455692291,324.24820148944855,0.5806587338447571,290.8065482378006,797.5246753692627,-574.1850843429565,0.939176857471466,267.0269293785095,656.6031522750854,325.6400774717331,0.5974404215812683,286.7521914243698,827.3661694526672,-601.5101506710052,0.9205814599990844,308.7885118722916,707.0287356376648,321.7691535949707,0.6877287030220032,338.45955896377563,958.93816280365,-688.8794317245483,0.9173599481582642,58.74519781237436,74.08947981676306,80.93574761322584,85.21838220765805
tom_DTL_2_frame39.jpg,tom_DTL_2,FO,frame39,P7,1280.174331665039,286.42648100852966,-596.8648910522461,0.9575884342193604,1282.086067199707,266.93383276462555,-611.1806488037109,0.9584977626800536,1284.1869735717771,267.5492227077484,-611.337776184082,0.9661740064620972,1285.993766784668,268.5511404275894,-611.894416809082,0.9609354138374328,1269.8160552978516,267.80465483665466,-659.1241836547852,0.9578903317451476,1261.1029815673828,268.2256543636322,-658.9572143554688,0.9612982273101808,1252.4552536010742,268.6846661567688,-659.5404624938965,0.9525500535964966,1256.3097381591797,313.7057375907898,-460.5497074127197,0.9582464694976808,1219.4176483154297,285.5052065849304,-705.3607177734375,0.9498804211616516,1277.8662872314453,311.24070167541504,-524.4934844970703,0.9588768482208252,1259.9909591674805,301.1392879486084,-588.2421112060547,0.9554889798164368,1242.608299255371,363.7356412410736,-308.3181381225586,0.9943373203277588,1092.224464416504,361.7734229564667,-630.0470924377441,0.9978629350662231,942.571964263916,582.1719861030579,-61.92330837249756,0.2667205929756164,828.7219619750977,559.1686105728149,-730.4855346679688,0.8885161876678467,864.5830535888672,744.2774033546448,-13.40688854455948,0.4053816199302673,610.5315971374512,819.7053265571594,-705.3179740905762,0.8153560757637024,857.4127578735352,768.833327293396,-23.75064790248871,0.3959073424339294,657.1005249023438,859.7916913032532,-747.2800827026367,0.7941118478775024,874.1493988037109,761.8469882011414,-67.39129543304443,0.4075796604156494,696.4658546447754,844.5102453231812,-747.059383392334,0.7883154153823853,857.6938819885254,756.6882634162903,-35.77394485473633,0.4016125798225403,704.6071243286133,836.7593479156494,-710.4394912719727,0.7564911246299744,705.3910446166992,771.1659479141235,101.10157012939452,0.9900330305099488,594.6673965454102,773.9237523078918,-100.5895471572876,0.9958065152168274,493.0268669128418,988.6619639396667,460.79712867736816,0.3959276676177978,388.7881278991699,1011.869466304779,253.1167888641357,0.8952246904373169,274.3802833557129,1233.2219409942627,940.1319122314452,0.5251171588897705,166.2050485610962,1270.656008720398,663.5410308837891,0.8756859302520752,248.0538654327393,1260.3726768493652,982.3250198364258,0.5429721474647522,137.24989414215088,1291.4020156860352,712.6833343505859,0.8658925294876099,150.84205627441406,1344.339165687561,673.5529518127441,0.6253429651260376,58.50127458572388,1224.053936004639,593.8517189025879,0.8452403545379639,0.7475567215362844,1.426776418057158,64.94748473060905,61.234256306360244
rob_DTL_2_frame45.jpg,rob_DTL_2,FO,frame45,P7,1038.6379623413086,397.5220763683319,-106.39121532440186,0.9617315530776978,1047.6947021484375,382.099814414978,-84.79292392730713,0.9624874591827391,1047.586784362793,380.58305740356445,-84.91255760192871,0.9693915247917176,1047.399444580078,378.9244866371155,-84.99081373214722,0.9647271037101746,1045.2405166625977,380.5446910858154,-146.47364616394043,0.9619740843772888,1043.4653091430664,378.1556797027588,-146.5050745010376,0.9650230407714844,1041.4081192016602,375.50962686538696,-146.58535480499268,0.95717191696167,1030.7613372802734,363.7340641021729,21.52408003807068,0.9619856476783752,1023.36181640625,360.1749444007873,-257.01876640319824,0.9545732140541076,1022.9899978637696,401.2980043888092,-61.025354862213135,0.962805449962616,1019.5741653442384,398.9280152320862,-142.05512523651123,0.9598343372344972,972.6967620849608,407.1781897544861,194.00904178619385,0.9948691129684448,939.5987319946288,392.28291749954224,-373.8227462768554,0.9980696439743042,966.1371231079102,510.9837019443512,292.9372215270996,0.2716908454895019,907.1355056762696,512.5150072574615,-439.7411155700684,0.8967106938362122,985.0607299804688,606.4964890480042,195.3950786590576,0.4151962995529175,958.8980484008788,614.1260433197021,-395.9502124786377,0.828193187713623,987.223892211914,637.9248118400574,194.2750597000122,0.4052910208702087,963.471336364746,649.2925071716309,-440.244197845459,0.8078337907791138,986.2435913085938,638.0863881111145,147.45307445526123,0.4175623059272766,974.3247985839844,643.0004954338074,-436.54369354248047,0.8021734952926636,983.0322647094728,628.4071326255798,171.8316650390625,0.4107653200626373,972.2668075561523,630.7565546035767,-390.7872676849365,0.7679100632667542,852.2408294677734,568.0730724334717,188.8571834564209,0.990779995918274,825.8922958374023,575.2561354637146,-188.7282371520996,0.9961495399475098,902.0300674438477,729.4954919815063,288.1541061401367,0.4196347296237945,878.2866668701172,754.7079563140869,-254.5265865325928,0.9053988456726074,860.0847816467285,894.1511750221252,439.4425964355469,0.5564965009689331,824.6026611328125,939.7394371032716,-266.8148803710937,0.8879547715187073,841.2098121643066,926.4083003997804,447.5133991241455,0.5699950456619263,797.127571105957,965.8395409584044,-276.26752853393555,0.8783957362174988,938.1182670593262,931.078691482544,395.4572868347168,0.6521952152252197,901.0976028442384,980.560941696167,-395.974645614624,0.8603723049163818,24.229413356475163,15.249247579456599,86.66409283979142,86.00827678459176
rob_DTL_2_frame46.jpg,rob_DTL_2,FO,frame46,P7,1036.0014724731443,397.08308458328247,-105.01977682113647,0.9654583930969238,1045.5305099487305,382.0575857162476,-84.9903130531311,0.9661343693733216,1045.1325988769531,380.5326211452484,-85.10527610778809,0.9723544120788574,1044.6614456176758,378.8544487953186,-85.16608715057373,0.9681739807128906,1044.495506286621,380.5643892288208,-146.4880084991455,0.9656829237937928,1043.2047271728516,378.2559406757355,-146.52297019958496,0.968422532081604,1041.4054870605469,375.7523775100708,-146.6057252883911,0.9613690376281738,1028.5269927978516,363.7400507926941,6.184193640947342,0.965492844581604,1023.435287475586,360.9587180614472,-267.5505065917969,0.9589884281158448,1018.9284896850586,400.8035552501679,-61.21609926223755,0.9663787484169006,1018.0895233154296,398.8132059574127,-142.0543384552002,0.9637725949287416,940.363540649414,383.3283734321594,189.84054565429688,0.9953418970108032,950.7114028930664,416.5600097179413,-391.4451313018799,0.9982610940933228,934.7469520568848,498.8900399208069,246.51989936828613,0.2476680278778076,942.7667427062988,538.3559453487396,-412.1989917755127,0.9020242094993592,959.0687942504884,590.2426886558533,158.5552740097046,0.3770342469215393,975.4372787475586,635.4859757423401,-273.1178569793701,0.8290435075759888,969.7104263305664,620.8881068229675,160.26530742645264,0.3686860203742981,981.6374588012696,661.0811376571655,-307.43245124816895,0.808771550655365,976.6756439208984,622.0325946807861,122.90731430053712,0.3799329996109009,986.4704132080078,657.6447129249573,-294.0230369567871,0.8028790354728699,971.5811920166016,617.0688557624817,137.45769023895264,0.3740623593330383,983.7650299072266,649.7904968261719,-262.89856910705566,0.7627750039100647,840.8609962463379,568.3438897132874,196.2732553482056,0.991588056087494,830.1767349243164,581.5800762176514,-196.31815910339355,0.9965110421180724,879.4361686706543,729.4992899894714,396.1790084838867,0.4085995256900787,878.576831817627,753.4266114234924,-152.07598686218262,0.9137532711029052,853.5147857666016,896.6754341125488,633.7612152099609,0.5726029276847839,827.4306678771973,938.6500525474548,-82.56041765213013,0.8985517024993896,835.9102249145508,926.5512084960938,651.6794013977051,0.5794664621353149,799.6609497070312,965.8394122123718,-84.40123558044434,0.888382613658905,928.3015823364258,928.434247970581,601.8951988220215,0.6731176972389221,909.5463180541992,974.5792722702026,-204.7047758102417,0.8735891580581665,72.70414905700568,51.089500932981686,88.98014652664455,88.44109678750917
rob_DTL_2_frame47.jpg,rob_DTL_2,FO,frame47,P7,1033.6867904663086,395.95285534858704,18.385990262031555,0.9688642024993896,1042.925033569336,381.44497990608215,28.29593002796173,0.9694735407829284,1042.3877334594729,379.6946454048157,28.220567107200623,0.9750656485557556,1041.7832565307615,377.6945114135742,28.218310475349423,0.9713147878646852,1042.8894424438477,380.5222892761231,-29.07337367534637,0.9690744280815125,1042.1684646606443,378.2660472393036,-29.168150424957275,0.9715364575386048,1040.9710693359375,375.8872711658478,-29.281944036483765,0.9652001857757568,1025.841293334961,361.92299365997314,80.31855583190918,0.9687537550926208,1023.4008407592772,361.39503836631775,-176.9375467300415,0.9630343914031982,1017.5122833251952,399.0174293518066,45.82723617553711,0.9696549773216248,1017.4565505981444,398.4676194190979,-29.385536313056942,0.96735018491745,932.7199745178224,369.1145539283752,247.24648475646973,0.9957842230796814,962.8143310546876,419.30091619491577,-326.33520126342773,0.9984343647956848,917.1880531311036,469.8435187339783,367.8748512268066,0.2263688743114471,961.2067794799804,533.3145081996918,-285.36243438720703,0.9093518257141112,946.0068511962892,550.6402158737183,364.38294410705566,0.3437342047691345,979.76806640625,608.8678622245789,-45.24296879768372,0.8329572081565857,952.8045845031738,574.7730159759521,377.56258964538574,0.3372546732425689,980.130729675293,628.102777004242,-50.47576546669006,0.8125,962.8681182861328,581.7112684249878,348.9579963684082,0.3476344048976898,984.8930740356444,625.9298658370972,-55.01614809036255,0.8070951104164124,956.773738861084,568.3328175544739,348.48572731018066,0.3427242636680603,982.7922821044922,619.4246506690979,-37.85983443260193,0.7648912072181702,830.3934860229492,568.4102582931519,198.95841121673584,0.9923985600471495,839.351634979248,585.0582790374756,-199.0535545349121,0.9968557953834534,866.3409805297852,728.7309336662292,425.2984142303467,0.4126328825950622,879.1963005065918,753.3361029624939,-197.1033525466919,0.9220709800720216,848.2365989685059,896.6153740882874,651.9557762145996,0.5987436771392822,828.5296440124512,938.4378147125244,-160.5287790298462,0.90848571062088,829.5406723022461,916.943986415863,667.8334808349609,0.5978688597679138,800.8430671691895,965.7140135765076,-166.88663005828855,0.8983892202377319,919.7727584838868,928.3697462081908,631.0699081420898,0.6975654363632202,909.0979385375977,972.113528251648,-302.50757217407227,0.8859782218933105,59.050903312824055,61.71570825702149,86.99659167986067,88.7106480987956
tom_DTL_1_frame50.jpg,tom_DTL_1,FO,frame50,P7,485.7583791017532,327.68004167079926,-72.50766934454441,0.9715856909751892,488.4625611305237,322.0198268890381,-70.09365101158619,0.9718542695045472,487.8485498428345,320.69992768764496,-70.15435834228992,0.9768765568733216,487.2698528766632,319.2336339950561,-70.23156939446926,0.9736703634262084,489.47526347637177,323.9206449985504,-89.04449799656868,0.9717380404472352,489.5096411705017,324.02429938316345,-89.04302367568016,0.9738882780075072,489.4883762598038,323.9319268465042,-89.16825422644615,0.9682081341743468,482.4113584756851,314.419654071331,-43.4941790252924,0.9705039858818054,483.4882024526596,319.4446392059326,-154.250701546669,0.9651972651481628,479.2841330766678,326.62859654426575,-58.22395858168602,0.9719711542129515,479.85183334350586,328.5530564785004,-84.3678914308548,0.969904601573944,459.3319230079651,318.1816690564156,32.594570226967335,0.9958217144012452,463.1715055704117,339.83147752285004,-190.5878375172615,0.998508095741272,480.2238478660584,355.7904793024063,93.55482718348505,0.2512679100036621,466.4284712076187,389.7392154932022,-218.74903160333636,0.9165063500404358,513.2599446773529,383.1409131288528,51.43824058771133,0.3873330056667328,485.2011204957962,426.5151904821396,-199.02927857637405,0.846163272857666,519.3975251913071,373.4393709897995,53.72215877473354,0.375029444694519,490.0497976541519,434.8331468105316,-220.6571670770645,0.8263900279998779,527.6805374622345,387.3573594093323,27.474275462329388,0.3858241438865661,491.9357142448425,433.55537164211273,-210.5825947523117,0.8210656642913818,524.1502153873444,388.20885014534,39.33047135174274,0.3784657716751098,489.38728988170624,430.0021286010742,-197.01958841085437,0.7781007289886475,430.3765382766724,383.3840311765671,82.92898893356323,0.992566168308258,424.6759464740753,398.4567725658417,-83.08745241165161,0.996973752975464,456.37113976478577,449.08227479457855,58.573819264769554,0.4112978279590606,435.7033116817474,468.1952654123306,-146.0356467962265,0.9281979203224182,436.0631500482559,520.7664821147919,122.22490480542184,0.591947615146637,416.2893501520157,544.0572988986969,-157.7467673420906,0.9158004522323608,427.1323038339615,532.088143825531,126.53178638219832,0.5926876664161682,402.39004254341125,557.1432029008865,-162.67278563976288,0.9034155607223512,457.11336493492126,543.8517998456955,89.0640544295311,0.6976596117019653,439.89104211330414,569.3475440740585,-239.28007739782333,0.8944324851036072,79.94319086768934,69.28311259640135,89.01439285331158,88.03337807721717
tom_DTL_1_frame51.jpg,tom_DTL_1,FO,frame51,P7,484.0217331647873,321.9942020773888,14.827840324491262,0.9734864234924316,485.5535352230072,315.8933984041214,11.512603238224983,0.973124623298645,484.6435496807098,314.50255447626114,11.488291036337614,0.9773301482200624,483.7028982639313,312.9981412291527,11.447761304676533,0.9747922420501708,486.6083164215088,317.97412925958633,-6.778078626841307,0.9737150073051452,486.4630004167557,318.18813782930374,-6.811096910387278,0.9755159616470336,486.2108741998673,318.3024964928627,-6.92199619486928,0.9705767631530762,477.0297056436538,308.48923325538635,3.36037867795676,0.9689050912857056,479.92714512348175,314.4983189702034,-78.62327814102173,0.9668416380882264,477.6158609390259,321.39468544721603,16.24078393355012,0.972975254058838,478.5991115570069,323.87494003772736,-7.592808404937386,0.97163587808609,444.8348736763001,306.3372881412506,68.70931139588356,0.9956054091453552,461.3778641223908,332.8994172811508,-138.79347038269043,0.998632311820984,461.01462614536285,329.8034163713455,121.8885688483715,0.2398490905761718,477.54145109653473,369.7641068696976,-147.2655252814293,0.92350834608078,485.81995368003845,344.06105387210846,106.16349694132803,0.3716904520988464,497.05400133132935,399.67501962184906,-63.50909543037415,0.8549258708953857,490.8051702976227,345.7254537343979,114.5365295112133,0.3625718653202057,505.511781334877,400.8813302516937,-66.84094356000423,0.8351120948791504,493.93440771102905,345.3517665863037,98.21573656797408,0.372890830039978,504.85163247585297,402.3669147491455,-56.26581327617168,0.8297359347343445,492.5970078706741,346.482492685318,98.07132250070572,0.3655518889427185,502.5922790765762,401.1133589744568,-56.17741473019123,0.7866426706314087,415.6241018772125,387.0373091697693,78.16258755326271,0.9925475120544434,422.88709223270416,401.5955520868301,-78.35238468647003,0.99711012840271,434.4150674343109,446.3945381641388,123.8884244263172,0.4177813231945038,430.4002314805985,468.3856706619263,-102.9557389318943,0.9346181750297546,423.96317303180695,517.6346334218979,193.507166326046,0.6063091158866882,412.49240148067474,537.1591227054596,-117.87627393007278,0.9233422875404358,417.5749232769013,527.927182674408,198.69715744256973,0.6011978983879089,398.5716208219528,547.0990468263626,-120.95952120423316,0.9101641178131104,449.7509186267853,539.1417245864868,187.07484304904935,0.70831298828125,436.4917784929276,562.2874175310135,-165.0069825053215,0.9030110239982604,58.08519978768304,63.48576010321102,85.44178154536297,87.34312715990077
tom_DTL_1_frame51.jpg,tom_DTL_1,FO,frame51,P7,485.7974399328232,327.0518006086349,-166.83165407180786,0.9401143193244934,488.83363902568817,320.5674141049385,-163.61917823553085,0.9444814920425416,488.35065150260925,319.4390560388565,-163.68389225006104,0.9489794969558716,487.96288776397705,318.13338428735733,-163.80117881298065,0.9501102566719056,489.7261755466461,322.35358476638794,-188.6167398691177,0.9522778391838074,489.74955654144287,322.570500433445,-188.6538927555084,0.9521586894989014,489.7534418106079,322.5965487957001,-188.78059762716293,0.9509055614471436,482.3118331432343,313.6546639204025,-124.40107181668282,0.9499382972717284,483.1964256763458,318.19152623414993,-238.62580847740173,0.9479525089263916,480.1770511865616,327.2828667163849,-147.0575419664383,0.9503819346427916,480.5878143310547,329.31221318244934,-181.20553690195084,0.952851414680481,452.45260298252106,311.1756029725075,-25.92116079479456,0.9906573295593262,461.4196307659149,336.7391345500946,-256.6265900731087,0.9887262582778932,476.59171092510223,342.3351621627808,90.13023126125336,0.1703401505947113,474.7644549608231,387.3878935575485,-276.1160888671875,0.7672328948974609,511.9369064569473,360.92926478385925,111.07661059498788,0.1555795073509216,493.5946201086044,417.1931111812592,-223.6118448972702,0.6072142720222473,519.8447127342224,362.9864115715027,125.39997625350952,0.1573204547166824,498.2264159917832,425.6743655204773,-237.5463974475861,0.6007419228553772,523.4934661388397,365.0223423242569,98.91301229596138,0.1611729711294174,499.9508857727051,422.7255291938782,-235.57262867689133,0.5965908765792847,520.6034502983093,366.0017838478088,100.24012657999992,0.1617982536554336,498.1189466714859,421.0146542787552,-220.9807198047638,0.550562858581543,428.6080470085144,381.40231490135193,81.06242063641548,0.9909399747848512,423.4075448513031,399.77243626117706,-81.12181842327118,0.9920299649238586,487.4420535564423,421.2271611690521,36.33095249533653,0.3692561089992523,439.91674733161926,467.63074946403503,-110.87429040670396,0.8423101305961609,518.8526161909103,469.2219905853272,80.72808802127838,0.5469840168952942,417.03570342063904,538.1803032159805,-80.57440307736397,0.8425628542900085,516.9163298606873,479.59532248973846,82.56198710203171,0.5503543615341187,403.8522913455963,551.0206248760223,-80.74910143017769,0.8446575403213501,548.022592663765,474.47813808918,36.615045458078384,0.6275271773338318,440.8868851661682,563.1698659658432,-155.82964718341827,0.83399498462677,70.67044493706732,74.19341103737675,87.77415571943476,88.16341731173205
grant_DTL_1_frame324.jpg,grant_DTL_1,FO,frame324,P7,511.3179588317871,352.80043601989746,272.96302556991577,0.9755791425704956,502.68505454063416,337.30552911758423,262.7679169178009,0.9748704433441162,498.97729754447937,335.1275968551636,262.7393835783005,0.9785460829734802,495.18263697624207,332.8845834732056,262.7399951219559,0.976464867591858,510.5674660205841,342.0750224590301,225.9932380914688,0.9757828116416932,512.3579049110413,343.079434633255,225.9354794025421,0.9773436784744264,514.2445814609528,344.05362367630005,225.73255956172943,0.9730548858642578,481.6358184814453,330.0164759159088,230.7774567604065,0.9711224436759948,509.6886134147644,341.97099566459656,66.53977185487747,0.969791054725647,494.5621454715729,362.14067101478577,269.55696880817413,0.9753391146659852,505.5707681179047,368.36872816085815,221.26800119876864,0.974332630634308,444.29396510124207,359.1783857345581,302.8121817111969,0.9959864020347596,526.9489824771881,384.1989862918854,-100.71786850690842,0.998768150806427,489.8792338371277,445.2259576320648,344.6674847602844,0.2223176062107086,566.8260383605957,490.9593164920807,-152.8388088941574,0.9294914603233336,566.094696521759,528.4006261825562,373.2476556301117,0.3545166552066803,617.8752565383911,495.1006579399109,-146.53273165225983,0.8676003813743591,577.8740572929382,541.3168144226074,383.5975170135498,0.3478246331214905,630.3795862197876,499.5264637470245,-180.2921462059021,0.8492388725280762,589.5159816741943,550.6440138816833,359.241760969162,0.3568313121795654,632.9933881759644,568.3437609672546,-165.01609146595,0.844125509262085,588.1552648544312,548.9757227897644,361.3559317588806,0.3496160507202148,629.5467925071716,570.4803657531738,-139.65684056282043,0.803364634513855,430.81177711486816,514.0262603759766,156.09881937503815,0.993211030960083,479.17425870895386,482.4449551105499,-156.3977837562561,0.9973920583724976,522.373058795929,613.9747667312622,291.21525406837463,0.3925651013851166,549.6115350723267,686.2018704414368,-206.3362294435501,0.9381396770477296,548.4289383888245,805.5104970932007,468.4697985649109,0.5899421572685242,541.9030594825745,561.719970703125,-202.28105127811432,0.9299058318138124,540.2061867713928,851.4340138435364,482.1314585208893,0.5924573540687561,530.7420659065247,767.8755211830139,-205.4614645242691,0.9168142676353456,598.7350344657898,773.9083027839661,429.1119432449341,0.6909691095352173,608.3920168876648,969.6047830581664,-319.3771290779114,0.9099292159080504,16.841652402484062,33.14503895094199,78.42422737710014,81.20260503619353
grant_DTL_1_frame328.jpg,grant_DTL_1,FO,frame328,P7,671.667730808258,319.3240213394165,16.22463036328554,0.9778994917869568,682.9686713218689,309.2630338668823,39.90600362420082,0.9772265553474426,682.8985691070557,309.07963514328003,39.77808237075806,0.9805389642715454,682.8741073608398,308.63327264785767,39.715668708086014,0.9787112474441528,681.0958671569824,305.0363337993622,-27.218051925301552,0.9780622124671936,679.8015189170837,302.3368835449219,-27.204533591866493,0.9794538021087646,678.7449645996094,299.63778734207153,-27.362806722521785,0.9756098985671996,672.2139358520508,294.64112162590027,143.2699853181839,0.9734840393066406,667.8681778907776,286.7604160308838,-161.45674645900726,0.972407341003418,658.0303716659546,321.4069390296936,62.987930327653885,0.9773916602134703,654.9615812301636,318.3207678794861,-26.35868825018406,0.9765976071357728,582.7326107025146,305.9597969055176,335.87947368621826,0.99631929397583,604.5156669616699,321.3880133628845,-330.2158069610596,0.9988889694213868,573.7095737457275,460.3938496112824,400.7809281349182,0.2062906324863433,584.2066240310669,470.747766494751,-410.19458055496216,0.930407464504242,618.8530826568604,566.5707349777222,322.8893852233887,0.3335020840167999,642.1094441413879,590.2520227432251,-370.2563381195069,0.8706627488136292,629.1033911705017,604.206805229187,343.2372450828552,0.3286685049533844,652.9653739929199,629.7009015083313,-419.3969929218292,0.8528441786766052,641.9329333305359,610.2875447273254,293.3818244934082,0.337262749671936,660.0681638717651,627.3353862762451,-391.18419885635376,0.8474650979042053,631.1468482017517,593.2068729400635,299.2284393310547,0.3307631313800812,653.5987401008606,614.7643661499023,-355.8401942253113,0.801719605922699,466.8777894973755,515.3730404376984,231.72985553741452,0.9937663674354552,481.2725615501404,531.2929058074951,-231.94716274738312,0.9976394176483154,538.9802992343903,703.1684732437134,476.6652238368988,0.3886250555515289,539.1065669059753,755.8714985847473,-243.5368484258652,0.9438066482543944,520.8895182609558,871.9616031646729,775.6596994400024,0.6011812686920166,496.5644037723541,961.5306043624878,-269.52310860157013,0.9366925954818726,507.1804797649384,895.7256746292114,800.1076698303223,0.6006237268447876,471.1947405338288,989.9948072433472,-281.2092089653015,0.9240033626556396,588.7643623352051,907.0671701431274,754.570198059082,0.7050507664680481,589.3887805938721,1002.0825147628784,-430.3349018096924,0.9185450077056884,35.308676499648534,47.880054307352985,88.12694581868347,88.22183363924515
grant_DTL_1_frame330.jpg,grant_DTL_1,FO,frame330,P7,671.4941167831421,319.92024421691895,77.9942661523819,0.9796395897865297,682.8590440750122,309.8768949508667,94.63150441646576,0.978988528251648,682.7662825584412,309.5959389209748,94.4982522726059,0.9819762110710144,682.7091193199158,309.0812122821808,94.43342059850691,0.980488896369934,681.0963821411133,306.3045144081116,32.500630393624306,0.9798110127449036,679.8313879966736,303.7869501113892,32.46479071676731,0.980986714363098,678.8058614730835,301.1148262023926,32.25222297012806,0.9776286482810974,672.1793031692505,294.7988033294678,160.33021867275238,0.9748623371124268,667.5011229515076,286.7003881931305,-120.31955659389496,0.9741998314857484,657.8594613075256,321.83563113212585,110.44270008802414,0.978479504585266,655.2255749702454,319.0503394603729,28.362024798989296,0.9781224131584167,576.4111804962158,299.44708228111267,329.79142785072327,0.9964982271194458,612.2234344482422,323.87483954429626,-294.9726748466492,0.9989957213401794,554.258623123169,443.5735023021698,384.3538355827332,0.1882958114147186,589.9768280982971,478.21088433265686,-340.4505693912506,0.9316009879112244,586.5525698661804,560.8545398712158,321.8815290927887,0.3034792244434356,642.5160884857178,591.9428443908691,-231.10862374305725,0.8624482154846191,592.8781199455261,590.938560962677,341.22613549232483,0.2999872267246246,653.2520914077759,628.5723781585693,-260.5357986688614,0.8433106541633606,611.0787534713745,588.5059690475464,298.0094397068024,0.3077704906463623,660.144317150116,625.5292081832886,-237.13071942329407,0.837531328201294,603.4242224693298,587.9400658607483,299.4751167297363,0.3021433055400848,654.3331074714661,614.5171737670898,-217.3136150836945,0.7850801348686218,465.07193326950073,515.4179728031158,225.4728788137436,0.9941837787628174,483.015364408493,531.4293122291565,-225.6704556941986,0.9978412389755248,537.340589761734,702.9165172576904,406.0096263885498,0.3791272640228271,542.0170640945435,749.2115950584412,-191.407949924469,0.9482461810112,519.4686126708984,887.6600575447083,649.6784234046936,0.6034522652626038,496.7189633846283,960.2640008926392,-162.9797637462616,0.942266285419464,502.07347869873047,902.3019576072692,668.401186466217,0.5980023145675659,471.4159262180328,989.4518852233888,-167.13916182518005,0.9284330606460572,586.2739634513855,908.9847779273988,625.0204038619995,0.710932195186615,587.3910927772522,1000.4153180122375,-290.3701972961426,0.925548791885376,34.29813725172057,41.74327189144732,86.71932478004526,87.72236183506666
grant_DTL_1_frame332.jpg,grant_DTL_1,FO,frame332,P7,670.5547857284546,321.71831130981445,136.3880431652069,0.98137766122818,682.0990562438965,311.6407799720764,147.85662710666656,0.9807790517807008,681.9315576553345,311.0986304283142,147.7496874332428,0.9834805130958556,681.7563343048096,310.37076473236084,147.68729388713837,0.9822226762771606,680.7720708847046,309.01352405548096,88.6763647198677,0.9815616011619568,679.6602845191956,306.78187251091003,88.60600501298904,0.9825754165649414,678.716447353363,304.3047022819519,88.36918473243713,0.9796143770217896,671.5834665298462,294.98841404914856,187.01141774654388,0.976625680923462,667.1929049491882,287.20877408981323,-78.5355868935585,0.9762327075004578,656.867344379425,323.1288206577301,159.61814045906067,0.9798797965049744,655.2187514305115,320.91442108154297,81.63573503494263,0.979785978794098,565.9239792823792,293.18976759910583,329.9566733837128,0.9967433214187622,618.6362099647522,328.1089746952057,-257.8241819143296,0.999094009399414,533.9881718158722,431.778724193573,380.5641639232636,0.1719312518835067,598.1749892234802,483.5523319244385,-270.63442826271057,0.9327749013900756,561.463508605957,543.7850046157837,324.9459743499756,0.2760806679725647,643.3973550796509,592.1878480911255,-108.14187973737717,0.8491882085800171,565.8908271789551,570.8840489387512,343.0717742443085,0.2736280560493469,654.1817021369934,626.6136360168457,-122.98064053058624,0.8287142515182495,580.1387643814087,574.1695189476013,314.4020926952362,0.2806549370288849,660.8620762825012,623.6950278282166,-101.3698384165764,0.8226593732833862,578.5730838775635,568.1657695770264,308.3909404277801,0.2756843566894531,655.6657576560974,613.818211555481,-93.19953471422195,0.7637624144554138,459.399254322052,515.7174682617188,221.3734120130539,0.9945909976959229,486.4612519741058,532.9728484153748,-221.5832358598709,0.9980315566062928,533.1889808177948,702.6242637634277,402.3874533176422,0.3670223355293274,543.6023783683777,747.2614789009094,-173.38447093963623,0.9519866704940796,517.7064979076385,891.5087270736694,641.448655128479,0.6012013554573059,496.6781508922577,959.4221305847168,-150.85455894470215,0.9468892216682434,498.46195936203,906.4411425590516,660.1330518722534,0.5902280211448669,471.4209473133087,989.036808013916,-155.46960532665253,0.9312971830368042,585.1576066017151,910.1162624359132,626.1687541007996,0.7130420207977295,586.6460394859314,997.825527191162,-269.9251985549927,0.9313446879386902,33.52247460912478,32.52256343350892,84.8754190790296,86.5039164663083
grant_DTL_1_frame334.jpg,grant_DTL_1,FO,frame334,P7,670.0417327880859,321.75024032592773,188.69815170764923,0.9829427003860474,681.4577078819275,311.751276254654,196.9391852617264,0.9824137091636658,681.3294768333435,311.18199348449707,196.85422897338867,0.9848060607910156,681.1863112449646,310.4303741455078,196.80287539958957,0.9837788939476012,680.1883363723755,309.3028163909912,136.3433200120926,0.9831901788711548,679.1278553009033,307.1898365020752,136.2194985151291,0.9840492606163024,678.1874942779541,304.8588252067566,135.95902919769287,0.9814782738685608,671.4454507827759,294.993177652359,224.3133920431137,0.9781514406204224,666.4122533798218,287.5700354576111,-46.46043196320534,0.9782439470291138,656.70325756073,323.204265832901,207.94286727905276,0.9812442660331726,655.2474617958069,321.197372674942,128.45660358667374,0.9814078211784364,560.8211302757263,288.44589471817017,357.4769103527069,0.996989130973816,620.7609701156616,333.7872862815857,-230.97286105155945,0.9991829991340636,542.0028376579285,413.2485008239746,425.2682626247406,0.1571108251810073,602.4791622161865,484.6251082420349,-205.25006353855133,0.9329894185066224,576.8635296821594,504.31832671165466,396.681718826294,0.2510163187980652,643.6824631690979,588.1282925605774,41.2083300948143,0.8311013579368591,583.1052017211914,527.1839118003845,411.3821017742157,0.249403104186058,654.0733623504639,618.4760499000549,45.57953551411629,0.8091601729393005,597.2020554542542,526.2859404087067,394.204226732254,0.2557598054409027,660.8522272109985,616.9624471664429,58.20423871278763,0.8028225898742676,592.3632645606995,520.9764862060547,384.7453200817108,0.2513716518878937,655.9474539756775,607.295937538147,56.03013262152672,0.7394453883171082,455.7466650009155,515.5498087406158,221.02333545684812,0.9949421286582948,489.48617219924927,534.3703544139862,-221.23180747032168,0.9982051849365234,529.1545307636261,700.6391286849976,404.9618589878082,0.3535036742687225,543.830258846283,746.1937236785889,-186.00047171115875,0.9547342658042908,515.1181554794312,889.0382838249207,642.1747183799744,0.5954264998435974,496.4576733112335,958.00386428833,-172.7384877204895,0.950470507144928,497.01926350593567,905.9676790237428,660.5351901054382,0.582689106464386,471.3853490352631,987.8635454177856,-177.61865437030792,0.9329456090927124,579.3368053436279,908.729603290558,632.6212477684021,0.7110464572906494,583.3238768577576,993.9079785346984,-284.9668550491333,0.9360222220420836,37.10562232497839,29.15361812807384,84.18387805456021,85.63737338396565
grant_DTL_1_frame336.jpg,grant_DTL_1,FO,frame336,P7,669.6277499198914,322.2455906867981,288.0429518222809,0.9843795895576476,680.5495977401733,312.1866631507873,290.3700363636017,0.983854115009308,680.2896595001221,311.37794494628906,290.3266489505768,0.9859493374824524,680.0064826011658,310.4803919792176,290.2779185771942,0.9851555228233336,679.8514723777771,310.8954691886902,232.46596097946167,0.9846526384353638,678.9853978157043,309.3359684944153,232.31149792671204,0.9853883385658264,678.1601357460022,307.66339659690857,232.0324409008026,0.9831792712211608,670.7668948173523,294.9714195728302,286.02859139442444,0.9792854189872742,666.5819406509399,291.27599000930786,27.657570764422417,0.98002290725708,656.5647912025452,323.367612361908,294.982008934021,0.9823665618896484,655.4985809326172,322.28617787361145,219.10471379756927,0.9827961921691896,552.7918839454651,283.043292760849,409.4850933551788,0.9972118139266968,624.2550730705261,342.50905752182007,-175.16226053237915,0.9992635846138,546.3124823570251,388.9218735694885,552.1285843849182,0.1439888328313827,608.8956713676453,485.14936208724976,-101.38771802186966,0.9332430958747864,578.4866309165955,458.68693470954895,628.7255215644836,0.2289713323116302,643.676347732544,578.4163355827332,209.46244060993195,0.8118398785591125,586.6910362243652,477.6741099357605,659.0890502929688,0.2281057983636856,653.010950088501,610.0937819480896,232.05471396446228,0.7887314558029175,601.2596797943115,474.0686738491058,645.3001570701599,0.2338656336069107,659.5007157325745,608.0256700515747,234.8242825269699,0.7816134691238403,601.5026879310608,470.1615858078003,621.1938786506653,0.229895606637001,655.4105186462402,598.0210733413696,223.43539237976077,0.716183066368103,446.6063725948334,515.5076766014099,217.57382690906525,0.9953086972236632,495.1938056945801,537.1707737445831,-217.7981185913086,0.9983685612678528,524.440108537674,697.5933194160461,381.525993347168,0.3391351103782654,544.0713357925415,746.5585255622864,-206.86748385429385,0.9565595984458924,513.8006007671356,883.0503058433533,589.6007609367371,0.5852088332176208,496.1684775352478,956.6280198097228,-244.2451608181,0.9525906443595886,496.3425099849701,906.1347270011902,604.667329788208,0.5725142359733582,471.35284066200256,986.5385556221008,-251.60064697265625,0.9325301051139832,572.1601152420044,905.2157378196716,580.7074999809265,0.7014828324317932,579.5087456703186,990.3068232536316,-308.77164244651794,0.93858003616333,39.76443181863221,24.030086320100445,83.0311358779668,83.63214995280674
grant_DTL_1_frame338.jpg,grant_DTL_1,FO,frame338,P7,669.7284936904907,322.0563340187073,322.1402442455292,0.9856103658676147,680.5313801765442,311.72401428222656,323.7734520435333,0.9850980639457704,680.2213597297668,310.64653873443604,323.73122334480286,0.9869182705879213,679.869110584259,309.3932604789734,323.69044303894043,0.986342191696167,679.9457144737244,310.7743835449219,266.7460566759109,0.9859179854393004,679.2313027381897,309.1445231437683,266.58124566078186,0.9865394830703736,678.6284494400024,307.4745583534241,266.2813478708267,0.9846760630607604,670.431318283081,293.7796175479889,311.18582367897034,0.9799116253852844,667.4721550941467,292.13472604751587,57.129245549440384,0.9815122485160828,656.7908048629761,323.0299758911133,325.623242855072,0.9832088351249696,656.6950178146362,322.2431445121765,250.99240243434903,0.9839068055152892,550.1848411560059,278.3732557296753,430.28111815452576,0.9974147081375122,627.4703764915466,346.4779758453369,-153.97190272808075,0.9993362426757812,546.1061668395996,390.4107892513275,563.7896275520325,0.1323055028915405,616.7483425140381,484.3658137321472,-53.71409609913826,0.9337740540504456,583.5135197639465,473.0733704566956,622.8529644012451,0.210060566663742,641.3582110404968,569.2433738708496,302.2199821472168,0.7963718771934509,590.4806756973267,496.4394557476044,652.661919593811,0.2100259363651275,648.2922148704529,600.3377938270569,334.7181522846222,0.7723093628883362,603.7777590751648,494.34005856513977,638.7178230285645,0.2152770459651947,652.5848007202148,596.8971848487854,334.6285128593445,0.7644768357276917,603.1317114830017,488.4630918502808,614.9154496192932,0.2116483598947525,648.7761068344116,585.4614472389221,316.7053270339966,0.6988463997840881,441.46235704422,515.0779545307159,216.80901110172272,0.9956527352333068,498.4886419773102,538.1705832481384,-217.08626568317413,0.998519003391266,504.492005109787,697.9258704185486,389.3070495128632,0.3280450999736786,544.0131425857544,746.3935375213623,-227.76298105716705,0.9587799310684204,513.9990949630737,876.4232325553894,592.3043632507324,0.5790929794311523,495.8088254928589,955.4591989517212,-287.0314586162567,0.9547868967056274,496.7822420597077,905.7302713394164,606.9644808769226,0.5649304389953613,471.071240901947,985.235517024994,-296.2953794002533,0.932578146457672,570.4320859909058,894.3168067932129,589.1742253303528,0.6948553919792175,579.5041751861572,989.1724419593812,-374.8233461380005,0.9411237239837646,41.38679721542117,22.04534357405643,82.46460957477454,82.51260549996636
grant_DTL_1_frame340.jpg,grant_DTL_1,FO,frame340,P7,670.1889538764954,322.0379877090454,359.1810250282288,0.986643135547638,680.5446410179138,311.33262634277344,356.8379759788513,0.986161470413208,680.2061676979065,309.69916105270386,356.8097805976868,0.987734079360962,679.7224688529968,307.6483654975891,356.76977276802063,0.9873680472373962,680.6075978279114,310.8296799659729,305.481151342392,0.9870066046714784,680.3748250007629,309.5142495632172,305.3276538848877,0.98751562833786,680.334141254425,308.24577927589417,305.0349819660187,0.985984742641449,669.7298455238342,291.1909532546997,323.82797598838806,0.9803906083106996,670.8583688735962,295.5966103076935,95.03509104251862,0.9827214479446412,657.2727656364441,322.6564836502075,354.6983778476715,0.9839677810668944,658.45458984375,322.4016308784485,287.48091101646423,0.9848327040672302,544.1981506347656,277.00021147727966,419.7346615791321,0.9976017475128174,630.4776263237,353.4292960166931,-111.96897625923155,0.9994015693664552,543.9102101325989,393.7167298793793,544.2354869842529,0.1233181282877922,624.5372843742371,484.569103717804,16.458412036299706,0.9332236647605896,575.8997368812561,485.3648507595062,605.7886433601379,0.1936442553997039,637.1699094772339,564.1485071182251,398.03181409835815,0.7724802494049072,590.6969690322876,508.4260332584381,635.191855430603,0.1941263824701309,642.535400390625,592.3640370368958,437.9571175575256,0.7468514442443848,602.3298168182373,507.406268119812,625.1446437835693,0.1989118009805679,644.2686438560486,588.2714581489563,437.8074824810028,0.7379010915756226,601.6286015510559,500.7923913002014,600.0863528251648,0.1955340057611465,639.9400734901428,576.3060593605042,412.9501962661743,0.6736356616020203,438.3897042274475,514.4705951213837,209.58425045013428,0.9959939122200012,504.1202831268311,539.01123046875,-209.912343621254,0.9986575841903688,498.5720694065094,698.010778427124,386.95968747138977,0.3197531700134277,543.9568161964417,745.9344935417175,-220.91314494609836,0.9609094262123108,514.1325080394745,874.491012096405,593.058750629425,0.5742416381835938,495.6990051269531,954.2601227760316,-268.5059827566147,0.9566931128501892,497.02183842659,906.141357421875,608.9991188049316,0.559127926826477,471.0933530330658,984.0444231033324,-277.49070167541504,0.9324827194213868,567.8339910507202,892.1388101577759,596.4256525039673,0.6865593791007996,578.7067866325378,987.7569437026978,-354.1855823993683,0.9427501559257508,41.53553666592479,20.47321227697409,80.78296095304384,81.09477882168379
grant_DTL_1_frame344.jpg,grant_DTL_1,FO,frame344,P7,671.5214109420776,320.28594732284546,365.2078521251679,0.9875820875167848,680.8984994888306,307.5219690799713,356.6924285888672,0.9871457815170288,680.3987717628479,305.3155517578125,356.6829979419708,0.9885041117668152,679.7970128059387,302.7565312385559,356.6472065448761,0.988287627696991,681.5372729301453,308.8158667087555,309.0350568294525,0.9880004525184632,681.533796787262,308.012877702713,308.88303995132446,0.988423764705658,681.6830134391785,307.2030007839203,308.60697627067566,0.9871822595596312,669.418215751648,286.6819131374359,306.43213391304016,0.9810086488723756,672.2957539558411,295.2925443649292,94.87036854028702,0.9839372038841248,659.1439604759216,320.8675253391266,354.86584424972534,0.9847654104232788,661.0219144821167,321.90731048583984,292.93481826782227,0.985779106616974,543.2944822311401,270.505553483963,402.52389192581177,0.9977743625640868,639.9089169502258,358.4256720542908,-106.5554067492485,0.9994600415229796,543.9756774902344,384.98762011528015,536.5065407752991,0.1169602200388908,623.6110854148865,485.9227395057678,45.033129304647446,0.9262382984161376,580.9489631652832,459.44891810417175,635.8781361579895,0.1776740998029709,621.713433265686,535.6174850463867,441.33341789245605,0.7326534986495972,594.3326282501221,479.12768483161926,666.5438318252563,0.1783351898193359,625.6060695648193,547.4986839294434,487.0518743991852,0.7091598510742188,602.8395867347717,474.2893445491791,661.381824016571,0.1826605349779129,627.0312881469727,539.1919577121735,480.9697186946869,0.6993874907493591,605.1803827285767,469.3961262702942,632.9729175567627,0.179775133728981,620.8389902114868,529.471310377121,454.5698618888855,0.6380526423454285,436.4211773872376,514.5801258087158,200.31237959861755,0.996308982372284,506.38978600502014,541.7440581321716,-200.5846291780472,0.9987829327583312,494.486346244812,698.1431937217712,381.19685411453247,0.3142565786838531,542.8457379341125,745.605354309082,-215.6505221128464,0.9631057381629944,509.84594106674194,875.2085781097412,574.4698190689087,0.5739648938179016,495.5450248718262,953.2038903236388,-269.0053403377533,0.9585092067718506,496.8958282470703,909.2008137702942,589.3892955780029,0.5579712390899658,470.8441972732544,983.9635705947876,-277.5020635128021,0.9324318170547484,581.7833018302917,896.9764423370361,585.8497452735901,0.6808854341506958,578.7902784347534,984.5319199562072,-350.990492105484,0.943992555141449,42.30251324233868,21.217719782415784,79.25405095315773,80.09987795360966
grant_DTL_1_frame344.jpg,grant_DTL_1,FO,frame344,P7,516.3895225524902,282.34124064445496,177.45287775993347,0.942659556865692,483.82932901382446,272.489755153656,154.9829775094986,0.9459712505340576,480.5565404891968,270.10196685791016,154.88406836986542,0.9492174983024596,477.8408682346344,267.80560433864594,154.85056221485138,0.9502376914024352,499.4110429286957,285.1251804828644,121.08959466218948,0.9535747766494752,520.055855512619,271.2489974498749,120.9650892019272,0.9528202414512634,522.3422241210938,273.3254134654999,120.70461183786392,0.9528915882110596,467.0326066017151,261.700097322464,90.98771810531616,0.948958933353424,519.1144323348999,277.34917759895325,-60.72247892618179,0.9515776634216307,500.6117606163025,297.61715054512024,165.33652424812317,0.9543455243110656,518.3973491191864,297.3856329917908,120.92689990997314,0.9570353031158448,435.0978934764862,270.1368570327759,204.6431064605713,0.9914987683296204,555.3065514564514,373.6912500858307,-219.71196055412287,0.9898523688316344,462.30637192726135,400.04414677619934,315.6403398513794,0.1566352397203445,570.0670909881592,488.8039469718933,-112.60459542274477,0.7875586748123169,535.9222269058228,489.492416381836,345.95620036125183,0.1455180197954177,576.9579005241394,549.2811727523804,185.6456959247589,0.6182805895805359,543.0804419517517,510.6026458740234,361.4798820018768,0.1483478248119354,584.4475722312927,587.5835037231445,203.00091862678528,0.6043509244918823,546.2492680549622,505.4865682125092,338.0855369567871,0.1518438458442688,582.9402780532837,588.3827590942383,204.34013485908508,0.5989935398101807,542.8169631958008,501.1101365089417,334.4649088382721,0.1520164608955383,576.2739372253418,576.5842151641846,195.76286494731903,0.5552088022232056,403.9544856548309,516.3604259490967,161.010400056839,0.9916165471076964,473.3829402923584,565.7606649398804,-161.22043311595917,0.9928155541419984,490.6767511367798,675.5274081230164,400.7920968532562,0.3512641787528991,530.3010785579681,762.2703051567078,-152.3884552717209,0.8562493324279785,532.1215796470642,880.0489139556885,630.1998567581177,0.5332148671150208,529.5665180683136,971.1335778236388,-220.7355237007141,0.8566783666610718,526.539055109024,912.9383754730223,648.5170698165894,0.5356515645980835,512.5975978374481,997.4835777282716,-225.3526622056961,0.8564426898956299,591.9373083114624,942.1466016769408,638.6470770835876,0.6132789850234985,608.1945848464966,1028.6323285102844,-314.73174691200256,0.8471620082855225,40.74343065204678,35.43288841779895,74.18396543126205,77.8408287965885
rob_DTL_1_frame924.jpg,rob_DTL_1,FO,frame924,P7,906.958351135254,500.6080913543701,16.16859197616577,0.9886528253555298,914.9828338623048,489.9374270439148,34.55867528915405,0.9882426261901855,914.8669624328612,489.2934393882752,34.46116805076599,0.989470362663269,914.8568344116212,488.6715316772461,34.37766194343567,0.9893205165863036,914.0337181091307,488.0974531173706,-9.97032254934311,0.9890446662902832,913.0546188354492,486.239937543869,-10.007945001125336,0.9894289970397948,912.0833587646484,484.4020879268646,-10.118281245231628,0.9883476495742798,906.2479591369628,477.60857820510864,111.25236511230467,0.9823331832885742,902.3617172241212,473.6661815643311,-88.74632835388184,0.9852299094200134,897.2620582580566,503.2442307472229,48.22575330734253,0.985870122909546,895.5008697509766,500.351951122284,-10.46213686466217,0.9869565963745116,854.6445465087891,504.1476094722748,241.5219497680664,0.9977156519889832,847.5190544128418,493.9671456813812,-207.9920482635498,0.9995064735412598,833.0132102966309,587.4382138252258,301.0221290588379,0.1138543635606765,814.3562507629395,585.9170150756836,-267.11339950561523,0.9311038255691528,854.5782852172852,669.6557521820068,225.5663537979126,0.1755188852548599,854.0894508361816,672.7484250068665,-221.38170719146729,0.7531118988990784,861.2123680114746,693.9756202697754,233.25191974639893,0.177601933479309,859.2608642578125,697.4121737480164,-250.8281707763672,0.7302883267402649,864.4240951538086,697.0047569274902,195.73150634765625,0.1822360754013061,864.5218276977539,699.291672706604,-233.73982429504397,0.7207579612731934,861.837272644043,689.2603611946106,206.42651081085205,0.179791659116745,860.716552734375,690.2097344398499,-211.31841659545896,0.6593402028083801,761.1506080627441,628.6576724052429,146.9407081604004,0.995919704437256,746.806526184082,632.3759865760803,-146.73633098602295,0.9987797141075134,804.0919876098633,755.6051874160767,212.96359062194824,0.3289347887039184,789.4384002685547,774.0597724914551,-214.8389768600464,0.966457724571228,770.2912330627441,885.7685208320618,335.9788227081299,0.5854144096374512,754.2161178588867,933.6581182479858,-280.92392921447754,0.9624487161636353,754.6042442321777,908.7767243385316,343.1316661834717,0.5680873394012451,734.0711402893066,957.5908470153807,-293.3736991882324,0.9383620619773864,821.2223052978516,919.8589253425598,299.7664260864258,0.6916019916534424,811.6496086120605,970.1841402053832,-395.1167106628418,0.9491416811943054,55.011124650577074,14.532501796243547,89.09184933898317,87.20372168810388
rob_DTL_1_frame925.jpg,rob_DTL_1,FO,frame925,P7,907.6235389709472,499.5492839813232,-47.15978264808655,0.989559769630432,914.9833488464355,488.68459939956665,-30.41638970375061,0.9890984892845154,914.8558616638184,487.7382516860962,-30.490583181381226,0.9902155995368958,914.8069953918456,486.7214155197144,-30.537668466567997,0.990157186985016,914.1332244873048,487.6501250267029,-77.42549657821655,0.9898946285247804,913.2406997680664,486.026508808136,-77.4588131904602,0.9902501106262208,912.3628807067872,484.3159568309784,-77.57616519927979,0.989316463470459,905.987548828125,476.2321865558624,48.80738496780396,0.9831807613372804,902.3578262329102,473.4890270233154,-163.28362941741943,0.9862385988235474,897.7673721313477,501.32556080818176,-12.769448161125185,0.986796498298645,896.5092086791992,499.60384011268616,-74.8609471321106,0.9880164861679076,851.0296440124512,503.1440985202789,192.6020908355713,0.9976716637611388,848.5337448120117,494.31830048561096,-272.15609550476074,0.999550759792328,833.0443382263184,587.3748064041138,242.5147533416748,0.1111265495419502,828.6848258972168,588.0058550834656,-333.808650970459,0.9356483817100524,854.9958229064941,671.0380983352661,179.03642177581787,0.1692347526550293,857.5549507141113,679.9871706962585,-298.5017681121826,0.7722820043563843,861.1018180847168,694.6063470840454,190.32536029815677,0.1714863032102584,861.6331672668457,703.7558126449585,-333.49757194519043,0.750163197517395,864.6398162841797,697.5111794471741,153.0280637741089,0.1759697794914245,866.169261932373,704.7065377235413,-313.4480953216553,0.740814208984375,861.906623840332,690.1185178756714,160.36861896514893,0.1741374731063842,863.7728118896484,697.2371435165405,-288.08847427368164,0.6792289018630981,761.3289642333984,628.6091995239258,148.2791805267334,0.9957019686698914,750.6185531616211,632.8484845161438,-148.1958532333374,0.9987897276878356,798.3756065368652,756.2955236434937,220.46629428863525,0.336911678314209,789.3768310546875,774.9969148635864,-181.68843269348145,0.9692202210426332,769.7847175598145,885.7658815383911,356.6135787963867,0.5946609377861023,755.4137420654297,933.3722376823424,-191.94037914276123,0.9658827185630798,754.9417877197266,908.7708020210266,365.4626941680908,0.5766839385032654,735.6722259521484,957.2585535049438,-200.1697540283203,0.9433873891830444,820.536060333252,911.6621804237366,318.1892395019531,0.701130747795105,813.2658576965332,966.9911742210388,-306.4072322845459,0.9536167979240416,74.20931625236352,21.594141619312968,89.69230640849968,87.93104129558752
rob_DTL_1_frame926.jpg,rob_DTL_1,FO,frame926,P7,908.024196624756,498.27775597572327,-39.49394702911377,0.9904221892356871,914.9513053894044,487.3591268062592,-22.376373410224915,0.9899269938468932,914.7644805908204,486.1449873447418,-22.44388461112976,0.9909489750862122,914.62984085083,484.772264957428,-22.47132897377014,0.9909501075744628,914.1850090026855,487.0755636692047,-70.47077178955078,0.9907106757164,913.3736228942872,485.7166814804077,-70.50698518753052,0.9910469651222228,912.604808807373,484.17282342910767,-70.62996625900269,0.9902343153953552,905.621166229248,474.44570660591125,58.24629306793213,0.9840582013130188,902.4068069458008,473.3618903160095,-158.78216743469238,0.9872779846191406,898.1750106811523,499.5327723026276,-4.491303563117981,0.9876819849014282,897.4627304077148,498.7689220905304,-67.99140214920044,0.9890156984329224,847.4646949768066,499.6837270259857,203.57285499572757,0.9975948333740234,850.6468963623047,494.5784640312195,-272.49953269958496,0.9995918869972228,828.0994606018066,584.7649312019348,250.20255088806152,0.1056880131363868,832.2922325134277,589.0467023849487,-337.0858955383301,0.9401178359985352,853.6622428894043,669.380042552948,185.0214099884033,0.1603560149669647,860.0785446166992,679.2136645317078,-302.4092674255371,0.7901875972747803,858.464183807373,693.3293151855469,197.61500358581543,0.163177341222763,863.4675407409668,703.1828284263611,-338.2626342773437,0.7687939405441284,863.6183738708496,696.4333820343018,159.95161056518555,0.1674248427152633,867.6973342895508,704.2873406410217,-314.6250915527344,0.7595766186714172,861.1241340637207,689.1114664077759,166.06345653533936,0.1661974489688873,865.7021141052246,696.5584588050842,-290.61856269836426,0.6981530785560608,760.7681465148926,628.6644959449768,152.0322561264038,0.9956337809562684,752.9944038391113,634.3396854400635,-152.02121257781982,0.9988314509391784,793.8076972961426,757.1543884277344,229.6603202819824,0.3475666344165802,789.2298316955566,775.7554221153259,-175.6248950958252,0.9719282388687134,769.5311737060547,886.8340229988098,369.9551296234131,0.6111583709716797,756.1299705505371,933.3652210235596,-184.57767963409424,0.9691213965415956,754.9422454833984,910.5773663520812,379.2170906066895,0.5931198596954346,736.6934394836426,957.2919631004332,-193.08873653411865,0.9483864903450012,819.7282218933105,911.3174629211426,330.4669189453125,0.7165728807449341,816.1149787902832,966.1106157302856,-301.3234806060791,0.957919180393219,58.06397758888405,36.13116226097375,89.61702464098654,88.5354364247461
rob_DTL_1_frame927.jpg,rob_DTL_1,FO,frame927,P7,908.045253753662,497.9455590248108,-30.23398160934448,0.9911982417106628,914.6931266784668,487.0111906528473,-13.089840710163116,0.990683138370514,914.391918182373,485.717453956604,-13.155560195446014,0.9916141033172609,914.1494178771972,484.2442131042481,-13.172450959682465,0.9916614890098572,914.161491394043,486.9901406764984,-60.53999662399292,0.9914560317993164,913.3735084533693,485.7055449485779,-60.581116676330566,0.9917750954627992,912.6226043701172,484.18370246887207,-60.70429801940918,0.9910711050033568,904.9139785766602,473.784853219986,66.54261589050293,0.984874427318573,902.3234367370604,473.3613431453705,-147.67882347106934,0.9882540106773376,898.172492980957,499.1170513629913,4.179304540157318,0.9884983897209167,897.5881004333496,498.6624491214752,-58.52847218513489,0.9899300336837769,843.4762573242188,496.7183518409729,208.99814128875727,0.99751877784729,851.6905403137207,495.2917492389679,-263.0633068084717,0.9996296763420104,824.0758895874023,582.9206442832947,248.00451278686523,0.0990887358784675,836.1160469055176,589.7582817077637,-320.6517219543457,0.9439024925231934,845.5200004577637,663.7430906295776,182.8789329528809,0.149163082242012,861.6367721557617,679.1411805152893,-275.9948444366455,0.8046569228172302,851.3472747802734,687.0840382575989,194.89040851593015,0.152421697974205,864.7400665283203,701.8250727653503,-309.1105270385742,0.783687174320221,858.9890098571777,692.1137595176697,160.15312671661377,0.1563064306974411,868.7164878845215,702.8192496299744,-287.6480770111084,0.774420440196991,855.9881401062012,685.6982803344727,165.08249759674072,0.1555420011281967,866.513843536377,696.0691595077515,-264.680871963501,0.7123315334320068,759.1084098815918,629.6049857139587,153.12835693359375,0.995656669139862,754.1119194030762,636.011323928833,-153.122878074646,0.9988860487937928,791.004638671875,758.3958220481873,235.3048038482666,0.3548358380794525,789.2354965209961,776.5067195892334,-170.13909816741943,0.9743115305900574,769.310131072998,888.7605786323547,376.09691619873047,0.6247392296791077,756.829662322998,933.0084657669069,-179.37665462493896,0.9720100164413452,755.01708984375,910.9945034980774,385.4062557220459,0.6075092554092407,736.7120933532715,957.3541474342346,-188.0332946777344,0.9528207778930664,819.7397804260254,911.5517807006836,338.1584644317627,0.7303779125213623,816.2640953063965,963.9626812934875,-295.1062488555908,0.9617669582366944,9.852479936268612,52.04828997596536,89.00310382176549,89.0653019883303
rob_DTL_1_frame928.jpg,rob_DTL_1,FO,frame928,P7,907.2170448303224,496.4879286289215,61.45479440689087,0.991947054862976,913.2836151123048,485.6078910827637,73.15079927444458,0.9914787411689758,912.7813911437988,484.0200340747833,73.09314250946045,0.9923242330551147,912.3188209533693,482.21237540245056,73.08840036392212,0.992395281791687,913.6122894287108,486.4864218235016,28.96554708480835,0.9922075271606444,913.1124687194824,485.508885383606,28.90166938304901,0.9924933314323424,912.5509643554688,484.171085357666,28.753087520599365,0.9918798804283142,902.89644241333,471.4302492141724,117.8234052658081,0.9860471487045288,902.2642135620116,473.4744143486023,-80.35218715667725,0.9892635941505432,897.341480255127,497.449404001236,82.87635326385498,0.9893233180046082,897.4152374267578,497.8698885440826,24.83226478099823,0.9907713532447816,835.9887313842773,484.4508826732636,233.3893060684204,0.9975784420967102,854.0942573547363,497.7166485786438,-210.72073459625244,0.9996655583381652,787.3707962036133,553.1293272972107,253.20802688598636,0.0916638001799583,838.6481666564941,588.1084656715393,-240.64650535583496,0.9480394721031188,771.7869758605957,610.6621956825256,211.06012344360352,0.1367010474205017,861.8010520935059,674.8095202445984,-164.98344898223877,0.8173419833183289,764.1266441345215,628.9779281616211,221.504487991333,0.1401479840278625,864.6232223510742,695.9503269195557,-185.08802890777588,0.7965870499610901,770.994815826416,630.4682278633118,202.10832595825195,0.1436175256967544,868.8298988342285,695.6141066551208,-170.50825595855713,0.7877061367034912,774.3118858337402,624.3166780471802,200.1692533493042,0.1430081874132156,866.5593338012695,690.1113724708557,-154.52306270599365,0.7247995734214783,756.0732650756836,629.6501755714417,152.83287048339844,0.995880365371704,754.5456504821777,637.6015305519104,-152.813401222229,0.9989661574363708,788.8237380981445,759.2266845703125,202.4711036682129,0.3654602468013763,789.2354965209961,777.2113466262817,-178.02446365356445,0.9765114784240724,769.299144744873,891.4514994621277,292.1521854400635,0.6373308300971985,757.1133613586426,932.9560661315918,-206.9326686859131,0.9745343327522278,755.5254364013672,912.3791027069092,295.6834030151367,0.6170744895935059,736.6837692260742,957.255527973175,-215.46380996704104,0.9562857747077942,818.5598945617676,911.6906332969666,253.573637008667,0.7445732355117798,816.10107421875,963.835995197296,-324.2914867401123,0.9651889204978944,36.229918369138154,79.12484185188754,87.6654522865379,89.71363910425164
rob_DTL_1_frame929.jpg,rob_DTL_1,FO,frame929,P7,905.2215385437012,496.35377526283264,93.05467128753662,0.9926182627677916,910.8827018737792,485.6272029876709,103.03555727005003,0.9921855330467224,910.2652359008788,484.057434797287,102.9760479927063,0.992952287197113,909.7220993041992,482.27555751800537,102.96896696090698,0.9930474758148192,911.9134712219238,486.4927303791046,59.155415296554565,0.9928783774375916,911.740951538086,485.5464792251587,59.0863037109375,0.993134617805481,911.4942741394044,484.3302154541016,58.92380475997925,0.9926032423973083,900.1374435424805,471.1160123348236,138.22083950042725,0.9870612621307372,900.582332611084,473.6012613773346,-58.04507732391357,0.9901649951934814,895.2178573608398,497.3253571987152,110.93288898468018,0.9900605082511902,895.8572387695312,497.7960205078125,53.36993336677551,0.991527020931244,827.7555656433105,479.221476316452,245.03960609436035,0.997655749320984,855.9719467163086,498.7041628360748,-191.8608570098877,0.999698042869568,782.3874664306641,544.3597269058228,273.1779956817627,0.0863024145364761,840.9765243530273,586.7671895027161,-218.90630722045896,0.9515926837921144,768.5248947143555,603.6871218681335,242.08531379699707,0.1261044591665268,861.9345474243164,668.0269861221313,-142.0262575149536,0.8290231227874756,761.4847755432129,622.4754166603088,253.0026626586914,0.1295914053916931,863.5434722900391,687.3851108551025,-159.72448825836182,0.8083887100219727,767.468090057373,623.8791990280151,234.47761058807373,0.1326757669448852,867.0061683654785,687.4546980857849,-148.39749813079834,0.7999199032783508,770.581111907959,617.3862791061401,231.36603355407715,0.1322288960218429,866.2216758728027,681.1334609985352,-132.76546955108645,0.7366665601730347,753.4992027282715,629.6880912780762,152.61327266693115,0.9961166381835938,755.189208984375,638.6016297340393,-152.5759792327881,0.999045193195343,785.4557991027832,759.8661661148071,205.71420192718503,0.3773965537548065,789.5881462097168,777.716224193573,-179.6805238723755,0.9785574078559875,768.5947608947754,892.4458694458008,303.0963706970215,0.6506666541099548,757.3743438720703,932.8405809402466,-233.4171438217163,0.9768422245979308,755.3312873840332,912.3010182380676,307.21421241760254,0.6252506971359253,736.6724967956543,956.860728263855,-245.0511646270752,0.9594555497169496,816.39404296875,912.3993158340454,265.98618507385254,0.7572663426399231,816.0775566101074,963.3894395828248,-345.8317279815674,0.9683140516281128,34.6240824883592,79.26415826165899,86.30479346395647,89.68272396394829
rob_DTL_1_frame930.jpg,rob_DTL_1,FO,frame930,P7,903.483180999756,496.3744711875916,95.38228511810304,0.993263304233551,909.140796661377,485.6771242618561,105.12074947357178,0.992875635623932,908.5992050170898,484.1650986671448,105.06316423416138,0.9935663342475892,908.144588470459,482.47620820999146,105.05390882492064,0.9936740398406982,910.0789833068848,486.58851742744446,61.65985822677612,0.9935190677642822,909.9455451965332,485.7092785835266,61.58611536026001,0.9937465190887452,909.7651290893556,484.5788240432739,61.433537006378174,0.9932854175567628,898.1370162963867,471.158595085144,140.6330394744873,0.9880780577659608,898.1700897216797,473.8801574707031,-53.973180055618286,0.9910389184951782,893.8568115234375,497.46243953704834,113.38049411773682,0.9908231496810912,894.3477058410645,497.81439900398254,56.370216608047485,0.99225914478302,826.0013008117676,475.37715196609497,250.557804107666,0.9977940917015076,856.0166358947754,503.203353881836,-183.9221477508545,0.9997273683547974,787.3235893249512,538.981329202652,300.9220218658447,0.0803985968232154,843.0268478393555,586.135368347168,-195.82603454589844,0.9540711045265198,784.482479095459,602.8279995918274,286.9515323638916,0.1156827360391616,862.309741973877,658.5895156860352,-94.1731095314026,0.8369891047477722,780.8686065673828,622.1697092056274,300.02354621887207,0.1192907765507698,862.4529075622559,678.500862121582,-106.55953645706175,0.8166999816894531,786.5119743347168,624.1191816329956,280.93889236450195,0.1220477968454361,865.6038093566895,676.6149258613586,-99.8184871673584,0.8086862564086914,788.1173515319824,617.897207736969,276.34514808654785,0.1218200102448463,865.5459022521973,670.3833603858948,-86.0377049446106,0.7449386119842529,752.7112770080566,629.6672987937927,152.6786470413208,0.996388614177704,755.9561920166016,639.8769879341125,-152.67379760742188,0.9991269707679749,784.2145156860352,759.8052048683167,232.08296298980716,0.3862245976924896,790.1237297058105,778.3204293251038,-188.71589183807373,0.9803995490074158,768.3584976196289,892.141706943512,338.8758373260498,0.6663079857826233,757.360725402832,932.8312468528748,-252.4592399597168,0.9789769649505616,754.7248077392578,911.0203814506532,342.927303314209,0.6356874108314514,736.5396881103516,955.834686756134,-264.7683620452881,0.9624933004379272,816.0011100769043,912.6528811454772,308.6218070983887,0.770570695400238,816.3405990600586,963.572323322296,-360.750617980957,0.9712228775024414,42.832556646812556,72.36833760370341,86.04809387378282,89.3911529445965
rob_DTL_1_frame931.jpg,rob_DTL_1,FO,frame931,P7,901.8501663208008,493.6215591430664,163.50867748260498,0.9938700199127196,906.8567276000977,483.2290828227997,168.43427181243896,0.9935289621353148,905.9857749938964,481.3933575153351,168.38125705718994,0.994147002696991,905.1682090759276,479.3009126186371,168.35854053497314,0.994262397289276,908.9182662963868,485.2888262271881,127.06927299499512,0.9941207766532898,909.2194747924804,484.9247646331787,126.9948148727417,0.9943189024925232,909.4382858276368,484.256991147995,126.82621479034424,0.9939174652099608,895.3317832946777,468.3808028697968,178.19410800933838,0.98909991979599,898.3060455322266,474.4955313205719,-6.35798379778862,0.9918469190597534,892.3516845703125,494.71078276634216,171.78866386413574,0.9916032552719116,893.7621116638184,496.1079347133637,117.71430730819702,0.9929572343826294,822.0610427856445,471.799943447113,266.9413089752197,0.9979293942451476,859.7078704833984,505.6954264640808,-150.06587505340576,0.9997539520263672,781.9598007202148,539.143967628479,312.5525093078613,0.0774982050061225,843.944149017334,586.141676902771,-155.75790882110596,0.9555359482765198,779.8303413391113,602.1704292297363,303.1468391418457,0.1076987907290458,862.3912811279297,658.1263518333435,-49.22970414161682,0.8397786021232605,775.6887817382812,620.7374739646912,314.9416923522949,0.1112535297870636,862.0550537109375,676.8984889984131,-56.44064784049988,0.8190645575523376,782.1683120727539,622.1375226974487,300.4316711425781,0.1136308386921882,864.8265838623047,674.2693018913269,-50.37325501441956,0.8107487559318542,784.2727088928223,616.1996912956238,294.1963863372803,0.1135291159152984,864.920597076416,668.5711312294006,-41.37817025184631,0.7455212473869324,751.0540008544922,629.6094918251038,152.56998538970947,0.9966779947280884,758.1734848022461,640.419909954071,-152.57440567016602,0.9992058277130128,783.4521675109863,759.7773957252502,235.36331176757807,0.3928215503692627,791.3925933837891,778.3408355712891,-198.3969354629517,0.9820658564567566,767.5022506713867,891.94504737854,340.8592128753662,0.6782472133636475,757.3720550537109,933.1782817840576,-272.56041526794434,0.9808725714683532,753.2735824584961,909.821047782898,345.0728416442871,0.6433413028717041,736.1004638671875,955.8998322486876,-284.88927841186523,0.9651775360107422,811.3719749450684,911.6787242889404,311.33179664611816,0.779789388179779,816.2685585021973,963.6847829818726,-379.5402717590332,0.97377347946167,41.99842577858089,56.63205138508704,84.84140109055373,88.66344458283378
rob_DTL_3_frame33.jpg,rob_DTL_3,FO,frame33,P8,456.2381529808045,292.7146303653717,277.8451073169708,0.9566758871078492,448.4291589260101,279.52327966690063,283.13273906707764,0.9584128856658936,445.8537232875824,278.1963908672333,283.11458587646484,0.960774838924408,443.1890022754669,276.80326223373413,283.12533617019653,0.9645348191261292,452.3280394077301,282.08918809890747,242.095987200737,0.9675489068031312,452.3436176776886,282.198429107666,242.11917757987976,0.9667612314224244,452.4662482738495,282.399240732193,241.9361650943756,0.9714751243591307,429.14644718170166,273.9588439464569,307.8415811061859,0.9567760825157166,443.149766921997,283.72023940086365,122.3611146211624,0.964754045009613,451.1898922920227,299.9700164794922,293.66960406303406,0.9551703333854676,454.4626486301422,301.6007781028748,239.30886089801788,0.966693639755249,385.8334493637085,292.81495571136475,350.52098751068115,0.9970544576644896,461.8945777416229,347.3477518558502,-27.64161229133606,0.9997695684432985,402.343100309372,345.0233066082001,378.7806451320648,0.0739272981882095,533.3007323741913,465.76371788978577,-69.96834307909012,0.9572615027427672,428.271553516388,397.5415813922882,371.2649667263031,0.0981404110789299,570.2153420448303,556.259593963623,-30.97052000463009,0.842354416847229,424.1801977157593,399.8356103897095,371.8466413021088,0.1015482172369957,566.9376611709595,559.3288350105286,-53.98830905556679,0.8209468126296997,428.5270178318024,401.0157930850983,367.0970392227173,0.1037155017256736,555.7416486740112,557.0561456680298,-36.88344910740853,0.8127701878547668,434.1697311401367,404.1319942474365,366.90794348716736,0.1038505733013153,553.4273099899292,548.8191032409668,-20.9839940071106,0.747514009475708,357.2358977794647,440.6040072441101,140.93453228473663,0.9965670108795166,403.1610882282257,485.4990041255951,-141.118124127388,0.9992355108261108,434.5345008373261,679.1223835945129,202.1697825193405,0.3642593026161194,470.5372989177704,739.0876507759094,-164.01975810527802,0.9755842089653016,494.7147738933563,888.4530687332153,286.68793201446533,0.6359922289848328,492.6096475124359,938.935160636902,-178.07866394519806,0.9803169369697572,494.423485994339,911.1293649673462,293.0008971691132,0.6098774671554565,479.06176686286926,981.4564990997314,-181.28345847129825,0.9642466902732848,544.820830821991,942.9510068893431,239.7552877664566,0.7377086877822876,538.4755825996399,986.432855129242,-288.4780812263489,0.9701921939849854,35.63901424886672,44.35010911308882,78.62763993255282,80.75197922190485
rob_DTL_3_frame34.jpg,rob_DTL_3,FO,frame34,P8,629.3983483314514,249.1894429922104,17.650097385048866,0.9607842564582824,637.892496585846,232.7188664674759,17.62863703072071,0.9624397158622742,636.8466925621033,230.66522240638733,17.707632780075073,0.9645187258720398,630.945360660553,227.2382926940918,17.726451829075813,0.9679759740829468,639.10315990448,232.63547122478485,-40.73622643947601,0.9706777334213256,639.035439491272,230.93946754932404,-40.64814805984497,0.9699519872665404,638.4757161140442,229.17641937732697,-40.79412192106247,0.9742395877838136,611.468403339386,212.3609644174576,65.85705578327179,0.960947334766388,618.9059972763062,217.00639486312863,-194.82971370220184,0.9682144522666932,609.5511817932129,255.15463292598724,48.78505021333695,0.95953106880188,609.9132800102234,255.63026905059812,-29.62441988289356,0.9699158668518066,490.11013984680176,250.70500910282132,254.88191664218903,0.9972973465919496,564.841160774231,265.38971722126007,-296.4557647705078,0.9997893571853638,497.3195958137512,354.3727469444275,434.7474789619446,0.0676354616880416,563.5567259788513,396.81699872016907,-181.76554799079892,0.9461130499839784,536.9057500362396,414.1602158546448,610.026319026947,0.0894681736826896,594.6320915222168,440.9966504573822,-7.601443883031607,0.8316558003425598,536.2589621543884,427.9473066329956,647.4665665626526,0.0931244194507598,602.5255751609802,472.23552346229553,-21.64887674152851,0.8136512041091919,547.8804159164429,424.3151235580444,610.4992032051086,0.0951327756047248,596.0724377632141,447.1186208724976,-14.824875332415104,0.805105447769165,550.823872089386,420.3080642223358,597.5918984413147,0.0954324379563331,594.7928309440613,444.4074547290802,1.419702242128551,0.7397733926773071,430.22743105888367,472.731614112854,160.96583783626556,0.9967216849327089,466.6899490356445,478.21011185646057,-161.11249566078186,0.9991002678871156,434.2290186882019,663.9956259727478,181.0998022556305,0.3427551090717315,500.5488359928131,658.9561200141907,-109.46571081876756,0.941605508327484,427.8354907035828,847.2995924949646,284.9269759654999,0.6156077980995178,436.9076764583588,857.9467606544495,5.29404491186142,0.9650484919548036,419.5153427124024,860.6645250320435,289.8040044307709,0.6111419200897217,428.91995072364807,873.0855560302734,12.210199311375618,0.9496139287948608,477.3915445804596,872.8964281082153,219.19103801250455,0.715205192565918,482.6719665527344,890.4985213279724,-67.02568754553795,0.951708972454071,11.117027138322745,8.54478063235999,82.28089176258729,83.54103962136836
eric_DTL_1_frame35.jpg,eric_DTL_1,FO,frame35,P8,513.9758967161179,215.6616107225418,-12.59866712987423,0.962139368057251,517.1204317212105,207.10869932174683,-32.24668866768479,0.9637002944946288,515.6581327319145,205.97458481788635,-32.232044380158186,0.965333878993988,514.0244137644768,204.8117458820343,-32.227932032197714,0.9684513211250304,520.1794991493225,208.193643450737,-50.28537096828222,0.9710153937339784,520.7661017775536,207.99877166748047,-50.3303946852684,0.969986855983734,521.0680433511734,207.9566091299057,-50.57615725696087,0.9735584855079652,502.411281645298,204.91160756349564,-77.0133860707283,0.961078941822052,509.4079179167748,210.4968153834343,-158.71593967080116,0.9658814668655396,504.6183052062988,218.18629962205887,-20.10226283594966,0.961323857307434,507.1217294931412,219.68924969434735,-44.33756090700626,0.970420241355896,452.4204716682434,216.57245630025864,-4.779755520634353,0.9970662593841552,477.9579274058342,250.76432979106903,-218.7896035015583,0.999653160572052,442.6739819049835,236.08027309179303,206.99187457561493,0.0767542570829391,483.2495062947273,292.54363107681274,-126.56286752223969,0.9283331632614136,479.9486501216888,237.7586116194725,398.9976605772972,0.1033133566379547,523.9595347642899,273.19751435518265,102.96800704300404,0.7926365733146667,483.21068572998047,236.6269614100456,425.63033413887024,0.1115807890892028,545.0165917277336,263.6198030114174,124.2774842530489,0.7767078876495361,491.9359279870987,232.86046063899997,400.6873074769974,0.1133392304182052,543.7687928080559,256.1227647662163,128.48646806180477,0.7676720023155212,491.5237928032875,235.8982425928116,388.20360428094864,0.1101774647831916,538.0419456958771,258.98138481378555,111.3162984997034,0.7059857249259949,383.8125170469284,370.7779715061188,111.83186572790146,0.9967254996299744,392.62402337789536,396.7184053659439,-112.59390544891356,0.9990612864494324,400.4251561164856,422.511097073555,302.56893610954285,0.3543126285076141,382.8100737929344,470.4998427629471,1.0200629064347595,0.944899082183838,363.1434233188629,510.3437103033066,504.6970198750496,0.6183755397796631,323.9499941468239,575.0005970001221,135.29094080626965,0.9651304483413696,348.8594986796379,528.5485314130783,525.8915937542915,0.623477578163147,297.4346134066582,593.6760983467102,150.54995942115784,0.9501105546951294,393.0880693793297,530.2054613828659,545.3948238492012,0.7159927487373352,369.2673760652542,598.5173202753067,120.63606506586076,0.9495996236801147,53.24443539582743,71.23828483298345,83.19516240721069,87.75158200774015
rob_DTL_3_frame35.jpg,rob_DTL_3,FO,frame35,P8,558.2801342010498,251.59372687339783,280.8120918273926,0.9651551246643066,561.7652893066406,232.683944106102,240.66555440425876,0.9666557908058168,559.2273187637329,227.92289972305295,240.5675947666168,0.9682053327560424,556.6883826255798,223.06980192661285,240.52895486354828,0.97112774848938,567.1643829345703,238.8188374042511,220.80110371112823,0.9730864763259888,568.4100008010864,238.55284810066223,220.88615655899048,0.9720211625099182,569.6620559692383,238.45026969909668,220.7137656211853,0.9752976298332214,537.6299464702606,199.16914701461792,67.71372646093369,0.9641437530517578,556.8841409683228,229.22466695308685,27.834385335445404,0.9677976965904236,544.9261450767517,247.9320287704468,246.97750568389893,0.9643693566322328,548.8924884796143,254.2370277643204,221.3712233304977,0.9725735187530518,406.7527484893799,141.55465364456177,127.334606051445,0.9971933960914612,530.4337191581726,288.1330096721649,-69.2727443575859,0.9996577501296996,308.7736701965332,143.55567276477814,303.34773302078247,0.1275119334459304,504.2444908618927,345.89115142822266,95.09304285049438,0.9219322204589844,382.2384738922119,228.21462213993075,593.5542297363281,0.0999642610549926,501.294082403183,299.3520998954773,402.3746430873871,0.7590656280517578,399.7371518611908,244.0963625907898,633.2516527175903,0.1069170460104942,522.4037325382233,298.6608624458313,447.2530317306519,0.7430000305175781,412.1835458278656,248.7674939632416,617.2650003433228,0.1085936352610588,514.8586356639862,280.590101480484,437.340327501297,0.7348679304122925,406.6717028617859,248.3396065235138,593.4030818939209,0.1064513996243476,509.702582359314,287.51702427864075,411.51400208473206,0.6782432198524475,335.28428077697754,412.8490018844605,125.23925632238388,0.996648371219635,404.42131876945496,478.08886528015137,-125.49276530742644,0.9990438222885132,438.6884915828705,647.835681438446,256.5186810493469,0.3667870759963989,469.5191752910614,647.4791193008423,-113.41962218284608,0.9493387341499328,449.5041561126709,601.0044407844543,285.3150486946106,0.6179606318473816,453.6674809455872,936.6376233100892,-238.62644255161285,0.964571475982666,438.03961157798767,714.4860219955444,286.90605998039246,0.6215494871139526,424.2902433872223,970.0647282600404,-253.8548451662064,0.9486595392227172,524.9810671806335,905.7308506965636,444.3669319152832,0.7072018980979919,542.9569101333618,1054.298107624054,7.7906708791852,0.9470342993736268,49.84274849454369,43.33878381074131,57.826986139342445,74.5842978915402
tom_DTL_2_frame40.jpg,tom_DTL_2,FO,frame40,P8,1134.2486572265625,251.7865401506424,-350.7267379760742,0.9463633894920348,1138.5612487792969,237.48541474342343,-348.0971145629883,0.943151354789734,1135.8058547973633,236.2827014923096,-348.1867790222168,0.9467681646347046,1134.2827606201172,234.1473358869553,-348.42638969421387,0.9481038451194764,1141.113166809082,237.58385717868805,-405.2120304107666,0.958414614200592,1139.6123886108398,236.9441020488739,-405.2904796600342,0.960034430027008,1138.0345916748047,236.17339611053467,-405.6557750701904,0.9610225558280944,1103.7567901611328,231.3826596736908,-282.6831722259521,0.9377536177635192,1107.9638671875,234.6723461151123,-533.9930534362793,0.9531521797180176,1105.7292938232422,255.28468251228333,-310.50167083740234,0.9460664987564088,1106.1225128173828,256.4817148447037,-384.4360256195069,0.9538245797157288,987.2418594360352,250.71904242038727,-103.35482597351074,0.9939525723457336,989.5497894287108,293.0163788795471,-554.6966171264648,0.9989290237426758,1076.9080352783203,297.6930785179138,29.91792976856232,0.1204028949141502,705.7367706298828,467.02690958976746,-616.849250793457,0.8690970540046692,1125.435905456543,317.0729613304138,43.004246950149536,0.097275972366333,803.008975982666,586.3102698326111,-550.5414962768555,0.7059633135795593,1139.4132614135742,310.12659788131714,45.38367033004761,0.1042658612132072,797.5075149536133,615.731635093689,-592.2519493103027,0.6914881467819214,1150.133399963379,309.3729829788208,15.939096808433533,0.1063895970582962,799.5071983337402,617.0275282859802,-580.7392501831055,0.6837721467018127,1144.871063232422,318.2317078113556,26.20175063610077,0.1048067808151245,802.4287033081055,605.3377747535706,-545.9133338928223,0.6307818293571472,821.0427474975586,414.3390762805939,162.8450345993042,0.9955957531929016,835.9221839904785,443.35437655448914,-163.9586877822876,0.9985435605049132,839.9004936218262,441.4006876945496,547.921028137207,0.3333969414234161,814.9782371520996,529.995242357254,71.47407531738281,0.9026482701301576,579.5774459838867,573.9960336685181,959.3024253845216,0.5595403909683228,603.7232780456543,685.741925239563,401.0797691345215,0.8968552947044373,591.9077682495117,605.0833082199097,1000.0922012329102,0.5650627017021179,623.5388374328613,715.709753036499,434.5980262756348,0.8915943503379822,603.9016914367676,612.7135062217712,1005.461311340332,0.6425102949142456,813.7081718444824,713.5316920280457,362.1433639526367,0.8834972977638245,86.87678563401266,62.85063830930188,89.70702137923787,87.39311247447391
random_1_frame41.jpg,random_1,FO,frame41,P8,276.12867975234985,279.7100851535797,-118.6869174838066,0.9177466630935668,275.7284953594208,266.7525589466095,-125.78800457715988,0.9214901328086852,275.48626351356506,263.94196140766144,-125.98481148481368,0.927759885787964,275.2115409374237,261.1281394958496,-126.13089042901991,0.9297716617584229,274.1709063053131,268.32196485996246,-137.56672209501266,0.9330486059188844,272.88289201259613,266.60602271556854,-137.65969318151474,0.9336016774177552,271.64188063144684,264.88848757743835,-137.97998297214508,0.9329400658607484,267.7377675771713,243.50721049308777,-120.12189024686812,0.928806483745575,262.8681676387787,248.1946233510971,-164.08816021680832,0.9258389472961426,270.9072176218033,276.32021367549896,-106.87287664413452,0.9297839403152466,269.78357124328613,279.2760231494904,-121.6914046406746,0.9334447383880616,247.594859957695,252.27811884880063,-86.68677523732185,0.9890429377555848,235.24137210845947,238.8766847848892,-133.00738793611526,0.987860381603241,235.2201600074768,313.070214509964,-53.155242174863815,0.1363894343376159,197.9123944044113,204.04263317584991,-168.48523473739624,0.815313458442688,235.9618592262268,358.43479919433594,-49.58844356238842,0.0988752841949462,228.6077531576157,237.79554104804996,-130.8812757730484,0.6591377258300781,237.1199882030487,369.0949981212616,-55.1927550137043,0.1052297800779342,237.71847987174988,257.9092365503311,-130.84954816102982,0.6464639902114868,237.82394540309903,363.1549355983734,-62.26658326387405,0.1079467386007309,234.7993584871292,233.6489783525467,-134.03113049268725,0.6392868757247925,239.2363867759705,366.8696434497833,-55.02106633782387,0.1091424375772476,229.87189090251923,222.04551601409912,-132.31961143016815,0.5910059213638306,185.12258398532867,369.8652777671814,25.34679862856865,0.99078768491745,179.86649698019028,373.8777027130127,-25.1759781613946,0.9925101399421692,186.86416214704516,447.2178292274475,30.648365542292595,0.3418560326099396,214.58810651302335,508.0774447917938,23.65070199221373,0.8624176383018494,170.48600149154663,604.811279296875,130.62682110071182,0.5219823122024536,184.34984266757965,642.6325588226318,78.63179031014442,0.8425507545471191,167.66380906105042,626.9816448688507,137.22409492731094,0.5284997224807739,169.94061768054962,639.7143094539642,85.40217557549477,0.8439999222755432,167.94148063659668,640.2507452964783,89.60936945676804,0.6019834876060486,204.0725954771042,719.1400175094604,65.882722645998,0.8337173461914062,47.330032003392716,37.35761914037423,75.06705331822033,84.06065619670844
tom_DTL_2_frame41.jpg,tom_DTL_2,FO,frame41,P8,1215.2622985839844,352.39646315574646,-637.5603103637695,0.919065535068512,1254.2417907714844,305.2519190311432,-647.6421546936035,0.9249584674835204,1262.117042541504,298.59317421913147,-647.8099822998047,0.9311403632164,1269.5559310913086,292.53132820129395,-648.3759498596191,0.9325994849205016,1226.026954650879,319.0656280517578,-719.4640159606934,0.9356673359870912,1212.8556060791016,321.15318059921265,-719.2421722412109,0.9356242418289183,1199.7346115112305,323.288015127182,-720.391731262207,0.9337108135223388,1239.6782684326172,283.019700050354,-567.9244422912598,0.9335331916809082,1142.7846908569336,328.6836004257202,-800.8468437194824,0.9307201504707336,1190.6144714355469,363.2637870311737,-560.1714134216309,0.933648407459259,1156.67724609375,376.4309334754944,-641.5178489685059,0.9367761015892028,1242.5562286376953,407.93614983558655,-570.6646156311035,0.9876458644866944,820.5937385559082,440.54591059684753,-488.3558464050293,0.9846342206001282,1165.238914489746,668.298511505127,-499.7182846069336,0.1634213775396347,594.6188735961914,620.0496482849121,-220.2049970626831,0.7510515451431274,1034.3047714233398,608.9264416694641,-601.6903495788574,0.1577789336442947,634.8988723754883,631.4801073074341,110.81231832504272,0.6309476494789124,993.3064270019532,594.6305465698242,-689.6696662902832,0.1635710746049881,629.7696304321289,662.8500437736511,116.76040649414062,0.6261057257652283,1057.0945358276367,540.2061223983765,-617.0302963256836,0.1667279005050659,656.8400001525879,625.0130653381348,77.86558628082275,0.6223558783531189,1057.785186767578,546.5794372558594,-579.0826034545898,0.1666164994239807,662.3074722290039,606.973557472229,93.82894992828368,0.5779229998588562,671.019229888916,876.953022480011,-96.620192527771,0.9880136847496032,382.1332454681397,892.4073100090027,99.13451671600342,0.9892119765281676,365.9194850921631,1167.386884689331,680.6409072875977,0.3311964273452759,138.19363117218018,1057.2093772888184,889.2679595947266,0.7876071929931641,22.57321000099182,1687.526135444641,1672.7756881713867,0.490278035402298,-181.93724155426025,1661.1438846588137,1680.3343963623047,0.788023054599762,-11.220568120479584,1744.0330266952517,1777.8888702392578,0.5030538439750671,-162.91686058044434,1670.7905673980713,1761.2641525268557,0.7974722385406494,-118.67673397064208,1891.7957496643064,1594.350814819336,0.5743372440338135,-494.5177459716797,1947.50892162323,1573.9787292480469,0.779779851436615,4.419102115199427,3.062184597926492,11.037620967417991,34.12232346969962
rob_DTL_2_frame48.jpg,rob_DTL_2,FO,frame48,P8,1031.8060684204102,388.7482917308808,124.02091026306152,0.9271332025527954,1036.6212844848633,373.3975481987,123.40952396392822,0.9324407577514648,1035.1652526855469,370.4959344863892,123.35861206054688,0.93800151348114,1033.6482238769531,367.1298050880432,123.39190006256104,0.9393200278282166,1039.530029296875,376.63132667541504,70.81651210784912,0.9420793056488036,1040.1569366455078,376.4093041419983,70.71394443511963,0.9420386552810668,1040.7428741455078,375.9560537338257,70.61578273773193,0.9403226375579834,1019.3854522705078,351.6801846027374,134.54888820648193,0.940110683441162,1026.4503479003906,364.7790312767029,-100.33527374267578,0.9376195669174194,1018.469352722168,389.6099889278412,137.39709377288818,0.9402467608451844,1020.9694290161132,393.8094592094421,68.68959188461304,0.9430724382400512,920.620822906494,356.438992023468,264.88165855407715,0.9888709783554076,981.1544036865234,426.5669560432434,-253.53466987609863,0.9861701130867004,895.041618347168,448.2231330871582,421.9258689880371,0.1668239384889602,970.539779663086,525.6733345985413,-143.00554275512695,0.772996723651886,926.8533325195312,523.414614200592,477.32311248779297,0.147852212190628,971.997184753418,545.6554269790649,190.24206161499023,0.6436478495597839,928.2618141174316,544.2529964447021,497.750186920166,0.1528021544218063,966.26953125,550.333092212677,212.0912075042725,0.6341541409492493,939.012966156006,541.0140681266785,477.1718502044678,0.1557595431804657,966.6826629638672,545.5223679542542,202.5015163421631,0.6303426027297974,940.0250816345216,536.763002872467,466.8717956542969,0.1563651263713836,964.3865203857422,539.7670984268188,199.20302867889404,0.5857928395271301,813.8951683044434,567.9911255836487,190.751051902771,0.9891947507858276,856.662654876709,592.5757598876953,-190.797700881958,0.9902880787849426,860.1765632629395,730.60702085495,380.934362411499,0.3448257744312286,890.9096145629883,755.6662774085999,-213.09651374816892,0.8085105419158936,849.4393157958984,895.2446794509888,578.9347457885742,0.5233495235443115,839.0362930297852,930.4399824142456,-261.4540672302246,0.8089465498924255,829.0162467956543,925.3608226776124,591.9751739501953,0.5285658240318298,812.6158905029297,957.1309661865234,-270.8725833892822,0.8164744973182678,909.620532989502,927.3545837402344,570.3263282775879,0.6053743958473206,911.2006759643556,964.7261452674866,-356.7415523529053,0.8014322519302368,49.19965071933996,29.89218539679168,83.33994046164914,83.60445843694407
rob_DTL_2_frame49.jpg,rob_DTL_2,FO,frame49,P8,1034.458351135254,387.2942340373993,181.51692867279053,0.9335671663284302,1037.9455947875977,372.4152481555939,166.15302085876465,0.938471794128418,1036.149787902832,369.3505132198334,166.0931396484375,0.9434984922409058,1034.2108154296875,365.7449162006378,166.12897396087646,0.9447109699249268,1041.134262084961,375.8106672763825,129.96657371520996,0.9470876455307008,1041.7362213134766,375.57226181030273,129.83887195587158,0.9469816088676452,1042.2981262207031,375.07314562797546,129.67919826507568,0.9455795884132384,1019.5013809204102,351.4653718471527,123.84110927581789,0.9446310997009276,1030.612449645996,365.0372314453125,-49.28658843040466,0.9424580335617064,1021.8180084228516,387.7756798267365,170.63957691192627,0.945017158985138,1024.9023056030271,392.2505056858063,123.23411464691162,0.9477828741073608,912.1886444091796,352.07491993904114,178.30355644226074,0.9898658394813538,997.0846939086914,427.3529827594757,-161.94203853607178,0.9875418543815612,857.8473472595215,429.6335899829865,294.24671173095703,0.1618428975343704,954.627857208252,509.2551577091217,-76.91866636276245,0.7487716674804688,860.0418663024902,484.2640399932861,392.9965496063232,0.1348558217287063,965.8947372436523,477.5808656215668,213.760929107666,0.5930061340332031,859.2510795593262,499.3206310272217,418.8279247283936,0.1395163238048553,967.3448181152344,470.5545508861542,246.55068397521973,0.5877377986907959,868.5551834106445,497.9542815685272,411.1022758483887,0.1421959400177002,964.6425247192384,453.2920575141907,248.1184959411621,0.5837090015411377,870.7693290710449,494.5940101146698,390.597095489502,0.1429888606071472,958.6957740783693,455.2026164531708,225.28318405151367,0.5426958799362183,810.1738929748535,567.3664498329163,155.69201946258545,0.990110158920288,858.9583396911621,593.1977319717407,-155.85973262786865,0.9912410974502563,859.1447639465332,719.783148765564,351.9093132019043,0.3353257775306701,891.331958770752,753.9771294593811,-170.1009178161621,0.8265638947486877,848.6557960510254,884.7527146339417,527.7389717102051,0.5253140330314636,840.5502319335938,928.2650113105774,-211.89186573028564,0.826444149017334,828.7765502929688,909.2807006835938,540.9675407409668,0.5258122682571411,815.1755332946777,952.3658180236816,-219.2329216003418,0.8303617238998413,912.0255088806152,907.5808024406432,538.5264015197754,0.6076290011405945,912.1464157104492,964.620316028595,-278.97047996521,0.8184980154037476,41.56368221278746,27.90114406780448,75.98996568779434,81.10058440572558
tom_DTL_1_frame51.jpg,tom_DTL_1,FO,frame51,P7,484.0217331647873,321.9942020773888,14.827840324491262,0.9734864234924316,485.5535352230072,315.8933984041214,11.512603238224983,0.973124623298645,484.6435496807098,314.50255447626114,11.488291036337614,0.9773301482200624,483.7028982639313,312.9981412291527,11.447761304676533,0.9747922420501708,486.6083164215088,317.97412925958633,-6.778078626841307,0.9737150073051452,486.4630004167557,318.18813782930374,-6.811096910387278,0.9755159616470336,486.2108741998673,318.3024964928627,-6.92199619486928,0.9705767631530762,477.0297056436538,308.48923325538635,3.36037867795676,0.9689050912857056,479.92714512348175,314.4983189702034,-78.62327814102173,0.9668416380882264,477.6158609390259,321.39468544721603,16.24078393355012,0.972975254058838,478.5991115570069,323.87494003772736,-7.592808404937386,0.97163587808609,444.8348736763001,306.3372881412506,68.70931139588356,0.9956054091453552,461.3778641223908,332.8994172811508,-138.79347038269043,0.998632311820984,461.01462614536285,329.8034163713455,121.8885688483715,0.2398490905761718,477.54145109653473,369.7641068696976,-147.2655252814293,0.92350834608078,485.81995368003845,344.06105387210846,106.16349694132803,0.3716904520988464,497.05400133132935,399.67501962184906,-63.50909543037415,0.8549258708953857,490.8051702976227,345.7254537343979,114.5365295112133,0.3625718653202057,505.511781334877,400.8813302516937,-66.84094356000423,0.8351120948791504,493.93440771102905,345.3517665863037,98.21573656797408,0.372890830039978,504.85163247585297,402.3669147491455,-56.26581327617168,0.8297359347343445,492.5970078706741,346.482492685318,98.07132250070572,0.3655518889427185,502.5922790765762,401.1133589744568,-56.17741473019123,0.7866426706314087,415.6241018772125,387.0373091697693,78.16258755326271,0.9925475120544434,422.88709223270416,401.5955520868301,-78.35238468647003,0.99711012840271,434.4150674343109,446.3945381641388,123.8884244263172,0.4177813231945038,430.4002314805985,468.3856706619263,-102.9557389318943,0.9346181750297546,423.96317303180695,517.6346334218979,193.507166326046,0.6063091158866882,412.49240148067474,537.1591227054596,-117.87627393007278,0.9233422875404358,417.5749232769013,527.927182674408,198.69715744256973,0.6011978983879089,398.5716208219528,547.0990468263626,-120.95952120423316,0.9101641178131104,449.7509186267853,539.1417245864868,187.07484304904935,0.70831298828125,436.4917784929276,562.2874175310135,-165.0069825053215,0.9030110239982604,58.08519978768304,63.48576010321102,85.44178154536297,87.34312715990077
tom_DTL_1_frame51.jpg,tom_DTL_1,FO,frame51,P7,485.7974399328232,327.0518006086349,-166.83165407180786,0.9401143193244934,488.83363902568817,320.5674141049385,-163.61917823553085,0.9444814920425416,488.35065150260925,319.4390560388565,-163.68389225006104,0.9489794969558716,487.96288776397705,318.13338428735733,-163.80117881298065,0.9501102566719056,489.7261755466461,322.35358476638794,-188.6167398691177,0.9522778391838074,489.74955654144287,322.570500433445,-188.6538927555084,0.9521586894989014,489.7534418106079,322.5965487957001,-188.78059762716293,0.9509055614471436,482.3118331432343,313.6546639204025,-124.40107181668282,0.9499382972717284,483.1964256763458,318.19152623414993,-238.62580847740173,0.9479525089263916,480.1770511865616,327.2828667163849,-147.0575419664383,0.9503819346427916,480.5878143310547,329.31221318244934,-181.20553690195084,0.952851414680481,452.45260298252106,311.1756029725075,-25.92116079479456,0.9906573295593262,461.4196307659149,336.7391345500946,-256.6265900731087,0.9887262582778932,476.59171092510223,342.3351621627808,90.13023126125336,0.1703401505947113,474.7644549608231,387.3878935575485,-276.1160888671875,0.7672328948974609,511.9369064569473,360.92926478385925,111.07661059498788,0.1555795073509216,493.5946201086044,417.1931111812592,-223.6118448972702,0.6072142720222473,519.8447127342224,362.9864115715027,125.39997625350952,0.1573204547166824,498.2264159917832,425.6743655204773,-237.5463974475861,0.6007419228553772,523.4934661388397,365.0223423242569,98.91301229596138,0.1611729711294174,499.9508857727051,422.7255291938782,-235.57262867689133,0.5965908765792847,520.6034502983093,366.0017838478088,100.24012657999992,0.1617982536554336,498.1189466714859,421.0146542787552,-220.9807198047638,0.550562858581543,428.6080470085144,381.40231490135193,81.06242063641548,0.9909399747848512,423.4075448513031,399.77243626117706,-81.12181842327118,0.9920299649238586,487.4420535564423,421.2271611690521,36.33095249533653,0.3692561089992523,439.91674733161926,467.63074946403503,-110.87429040670396,0.8423101305961609,518.8526161909103,469.2219905853272,80.72808802127838,0.5469840168952942,417.03570342063904,538.1803032159805,-80.57440307736397,0.8425628542900085,516.9163298606873,479.59532248973846,82.56198710203171,0.5503543615341187,403.8522913455963,551.0206248760223,-80.74910143017769,0.8446575403213501,548.022592663765,474.47813808918,36.615045458078384,0.6275271773338318,440.8868851661682,563.1698659658432,-155.82964718341827,0.83399498462677,70.67044493706732,74.19341103737675,87.77415571943476,88.16341731173205
grant_DTL_1_frame344.jpg,grant_DTL_1,FO,frame344,P7,671.5214109420776,320.28594732284546,365.2078521251679,0.9875820875167848,680.8984994888306,307.5219690799713,356.6924285888672,0.9871457815170288,680.3987717628479,305.3155517578125,356.6829979419708,0.9885041117668152,679.7970128059387,302.7565312385559,356.6472065448761,0.988287627696991,681.5372729301453,308.8158667087555,309.0350568294525,0.9880004525184632,681.533796787262,308.012877702713,308.88303995132446,0.988423764705658,681.6830134391785,307.2030007839203,308.60697627067566,0.9871822595596312,669.418215751648,286.6819131374359,306.43213391304016,0.9810086488723756,672.2957539558411,295.2925443649292,94.87036854028702,0.9839372038841248,659.1439604759216,320.8675253391266,354.86584424972534,0.9847654104232788,661.0219144821167,321.90731048583984,292.93481826782227,0.985779106616974,543.2944822311401,270.505553483963,402.52389192581177,0.9977743625640868,639.9089169502258,358.4256720542908,-106.5554067492485,0.9994600415229796,543.9756774902344,384.98762011528015,536.5065407752991,0.1169602200388908,623.6110854148865,485.9227395057678,45.033129304647446,0.9262382984161376,580.9489631652832,459.44891810417175,635.8781361579895,0.1776740998029709,621.713433265686,535.6174850463867,441.33341789245605,0.7326534986495972,594.3326282501221,479.12768483161926,666.5438318252563,0.1783351898193359,625.6060695648193,547.4986839294434,487.0518743991852,0.7091598510742188,602.8395867347717,474.2893445491791,661.381824016571,0.1826605349779129,627.0312881469727,539.1919577121735,480.9697186946869,0.6993874907493591,605.1803827285767,469.3961262702942,632.9729175567627,0.179775133728981,620.8389902114868,529.471310377121,454.5698618888855,0.6380526423454285,436.4211773872376,514.5801258087158,200.31237959861755,0.996308982372284,506.38978600502014,541.7440581321716,-200.5846291780472,0.9987829327583312,494.486346244812,698.1431937217712,381.19685411453247,0.3142565786838531,542.8457379341125,745.605354309082,-215.6505221128464,0.9631057381629944,509.84594106674194,875.2085781097412,574.4698190689087,0.5739648938179016,495.5450248718262,953.2038903236388,-269.0053403377533,0.9585092067718506,496.8958282470703,909.2008137702942,589.3892955780029,0.5579712390899658,470.8441972732544,983.9635705947876,-277.5020635128021,0.9324318170547484,581.7833018302917,896.9764423370361,585.8497452735901,0.6808854341506958,578.7902784347534,984.5319199562072,-350.990492105484,0.943992555141449,42.30251324233868,21.217719782415784,79.25405095315773,80.09987795360966
grant_DTL_1_frame344.jpg,grant_DTL_1,FO,frame344,P7,516.3895225524902,282.34124064445496,177.45287775993347,0.942659556865692,483.82932901382446,272.489755153656,154.9829775094986,0.9459712505340576,480.5565404891968,270.10196685791016,154.88406836986542,0.9492174983024596,477.8408682346344,267.80560433864594,154.85056221485138,0.9502376914024352,499.4110429286957,285.1251804828644,121.08959466218948,0.9535747766494752,520.055855512619,271.2489974498749,120.9650892019272,0.9528202414512634,522.3422241210938,273.3254134654999,120.70461183786392,0.9528915882110596,467.0326066017151,261.700097322464,90.98771810531616,0.948958933353424,519.1144323348999,277.34917759895325,-60.72247892618179,0.9515776634216307,500.6117606163025,297.61715054512024,165.33652424812317,0.9543455243110656,518.3973491191864,297.3856329917908,120.92689990997314,0.9570353031158448,435.0978934764862,270.1368570327759,204.6431064605713,0.9914987683296204,555.3065514564514,373.6912500858307,-219.71196055412287,0.9898523688316344,462.30637192726135,400.04414677619934,315.6403398513794,0.1566352397203445,570.0670909881592,488.8039469718933,-112.60459542274477,0.7875586748123169,535.9222269058228,489.492416381836,345.95620036125183,0.1455180197954177,576.9579005241394,549.2811727523804,185.6456959247589,0.6182805895805359,543.0804419517517,510.6026458740234,361.4798820018768,0.1483478248119354,584.4475722312927,587.5835037231445,203.00091862678528,0.6043509244918823,546.2492680549622,505.4865682125092,338.0855369567871,0.1518438458442688,582.9402780532837,588.3827590942383,204.34013485908508,0.5989935398101807,542.8169631958008,501.1101365089417,334.4649088382721,0.1520164608955383,576.2739372253418,576.5842151641846,195.76286494731903,0.5552088022232056,403.9544856548309,516.3604259490967,161.010400056839,0.9916165471076964,473.3829402923584,565.7606649398804,-161.22043311595917,0.9928155541419984,490.6767511367798,675.5274081230164,400.7920968532562,0.3512641787528991,530.3010785579681,762.2703051567078,-152.3884552717209,0.8562493324279785,532.1215796470642,880.0489139556885,630.1998567581177,0.5332148671150208,529.5665180683136,971.1335778236388,-220.7355237007141,0.8566783666610718,526.539055109024,912.9383754730223,648.5170698165894,0.5356515645980835,512.5975978374481,997.4835777282716,-225.3526622056961,0.8564426898956299,591.9373083114624,942.1466016769408,638.6470770835876,0.6132789850234985,608.1945848464966,1028.6323285102844,-314.73174691200256,0.8471620082855225,40.74343065204678,35.43288841779895,74.18396543126205,77.8408287965885
grant_DTL_1_frame346.jpg,grant_DTL_1,FO,frame346,P8,662.8010559082031,300.6231129169464,237.38713324069977,0.9481775760650636,672.3465442657471,289.1301798820496,225.79316675662997,0.951213836669922,672.1890234947205,288.2618522644043,225.81299364566803,0.954096019268036,671.8917489051819,287.3526155948639,225.82826614379883,0.9550794959068298,672.129156589508,290.07662415504456,183.75180959701535,0.9580975770950316,672.0262241363525,288.2273805141449,183.70396435260773,0.9574029445648192,671.5459370613098,287.91249990463257,183.5157215595245,0.9575220942497252,660.368914604187,276.8690514564514,177.01668620109558,0.9538488388061525,663.4801912307739,282.8347885608673,-22.06110544502735,0.9563183784484864,651.5353274345398,304.9586033821106,236.15377843379972,0.9587634801864624,652.0631217956543,305.05863904953003,181.11320793628693,0.9612160325050354,536.5903866291046,299.1309463977814,266.9988173246384,0.9923166036605836,631.8585562705994,347.7775704860687,-139.34353709220886,0.9908664226531982,526.2480568885803,400.3324091434479,496.5405857563019,0.1466448903083801,631.7033529281616,457.26396918296814,-40.24548679590225,0.8016069531440735,568.7787938117981,455.8813011646271,722.5836968421936,0.1324928551912307,616.6593790054321,535.7617771625519,254.98665153980252,0.621895968914032,571.5196681022644,470.4396772384644,768.0205535888672,0.1353014856576919,626.0992956161499,577.5427937507629,266.1122077703476,0.6049724221229553,582.1860194206238,466.0910868644714,752.5891184806824,0.1383991837501526,622.2435450553894,572.8239941596985,268.8201552629471,0.5978643894195557,584.4520783424377,461.92988634109497,720.4588723182678,0.138610228896141,615.9724545478821,572.0546078681946,264.9081426858902,0.550880491733551,473.0795824527741,532.6134538650513,157.34213590621948,0.992347538471222,520.6780529022217,541.2827610969543,-157.45045959949493,0.9934887290000916,506.2900078296661,694.5244646072388,204.19189989566803,0.3401308953762054,543.2396364212036,727.8220510482788,-79.20377880334854,0.8600801229476929,508.5722243785858,872.3959922790527,328.4382748603821,0.5288795232772827,519.0377962589264,907.9689717292786,-10.757539719343184,0.8646623492240906,495.19641280174255,902.700490951538,336.7189300060272,0.5369004011154175,508.26500415802,917.9549646377563,-6.760796662420034,0.8613344430923462,552.9309296607971,900.1381874084473,292.5999176502228,0.6058659553527832,589.8388123512268,917.6875591278076,-84.17088121175766,0.8515390157699585,27.050142921317295,10.32237014117156,76.80515492244493,81.40167862810226
grant_DTL_1_frame348.jpg,grant_DTL_1,FO,frame348,P8,677.0081806182861,306.11680269241333,376.7673790454865,0.9533374905586244,684.4358611106873,290.4915404319763,371.5418350696564,0.9560696482658386,683.2940769195557,288.9682173728943,371.55731678009033,0.9586597681045532,681.9290471076965,287.1996009349823,371.5670371055603,0.9595508575439452,684.5989179611206,291.55765414237976,324.1435968875885,0.9622709155082704,683.596887588501,290.86686730384827,324.00970101356506,0.9616446495056152,682.4255561828613,290.34834265708923,323.8282012939453,0.9617588520050048,666.6172814369202,274.3241286277771,337.86171197891235,0.9584025144577026,669.5105910301208,281.9361412525177,124.6579197049141,0.9606691002845764,664.0860056877136,309.4147288799286,373.9433026313782,0.9628483653068542,664.1740679740906,310.91156244277954,311.7437767982483,0.965068817138672,538.5691487789154,269.76952850818634,428.3537578582764,0.9930671453475952,645.1061367988586,353.03340196609497,-53.86379554867744,0.9917795062065125,552.5367093086243,373.2054591178894,630.3716683387756,0.1348054856061935,619.1611075401306,456.8041205406189,103.4349650144577,0.8053708076477051,608.6019372940063,421.42979621887207,795.6237030029297,0.1230286285281181,606.4370083808899,508.3242273330689,479.5669984817505,0.6118821501731873,614.2710757255554,435.5038297176361,832.5051927566528,0.126839205622673,611.0118699073792,520.7138764858246,513.7628138065338,0.5995546579360962,626.3023281097412,429.5246064662933,815.1080632209778,0.1296621561050415,611.4173555374146,522.6409149169922,504.702537059784,0.5913853645324707,628.1202864646912,426.6976010799408,789.2238664627075,0.1298744678497314,602.9875159263611,492.8723216056824,488.9530348777771,0.5454660058021545,439.78572964668274,515.013839006424,176.68506860733032,0.993070125579834,511.2763094902039,536.5626096725464,-176.83423697948456,0.9941364526748656,494.37456250190735,696.8348121643066,305.2841377258301,0.334898293018341,538.8337862491608,733.6617136001587,-201.30085945129397,0.8732314109802246,509.1003084182739,880.5635118484497,442.2935736179352,0.5494042634963989,488.3265888690949,937.6898002624512,-300.8751654624939,0.8777560591697693,494.45647716522217,903.588387966156,448.3453452587128,0.5556104183197021,468.9334774017334,964.638147354126,-317.8809714317322,0.8738996386528015,575.8168244361877,907.169394493103,415.6143701076508,0.6271886825561523,578.0600309371948,971.9706845283508,-433.7911534309387,0.8655290603637695,38.00936822223558,16.773916080781852,77.54169104762079,78.56751869796453
grant_DTL_1_frame350.jpg,grant_DTL_1,FO,frame350,P8,672.653603553772,310.6618595123291,487.52955436706543,0.9578161239624025,680.0725936889648,294.29221987724304,467.5184941291809,0.9602867364883424,678.9353799819946,291.60062313079834,467.49850630760193,0.9626159071922302,677.6891183853149,288.4611189365387,467.4809646606445,0.963448703289032,682.1406412124634,297.8366947174072,429.1796958446503,0.9659000039100648,682.5293898582458,297.78603315353394,429.0329575538635,0.9653419256210328,683.0395460128784,297.67457127571106,428.8044011592865,0.9654930233955384,665.6084275245667,275.8490288257599,371.2477147579193,0.962264120578766,676.3779044151306,290.5607736110687,201.31067633628845,0.964438796043396,660.9272217750549,311.7047345638275,461.3928544521332,0.9662956595420836,662.7267050743103,315.8896565437317,411.274631023407,0.9683592319488524,540.4309773445129,261.53140783309937,405.28275847435,0.9937240481376648,651.4883995056152,353.5170042514801,12.97921646386385,0.992600917816162,505.88391065597534,361.7628014087677,609.9753999710083,0.1257623881101608,610.038743019104,464.0963280200958,151.6817682981491,0.7883227467536926,529.5052993297577,416.29759311676025,845.687563419342,0.1120942309498786,590.398600101471,482.5348842144013,496.3870239257813,0.5697567462921143,525.5987584590912,432.0373749732971,887.7264904975891,0.1158491596579551,591.0899662971497,488.4794747829437,533.8473558425903,0.562882661819458,537.6470375061035,427.35942006111145,883.1554269790649,0.1183859035372734,587.1281933784485,472.4880588054657,525.6647408008575,0.5540700554847717,543.2801270484924,423.5245907306671,847.0065021514893,0.1187393367290496,580.9237933158875,464.8436665534973,505.4351341724396,0.5112627148628235,435.1018524169922,507.1204841136933,168.96085381507874,0.993740439414978,514.0370428562164,534.5482170581818,-169.17550563812256,0.9947209358215332,479.5411205291748,703.0583953857422,348.3916246891022,0.3387772440910339,535.8347117900848,739.8421025276184,-150.9855419397354,0.8853845596313477,507.6436114311218,892.5551104545593,531.4073610305786,0.5661871433258057,496.54036045074463,946.644344329834,-221.69519662857056,0.8894273638725281,492.8412938117981,916.602680683136,544.8420095443726,0.5705696940422058,472.39967465400696,980.2769923210144,-233.59215080738068,0.8849152326583862,582.1844100952148,912.9034852981569,530.742130279541,0.6344190239906311,581.7848467826843,982.3713684082032,-317.8843188285828,0.8771811127662659,39.6339531384116,19.160884891625724,74.19368406427475,76.86007920982333
grant_DTL_1_frame352.jpg,grant_DTL_1,FO,frame352,P8,675.8864164352417,308.5449528694153,429.7478199005127,0.9618365168571472,680.4541325569153,290.8926486968994,402.6015257835388,0.9640157222747804,678.8103675842285,287.8282034397125,402.5925135612488,0.966126263141632,677.0054125785828,284.3045210838318,402.6180052757263,0.9669216871261596,683.2990980148315,295.1581656932831,367.86166191101074,0.9691188931465148,683.7300753593445,295.3300738334656,367.7413809299469,0.9686279296875,684.2502737045288,295.2574610710144,367.5002074241638,0.9688148498535156,661.9406461715698,270.3849828243256,328.5569143295288,0.9655314087867736,676.057391166687,287.88272738456726,139.4078779220581,0.9676421880722046,664.2362523078918,308.62545132637024,401.5066051483154,0.9691829085350036,667.1245408058167,313.4948194026947,355.1099467277527,0.9710990786552428,538.9441537857056,253.2113403081894,330.88950276374817,0.9942368865013124,651.3195490837097,349.97336626052856,-10.547851659357548,0.993335783481598,538.8613379001617,324.28730964660645,579.0578126907349,0.1219822615385055,607.3527789115906,463.6935782432556,195.50760984420776,0.7433094382286072,598.2662057876587,316.21354937553406,872.2785115242004,0.1044126227498054,597.2453141212463,421.41470074653625,610.394275188446,0.5190118551254272,605.5351424217224,312.6355040073395,928.2951378822328,0.1082680150866508,601.3881039619446,415.5865931510925,673.3342838287354,0.5158379077911377,615.271110534668,310.1943504810333,932.5463318824768,0.1104614287614822,591.4702820777893,396.9261109828949,657.9052305221558,0.5072242617607117,615.9952425956726,313.5162556171417,880.8000183105469,0.110930249094963,586.0996413230896,397.1599459648132,620.6335115432739,0.4680670797824859,436.2241315841675,505.6957161426544,160.97526848316193,0.9943355321884156,512.7958345413208,533.8278186321259,-161.2847900390625,0.9952459931373596,487.8564727306366,690.7443523406982,344.7908878326416,0.3469056189060211,531.1274349689484,739.1870427131653,-154.49317932128906,0.8962788581848145,503.7433791160584,891.4414572715759,532.6301264762878,0.5808824896812439,490.92413663864136,943.9642381668092,-233.94887387752533,0.8997034430503845,498.0471074581146,908.5682845115662,549.4774460792542,0.5870839357376099,466.73813223838806,979.1947531700134,-244.89225447177887,0.8941066265106201,576.1381101608276,905.3342485427856,544.0864634513855,0.6336079835891724,578.1541442871094,974.0232825279236,-319.3380868434906,0.8864551186561584,40.73044503280789,20.173107145967066,71.78235856022822,76.6339014405729
grant_DTL_1_frame354.jpg,grant_DTL_1,FO,frame354,P8,680.3837728500366,307.24358797073364,416.6913306713104,0.9652267694473268,687.4213528633118,291.7523503303528,386.4025068283081,0.9671040177345276,685.8272838592529,289.0253806114197,386.3840317726135,0.9690057039260864,684.1577053070068,285.87181091308594,386.4209496974945,0.9698275923728944,690.5484652519226,295.7414495944977,355.5065166950226,0.9718236923217772,691.2317204475403,295.8224952220917,355.3887140750885,0.9713841080665588,691.9770956039429,295.6713795661926,355.1385605335236,0.9716657996177672,670.7435274124146,272.7915680408478,291.5054476261139,0.9678082466125488,684.9336576461792,288.52471947669983,128.7564852833748,0.9700791239738464,667.1697950363159,307.5346827507019,384.5780146121979,0.971311330795288,669.8942542076111,311.67988657951355,342.7575373649597,0.9732036590576172,541.9798564910889,247.7066266536713,279.1185665130615,0.9946314692497252,655.9465527534485,351.5555262565613,-7.263404577970505,0.9939963817596436,523.9425051212311,305.9209477901459,556.3525485992432,0.1198641955852508,608.5967874526978,437.9533839225769,187.2454458475113,0.7087928652763367,570.414834022522,310.5952978134155,815.1049733161926,0.0970712378621101,600.5319428443909,368.73642683029175,598.4331250190735,0.4747020602226257,576.9275808334351,310.7442891597748,868.8019180297852,0.1014118418097496,604.674346446991,356.03266954422,660.2499532699585,0.4750818908214569,584.5501184463501,309.15839552879333,869.5007514953613,0.103398323059082,596.4879012107849,340.298810005188,649.3475461006165,0.4665941298007965,584.9948716163635,311.89907670021057,822.7470803260803,0.1039711907505989,591.1517643928528,343.99407863616943,610.4228568077087,0.4309708476066589,437.18512415885925,502.1948540210724,153.8892960548401,0.9948518872261048,515.8256793022156,531.438775062561,-154.25446808338165,0.995717465877533,484.5673978328705,685.3951478004456,330.0195014476776,0.3469341695308685,531.3782966136932,734.0558052062988,-157.56008684635162,0.906095027923584,504.95877385139465,886.7460250854492,481.8653404712677,0.5868573188781738,493.7910854816437,941.207914352417,-241.51432871818545,0.908783793449402,503.3647048473358,907.8776264190674,495.35712003707886,0.5966516733169556,468.5776233673096,975.1293396949768,-255.9878611564636,0.902321457862854,574.7662568092346,904.033591747284,496.4225256443024,0.6275917291641235,580.4379057884216,968.7921380996704,-328.8346195220947,0.8943471908569336,42.34045380994857,20.398566741795094,68.2997463701711,75.68329348373096
grant_DTL_1_frame356.jpg,grant_DTL_1,FO,frame356,P8,681.3161516189575,305.310595035553,410.8325171470642,0.9683133363723756,686.8786239624023,290.63766717910767,378.8784921169281,0.9699817895889282,685.2403950691223,288.2277989387512,378.86191606521606,0.9717082977294922,683.5913515090942,285.41955828666687,378.8979971408844,0.9725341200828552,690.5358481407166,294.21159267425537,353.19716691970825,0.9742996096611024,691.4762091636658,294.41134214401245,353.10949087142944,0.9739065766334534,692.4339509010315,294.3855607509613,352.8866958618164,0.9742597341537476,669.804196357727,273.5786890983581,265.0000995397568,0.970137059688568,684.9164700508118,288.4532332420349,142.1717655658722,0.972337007522583,668.6999416351318,306.0955917835236,377.2476661205292,0.9731196761131288,671.8139219284058,310.2759110927582,342.3616433143616,0.9749842882156372,538.3437466621399,248.02274644374847,261.6937565803528,0.9949325323104858,658.3154797554016,351.8961238861084,19.514655768871307,0.9945851564407348,522.6332867145538,274.3694472312927,543.6364316940308,0.1232220977544784,626.8150591850281,407.8415858745575,247.12052643299103,0.6663487553596497,572.8561162948608,278.3938229084015,839.596266746521,0.0915423706173896,617.363748550415,327.1246147155762,685.6629395484924,0.4343632459640503,582.0630025863647,278.130955696106,894.9674892425537,0.0966327413916587,621.8779706954956,312.52594113349915,752.412736415863,0.4384006559848785,587.2725820541382,278.69763135910034,889.4914698600769,0.0985057577490806,612.5427889823914,298.5090386867523,737.6014065742493,0.4302079677581787,586.7796778678894,281.831374168396,846.1577439308167,0.0992841720581054,606.4166021347046,302.5828528404236,697.3149061203003,0.3976529240608215,437.6098251342773,503.2989156246185,144.5555466413498,0.995291829109192,520.13995885849,534.7654438018799,-144.94043290615082,0.996138870716095,482.6406812667847,679.5041155815125,297.5919485092163,0.3464848697185516,531.0361862182617,734.8034334182739,-153.77464771270752,0.9145483374595642,501.8297946453095,873.8183784484863,420.5016338825226,0.5844178199768066,493.3937108516693,940.4909920692444,-248.27751874923703,0.9162629246711732,505.65258622169495,903.7311029434204,431.9782161712647,0.6024304032325745,469.97445344924927,976.2794923782347,-264.4293522834778,0.9088769555091858,573.8650989532471,897.3584318161011,434.39870595932007,0.6112056374549866,581.0915493965149,964.8630023002625,-331.5411186218262,0.8985403776168823,40.88651923574283,20.870508354568653,63.64690563138586,74.0880953738106
grant_DTL_1_frame358.jpg,grant_DTL_1,FO,frame358,P8,678.6486625671387,299.1657078266144,424.9481356143952,0.9710016250610352,684.2343091964722,285.73453545570374,387.0170438289642,0.9724912643432616,682.4002575874329,283.19730520248413,387.01759099960327,0.9740430116653442,680.6260085105896,280.2463173866272,387.03590512275696,0.9748995900154114,688.6965179443359,290.3558099269867,369.4463324546814,0.9764524102211,690.0109505653381,291.12831830978394,369.368988275528,0.9760836362838744,691.3778471946716,291.67845010757446,369.1551411151886,0.9765336513519288,667.2398328781128,269.2754817008972,247.45632827281952,0.9722064733505248,684.8412823677063,287.19618916511536,162.0440697669983,0.9741512537002563,665.6212377548218,299.34398889541626,382.6247441768646,0.97459214925766,669.5578408241272,304.6376073360443,358.2079303264618,0.9764127731323242,538.3493793010712,246.35899364948276,233.8347405195236,0.9952046275138856,661.4214134216309,354.8190772533417,45.95252081751824,0.9951119422912598,521.9277262687683,274.07774090766907,510.8172655105591,0.1318048238754272,611.6743326187134,416.3198983669281,274.0048384666443,0.6249987483024597,576.7887282371521,271.2793815135956,839.21138048172,0.086987018585205,598.3394622802734,337.59079813957214,696.9423794746399,0.3943795263767242,586.7620396614075,268.4648162126541,899.4056224822998,0.0923582166433334,601.9035387039185,323.0283987522125,765.9495449066162,0.3998375535011291,593.2892060279846,269.116947054863,900.4372644424438,0.0939667522907257,593.4500098228455,308.6912727355957,751.7008996009827,0.3921400010585785,592.053050994873,273.2715332508087,849.628415107727,0.0949540212750434,587.7452731132507,313.0046832561493,708.0690622329712,0.3628909289836883,437.9347801208496,502.26975202560425,128.51906150579453,0.9956930875778198,521.9847929477692,535.8569848537445,-128.8737165927887,0.9965192079544068,474.4495689868927,676.1830472946167,334.11787390708923,0.3474946320056915,531.2591421604156,728.2149195671082,-128.41517955064774,0.922266125679016,496.4685523509979,838.8707184791565,481.9809544086456,0.5791870355606079,493.7021863460541,932.4563384056092,-249.67512130737305,0.922742247581482,488.1398105621338,874.7110390663147,496.3228118419647,0.6046678423881531,467.2709798812866,970.0018358230592,-266.2318128347397,0.9143977165222168,567.2321033477783,864.4285440444946,510.44203519821167,0.5920329689979553,574.8771715164185,954.5331287384032,-319.9328935146332,0.9006937146186829,41.388862732200856,21.782147893633518,56.77324217240594,71.91587242734059
grant_DTL_1_frame362.jpg,grant_DTL_1,FO,frame362,P8,688.9929556846619,286.7644715309143,346.02466106414795,0.9733692407608032,694.9019479751587,273.93006920814514,304.60336089134216,0.9747625589370728,692.8134942054749,271.081885099411,304.5993375778198,0.9761652946472168,690.5508470535278,267.7802413702011,304.5979857444763,0.9770329594612122,699.536612033844,278.6579132080078,286.8228578567505,0.9783886671066284,700.7124495506287,279.5096004009247,286.74519181251526,0.9780495166778564,701.7719006538391,280.20527958869934,286.6046977043152,0.9785672426223756,673.844633102417,256.1697953939438,162.7759748697281,0.9741241335868835,691.9208979606628,277.08824157714844,80.60567021369934,0.9757957458496094,674.6144700050354,288.4814929962158,305.1271319389343,0.9761614799499512,677.8716158866882,294.000449180603,280.88183999061584,0.9779298305511476,538.2848453521729,239.5276165008545,186.74066483974457,0.9953521490097046,658.1930422782898,351.52140855789185,39.30909678339958,0.995575785636902,528.8909232616425,271.52271151542664,496.4926278591156,0.1352127492427826,618.6000323295593,411.89167857170105,202.0228350162506,0.5889543294906616,586.6157841682434,274.8493480682373,853.3162808418274,0.0815919190645217,615.2333235740662,324.551078081131,638.5023665428162,0.3599444627761841,596.4224982261658,274.931777715683,913.9752960205078,0.0872139558196067,621.250913143158,310.2059054374695,700.8473753929138,0.3673729598522186,603.1321620941162,274.8064112663269,907.21168756485,0.088669516146183,611.4280414581299,291.9358456134796,685.2781820297241,0.3602320253849029,602.7648496627808,277.6853013038635,860.3580451011658,0.0899658650159835,604.6501421928406,295.26129126548767,648.6240577697754,0.3336983323097229,439.6515440940857,499.2004466056824,135.72574138641355,0.9959991574287416,525.4222476482391,532.4966490268707,-135.897456407547,0.9968585968017578,478.4523475170136,662.957546710968,387.4795317649841,0.354104608297348,530.3965437412262,726.1206078529358,-128.52699548006058,0.9291911721229552,491.2645411491394,810.6901431083679,628.0926060676575,0.572556734085083,496.0368990898132,935.0495409965516,-243.22710156440732,0.9289106130599976,482.6305425167084,843.6354160308838,652.3489379882812,0.6032343506813049,466.9675898551941,972.7108454704284,-257.80902206897736,0.9202803373336792,554.9850082397461,836.0917353630066,666.3502621650696,0.5713707208633423,579.1734266281128,955.8442783355712,-319.2663109302521,0.9038758277893066,43.04535499355113,21.216221110901156,50.87805028137437,72.47539895455284
rob_DTL_1_frame932.jpg,rob_DTL_1,FO,frame932,P8,781.2987327575684,540.0653386116028,65.4985499382019,0.9481791257858276,819.5821952819824,486.7940282821655,21.48151516914368,0.9553685188293456,817.9122161865234,487.9928469657898,21.234170794487,0.9576758742332458,815.5681800842285,489.50432538986206,21.131874918937683,0.954818069934845,786.269416809082,537.5461328029633,24.36257243156433,0.9573483467102052,786.3438034057617,539.0495645999908,24.282453060150143,0.9584147930145264,786.3836288452148,540.3196120262146,23.63160789012909,0.9551759362220764,780.6009292602539,506.05153799057007,-88.69374990463257,0.9587278366088868,782.3513031005859,532.9965698719025,-79.78946685791016,0.9517970085144044,777.1038436889648,532.3151171207428,37.83006548881531,0.958921492099762,778.8406562805176,540.6728911399841,40.77069640159607,0.9580438137054444,780.2145767211914,462.44744539260864,-73.19956541061401,0.9950088858604432,779.714469909668,524.9503290653229,-63.69456768035889,0.9943539500236512,796.9021224975586,510.894513130188,-49.83737826347351,0.1481446772813797,745.0465965270996,456.989643573761,-184.7714710235596,0.5704185962677002,815.4728507995605,459.2932641506195,-162.37782955169678,0.1405260860919952,888.7788963317871,388.5354745388031,-244.57045555114743,0.3864012062549591,871.4800643920898,445.54157853126526,-178.41291904449463,0.1527823507785797,923.5061073303224,339.31390285491943,-268.3568000793457,0.394173115491867,906.189079284668,416.0694229602814,-209.71844673156735,0.1533332765102386,926.4526176452636,314.855021238327,-254.555082321167,0.3851488828659057,911.0052108764648,434.2757534980774,-177.48551845550537,0.1527294367551803,912.9259300231934,319.26000237464905,-245.8635234832764,0.3618332147598266,636.8309211730957,594.0745568275452,68.7226152420044,0.9963593482971193,646.7997550964355,651.9104933738708,-68.44528913497925,0.9971356987953186,595.4400444030762,718.2197856903076,199.88051891326904,0.3862383365631103,671.5636253356934,742.7146196365356,-45.26316046714783,0.9252899885177612,585.0955581665039,835.3840184211731,77.06336259841919,0.6023476123809814,609.9908638000488,833.0854511260986,-131.79890155792236,0.9279794692993164,580.038013458252,854.4572925567627,61.74063205718994,0.6352704763412476,593.9456748962402,837.5522303581238,-137.8681468963623,0.9231210350990297,571.6316413879395,870.0366568565369,-14.042672216892242,0.5966845750808716,585.9919166564941,888.4549355506897,-175.05836963653564,0.8974353671073914,89.54156678131433,80.22036303105345,86.98815162528192,85.84327195008092
rob_DTL_1_frame933.jpg,rob_DTL_1,FO,frame933,P8,828.3992958068848,565.521969795227,-32.271326780319214,0.94650399684906,848.2065010070801,539.4729137420654,-46.29403710365296,0.953179895877838,847.6174736022949,538.3371484279633,-46.49665832519531,0.9562432169914246,846.8196487426758,536.7453002929688,-46.62481069564819,0.9526456594467164,832.1108436584473,544.7887086868286,-68.57045888900757,0.9559646844863892,829.1523170471191,547.6769971847534,-68.49539995193481,0.9573734998703004,827.5468826293945,546.8148493766785,-68.88386249542236,0.952037274837494,820.4636764526367,527.8773057460785,-67.74513244628906,0.9572581052780152,824.3158721923828,541.9643425941467,-158.7771463394165,0.9475858807563782,820.6435775756836,566.2130784988403,-29.925050139427185,0.9590259790420532,823.447265625,571.3032460212708,-57.7053701877594,0.9567103385925292,788.98681640625,516.8305742740631,-26.87890112400055,0.9952428340911864,749.6970748901367,566.2636756896973,-184.17134284973145,0.9937359094619752,797.4511528015137,597.207977771759,39.95427489280701,0.1887288838624954,759.6050834655762,635.5639314651489,-263.3220863342285,0.5742398500442505,836.0322761535645,695.860333442688,5.770491063594818,0.2130274325609207,810.0216293334961,729.6881604194641,-198.77354621887207,0.4131661057472229,868.5287475585938,698.7077450752258,1.8450824171304705,0.2222277075052261,816.5865325927734,755.183093547821,-217.3665475845337,0.4163656830787658,887.1399307250977,706.2346887588501,-32.34953284263611,0.2238750606775283,817.8822898864746,740.41907787323,-200.76258659362796,0.4065328538417816,886.6366195678711,713.7930464744568,-10.148297846317291,0.2219078093767166,812.3956489562988,724.0164470672607,-193.6735725402832,0.38337042927742,604.4832801818848,662.5570178031921,86.2684965133667,0.9965393543243408,580.6957054138184,695.7306861877441,-86.65647268295288,0.9971521496772766,577.7983474731445,707.9346513748169,214.7881364822388,0.4192431271076202,655.4373550415039,742.7666330337524,-1.2147694453597069,0.9126991629600524,521.359748840332,835.9825587272644,329.21908378601074,0.5977637767791748,535.9031867980957,850.1927089691162,153.69707107543945,0.908685564994812,508.1605339050293,849.0254974365234,357.40819931030273,0.6239640116691589,497.5756072998047,848.391809463501,170.1456642150879,0.9028596878051758,491.923713684082,879.1929459571838,264.9960422515869,0.5965622663497925,545.0215530395508,919.083423614502,115.83445072174072,0.8744259476661682,51.522100682965274,54.357133225422764,75.9751971531747,82.1675443547424
rob_DTL_1_frame934.jpg,rob_DTL_1,FO,frame934,P8,835.403995513916,552.0729660987854,-122.7817440032959,0.9482473731040956,861.9156074523926,535.7665407657623,-127.5428581237793,0.9556329250335692,860.9743309020996,534.4351136684418,-127.74345874786376,0.9581760168075562,859.8147010803223,532.7514696121216,-127.9619836807251,0.9551624059677124,848.6987113952637,538.1417119503021,-153.92163276672363,0.9587596654891968,846.866569519043,539.1900587081909,-153.85990619659424,0.9600063562393188,845.4158592224121,539.1931164264679,-154.10333633422852,0.9550936818122864,837.5745391845703,532.387021780014,-110.3363299369812,0.9595677256584167,836.4363670349121,540.3759384155273,-221.4983940124512,0.9509319067001344,837.1194076538086,575.1177978515625,-107.6601505279541,0.9615466594696044,839.6198272705078,581.1485838890076,-140.6172752380371,0.9593964219093324,789.0975379943848,573.1139302253723,-35.62941312789917,0.9950919151306152,772.6492881774902,622.8397679328918,-245.44361114501956,0.993755578994751,793.2009887695312,658.5079550743103,19.25132989883423,0.1932839304208755,754.6744537353516,741.1842155456543,-280.7102680206299,0.5839256048202515,832.6358413696289,688.1942796707153,-0.8461699448525906,0.2417332381010055,781.8921089172363,845.1150941848755,-185.10443687438965,0.4261363446712494,863.2505035400391,681.5736436843872,-6.161037236452103,0.250954270362854,791.7490196228027,866.6015195846558,-207.31927871704104,0.4244020581245422,884.9970245361328,681.9153356552124,-29.292261600494385,0.2536340951919555,793.6356925964355,874.2241215705872,-194.6678924560547,0.413737952709198,876.6566276550293,692.1046829223633,-12.77240663766861,0.2478072494268417,780.9662246704102,852.7664065361023,-180.5345249176025,0.3902879059314728,584.055233001709,730.1348447799683,83.58924865722656,0.996525228023529,580.825366973877,761.4053249359131,-84.0861439704895,0.9968605041503906,556.4768028259277,713.2167792320251,150.53372383117676,0.41980841755867,645.1638221740723,789.5511388778687,16.050835847854614,0.8709394931793213,473.8887119293213,876.1260223388672,332.037935256958,0.5661916732788086,509.666805267334,886.4723110198975,159.36045169830322,0.8565816879272461,460.4618167877197,892.8006291389465,353.7715530395508,0.5926276445388794,469.1448497772217,894.2438721656799,174.53146934509277,0.8623797297477722,447.2159385681152,913.2888865470886,294.1730117797852,0.5723973512649536,523.1759262084961,945.89439868927,127.88658142089844,0.8223019242286682,71.69688278237442,84.10294371153947,85.51750168186611,88.896470104888
rob_DTL_1_frame935.jpg,rob_DTL_1,FO,frame935,P8,848.8876533508301,532.7479290962219,160.07476329803467,0.9375549554824828,858.2709503173828,524.1954910755157,164.88128185272217,0.9446426630020142,858.039379119873,523.2419335842133,164.6522855758667,0.9503841996192932,857.9666519165039,521.8999171257019,164.68252658843994,0.9439998865127563,852.1338844299316,525.9840631484985,155.94790935516355,0.9474912285804749,850.3163909912109,526.330132484436,155.92636585235596,0.9516252279281616,848.9222145080566,525.9375536441803,155.3776788711548,0.9431798458099364,844.7832870483398,519.0830183029175,164.72132205963135,0.9519879817962646,843.0795478820801,526.0520088672638,112.72930383682252,0.941684365272522,842.1817016601562,543.069498538971,156.85172080993652,0.9510758519172668,846.5130615234375,546.7740368843079,144.92486000061035,0.9423614740371704,832.7204132080078,539.9122273921967,165.7220220565796,0.995191216468811,819.2036819458008,572.5407528877258,0.0296157016418874,0.9941309094429016,851.685791015625,596.6667938232422,42.7565324306488,0.1888568848371505,767.9834747314453,731.8312668800354,-169.761700630188,0.5680868029594421,865.0805282592773,637.9651737213135,132.3818063735962,0.2718724906444549,781.6815948486328,706.9759440422058,-80.52184581756592,0.4020981192588806,867.9135704040527,639.3784832954407,136.93848609924316,0.2844938039779663,792.3694038391113,716.1215472221375,-76.87407732009888,0.3988144397735595,881.9316673278809,636.3796663284302,118.74507665634157,0.2885358929634094,772.1078109741211,715.6968784332275,-59.725377559661865,0.3882820606231689,880.3868865966797,643.9243769645691,123.52423667907716,0.2799279689788818,773.6450386047363,707.0678687095642,-71.94080829620361,0.3691162765026092,724.7875785827637,709.0610504150391,94.31214809417725,0.9968188405036926,730.7105255126953,668.8443946838379,-94.75002765655518,0.9971261620521544,719.0005874633789,684.4445514678955,39.56472516059876,0.4091317057609558,764.0743446350098,707.3004484176636,-202.753586769104,0.8797088265419006,685.0468254089355,868.9028549194336,-95.41646718978882,0.5680245161056519,739.907054901123,876.1799025535583,-323.9381790161133,0.8574429154396057,665.6534385681152,899.4447612762451,-114.92214918136597,0.6028953790664673,674.5224952697754,867.7204513549805,-331.600341796875,0.8635028600692749,724.7556495666504,914.0824127197266,-173.4204339981079,0.5758361220359802,667.1799087524414,932.6502299308776,-360.5397891998291,0.8169891238212585,67.49767161542611,81.62193612397651,85.3362948513141,88.2056225459677
rob_DTL_1_frame936.jpg,rob_DTL_1,FO,frame936,P8,887.1118927001953,520.410647392273,361.0167217254639,0.9307209849357604,874.6392059326172,513.7099635601044,364.5816993713379,0.9400205016136168,873.6972999572754,512.3212766647339,364.28821563720703,0.94666850566864,873.8446998596191,511.1282515525818,364.19297218322754,0.939252495765686,872.2429847717285,517.301881313324,352.3164653778076,0.9412642121315002,867.3841667175293,518.0935728549957,352.27086067199707,0.9468240141868592,863.7147331237793,518.5566401481628,351.61906242370605,0.9369755387306212,867.0559501647949,508.3345270156861,345.69780349731445,0.948927104473114,850.8710861206055,520.3436350822449,286.7805576324463,0.9342796802520752,887.2577476501465,528.9775371551514,349.520902633667,0.943820595741272,882.4830436706543,532.7004861831665,331.4999198913574,0.9271048903465272,856.9401168823242,514.086674451828,319.585018157959,0.9949532151222228,867.1967697143555,560.4052805900574,130.2224063873291,0.9943239092826844,862.1350479125977,580.9509587287903,343.0377388000488,0.1808768659830093,834.283390045166,687.0140647888184,-8.694047033786774,0.5490118265151978,864.272518157959,618.4734749794006,316.94066047668457,0.2733083069324493,821.2918853759766,698.1955289840698,-29.06862437725067,0.3740681409835815,861.8970108032227,614.8894429206848,327.0486831665039,0.2902975976467132,799.0398216247559,658.377857208252,0.9613985940814018,0.3709934055805206,875.9789085388184,632.8871083259583,328.38300704956055,0.2948043942451477,785.5068969726562,621.8318796157837,13.665805757045746,0.3606852889060974,877.210578918457,641.208930015564,316.77961349487305,0.28473761677742,808.476448059082,671.2679100036621,-31.839487552642822,0.3443450927734375,766.9570541381836,640.5863785743713,111.692533493042,0.9970480799674988,768.141918182373,630.2198767662048,-112.43579864501952,0.9973098635673524,769.3295288085938,691.3499736785889,79.7985577583313,0.4123028814792633,777.1739387512207,719.0915894508362,-192.3177194595337,0.889977753162384,746.5565872192383,882.1416163444519,-60.27627468109131,0.5750776529312134,754.442081451416,890.4947233200073,-319.69319343566895,0.8647809624671936,721.1623764038086,907.2849440574646,-78.05449962615967,0.6176897883415222,717.2638893127441,889.6505355834961,-327.2760200500488,0.8692900538444519,733.3266448974609,934.4839596748352,-106.39409065246582,0.5835861563682556,762.9535102844238,940.990912914276,-349.5717430114746,0.818109929561615,77.51407257872717,83.4795382100195,86.89965596601802,89.69710622498967
rob_DTL_1_frame937.jpg,rob_DTL_1,FO,frame937,P8,886.9868087768555,543.5389709472656,-217.84881591796875,0.9364548325538636,874.134407043457,534.1354894638062,-233.6531639099121,0.9451210498809814,872.8842544555664,533.5922133922577,-233.72765064239505,0.951130211353302,872.5069427490234,533.0483257770538,-233.87610912323,0.9444851875305176,872.3708724975586,535.444997549057,-243.74765396118164,0.9464224576950072,868.0016899108887,536.1146700382233,-243.6796188354492,0.9514321088790894,864.6549224853516,536.3424217700958,-243.84575843811035,0.9423827528953552,861.4374160766602,534.1673541069031,-224.01719570159912,0.9534602165222168,852.0864486694336,536.4639258384705,-266.3943099975586,0.940065324306488,884.4559478759766,549.656081199646,-202.8570556640625,0.9489681720733644,880.4538917541504,552.819242477417,-216.55579090118408,0.9337201714515686,849.1350173950195,513.4685003757477,-118.0840802192688,0.9953181147575378,862.0293045043945,591.2213516235352,-226.2048625946045,0.9947361946105956,857.7310752868652,576.5867900848389,-21.710697412490845,0.1936029493808746,799.7290420532227,710.6939363479614,-316.59504890441895,0.5638124346733093,878.8136100769043,563.0711603164673,8.818607926368713,0.3106624782085418,790.1678466796875,818.7354826927185,-302.51166343688965,0.3761185109615326,879.6513175964355,548.0352973937988,13.32551658153534,0.3261736035346985,803.6623191833496,798.1644415855408,-320.06701469421387,0.3677141070365906,893.2096481323242,553.9883208274841,-0.5516455136239529,0.3311452567577362,785.6671714782715,821.3208317756653,-308.6687564849853,0.3569977283477783,894.3110847473145,567.6363658905029,5.114408880472183,0.3171473741531372,789.2476272583008,819.4654726982117,-299.8964595794678,0.341421514749527,736.0006141662598,633.8771653175354,111.57897233963013,0.997252881526947,744.2707443237305,650.7474660873413,-112.3111367225647,0.997492790222168,731.5243721008301,688.4258937835693,110.6074047088623,0.3863166868686676,787.8641510009766,732.6379251480103,-78.56595039367676,0.8747434616088867,706.8870162963867,857.3929595947266,276.4405345916748,0.5383020639419556,741.7583656311035,887.0379567146301,46.625179052352905,0.83734130859375,665.950927734375,880.0971937179565,289.93921279907227,0.5806264877319336,692.8756141662598,889.2412519454956,59.38356041908264,0.8444073796272278,702.3625373840332,904.658589363098,249.3828392028809,0.5540794134140015,739.2033004760742,933.5130858421326,17.6534503698349,0.7871055603027344,80.58394458882739,63.88506086223786,83.19913037750963,87.88455049796565
rob_DTL_1_frame938.jpg,rob_DTL_1,FO,frame938,P8,892.3321723937988,549.1111636161804,161.4315891265869,0.9228886961936952,882.0245361328125,521.0474252700806,168.26850414276123,0.9349632263183594,881.1267471313477,520.3249669075012,168.01069736480713,0.9428501725196838,881.6983222961426,519.3698000907898,167.91735649108887,0.935208022594452,880.0222778320312,524.8464953899384,154.41490173339844,0.933858036994934,876.6474723815918,524.9702847003937,154.40112590789795,0.940319299697876,874.8455429077148,524.9410271644592,153.9067554473877,0.9294474124908448,872.4215126037598,520.1400232315063,191.43442153930664,0.9467232823371888,883.1122970581055,527.8878307342529,124.05840396881104,0.9253773093223572,886.4951133728027,550.3544640541077,172.0014238357544,0.9402214884757996,882.4352073669434,549.600076675415,151.40700817108154,0.9178344011306764,857.0097541809082,507.91375279426575,225.88773250579837,0.994362473487854,867.8925132751465,553.5803246498108,42.350531816482544,0.9947721362113952,881.3018417358398,543.8539481163025,273.75861167907715,0.1861504465341568,839.0892219543457,601.0688781738281,-70.82367897033691,0.5463030338287354,895.3608512878418,530.163642168045,249.10137176513672,0.3115693628787994,834.0802001953125,631.5799498558044,-145.94149589538574,0.3514098227024078,889.815502166748,522.239066362381,261.0156440734863,0.3325982987880707,832.543888092041,644.0777778625488,-132.65830993652344,0.3445843756198883,904.4871139526368,517.4286639690399,254.928617477417,0.3375712931156158,823.0140495300293,632.3201751708984,-106.258385181427,0.3340866565704345,907.7022743225098,525.1858055591583,247.3669910430908,0.3221368193626404,826.1667251586914,630.2156281471252,-135.72117805480957,0.3202494084835052,769.9963760375977,616.9308400154114,128.0027961730957,0.9973777532577516,769.2182350158691,622.6125311851501,-128.49613666534424,0.9976104497909546,805.7201385498047,695.2997732162476,66.49450778961182,0.3826382160186767,790.1566886901855,739.7539114952087,-156.8593168258667,0.8855873346328735,755.3268241882324,869.5935130119324,16.19657278060913,0.54084712266922,761.8151092529297,892.1599245071411,-247.39697456359863,0.8486942052841187,707.4408531188965,910.1638340950012,7.323631346225738,0.5950811505317688,731.8681526184082,915.3904724121094,-253.3850383758545,0.854966938495636,795.1963233947754,912.736759185791,-24.178406596183777,0.5633072853088379,806.6474533081055,940.6732964515686,-291.16209983825684,0.7986326217651367,76.59590743777443,82.20152295715226,86.60664460097969,89.82618228019933
rob_DTL_1_frame939.jpg,rob_DTL_1,FO,frame939,P8,891.2715911865234,541.6149258613586,229.97375965118408,0.8707340955734253,880.2005195617676,516.8425798416138,230.25989055633545,0.8841923475265503,879.5276641845703,515.5321061611176,230.06715774536133,0.8968105316162109,881.7398643493652,516.384083032608,229.94935512542725,0.8853615522384644,882.0653915405273,528.4855341911316,217.66276359558103,0.8772088885307312,880.1079368591309,527.3233759403229,217.6614475250244,0.886484682559967,879.1101264953613,526.2017726898193,217.1695375442505,0.8730148077011108,884.2606544494629,515.6155979633331,211.3901710510254,0.8996522426605225,883.0887794494629,520.8163583278656,155.81721782684326,0.868865966796875,886.6121864318848,512.3671746253967,224.66164112091064,0.8963599801063538,881.6175270080566,541.9396877288818,206.8183135986328,0.8623999357223511,870.1072883605957,489.1945946216583,238.44622135162356,0.991741180419922,878.9814949035645,512.0775604248047,49.64408040046692,0.9942126870155334,877.7744293212891,542.2068357467651,303.23163986206055,0.1750355362892151,860.4664421081543,524.8727917671204,-18.599340319633484,0.5170324444770813,884.1072463989258,541.9371771812439,291.60658836364746,0.2988385558128357,862.584228515625,513.3272016048431,23.23134183883667,0.3277320563793182,882.161922454834,536.7217397689819,309.3318271636963,0.3231663405895233,862.3041915893555,512.3493754863739,25.06955087184906,0.323194146156311,896.0402297973633,533.1354224681854,296.2298583984375,0.3293646574020386,858.1985092163086,503.2600665092468,48.21716666221619,0.3134778439998626,898.7921905517578,538.871283531189,286.4337158203125,0.3147177100181579,857.5737190246582,504.3569505214691,32.5079083442688,0.3015332221984863,780.7849502563477,595.8506727218628,127.83843040466309,0.9975225329399108,777.2000885009766,603.574469089508,-128.2406187057495,0.9977576732635498,809.3389320373535,711.0427093505859,96.1361289024353,0.3831218481063843,792.0385551452637,743.4175086021423,-119.83884572982788,0.8954445123672485,766.999568939209,872.5268626213074,113.83339405059814,0.5486035346984863,766.0624122619629,894.6210336685181,-154.74341869354248,0.8598911762237549,745.6803703308105,913.689351081848,111.2148642539978,0.6089840531349182,748.9153861999512,928.5566854476928,-153.97750854492188,0.8644202351570129,812.4743270874023,914.3500113487244,74.40617322921753,0.5713516473770142,821.0213470458984,943.968744277954,-207.24703788757324,0.809372067451477,68.80328854190162,65.10247270795547,87.308925419586,89.19796627820547
eric_DTL_1_frame36.jpg,eric_DTL_1,FO,frame36,P9,509.4400202035904,213.02878165245056,-158.9682040810585,0.8733344078063965,507.0370237827301,207.94282448291776,-167.23973748087883,0.8881763219833374,505.08879244327545,206.4624766111374,-167.29395121335983,0.9000754356384277,503.2176481485367,204.79424554109573,-167.42199674248695,0.8910085558891296,510.976912856102,211.95596647262573,-184.96591380238533,0.8801437020301819,511.6503682732582,213.4847338795662,-185.06599536538124,0.8881037831306458,512.4163212180138,214.89827626943588,-185.2369305193424,0.8762094378471375,495.7061285972595,205.46247363090515,-163.51128369569778,0.9009582996368408,509.44490307569504,221.27475363016129,-244.50533601641652,0.8642812371253967,503.7140042185784,215.5390698313713,-151.31743609905243,0.8918598890304565,508.0528343319893,220.64882284402847,-175.61791488528252,0.8598176836967468,452.5719445943832,212.2039361000061,-43.16848098486662,0.9893021583557128,510.42421329021454,261.5793479681015,-273.9589244425297,0.9939849376678468,457.2456496953964,212.1536875963211,110.14403691887856,0.1634461432695388,528.7689213752747,283.0436990261078,-268.65228137373924,0.5472089052200317,476.4657078385353,214.5069732666016,221.3203857243061,0.2776290476322174,558.9908522367477,263.42369908094406,-141.53457586467266,0.3368801474571228,472.9917694330216,211.15728479623797,256.9083506166935,0.3026894927024841,566.6847003102303,257.94183760881424,-148.4845045208931,0.3337993025779724,480.93080002069473,215.2196934223175,225.7961440384388,0.3087301552295685,559.8537007570267,253.5399916768074,-139.4760903120041,0.3243713080883026,482.4769389629364,218.8565299510956,214.012423068285,0.2953336238861084,556.6137592792511,255.91102796792984,-135.68951822817326,0.312850147485733,401.0434454679489,322.28237050771713,111.37581932544708,0.9974676370620728,413.8471672534943,351.7657859325409,-111.45721784234048,0.9978256225585938,437.69012784957886,426.619460940361,109.12223532795906,0.3756432831287384,445.7090505361557,462.8602219820023,-118.74524210393427,0.9050610065460204,420.0966202020645,532.1807088851929,199.49025928974152,0.5506631135940552,408.3124144077301,575.8074994087219,-122.85380670428276,0.8722197413444519,406.7490295767784,551.2952781915665,207.61473512649536,0.6051581501960754,383.57761973142624,592.7664271593094,-123.00522768497468,0.873575747013092,464.94074445962906,566.95625436306,184.33242174983025,0.5760385990142822,452.4563140273094,603.9110832214355,-182.50414976477623,0.8242374658584595,40.479897537815546,66.52620698663158,75.92762559224987,86.71146839123655
rob_DTL_3_frame36.jpg,rob_DTL_3,FO,frame36,P9,517.8777623176575,139.79352056980133,296.453994512558,0.885610818862915,519.6002233028412,119.76144254207613,222.70606219768524,0.899175763130188,515.9299957752228,113.30031484365465,222.70351946353912,0.9098764657974244,512.1521687507629,106.88147217035294,222.4612194299698,0.9017516374588012,528.7977433204651,134.5806097984314,200.96095383167267,0.8918755650520325,531.4841258525848,138.66565704345703,200.59887170791623,0.8989957571029663,534.335206747055,143.11927199363708,200.89667737483975,0.8883369565010071,497.0869839191437,86.86298489570618,122.1607455611229,0.9106787443161012,528.2062840461731,143.32903146743774,46.664236932992935,0.8773574233055115,506.0596168041229,137.07955420017242,226.8601655960083,0.9021884202957152,514.090633392334,152.3857355117798,194.5857721567154,0.8732473850250244,396.014621257782,26.852495670318604,156.16869628429413,0.9896813035011292,522.0508396625519,224.8829966783524,-85.00146210193634,0.9945141673088074,386.9322967529297,64.79834094643593,354.3150043487549,0.1547826379537582,495.7178020477295,214.5227873325348,-243.8724410533905,0.5218489170074463,424.20066833496094,125.12896925210951,577.8609895706177,0.2524044215679168,467.3729467391968,137.30286419391632,-340.4710078239441,0.3178153038024902,426.4961779117584,132.8358194231987,631.654622554779,0.2761740088462829,461.2375867366791,120.84497720003128,-358.710458278656,0.3237999677658081,437.27115869522095,146.25182390213013,599.9013447761536,0.2817458212375641,457.0122385025024,110.61351388692856,-330.8206880092621,0.3149153590202331,438.9620125293732,149.41920161247253,573.2960414886475,0.2696126699447632,456.2422406673432,115.43004781007768,-330.6180739402771,0.3037907183170318,342.9648506641388,352.40917682647705,137.61512160301208,0.997390866279602,405.68727850914,429.8816192150116,-137.87808537483215,0.9979948401451112,447.1862125396729,661.9925951957703,301.33633375167847,0.3553897440433502,470.17449259758,713.896815776825,-137.4098038673401,0.912017285823822,477.9119682312012,802.983341217041,404.258165359497,0.528130292892456,480.29908061027527,985.0296521186827,-203.2741498947144,0.8808852434158325,472.0592701435089,728.0517339706421,408.0927050113678,0.5802016258239746,457.8682708740234,1012.1861171722412,-213.6483442783356,0.8791347146034241,556.5089106559753,953.7462329864502,373.8119173049927,0.5544154047966003,568.40092420578,1129.4015264511108,-292.40702390670776,0.8318343758583069,57.52534637353787,51.006038966926134,62.408302246258614,77.17391586195609
eric_DTL_1_frame37.jpg,eric_DTL_1,FO,frame37,P9,520.4881590008736,198.12663489580157,-11.02462807111442,0.828328013420105,523.0435287356377,193.0476278066635,-20.730343904346228,0.8452590703964233,521.4584999680519,191.4123566746712,-20.771244451403614,0.8593518137931824,519.8299062848091,189.40078008174896,-20.772270374000072,0.8492102026939392,523.6770554184914,196.9850697517395,-42.21842471510172,0.8359878659248352,522.8149341344833,197.93805861473083,-42.20445138961077,0.844086766242981,521.9222342967987,198.81332594156265,-42.46520022302866,0.8274500370025635,506.5871762037277,185.86646205186844,-24.414745785295963,0.8542428612709045,512.6184582710266,197.95313316583636,-120.5970020890236,0.8117451667785645,509.0358846187592,196.1825953722,-5.521238912828267,0.85029137134552,510.28856641054153,201.35547667741776,-34.29338476806879,0.818804144859314,461.5890510082245,176.68611818552017,38.4097844734788,0.98361998796463,504.0416414737701,201.16555273532867,-149.29656770825386,0.9899562001228333,489.2438724637032,128.1858196258545,106.84806361794472,0.1523653119802475,508.1234801411629,191.80340939760208,-193.6440242230892,0.4999285042285919,526.7534726262093,110.26663526892662,110.17133425176144,0.2453764826059341,531.9871150255203,147.38663923740387,-137.6529089808464,0.3036461174488067,525.2646468281746,99.767181545496,116.4714513272047,0.2682029902935028,540.7752112746239,131.99763068556786,-139.2818749397993,0.3132078945636749,535.0492991805077,99.81399351358414,100.97332781553268,0.273455411195755,530.3690143227577,135.63411104679108,-123.37980630993844,0.3041810691356659,528.3337570428848,109.6632681787014,102.43633672595024,0.260971188545227,525.6017381548882,141.28674042224884,-129.4900627732277,0.2928544580936432,367.4686437249184,348.6663966178894,118.99699571728706,0.9967178106307985,385.6238201856613,371.6329276561737,-119.71500301361084,0.9978072643280028,391.58549535274506,402.6976692676544,251.59327507019043,0.3419471383094787,375.0804526209831,462.0594803094864,-20.001923710107803,0.9150739312171936,350.83037823438644,504.8760570287705,392.2337399125099,0.5137195587158203,328.1609345674515,555.3400709629059,82.62816087901592,0.8822951316833496,330.3189908862114,525.4075186252594,405.21989411115646,0.5813726186752319,302.7452735900879,577.6688888072968,94.63110029697418,0.8832767009735107,383.8344380259514,529.2578246593475,417.5466527938843,0.5517914891242981,370.2335267663002,581.3969812393188,68.2298653498292,0.8344056606292725,29.969036333284443,51.67342424677448,77.25610400966411,85.65075790454918
eric_DTL_1_frame38.jpg,eric_DTL_1,FO,frame38,P9,507.5800961256027,206.5690188407898,18.96983475610614,0.837638258934021,509.0720732808113,205.85870522260663,9.659046094864609,0.8527517318725586,508.1106669306755,204.63986134529117,9.668189575895669,0.8673244714736938,507.16252398490906,202.93048810958865,9.637241993099453,0.8567805886268616,509.8301651477814,207.37561321258545,-9.93773883394897,0.8419452905654907,509.4861131310463,207.4937260746956,-9.924120469018815,0.8504675030708313,509.2664185166359,207.59940195083615,-10.120629016309977,0.8317241072654724,496.8189039826393,194.98562210798264,-4.698394880630076,0.8618690967559814,504.7780201435089,207.83682131767276,-92.05257155001163,0.8197863101959229,502.5151032805443,203.6348142623901,20.415714655071497,0.8590837121009827,503.9741816520691,205.58649694919583,-5.170573591254652,0.8290399312973022,445.5540106892586,180.3180646300316,34.86445137858391,0.9844972491264344,501.4375122785568,211.83960556983948,-122.07561194896698,0.990695297718048,480.7735438346863,129.91848814487457,62.31469867378473,0.1716244518756866,491.5701974034309,195.0110736489296,-150.40887558460236,0.5241235494613647,495.9289053082466,123.9119822382927,60.32590659707785,0.2624243795871734,477.999899327755,179.5151281952858,5.358754633925855,0.3225544691085815,497.3392588496208,113.99011677503586,60.72965259104967,0.2777450680732727,479.36623775959015,167.76206094026566,16.646898174658418,0.3286602795124054,503.286250770092,121.06307497620584,54.68875628709793,0.2835647165775299,469.88456588983536,170.8735792040825,25.783577598631386,0.3197541236877441,502.5919132828713,129.61933627724648,54.161921225488186,0.2715856432914734,466.6274824142456,175.48537147045135,13.178002806380391,0.3091201484203338,400.9858206510544,353.77815186977386,92.13723397254944,0.9968459010124208,415.6422634124756,375.8424816131592,-92.874417796731,0.9979435205459596,413.8218525052071,421.882509469986,256.9510844051838,0.3445441722869873,429.3937472105026,457.27247285842896,92.33575215935709,0.9216817021369934,411.9186059236527,515.7272310256958,428.4042210578919,0.5209197998046875,407.7227989435196,555.9709303379059,237.2954290509224,0.8879615664482117,394.3504476547241,546.9136856794357,447.57943296432495,0.595899224281311,389.2440023422241,575.9813091754913,255.2503211796284,0.8880465030670166,456.7230092287064,554.8043949604034,474.841200530529,0.5664474964141846,452.2807037830353,586.4348846673965,249.52013224363327,0.839590847492218,29.425523131144367,56.40551818539969,70.40011055191177,85.47054347696894
rob_DTL_3_frame38.jpg,rob_DTL_3,FO,frame38,P9,576.0822343826294,218.95886063575745,285.0308740139008,0.8532935976982117,576.6072607040405,203.831684589386,212.27575063705444,0.8670092821121216,572.587423324585,198.6604070663452,212.3547202348709,0.880162239074707,568.3547043800354,193.3548474311829,212.47427701950076,0.8706501126289368,584.8344540596008,213.52424919605252,217.7327799797058,0.8570883870124817,586.6871738433838,215.3506886959076,217.73121893405917,0.8646904826164246,588.2998466491699,217.208349108696,217.63145685195923,0.8477181196212769,548.3399748802185,175.4482537508011,61.06004700064659,0.8751158118247986,579.166796207428,212.8092259168625,22.580812945961952,0.837030291557312,560.1743745803833,214.75752353668213,205.96323609352112,0.8727575540542603,569.3233251571655,227.1047830581665,214.05465066432956,0.8456937074661255,423.914498090744,137.72690534591675,12.493250481784344,0.9857786893844604,560.1923990249634,264.24024045467377,-89.84237730503082,0.9915281534194946,349.6981716156006,125.15670597553252,146.64879620075226,0.2255261689424514,530.7001912593842,248.5272377729416,144.35681104660034,0.5358273983001709,343.99102091789246,103.03516030311584,189.78077709674835,0.2918810546398163,512.4850416183472,223.8061326742172,404.3338680267334,0.3428780138492584,333.14085245132446,82.69834846258163,190.5642127990723,0.3040246069431305,512.7889466285706,204.2681819200516,433.44563126564026,0.3514735102653503,343.2465147972107,84.32788699865341,103.24743837118147,0.3104160130023956,506.03431820869446,191.5841388702393,423.68269085884094,0.3436537384986877,348.36095094680786,93.62431615591048,197.0739823579788,0.296507716178894,501.97070717811584,197.3041480779648,410.0629055500031,0.3328044712543487,356.5733063220978,419.5002472400665,78.23083698749542,0.9968268871307372,445.3458201885224,483.250937461853,-78.59007060527802,0.9979903697967528,420.8402681350708,577.8524923324585,121.6619834303856,0.3715456128120422,466.8620824813843,546.3144135475159,-4.667854383587837,0.926802098751068,452.8215551376343,680.064160823822,125.4369056224823,0.5439922213554382,469.3403470516205,907.112681865692,-16.55212003737688,0.8925904631614685,443.4257662296295,789.855043888092,125.850550532341,0.6215422749519348,448.5955309867859,936.777892112732,-15.123450458049774,0.8937455415725708,511.1326932907105,855.7329726219177,121.96357101202013,0.5837684869766235,548.1403541564941,1025.4888010025024,-50.438692420721054,0.8402099013328552,42.872032739440456,35.68346795544353,36.904109516262864,60.48685165727093
tom_DTL_2_frame42.jpg,tom_DTL_2,FO,frame42,P9,1092.4213027954102,196.7275267839432,-233.597674369812,0.8664555549621582,1107.7278900146484,211.1638355255127,-260.7132625579834,0.8791642189025879,1105.2001190185547,214.4093942642212,-260.85662841796875,0.8911792039871216,1102.5724411010742,217.3982495069504,-260.8858108520508,0.8824335336685181,1111.534652709961,207.30438351631165,-247.47159004211423,0.8698778748512268,1111.8366622924805,207.9851120710373,-247.54091262817383,0.8768723011016846,1112.5758361816406,208.68693888187408,-247.76670455932617,0.8613758683204651,1078.135643005371,234.60335433483124,-280.391149520874,0.8866889476776123,1093.7084197998047,225.64705610275269,-228.27067852020264,0.852098286151886,1058.9219284057615,209.87579584121704,-231.5181255340576,0.8843950033187866,1062.971076965332,204.58103477954865,-215.99388599395752,0.8600221872329712,922.1328163146972,269.26925361156464,-262.13536262512207,0.9870246648788452,977.6162338256836,267.98082768917084,-127.64984607696532,0.9920787811279296,626.993350982666,374.13548827171326,-294.1428852081299,0.261160671710968,916.0922813415528,343.19746255874634,70.36852598190308,0.5012660026550293,750.3961944580078,391.58105850219727,-324.63809967041016,0.3086156845092773,838.0328178405762,381.2119174003601,-33.02356481552124,0.3216096460819244,746.8096733093262,369.33152318000793,-344.5686721801758,0.3165749311447143,898.6641883850098,369.14445519447327,-38.04463505744934,0.3306909799575805,767.4009132385254,352.6938343048096,-342.0980644226074,0.3216218054294586,853.4228324890137,378.207757472992,-9.94511604309082,0.3241046965122223,768.4233283996582,381.3393437862396,-322.710828781128,0.3082656264305115,847.71240234375,381.1047041416168,-16.726573705673218,0.3148724138736725,809.4900512695312,493.8859391212464,77.01693534851074,0.9969375729560852,832.3419570922852,512.4691736698151,-77.27153062820435,0.9979602098464966,795.7074165344238,584.9349403381348,-28.730528354644772,0.3913811147212982,863.9194679260254,596.5123629570007,-232.8134822845459,0.922980546951294,720.9441947937012,787.774829864502,-78.06303977966309,0.5477057099342346,742.0516204833984,831.4552044868469,-234.0805721282959,0.8748674392700195,654.4472122192383,845.6042003631592,-87.65785217285156,0.6158007383346558,681.3106727600098,875.7664346694946,-232.97404289245603,0.8705407381057739,772.4807739257812,875.5877995491028,-201.0667991638184,0.5937652587890625,815.3120613098145,915.0859236717224,-304.4087791442871,0.825249433517456,1.3302731826672,39.11810690530906,67.5808882243316,81.57508215488672
tom_DTL_2_frame43.jpg,tom_DTL_2,FO,frame43,P9,1056.2311935424805,304.0773046016693,117.36983299255373,0.8794063329696655,1057.800636291504,284.9139404296875,90.57637453079224,0.8908939361572266,1053.0405807495115,278.5418486595154,90.57344913482666,0.9017919301986694,1048.5776138305664,272.77846813201904,90.60399770736694,0.8938283920288086,1067.391700744629,295.3030049800873,58.470128774642944,0.8825326561927795,1069.2375183105469,295.8808493614197,58.39476227760315,0.8889092206954956,1070.5973052978516,296.0755777359009,58.3152973651886,0.8748489022254944,1034.2871475219729,266.6277229785919,23.31458866596222,0.8975123763084412,1058.5041046142578,289.83837962150574,-122.29983329772948,0.8663574457168579,1038.0591201782229,300.3398394584656,106.55256986618042,0.8952374458312988,1048.1587600708008,309.94606375694275,62.75965690612793,0.8731340765953064,904.0730094909668,296.94252133369446,103.64684343338013,0.9879490733146667,1016.8978500366212,355.4812824726105,-206.9668006896973,0.992711305618286,877.3684501647949,349.0465235710144,410.3598976135254,0.2418536692857742,985.5134582519532,393.1159687042236,-122.43118286132812,0.4663176834583282,929.1277885437012,368.5089004039765,686.4676094055176,0.2801921665668487,961.0394668579102,325.61368346214294,81.3088059425354,0.3020384609699249,933.6163902282716,371.2672519683838,741.6415786743164,0.2884925007820129,960.0430297851562,312.9211914539337,94.36569929122923,0.3208533823490143,942.0423316955566,369.0226292610169,708.7891387939453,0.2934055626392364,950.1165962219238,301.9274067878723,92.57560729980467,0.3157147467136383,944.4051361083984,371.2896537780762,682.4950218200684,0.2818774580955505,945.9393882751464,306.530077457428,89.090416431427,0.3040928840637207,842.6950836181641,540.4999208450317,131.85251712799072,0.9971802234649658,909.9730682373048,557.1600437164307,-132.2267246246338,0.9981454014778136,873.9230918884277,709.9556422233582,302.43842124938965,0.4422142207622528,921.4318084716796,724.7975492477417,-12.22147822380066,0.9303575754165648,879.960823059082,876.597490310669,441.9806385040283,0.5829387903213501,895.803394317627,901.7091464996338,51.8968391418457,0.8870397210121155,863.276481628418,906.7337822914124,455.3884506225586,0.6465628147125244,869.0876197814941,927.929949760437,57.04238176345825,0.8823801279067993,938.6402320861816,913.1427597999572,417.1267890930176,0.5997260808944702,961.5367126464844,955.293309688568,-20.517464876174927,0.8392547369003296,27.422378546628227,13.908429694738338,70.03735454120303,75.70712459089773
random_1_frame44.jpg,random_1,FO,frame44,P9,299.943660736084,341.4677269458771,50.66220916807652,0.8902258276939392,302.7553505897522,335.7353677749634,39.24335041642189,0.9000784754753113,302.27277529239655,333.9686801433563,39.25081992149353,0.909746527671814,301.7936146259308,332.112247467041,39.27964380383492,0.9026905298233032,303.4930143356323,337.57917165756226,26.59711617231369,0.8926684260368347,303.58355379104614,337.2734320163727,26.555395267903805,0.8981980681419373,303.8804714679718,337.0752098560333,26.476404443383217,0.885499894618988,295.73748219013214,319.4869660139084,10.114923257380724,0.9041420817375184,301.0485007762909,329.9518792629242,-55.14229866862297,0.8749136924743652,294.354815363884,337.5224380493164,44.90922546386719,0.903474748134613,294.9152287244797,339.6019666194916,27.48267935216427,0.8836516737937927,250.7613610029221,292.7496985197067,35.99758531153202,0.9886653423309326,275.75503635406494,335.0713005065918,-91.08298963308334,0.9933602809906006,220.2772696018219,271.61871337890625,158.7224299311638,0.2390008419752121,295.90534234046936,377.7440328598023,-34.206976801157,0.4833710789680481,244.4676012992859,291.5083533525467,283.6183363199234,0.261933833360672,288.7963136434555,334.20075821876526,135.1963086128235,0.2952074408531189,249.571594953537,292.31851541996,307.7800575494766,0.2705456912517547,288.10141038894653,323.4319670200348,152.86228954792023,0.3165034651756286,253.00164341926572,296.86334574222565,298.02153396606445,0.2752142548561096,284.7626256942749,317.92412400245667,151.14210456609726,0.3112485408782959,251.56995594501493,298.7548818588257,283.09584605693817,0.2647529542446136,283.269940495491,320.9983140230179,140.22488290071487,0.2991771996021271,233.5437831878662,401.4855508804321,72.83111494779587,0.9972574710845948,238.58036375045776,417.5787029266357,-73.09897592663765,0.9982907772064208,259.5656245946884,489.3923959732056,165.1227416396141,0.4244551360607147,258.7890030145645,505.53579449653625,-56.20284551382065,0.935421586036682,277.4471153020859,579.5156135559082,248.15491116046903,0.5939854979515076,247.2216045856476,583.9097812175751,-56.08944484591484,0.8961451649665833,274.2780532836914,591.281810760498,255.44274234771729,0.6561461091041565,233.97625136375427,588.7277235984802,-56.36494994163513,0.8890700340270996,314.5943673849106,618.8306221961975,263.8322834968567,0.6179448366165161,279.0008758306504,637.0136284828186,-75.41394045948982,0.851263165473938,59.4353694041005,72.6217477737701,78.87332049579754,88.02329795851912
tom_DTL_2_frame44.jpg,tom_DTL_2,FO,frame44,P9,1108.9393615722656,345.81039547920227,-302.38317489624023,0.8861519694328308,1117.4201202392578,348.93293738365173,-332.27783203125,0.8992418646812439,1104.1251754760742,351.9654214382172,-332.52665519714355,0.9100971221923828,1102.5089263916016,354.88837480545044,-332.95732498168945,0.9025654196739196,1120.2378845214844,344.32302474975586,-360.40268898010254,0.8908073902130127,1120.2978515625,344.6380019187927,-360.4354190826416,0.8960971832275391,1119.847297668457,345.8993911743164,-361.19845390319824,0.8819289803504944,1097.614631652832,365.5624830722809,-333.5217761993408,0.9045079350471495,1100.1515579223633,357.3921632766724,-412.5236606597901,0.8744152784347534,1082.7825164794922,368.5889804363251,-281.11830711364746,0.9049426317214966,1082.9944610595703,365.1103270053864,-319.0827941894531,0.8847137689590454,1074.9987030029297,397.91208028793335,-282.002534866333,0.9886839985847472,1022.0011138916016,448.4920513629913,-432.3135280609131,0.9923893213272096,1000.0938034057616,635.0264167785645,-213.38730812072757,0.2311946004629135,851.5193367004395,719.4426155090332,-483.3603858947754,0.4834181666374206,830.8905029296875,845.8774638175964,-274.9930000305176,0.2756315171718597,831.0116958618164,868.7201642990112,-516.8186187744141,0.3179036378860473,852.1560287475586,850.6576752662659,-302.77676582336426,0.287412017583847,828.4576606750488,903.1328845024108,-575.2387619018555,0.3311316668987274,864.9070930480957,872.3491930961609,-350.24142265319824,0.2949708104133606,850.1647567749023,913.544511795044,-555.0684928894043,0.326360285282135,860.0383186340332,871.9214987754822,-297.72274017333984,0.2813541889190674,853.4638023376465,896.569926738739,-517.1396255493164,0.3116392493247986,881.7547988891602,835.8665585517883,29.357235431671143,0.991694450378418,843.5989952087402,845.3402709960938,-29.761351346969604,0.9930583238601683,905.8391189575196,895.0017356872559,523.6803817749023,0.3868363201618194,905.756492614746,867.2077202796936,401.6879367828369,0.8585085868835449,938.580837249756,1022.4159550666808,886.3727188110352,0.5427711009979248,977.2329711914062,986.598551273346,909.6403312683104,0.820121705532074,956.8036079406738,1034.4912385940552,888.9935302734375,0.6033270359039307,1000.6872940063477,986.5578031539916,969.9945831298828,0.820094645023346,890.8949661254883,1074.2414474487305,898.524284362793,0.5667920708656311,925.4101181030272,1054.0035367012024,952.16646194458,0.7780351638793945,43.66289414023712,13.944005171706426,70.57805050098942,57.16134503598689
random_1_frame45.jpg,random_1,FO,frame45,P9,212.55213284492493,158.71129024028778,44.58542726933956,0.8877922892570496,216.0229499340057,159.42020124197006,51.45379239320755,0.8984857797622681,217.34410166740415,161.93817734718323,51.29295228421688,0.9092501401901244,218.64215290546417,164.50341546535492,51.18464122712612,0.9023066759109496,212.95815056562424,152.9235697388649,57.08500376343727,0.8872161507606506,211.93369662761688,150.39087283611298,57.20333236455917,0.8915463089942932,210.99112915992737,148.04669618606567,56.986192882061005,0.8783982992172241,220.46530711650848,163.9643886089325,73.86957016587257,0.902484118938446,210.0894984602928,141.64522206783295,95.8983435034752,0.8685052394866943,213.9411374330521,165.926131606102,51.65508423745632,0.9068601131439208,210.30873328447345,158.38218349218369,58.78657642006874,0.8844241499900818,219.5748645067215,173.45557963848114,57.9422313272953,0.9894917011260986,209.87125957012177,149.99709630012512,101.00060397386552,0.9924124479293824,238.61326837539676,222.39455437660217,23.265985295176502,0.2731349468231201,233.1316475868225,168.9502670764923,83.63489067554474,0.4680401086807251,249.76175367832184,245.11962723731995,-20.131472162902355,0.3250369131565094,235.75338566303253,139.63784843683243,49.55250263214111,0.3303087055683136,251.40447568893435,249.95219445228577,-26.7746624276042,0.3363397121429443,237.1799511909485,135.74511873722076,45.41310340166092,0.3480158746242523,252.53166604042053,240.2036869525909,-27.90200313925743,0.3432632684707641,236.06634175777435,128.4245640039444,44.06840494275093,0.3445185422897339,252.52936375141144,240.28838431835172,-20.292385026812557,0.3312399089336395,236.20882499217987,132.39782625436783,46.88331864774227,0.3311412334442138,200.74842643737796,255.019277215004,-2.721787205897272,0.9923614263534546,194.19034326076508,246.8194283246994,2.527785606682301,0.993467092514038,214.31388837099075,418.6595587730408,-126.8554647564888,0.4376903772354126,213.40078502893448,402.3724069595337,-80.6483756005764,0.8596733212471008,253.45529782772064,643.9185078144073,-240.81738674640656,0.5777066946029663,248.17001831531525,605.6469676494598,-185.71855348348615,0.8061189651489258,259.43041038513184,689.243248462677,-252.1893492937088,0.6372377872467041,254.6380535364151,634.2464640140533,-195.80559301376343,0.8193618059158325,271.8678929805756,740.1236987113953,-298.3486918210983,0.5972389578819275,256.6219540834427,684.4489130973816,-217.307678937912,0.7621886730194092,67.52755962211268,51.34784436508528,77.30002333397556,38.67635226857161
tom_DTL_2_frame45.jpg,tom_DTL_2,FO,frame45,P9,1248.44970703125,306.07129096984863,-120.63414573669434,0.8955173492431641,1270.341911315918,290.65353512763977,-136.08887672424316,0.9060258865356444,1268.0318069458008,290.8289194107056,-136.21755123138428,0.9160870313644408,1266.295166015625,290.9094500541687,-136.2665891647339,0.9097947478294371,1275.762176513672,289.1296327114105,-154.60322856903076,0.8940610885620117,1276.669578552246,288.62147212028503,-154.76483345031738,0.8977903723716736,1277.8607940673828,288.0598175525665,-155.04013538360596,0.885798990726471,1250.038833618164,294.4363832473755,-139.54100131988525,0.908900797367096,1264.7850036621094,289.8354506492615,-221.60051822662356,0.876684844493866,1213.143310546875,320.5397057533264,-110.94346761703493,0.9121741652488708,1216.5114212036133,321.1295557022095,-137.0006561279297,0.8910524249076843,1089.2808151245115,347.0076048374176,-18.610782623291016,0.9899516105651855,1145.3411865234375,338.877968788147,-242.8365898132324,0.992853581905365,902.3717880249023,404.18169021606445,82.48469352722168,0.2751100063323974,990.9321212768556,382.80128717422485,-289.2875289916992,0.4925759136676788,926.6433334350586,404.7807776927948,74.38540935516357,0.3245728015899658,974.9589157104492,378.4918677806854,-246.35822296142575,0.3512481153011322,925.989818572998,415.4639947414398,85.67230939865112,0.3372697830200195,975.8164215087892,373.6894154548645,-263.9378070831299,0.3653417229652405,960.0851440429688,406.989609003067,44.9806809425354,0.3443735837936401,977.8840255737304,370.1325166225433,-244.59148406982425,0.3618849217891693,958.4775352478028,409.9525701999664,57.64185190200806,0.3315606117248535,974.0422439575196,373.71487498283386,-239.50271129608157,0.3467777073383331,789.6624755859375,531.9244372844696,123.99054050445557,0.9928486347198486,781.1583137512207,537.3817241191864,-124.3042802810669,0.9938685297966005,673.6557769775391,657.5963687896729,56.47237658500672,0.4567976295948028,698.5480499267578,657.5262022018433,-199.38963890075684,0.8727473616600037,510.1241683959961,810.1603531837463,-30.05653023719788,0.6040676236152649,509.8872184753418,809.3248558044434,-293.74786376953125,0.8237670660018921,444.16056632995605,845.0229120254517,-44.49504375457764,0.6581214070320129,447.7197360992432,841.5472197532654,-305.0500774383545,0.8342083692550659,571.135196685791,846.5777778625488,-158.83081912994385,0.6271886825561523,570.7468414306641,847.4159145355225,-405.98673820495605,0.783407986164093,8.251270297844849,32.68908243833734,75.96281388696151,88.03837154118831
rob_DTL_2_frame50.jpg,rob_DTL_2,FO,frame50,P9,1294.4539260864258,343.95716071128845,-60.92905282974243,0.87798011302948,1298.462791442871,303.7610077857971,-80.40321350097656,0.9003827571868896,1298.6439514160156,299.7685933113098,-80.67516088485718,0.9102771878242492,1298.6255264282229,295.85806131362915,-81.00937843322754,0.9052057266235352,1294.9286270141602,310.2697956562042,-100.11459589004517,0.8858128190040588,1292.6762008666992,310.4520356655121,-100.29764413833618,0.8888485431671143,1290.5472564697266,310.6683933734894,-100.95711708068848,0.8784151077270508,1274.9285888671875,279.4907069206238,-102.4771785736084,0.899730384349823,1264.7401428222656,303.97099256515503,-201.265926361084,0.8670201897621155,1278.5603713989258,352.0167911052704,-61.4000129699707,0.9018914699554444,1278.2574462890625,354.78042125701904,-89.74940299987793,0.8819593787193298,1158.1592559814453,302.48313903808594,-96.66014671325684,0.9880291223526,1132.1099853515625,333.7005114555359,-177.35182285308838,0.98578280210495,1069.9919128417969,376.6518294811249,-116.23000860214232,0.2667469978332519,1066.8279647827148,280.97740173339844,-272.3192024230957,0.4560479521751404,1122.3353576660156,368.4493553638458,-210.12046337127688,0.3152667582035064,1191.657257080078,239.81842160224917,-272.12719917297363,0.3269256353378296,1136.2013626098633,353.3557176589966,-216.5572929382324,0.3290633857250213,1228.0748748779297,236.57799661159515,-276.7389965057373,0.3424789607524872,1161.1919403076172,353.96075963974,-220.6181001663208,0.3357188999652862,1240.1287078857422,208.67401599884036,-274.8280906677246,0.3394427895545959,1153.8181686401367,362.7736186981201,-212.59722232818604,0.3236938714981079,1225.0582122802734,209.6544653177261,-274.634485244751,0.3264783322811126,793.2519721984863,465.5270183086395,45.700260400772095,0.9922998547554016,774.4904708862305,487.0318222045898,-45.15727758407593,0.9933430552482604,788.221607208252,542.5443434715271,188.9199686050415,0.4805843234062195,854.2498397827148,539.7699630260468,-71.11672639846802,0.8706187009811401,811.9569969177246,701.2429475784302,128.9815092086792,0.622673511505127,819.8712730407715,671.1725735664368,2.4264610558748245,0.8159641027450562,810.5331230163574,728.1242823600769,121.57670974731444,0.6683145761489868,831.016960144043,674.9069809913635,13.41567724943161,0.8217006325721741,832.4108505249023,758.4637355804443,74.83456134796143,0.6374883055686951,820.5333709716797,732.9650044441223,-17.881041169166565,0.7685583233833313,50.15676195758522,48.897480734008894,72.1086360465843,78.3327715801981
rob_DTL_2_frame51.jpg,rob_DTL_2,FO,frame51,P9,1267.2604751586914,337.6778626441956,-44.896395206451416,0.8607961535453796,1281.9374084472656,319.45897936820984,-59.0142023563385,0.8953869938850403,1281.6399765014648,315.96835255622864,-59.3402624130249,0.9042345881462096,1281.1315155029297,312.5323462486267,-59.73509430885315,0.9014670848846436,1280.4656982421875,324.3782687187195,-80.10982275009155,0.8773543834686279,1279.4744110107422,324.18296098709106,-80.2786660194397,0.8789219856262207,1278.577995300293,324.0392482280731,-80.90987205505371,0.8708580136299133,1262.373390197754,297.8618323802948,-62.167561054229736,0.8913817405700684,1259.4956588745115,315.4118478298187,-163.62733840942383,0.8545529842376709,1248.4284210205078,353.196941614151,-37.97884225845337,0.8894968628883362,1247.0960998535156,355.7717335224152,-67.95209169387817,0.8713821172714233,1158.8166046142578,312.7954387664795,-63.27317476272583,0.9862142205238342,1142.9136657714844,326.2265145778656,-126.59401416778564,0.9788649678230286,1073.957061767578,357.9608345031738,-81.09551668167114,0.2630372941493988,1102.4360275268557,260.0988829135895,-196.26477241516116,0.4240508675575256,1121.396598815918,325.82579255104065,-155.02505779266355,0.3060991168022156,1217.86376953125,214.20367419719696,-176.97245121002197,0.3063374757766723,1133.5014724731443,303.7485194206238,-164.53290939331055,0.3200323283672333,1253.990364074707,207.61989176273343,-181.4346742630005,0.3219818472862243,1156.3593292236328,305.3018081188202,-166.1540937423706,0.3262994587421417,1263.2915496826172,181.90390169620517,-183.62425804138184,0.3196698427200317,1150.2924728393557,315.9824502468109,-156.23093605041504,0.315205842256546,1248.3170700073242,183.7309366464615,-180.9327793121338,0.3087670505046844,816.0274314880371,459.1379964351654,40.57989478111267,0.9922501444816588,799.7024345397949,470.754429101944,-40.18396854400635,0.993016242980957,809.9240112304688,569.4926261901855,111.7124605178833,0.5043630599975586,811.9893264770508,592.3041701316833,-93.17960500717165,0.8612850904464722,792.4307441711426,723.4933519363403,95.63840389251708,0.6328568458557129,809.7743797302246,690.6639504432678,0.8504042588174343,0.7991126179695129,786.2604904174805,742.9712104797363,92.884418964386,0.6693621277809143,812.3050689697266,691.4379715919495,15.405610799789429,0.8012112379074097,799.1279983520508,779.8291397094727,44.72421169281006,0.6402868628501892,807.9591751098633,754.7286200523376,-9.738515317440031,0.747086226940155,40.18328736735042,35.43464083328875,75.9018356587734,78.57263512927855
rob_DTL_2_frame52.jpg,rob_DTL_2,FO,frame52,P9,1339.8402786254885,371.2536370754242,36.27884387969971,0.8375015258789062,1352.995491027832,353.1825864315033,23.12298595905304,0.8808595538139343,1351.0450744628906,347.9326128959656,22.79560089111328,0.891562283039093,1348.9513778686523,343.01844120025635,22.56216645240784,0.8887657523155212,1355.6340408325195,361.9058060646057,0.3890963830053806,0.8540099859237671,1356.1553192138672,362.7548861503601,0.1896517490968108,0.8574784994125366,1356.697654724121,363.5200238227844,-0.3558963350951671,0.8551156520843506,1333.5270309448242,333.5420572757721,8.844968676567078,0.8717098236083984,1360.488395690918,354.8522937297821,-97.42481231689452,0.8377999067306519,1314.393310546875,366.47580742836,40.17910838127136,0.862703800201416,1319.5623779296875,371.783105134964,7.93836236000061,0.8515831232070923,1239.4981384277344,319.37265515327454,6.280381232500076,0.9799249172210692,1230.314826965332,331.0707449913025,-74.1912317276001,0.9765616655349731,1144.5568084716797,321.57137989997864,12.166200578212738,0.2469714432954788,1133.5644149780271,289.0045237541199,-121.00417613983154,0.3985937535762787,1137.1451568603516,307.54704236984253,-44.06684875488281,0.2817191481590271,1168.3688735961914,248.9642983675003,-77.97786712646484,0.2856180965900421,1136.9224548339844,299.85214948654175,-51.51602268218994,0.2960389256477356,1181.05224609375,240.41208565235135,-87.7779221534729,0.3014950156211853,1152.3533248901367,300.34000039100647,-68.44914436340332,0.3020403087139129,1191.3665771484375,219.01418924331665,-95.5798316001892,0.3001391589641571,1152.4666213989258,306.28552436828613,-52.47097849845886,0.2923438847064972,1182.1728515625,221.51347160339355,-82.32505559921265,0.2905401289463043,917.0050048828124,454.8239743709564,50.5749785900116,0.99065899848938,908.0918312072754,432.92900562286377,-50.01234769821167,0.9912064671516418,880.9713935852051,669.2850279808044,-128.35461616516113,0.5335697531700134,825.6194114685059,666.8709111213684,-112.7045202255249,0.8687514662742615,853.7546539306641,879.0327215194702,-232.7320432662964,0.654230535030365,852.1059608459473,881.2061476707458,-210.54333686828613,0.8077325820922852,843.6176490783691,928.8413429260254,-243.25284004211423,0.6882516741752625,845.1947593688965,926.5837812423706,-217.89732456207275,0.8062798380851746,913.985195159912,966.4016461372375,-331.5213203430176,0.6623142957687378,913.7436676025392,968.2315135002136,-285.11661529541016,0.7569333910942078,51.86714405254298,67.84936350505751,83.48964735506016,84.9361725560564
tom_DTL_1_frame52.jpg,tom_DTL_1,FO,frame52,P9,483.77054357528687,338.4728811979294,-197.65439629554749,0.8247926235198975,485.4830800294876,334.22305142879486,-211.2162578701973,0.8737612962722778,482.641872882843,329.8681811094284,-211.189529299736,0.8852671980857849,482.6909244060517,328.90510404109955,-211.15201216936111,0.8800761699676514,474.62892150878906,333.4397523403168,-203.08844822645187,0.8486998677253723,472.7250355482101,333.5161839723587,-203.0728377699852,0.8512057065963745,471.3404574394226,333.15504932403564,-203.16820031404492,0.8460339307785034,492.5251303911209,309.09793323278427,-212.30793178081512,0.8722450733184814,468.6231279373169,316.7799668312073,-261.67966014146805,0.8298961520195007,481.5461575984955,332.24976766109467,-191.09002590179443,0.8610321879386902,471.9469757080078,335.86234629154205,-184.33748012781143,0.8478378057479858,491.1024627685547,307.8004244565964,-193.52140653133392,0.9758895039558412,474.8353958129883,292.3972558379173,-212.4842432141304,0.9479840397834778,491.4806867837906,372.019898891449,-172.99141877889633,0.2741914391517639,559.7064989805222,240.59851843118668,-216.16697537899017,0.3952703773975372,485.2889553308487,407.3695479631424,-194.29807877540588,0.3246777355670929,680.2548494338989,223.286734521389,-157.03114932775495,0.3311469554901123,483.8108185529709,413.6445657014847,-207.4785075187683,0.3371611833572387,707.5482409000397,225.71233183145523,-178.7589794397354,0.343032956123352,491.9836210012436,417.6524710655213,-221.56644147634503,0.3425331711769104,716.2738616466522,217.74501764774325,-167.71340203285217,0.3395774960517883,492.2638807296753,418.4137455224991,-202.09846776723865,0.3350269198417663,705.5487842559814,213.2980250716209,-156.36227595806122,0.3298973441123962,435.04090797901154,315.76140463352203,-2.125254157930613,0.9895362257957458,418.9774707555771,315.5272774100304,2.2661748435348272,0.9898037910461426,428.3316725492477,352.55586183071136,89.38152775168419,0.5427159667015076,478.83701491355896,348.9133266210556,19.068337351083755,0.83963543176651,390.8378884792328,408.74296855926514,240.37848114967343,0.6489710211753845,407.004042506218,418.83306062221527,147.49293494224548,0.7829327583312988,386.7268921136856,413.98313665390015,254.22464382648468,0.6742851734161377,397.5654748678208,426.9939566850662,161.0007843375206,0.7821957468986511,369.6730928421021,431.725016951561,201.0585858821869,0.6487740278244019,380.8576033115387,449.9792009592056,125.83581152558328,0.7273738384246826,43.437477449416065,0.835036225727606,49.37570951435404,15.289944004663473
tom_DTL_1_frame54.jpg,tom_DTL_1,FO,frame54,P9,485.9034175872803,321.8924536705017,23.77862130850553,0.842174768447876,488.1456688642502,317.3836419582367,18.05739551782608,0.8862481713294983,487.233567237854,316.0155735015869,18.05022663250565,0.8965792059898376,486.3140766620636,314.5077140927315,18.045352701097727,0.8919405341148376,490.146409034729,319.5179134607315,1.0204573685768992,0.8637509346008301,490.5606064796448,319.7667301893234,1.035042169271037,0.8659926652908325,490.8987636566162,319.9518410563469,0.9656184583436698,0.8613489270210266,481.1446566581726,310.1013823747635,9.994652207940817,0.884682297706604,486.4196380376816,318.59769201278687,-66.55017279088497,0.8466939926147461,479.6792857646942,321.2452298402786,25.738687567412853,0.874448835849762,481.57182812690735,323.67267537117004,2.877538044936955,0.8626319766044617,430.5403439998626,302.955101788044,56.014844834804535,0.9781351685523988,476.7240529060364,336.45131266117096,-127.39809733629228,0.9531770944595336,411.7194757461548,308.96545815467834,170.7132807970047,0.3030851185321808,513.1811985969543,347.70686197280884,-150.30496788024902,0.4556873738765716,428.3847827911377,320.8733139038086,270.7046894431114,0.3110480904579162,562.9481663703918,351.5776524543762,-128.36016976833344,0.396702378988266,429.9243900775909,323.5579701662064,293.8347895145416,0.3187043964862823,571.3484998941422,354.4879071712494,-140.4767025411129,0.4060667753219604,434.9914748668671,325.6482309103012,281.55251705646515,0.3239907920360565,573.2252930402756,351.0116733312607,-133.83623984456062,0.4029768109321594,435.6715010404587,326.15576004981995,269.7351066470146,0.3182927370071411,568.9979814291,350.5592057704925,-123.38397252559662,0.3912727534770965,405.903054356575,395.2707479000092,71.63805417716503,0.9902800917625428,432.0125834941864,403.9669734239578,-71.90458104014397,0.9907532334327698,424.4134826660156,455.9774476289749,117.49198785424232,0.5330081582069397,434.26350724697113,463.5543444156647,-67.06521812081337,0.8544538617134094,426.3028335571289,526.2344819307327,177.1749170422554,0.6678962111473083,415.1375066041946,532.5525093078613,-61.37688052654266,0.8040218353271484,424.3751503229141,535.1858004331589,181.87734156847,0.6901034712791443,401.222380399704,542.8335071802139,-62.17120559513569,0.8019549250602722,451.1701519489288,540.2491554021835,168.7304579615593,0.6725507974624634,430.1090791225433,559.4938317537308,-94.49268606305122,0.7536503076553345,35.95269959827732,18.421219819121834,75.8666349654194,79.6909543127691
tom_DTL_1_frame55.jpg,tom_DTL_1,FO,frame55,P9,485.9365464448929,319.03213942050934,98.5129162967205,0.8578727841377258,488.1306828260422,315.3480192422867,85.62401282787323,0.8975467085838318,487.176432967186,313.6948627233505,85.64268466830254,0.9068477749824524,486.1277225017548,311.67608577013016,85.6485732793808,0.9026801586151124,490.31767308712006,318.2455481886864,77.02687481045723,0.877301037311554,490.7048817873001,318.5348140001297,77.0042136311531,0.8793194890022278,491.0104651451111,318.6548135876656,76.97843903303146,0.8751375675201416,476.7293257713318,307.48896074295044,44.720241621136665,0.8961393237113953,486.6459549665451,316.4855414032936,4.618900995701551,0.8618879318237305,479.6970123052597,317.94222819805145,88.34154179692268,0.8868588805198669,481.7699074745178,320.6893389225006,76.12794667482376,0.8761577606201172,430.4427959918976,307.0512789487839,55.9230596870184,0.9801524877548218,476.74930715560913,329.26862597465515,-37.11173549294472,0.957830250263214,424.661723613739,306.10516315698624,156.07519966363907,0.3207956850528717,476.8262493610382,317.75933134555817,-41.523371905088425,0.4750138521194458,433.1854144334793,306.042573928833,253.4438087940216,0.2951783835887909,447.5591411590576,297.11514753103256,-15.318006489425898,0.4172533452510834,436.7428640127182,306.0749755501747,272.9074115753174,0.3038264513015747,442.7322145700455,290.67371290922165,-13.812968775629995,0.4333809018135071,439.0730195045471,306.9914813041687,265.42877143621445,0.3092846274375915,440.6167895793915,291.3265006542206,-16.550578862428665,0.4317813217639923,440.2570552825928,308.3238174915314,253.70845806598663,0.3052883744239807,442.22300148010254,293.6421288251877,-14.617140356451271,0.4139507412910461,405.6894686222077,394.1918874979019,49.43070986866951,0.9911875128746032,432.61695098876953,402.2894434928894,-49.64461214840412,0.9916545748710632,421.4662284851074,455.3700375556946,38.309309005737305,0.561552107334137,434.8576412200928,463.574174284935,-59.18368944525719,0.8676811456680298,424.84394967556,526.1195842027664,6.659931320697069,0.6858330368995667,415.7263330221176,532.4722272157669,-96.46008923649788,0.8222777843475342,420.3316605091095,535.1859159469604,2.6256999168545008,0.7124330401420593,404.0223412513733,542.1838960647583,-101.34970048069954,0.8197171092033386,444.9194823503494,540.0801972150803,-25.210978254675865,0.6646259427070618,430.1017942428589,558.9271210432053,-140.73633044958115,0.7704576849937439,25.631171719494215,16.736934203095565,63.53894307047238,74.79498452024525
tom_DTL_1_frame56.jpg,tom_DTL_1,FO,frame56,P9,486.2564914226532,314.00669223070145,145.9716786146164,0.8720696568489075,488.0673043727875,310.2368800640106,134.27544870972633,0.9077816009521484,486.9479999542236,308.6122747063637,134.3199124932289,0.916151523590088,485.6570498943329,306.910371363163,134.3365289568901,0.91239994764328,490.5368092060089,313.4904995560646,128.7798655629158,0.8895600438117981,491.1901241540909,314.02130472660065,128.75479343533516,0.8913760185241699,491.7749265432358,314.37831938266754,128.74816766381264,0.8876123428344727,477.2512353658676,304.0068934559822,89.22799023985863,0.9065104722976683,488.1013351678848,313.0036281347275,63.91823248565197,0.8756803870201111,480.0850188732147,312.6708713769913,133.1857607960701,0.8981126546859741,483.5506789684296,315.707998752594,125.21194830536842,0.8884756565093994,430.5384360551834,306.5951919555664,75.7873785495758,0.9819307327270508,476.6746544837952,326.03986120224,21.17201330512762,0.9620141983032228,421.3125175237656,301.6593257188797,168.02051174640656,0.3577602207660675,457.8297808170319,310.2303150296211,16.210525665432215,0.471547931432724,428.05668568611145,284.5843258500099,264.26050221920013,0.312426745891571,435.0390694141388,280.0250153541565,33.09446257352829,0.4397332370281219,427.3982713222504,275.86030000448227,273.09607261419296,0.3233574330806732,431.4337130784989,272.2766383290291,35.11748883873224,0.4615520238876343,428.9600801467896,275.70196908712387,273.20590084791183,0.3300428092479706,430.0598541498184,271.8240360021591,35.119930140674114,0.4612906873226166,430.1593794822693,279.36978256702423,264.67069298028946,0.3259860277175903,430.8797847032547,274.9521882534027,34.478917099535465,0.4379995763301849,405.56850492954254,394.2206119298935,34.95409722626209,0.9920110702514648,433.14423751831055,401.9189907312393,-35.09154512733221,0.992467999458313,418.1186528205872,455.263995885849,12.938592419028282,0.5904432535171509,434.3976184129715,463.88998901844025,-28.92444784194231,0.8788759708404541,424.8541485071182,526.4365155696869,-1.2654567752033472,0.7008814215660095,417.8549054861069,532.3497825860977,-49.09693662822247,0.8376196622848511,420.78974068164825,536.0474178791046,-2.2428186465986077,0.7346922755241394,408.3236117362976,540.9794336557388,-50.62593747675419,0.835229754447937,439.04693269729614,543.0003476142883,-24.757524847984318,0.6536746025085449,430.2161668539047,558.4098502397537,-81.07268884778023,0.7777332067489624,22.853580985955507,15.598257372273418,49.81061620189814,68.51131618049452
tom_DTL_1_frame57.jpg,tom_DTL_1,FO,frame57,P9,486.4452738761902,307.73059636354446,179.00062930583954,0.8848592042922974,488.0412175655365,303.80480206012726,167.98602998256683,0.9170015454292296,486.8408428430557,302.4234302639961,168.0289067029953,0.9245339632034302,485.452622294426,301.0577298402786,168.04861056804657,0.9211575984954834,490.6896529197693,306.95095521211624,162.53959375619888,0.9006019830703735,491.49213445186615,307.6630592942238,162.51270908117294,0.9022358655929564,492.21774315834045,308.31332498788834,162.52065306901932,0.8988489508628845,477.4369304180145,299.29056119918823,120.11452719569206,0.915856659412384,488.9257060289383,308.1849121451378,94.81955167651176,0.8881092667579651,480.5028587579727,307.1386458873749,164.7211550474167,0.9082885384559632,484.34896302223206,310.31762421131134,156.80420798063278,0.8996173143386841,431.8823575973511,306.37818002700806,94.79473105072977,0.9836673140525818,476.82059490680695,322.6092168092728,50.57610543072224,0.9658025503158568,417.8209093809128,298.8995277285576,175.7190858721733,0.4119016230106354,453.4509437084198,303.5121093392372,58.03730955719948,0.4821735024452209,421.134627699852,273.80176705121994,275.7760931253433,0.3520617187023163,428.9954291582108,271.7819504737854,89.6510856449604,0.4739057421684265,418.9879471063614,264.76485282182693,288.460976600647,0.3604322373867035,424.79090881347656,265.68863594532013,93.124438226223,0.4958454966545105,420.64595103263855,262.68716382980347,286.0811451673508,0.3672437965869903,423.6789239645004,264.06466591358185,92.12534299492836,0.4966139197349548,422.1338356733322,266.4476963877678,276.3474358320236,0.3636313676834106,424.6037220954895,267.2382150888443,90.80829745531082,0.4701469838619232,405.60409677028656,393.8113080263138,33.179298900067806,0.9927847385406494,434.6300754547119,401.4458461999893,-33.2985909730196,0.993214190006256,415.6895270347595,453.8436381816864,40.83423529565334,0.6147229671478271,433.4568976163864,463.8874862194061,-34.87970256060362,0.8898036479949951,424.6838210821152,526.3911571502686,29.039902344346046,0.7136682868003845,419.2742428779602,532.1226054430008,-71.29711747169495,0.8524855971336365,418.3069843053818,530.1511313915253,27.98232427239418,0.7534487247467041,411.6653941869736,539.2914304733276,-75.20670425891876,0.8500228524208069,431.7076245546341,539.8517879247665,10.581642229110004,0.6484801769256592,430.208847284317,559.623977303505,-104.064419567585,0.7917693257331848,19.858981468197992,14.736404766607956,44.53755867986902,66.41266462527848
grant_DTL_1_frame366.jpg,grant_DTL_1,FO,frame366,P9,486.3426125049591,429.3822777271271,370.54279804229736,0.8953670859336853,487.8361308574677,422.1273744106293,370.58847069740295,0.9245948195457458,486.7876553535461,422.9726886749268,370.52419424057007,0.9314075112342834,485.49436926841736,423.8032937049866,370.4715049266815,0.9285634160041808,490.2091777324677,419.9865531921387,369.4643247127533,0.9095526337623596,491.1562335491181,419.4231283664704,369.3950271606445,0.9105700850486756,492.08645582199097,418.9780855178833,369.2826640605927,0.9077879190444946,481.47971391677856,434.8886811733246,353.8522267341614,0.9238673448562622,490.7513916492462,428.4103739261627,346.61956429481506,0.8979458808898926,482.4079084396362,443.63948464393616,364.4358909130096,0.9169800877571106,484.5655310153961,440.2543330192566,361.9402456283569,0.9089227318763732,466.9282579421997,502.1097207069397,272.9724884033203,0.9851686954498292,487.4177384376526,478.70481848716736,269.8255652189255,0.9691562652587892,453.5478115081787,570.824761390686,155.53726136684418,0.3994907438755035,482.0689845085144,512.9314684867859,158.88644456863403,0.4592728018760681,442.1293580532074,617.771680355072,32.596375197172165,0.348267912864685,473.4653377532959,490.0449943542481,85.35293877124786,0.4404933750629425,435.6820785999298,635.034077167511,1.2785859033465383,0.3537035882472992,474.4175112247467,487.2191798686981,72.48629361391068,0.4637344479560852,431.9344425201416,629.1460704803467,7.325849421322346,0.3589694499969482,467.4988925457001,482.0818269252777,81.74218386411667,0.4632079899311065,437.8007555007935,624.9519109725952,29.947620704770088,0.352250725030899,465.8657491207123,482.73778796195984,85.82304686307907,0.440407246351242,451.9369089603424,642.6165103912354,45.1010026037693,0.9934420585632324,456.8279385566712,632.9234147071838,-45.19409000873566,0.9938761591911316,491.1024498939514,786.7021179199219,-80.27785062789917,0.5648261904716492,504.6596002578736,789.6835541725159,-270.7755661010742,0.8949363231658936,538.4345769882202,959.2304277420044,-200.2273428440094,0.6702707409858704,538.3002305030823,969.7159552574158,-411.3073968887329,0.8636818528175354,537.2883832454681,989.7202563285828,-222.5640714168549,0.7243413329124451,536.0279595851898,1005.4527640342712,-434.76943016052246,0.8620379567146301,582.2669363021851,1001.3216257095336,-344.00872349739075,0.6271594762802124,581.2732744216919,1002.815465927124,-586.3807582855225,0.8072441220283508,48.79994807043643,63.22499024630097,8.731671190435415,86.89947981806722
grant_DTL_1_frame368.jpg,grant_DTL_1,FO,frame368,P9,567.5345921516418,318.08648228645325,121.88073098659515,0.9057819843292236,561.5921902656555,307.62123227119446,275.14774918556213,0.932076334953308,557.8546929359436,307.5488126277924,275.2301788330078,0.9382009506225586,554.0523719787598,307.6898217201233,276.5594816207886,0.9356403350830078,570.7992053031921,310.6585121154785,350.1217782497406,0.9185540080070496,573.1766939163208,312.59156942367554,348.568457365036,0.91946941614151,575.6206798553467,314.7034549713135,348.9994990825653,0.9169641137123108,539.6949362754822,328.82779598236084,-4.74832970649004,0.9314208030700684,571.4572262763977,341.71913623809814,-54.87275809049606,0.9081147909164428,559.1973209381104,337.20951676368713,175.0073790550232,0.925184428691864,567.8273606300354,339.36620593070984,137.86958813667297,0.9179226160049438,492.4518048763275,372.8586494922638,52.389536798000336,0.9863475561141968,576.4180040359497,396.7131972312927,42.53079727292061,0.972130000591278,512.6159763336182,393.89468908309937,200.3348135948181,0.3828665912151336,611.8937802314758,438.9292144775391,4.662076402455568,0.4530349969863891,558.546187877655,324.2990577220917,346.14696979522705,0.3320302665233612,568.7372732162476,434.79212164878845,245.7996565103531,0.4221392869949341,561.8097066879272,302.3489534854889,353.36830258369446,0.338220864534378,553.2591032981873,391.8808114528656,262.8655707836151,0.4465104341506958,567.7145147323608,303.62080335617065,346.34140849113464,0.3427741825580597,501.1558413505554,381.5847659111023,241.38149499893188,0.4446475505828857,570.0909733772278,313.3145105838776,344.8770833015442,0.3368845880031585,487.8710532188416,387.6056385040283,244.95696544647217,0.423183262348175,480.2461338043213,554.8345041275024,60.91026708483696,0.9940664172172546,526.8671321868896,561.089243888855,-60.733076333999634,0.994480550289154,497.5197637081146,694.3455719947815,257.81856536865234,0.5505409240722656,539.4798016548157,715.6890892982483,-20.741977617144585,0.8971285820007324,509.7646379470825,846.2720704078674,459.3200433254242,0.6536059975624084,526.8809080123901,875.6855177879333,55.85095033049584,0.8742280006408691,506.5025675296784,873.5592126846313,479.8513340950012,0.7182148098945618,513.6172986030579,907.2718119621276,60.29531568288803,0.8723078370094299,542.5025653839111,865.4186654090881,427.2529149055481,0.595431923866272,571.2280583381653,909.0933752059937,-61.2101648747921,0.8082296848297119,15.85969073823636,7.64125592677534,6.696619838286208,69.03018212687427
grant_DTL_1_frame370.jpg,grant_DTL_1,FO,frame370,P9,609.718165397644,261.79165184497833,3.249357752501965,0.9151495099067688,602.0237874984741,250.2682703733444,50.97855269908905,0.9387953877449036,599.2089486122131,249.07630741596225,50.96043974161148,0.9443100690841676,596.3095879554749,247.95615255832672,51.49557664990425,0.9420098066329956,604.6433186531067,254.58543062210083,-11.203309781849384,0.9266424179077148,603.7091374397278,256.24710738658905,-11.42845842987299,0.9274683594703674,602.9402017593384,257.95584082603455,-11.414687633514404,0.92521071434021,573.8037514686584,255.1040679216385,8.386939018964767,0.9381749033927916,584.6093416213989,270.87663173675537,-170.59029579162598,0.9172471165657043,599.9861884117126,273.4620773792267,95.20598530769348,0.9325505495071412,601.51047706604,277.3869001865387,-25.073436722159386,0.9259970784187316,508.4042429924011,315.2029573917389,138.2612818479538,0.987613558769226,584.4696521759033,358.6575436592102,-226.0887837409973,0.9748801589012146,563.9522981643677,326.2127387523651,345.6570267677307,0.3497838675975799,646.1810374259949,430.2828562259674,-68.84623289108276,0.4717709422111511,644.2290544509888,276.4543282985687,434.4980978965759,0.315679132938385,659.190502166748,339.64014530181885,87.189661860466,0.4573969841003418,660.1647233963013,271.96054458618164,443.9512431621552,0.3278723657131195,665.1143646240234,295.73697566986084,73.76890182495117,0.4829336106777191,664.5421528816223,274.961678981781,401.6658961772919,0.3329044580459595,653.6492729187012,295.8183753490448,68.38801771402359,0.4798344373703003,659.6467781066895,276.51615858078003,416.6857624053955,0.3296228647232055,645.0608825683594,305.76825499534607,91.26322656869888,0.4560999572277069,475.7114410400391,518.8538825511932,132.05156296491623,0.9946255087852478,534.6257221698761,524.201831817627,-132.15076982975006,0.9950245022773744,485.7136881351471,665.3080630302429,329.5420467853546,0.5328428149223328,548.7508034706116,706.9839906692505,-55.56793034076691,0.9012572765350342,502.10766077041626,804.0035891532898,554.3170738220215,0.6338788866996765,513.7142443656921,883.5941290855408,12.61035606265068,0.8842294812202454,498.5129106044769,829.3456363677979,575.7746601104736,0.7078940868377686,503.5187816619873,894.8681616783142,16.160976514220238,0.8817023038864136,538.6070644855499,823.1307435035706,520.7465779781342,0.5752385258674622,571.2111282348633,903.4445142745972,-93.06386053562164,0.8176233768463135,29.738429292430475,5.1868141523289015,78.20772780292778,77.4293195351657
grant_DTL_1_frame372.jpg,grant_DTL_1,FO,frame372,P9,685.4608082771301,277.14463233947754,243.3148419857025,0.9235708117485046,691.8767380714417,264.2891478538513,230.8571344614029,0.9448595643043518,690.230655670166,262.3455172777176,230.8987033367157,0.9498328566551208,687.9136776924133,259.43460166454315,230.9865403175354,0.9477583765983582,696.2569999694824,266.8094480037689,192.2407114505768,0.933929204940796,696.7503547668457,266.7499029636383,192.24605441093445,0.9346795082092284,697.0868968963623,266.71206772327423,192.2340488433838,0.9326449036598206,664.7928214073181,246.899533867836,202.6197981834412,0.9442992210388184,680.3281545639038,261.90625190734863,28.21500487625599,0.925475001335144,669.8412108421326,280.6389284133911,248.24940383434296,0.9391887187957764,672.4674367904663,284.0292298793793,194.83907997608185,0.933218240737915,528.5867285728455,255.4717183113098,257.098263502121,0.9888001680374146,634.1128349304199,336.3434422016144,-54.67586115002632,0.9773631691932678,535.0933277606964,268.0654621124268,520.8084082603455,0.3507458865642547,640.4847979545593,401.0010516643524,98.38341325521468,0.4628525972366333,578.3126306533813,255.9752601385117,796.3305830955505,0.2878537178039551,624.6657729148865,338.70461225509644,391.7509388923645,0.4203257858753204,579.8716163635254,252.19223499298096,837.5009250640869,0.29888716340065,634.5116257667542,321.9667589664459,418.8145136833191,0.4466848373413086,588.2761573791504,257.9102164506912,822.8639817237854,0.303729772567749,639.7629833221436,316.0585391521454,413.6041295528412,0.4439111948013305,591.6106796264648,261.1246347427368,794.9709606170654,0.3013442158699035,631.8568825721741,319.2200267314911,401.0217475891113,0.4215116202831268,456.8120062351227,504.2692744731903,130.62348783016205,0.9951491355895996,534.9423730373383,517.971875667572,-130.87496906518936,0.9955177307128906,481.6454744338989,682.8318786621094,244.1891723871231,0.5502021312713623,543.9609360694885,715.2582406997681,-85.27424275875092,0.9088479280471802,497.42375135421753,858.273389339447,408.2455587387085,0.6474498510360718,510.48783659935,896.0306739807129,-22.69390225410461,0.8940907716751099,488.7012720108032,884.1709113121033,423.6719083786011,0.7243378758430481,494.2115700244904,918.3771228790284,-18.225059062242508,0.8913816809654236,534.2227149009705,870.7788777351379,376.4349567890167,0.5613945126533508,575.578773021698,913.653688430786,-135.17966508865356,0.8225880861282349,37.465363802422324,9.947438914048423,71.30059567298251,73.36493509398505
grant_DTL_1_frame374.jpg,grant_DTL_1,FO,frame374,P9,687.8081703186035,271.406614780426,319.562748670578,0.9310956597328186,693.5393643379211,256.55041694641113,299.6115231513977,0.9502673745155334,690.0529861450195,252.61632442474365,299.6401369571686,0.9547640681266784,685.8315324783325,247.75366723537445,299.69173192977905,0.9528996348381042,699.5086741447449,261.6567099094391,268.9746022224426,0.9404569268226624,700.5523538589478,261.9296193122864,268.9592331647873,0.94114750623703,701.4856338500977,262.0506888628006,268.91607105731964,0.9393190741539,668.1128597259521,234.74423468112943,243.84516298770905,0.9497524499893188,682.9986691474915,255.16023337841037,103.56835395097733,0.9328228235244752,670.8237361907959,272.1208655834198,310.3732430934906,0.944981038570404,675.5138254165649,277.6704955101013,268.7315618991852,0.9395455718040466,532.0171022415161,239.32239532470703,266.68121695518494,0.9898253083229064,649.8586678504944,335.7844591140747,25.27478747069836,0.9795975685119628,532.5672662258148,261.90396666526794,541.8135166168213,0.3532499372959137,625.3252100944519,395.82539677619934,180.97029983997345,0.44429612159729,566.4004683494568,248.09389472007751,858.7957119941711,0.2638145685195923,613.0954313278198,326.8777120113373,497.0364832878113,0.3840762674808502,565.1128149032593,243.17100048065183,906.2606406211852,0.2737894356250763,623.4858155250549,314.519122838974,534.8240232467651,0.4100420773029327,574.4887447357178,247.19519913196564,893.6255049705505,0.2783972918987274,621.7363500595093,302.0851850509644,531.2640345096588,0.4071603715419769,579.4759154319763,251.30852222442627,860.240306854248,0.2763817608356476,613.4808325767517,304.5099878311157,507.1371567249298,0.3863133490085602,450.30521392822266,497.676705121994,120.6732138991356,0.9955978393554688,533.2335269451141,516.2488353252411,-120.90970426797868,0.9959580898284912,482.3966109752655,687.0423245429993,213.56416046619412,0.5574443936347961,543.5136079788208,718.9617490768433,-85.96819192171097,0.9159483313560486,494.83614921569824,868.7095427513123,349.7511827945709,0.6503875255584717,508.70779395103455,905.5960536003112,-62.18581438064575,0.9029963612556458,486.187891960144,901.8789625167848,362.1255111694336,0.7328983545303345,489.5055484771729,931.3811159133912,-62.64475777745247,0.8999620676040649,529.5963227748871,884.3808317184448,316.25893235206604,0.5475575923919678,572.3981022834778,925.8908700942992,-158.98327767848969,0.8291157484054565,39.30287066867916,12.623329009615038,63.98087156749708,71.05416077181411
grant_DTL_1_frame376.jpg,grant_DTL_1,FO,frame376,P9,690.3441452980042,274.78487849235535,297.30233430862427,0.9379488825798036,695.5347347259521,259.11816000938416,279.180783033371,0.9552112221717834,692.8812789916992,254.93013203144076,279.2552947998047,0.9592626094818116,690.0278806686401,250.31614780426025,279.2875134944916,0.957582414150238,701.0758352279663,264.9607193470001,246.88287734985352,0.9463865756988524,702.2267603874207,265.39670169353485,246.8354827165604,0.9470121264457704,703.1137561798096,265.80172061920166,246.7794781923294,0.9453657269477844,677.9302597045898,238.39478015899655,230.87499797344208,0.9547243118286132,692.7652144432068,259.02987241744995,85.14927864074707,0.9395009875297546,676.1693358421326,274.582554101944,291.3963031768799,0.9503430128097534,680.1290488243103,280.46560406684875,247.6465666294098,0.9454367756843568,538.7019503116608,234.12865161895752,286.3405430316925,0.9906733632087708,654.3257689476013,336.4126431941986,-4.454600159078836,0.9815930724143982,543.4703493118286,258.5227739810944,612.9661059379578,0.3423127233982086,628.4711837768555,367.6146304607392,214.33063387870789,0.4431236982345581,604.3329763412476,244.63722467422485,911.3354873657228,0.2422851175069809,614.1608691215515,280.0417399406433,616.3106060028076,0.3562158346176147,610.9424114227295,240.00130534172055,963.2447290420532,0.2524357140064239,620.1809692382812,268.8767069578171,664.0707492828369,0.3842601776123047,620.0920701026917,244.32506382465365,939.4930815696716,0.2569426298141479,613.4337759017944,256.08837962150574,647.7637767791748,0.3817687332630157,621.3997435569763,248.53217840194705,908.2139754295348,0.2556378543376922,606.8954730033875,258.0664014816284,624.9037599563599,0.3614892959594726,448.5525941848755,494.1534090042114,128.74484181404114,0.9960033297538756,535.8868539333344,517.2470033168793,-129.03716772794724,0.9963546991348268,481.8629586696625,684.0930104255676,203.83417904376984,0.583971381187439,540.7390022277832,716.260142326355,-108.45503032207488,0.9238465428352356,498.4627962112427,876.0205149650574,319.89935517311096,0.6665059328079224,508.2075190544128,909.9689769744872,-140.2220195531845,0.9121168255805968,489.6442723274231,910.8291935920716,331.0779869556427,0.7511192560195923,482.9971468448639,942.7968335151672,-145.17777621746063,0.9092649221420288,530.0421702861786,899.2684435844421,302.9610764980316,0.5321990251541138,575.4224753379822,945.6866025924684,-235.6143003702164,0.8379176259040833,41.49685275761022,14.811582035813487,68.31660717813979,71.28407535484114
grant_DTL_1_frame378.jpg,grant_DTL_1,FO,frame378,P9,688.3657693862915,273.7303841114044,263.329136967659,0.9441099762916564,692.3229718208313,259.80197846889496,236.2731260061264,0.9596463441848756,689.5799088478088,255.9851735830307,236.3333147764206,0.9633004665374756,686.6190719604492,251.8703055381775,236.39541864395144,0.9617831110954284,698.1507897377014,265.305050611496,205.94657957553864,0.9517132639884948,699.5926809310913,265.73791086673737,205.8788913488388,0.952282190322876,700.8255529403687,266.0916084051132,205.7677513360977,0.9507973194122314,674.1762185096741,240.3724640607834,159.41501140594482,0.9591721892356871,694.2836451530457,262.3672431707382,24.160953238606453,0.945487380027771,675.4245400428772,273.37034583091736,247.5884056091309,0.9551710486412048,679.9742317199707,279.63725209236145,206.15160763263705,0.9507675766944884,538.0439937114716,236.6251015663147,211.5526968240738,0.9913275837898254,660.645911693573,332.73205161094666,-56.00084289908409,0.9833863377571106,524.8071312904358,249.8583751916885,521.4758276939392,0.3435849249362945,622.0237755775452,347.6177966594696,179.120734333992,0.4223859310150146,576.947922706604,244.2924588918686,797.9014134407043,0.2246920615434646,599.8258996009827,266.95983946323395,604.4316601753235,0.3277933299541473,583.981511592865,240.5642956495285,846.4255356788635,0.2348645627498626,599.4486737251282,257.7507644891739,659.7373509407043,0.3582220673561096,590.5551552772522,244.8923349380493,822.1637320518494,0.2393018007278442,584.3139982223511,244.401136636734,635.8605623245239,0.356448620557785,592.1371221542358,249.3893855810165,794.7021389007568,0.2386577129364013,577.0271015167236,246.1529678106308,611.2582898139954,0.336616188287735,449.3074643611908,494.6928548812866,134.46179330348969,0.9963221549987792,535.6178712844849,517.979986667633,-134.9689480662346,0.9967091083526612,484.3278658390045,691.9212198257446,250.0750708580017,0.611385703086853,544.1241216659546,722.4850130081177,-98.01705837249756,0.9311728477478028,496.9403743743897,874.2377686500549,362.1895623207092,0.6854017376899719,508.8449728488922,921.2512493133544,-126.91758960485458,0.9204403758049012,483.4505259990692,902.5313830375673,373.0901348590851,0.7677189111709595,481.44253849983215,950.124671459198,-133.02717626094818,0.9177356958389282,538.5031020641327,894.762396812439,333.841552734375,0.5295367240905762,583.5171890258789,954.9479484558104,-221.4095896482468,0.8488015532493591,38.09269669639705,15.099255412960238,65.38117603886312,72.23747329731138
grant_DTL_1_frame380.jpg,grant_DTL_1,FO,frame380,P9,689.4373869895935,264.06475961208344,330.1534938812256,0.9496687054634094,693.171021938324,250.2956449985504,290.7433998584748,0.9636569023132324,690.1245045661926,246.91160380840304,290.7877206802368,0.9669483304023744,686.8962621688843,243.37977826595304,290.8186197280884,0.9655826091766356,699.9785327911377,256.44925475120544,267.81860768795013,0.956521213054657,701.7781448364258,257.6104152202606,267.7381896972656,0.9570350646972656,703.484480381012,258.753422498703,267.6206284761429,0.9556991457939148,673.6757183074951,236.96235179901123,165.10677695274353,0.9632113575935364,696.6025543212891,259.7470039129257,60.23053631186485,0.9508989453315736,676.1855578422546,266.4856195449829,298.4222638607025,0.9595572352409364,681.487512588501,273.5273838043213,266.39440298080444,0.9556031227111816,538.4516680240631,235.73971509933472,198.88349175453183,0.9919212460517884,663.7419319152832,332.7420938014984,-19.505349844694138,0.9849907755851746,520.242440700531,243.5529899597168,541.4001774787903,0.3383297920227051,630.036735534668,345.2987265586853,259.5634764432907,0.3946120142936706,566.066243648529,233.58466744422915,881.3606429100037,0.2084471583366394,599.8453402519226,261.5047252178192,713.9348602294922,0.2992238700389862,571.9033312797546,228.5446947813034,937.7462553977966,0.2192538380622863,599.7644877433777,251.94523572921756,774.662754535675,0.3303532302379608,577.622230052948,232.5837314128876,914.7774481773376,0.2235926687717437,585.519769191742,237.02143013477323,747.802791595459,0.3289772272109985,579.6789479255676,237.6956570148468,881.3050889968872,0.2235153168439865,578.6258053779602,238.62512290477756,720.0276374816895,0.31034916639328,449.7005903720856,494.03773069381714,127.68971174955368,0.9966489672660828,536.4986550807953,517.7742183208466,-128.11857283115387,0.9970333576202391,484.8442339897156,689.1419148445129,295.6013095378876,0.634222686290741,545.3747606277466,716.7775082588196,-82.25069046020508,0.937789261341095,493.8415539264679,870.9114217758179,448.1394803524017,0.7000005841255188,509.09419298172,921.561849117279,-115.77677696943285,0.927903652191162,480.4680597782135,896.0521101951599,464.1035377979279,0.7812590003013611,483.1428229808808,949.7627663612366,-121.93755626678468,0.9252168536186218,531.0280752182007,883.5108947753906,428.1287741661072,0.5252640247344971,581.5065622329712,960.8052492141724,-209.86716985702515,0.8583805561065674,37.74779603076909,15.294610227299858,60.15699113104601,71.25746081362348
grant_DTL_1_frame384.jpg,grant_DTL_1,FO,frame384,P9,688.3953166007996,264.0849244594574,267.89477705955505,0.9545490741729736,692.9132080078125,250.7191550731659,236.57783567905423,0.9671579599380492,690.3319144248962,247.55110144615173,236.60249054431915,0.970128893852234,687.5532531738281,244.1303837299347,236.64887130260468,0.9688975214958192,698.6835408210754,255.79928040504456,209.2066866159439,0.9607449769973756,700.1141667366028,256.46801948547363,209.12755608558652,0.9612112045288086,701.4110255241394,257.0791286230087,208.99311304092407,0.9600145220756532,673.1284832954407,236.68720543384552,138.04088473320007,0.9666467905044556,693.9518022537231,256.0886210203171,20.179285034537315,0.955548107624054,675.3523135185242,266.69568479061127,244.90680277347565,0.963120698928833,679.7360515594482,272.7523648738861,207.81737208366397,0.9596012234687804,537.2630524635315,233.28971028327945,181.9824206829071,0.9921837449073792,663.2849478721619,329.2697811126709,-55.19951552152634,0.9864054322242736,511.11965775489807,234.21450912952423,499.9235486984253,0.3358937203884125,635.2935647964478,331.31590962409973,194.0711098909378,0.3799366652965545,553.5480737686157,231.4771270751953,809.6436309814453,0.1956227570772171,598.5529232025146,254.6610850095749,671.7018485069275,0.2774043977260589,561.1873483657837,230.6755703687668,867.2369456291199,0.20679871737957,596.0228705406189,244.56483721733093,738.1801199913025,0.3097219169139862,566.5039157867432,234.88350570201877,844.9326610565186,0.2111269831657409,581.2614297866821,233.5343760251999,717.1564722061157,0.3086785078048706,567.8132629394531,239.0631008148193,808.8489460945129,0.2111233919858932,575.2505350112915,235.85819363594052,681.5280675888062,0.2913253307342529,450.4556858539581,494.8794400691986,129.75097596645355,0.9968319535255432,537.2374320030212,516.7383921146393,-130.20710706710815,0.997312605381012,486.4785361289978,678.1634187698364,275.9659945964813,0.6367332339286804,544.702513217926,714.6981310844421,-85.65666675567627,0.9433207511901855,501.8347191810608,853.6320304870605,411.57415866851807,0.6980226635932922,508.3323383331299,916.2591218948364,-125.85170924663544,0.9339951276779176,488.6802220344544,878.379077911377,424.80674028396606,0.7850779891014099,482.4605977535248,945.0229811668396,-132.05160319805145,0.9314176440238952,541.1950206756592,882.6090931892395,392.99742579460144,0.510151207447052,575.8164381980896,960.120770931244,-216.77943170070648,0.863703191280365,37.29341509966184,14.137805481657082,62.016947713372076,71.53945581990915
rob_DTL_1_frame941.jpg,rob_DTL_1,FO,frame941,P9,908.4052848815918,485.9550547599793,208.9624786376953,0.9585550427436828,911.7166900634766,473.8551163673401,208.6067819595337,0.9700644016265868,910.228271484375,472.0791292190552,208.5094928741455,0.9727874994277954,908.6990547180176,470.20336389541626,208.44935417175293,0.9717459082603456,913.799171447754,476.0338854789734,171.1552619934082,0.9642235040664672,913.6894798278807,475.9581184387207,171.0854530334473,0.9646097421646118,913.6545181274414,475.9551250934601,170.93700885772705,0.9635496735572816,897.4210166931152,461.9186854362488,197.26139545440677,0.9694859385490416,905.9704399108888,471.0559844970703,29.0234649181366,0.9590439200401306,899.0205001831055,488.138587474823,209.88275527954104,0.9657444953918456,900.8177947998048,490.6950974464417,160.48378944396973,0.962543785572052,819.3156623840332,457.8569412231445,237.7245569229126,0.9927254915237428,886.5807723999023,511.5003275871277,-110.73750972747804,0.9877312183380128,777.6992225646973,523.2525551319122,262.71841049194336,0.3156802058219909,854.5592880249023,551.2687540054321,-234.3275785446167,0.4009954035282135,770.5856895446777,582.1405720710754,236.1689043045044,0.1805091351270675,851.9305229187012,558.9107966423035,-261.67553901672363,0.2794313430786133,765.5083465576172,597.4511790275574,246.31281852722168,0.191479742527008,852.7138137817383,564.4102478027344,-282.7697467803955,0.3139776885509491,771.1038780212402,597.4558138847351,226.33489608764648,0.1954558193683624,850.6291580200195,556.4827108383179,-264.9194812774658,0.3115606009960174,774.4369697570801,593.1683135032654,225.74249267578125,0.1954512745141983,846.8076324462891,553.7067532539368,-253.84778022766116,0.2909289002418518,734.0120887756348,627.5539326667786,139.45321083068848,0.9969661235809326,775.5079078674316,642.0959258079529,-139.55956935882568,0.9975200295448304,773.8047981262207,759.4602298736572,171.58411502838135,0.6213782429695129,803.6105918884277,776.010468006134,-119.55160617828368,0.9487019181251526,767.6994895935059,900.7239818572998,199.26751613616943,0.6998165845870972,768.1123924255371,928.811731338501,-149.38353538513184,0.9402040243148804,750.8246040344238,923.7341165542604,197.1230363845825,0.7776172757148743,744.8043823242188,950.7292628288268,-155.30357837677002,0.9370954632759094,817.533016204834,921.3384103775024,154.42195415496826,0.5283325910568237,821.5852546691895,956.5221261978148,-223.5528802871704,0.8758441209793091,38.57207998413261,19.312745917031297,79.07433487116367,81.54076398584273
rob_DTL_1_frame942.jpg,rob_DTL_1,FO,frame942,P9,909.2012214660645,484.676992893219,172.2740364074707,0.9625294208526612,912.3752403259276,472.5856482982636,176.49404525756836,0.9729257822036744,911.12211227417,470.8941185474396,176.416597366333,0.9753968715667723,909.8783111572266,469.1233456134796,176.3831377029419,0.9744652509689332,914.1931915283204,474.4084668159485,135.03015518188477,0.9676271677017212,914.0841865539552,474.17315125465393,134.97028827667236,0.9679771065711976,914.0049934387208,473.9328789710999,134.8698663711548,0.9669779539108276,898.9529228210449,461.2860918045044,188.16338539123532,0.9723859429359436,905.6454277038574,468.1204462051392,-0.192228932864964,0.9627776741981506,900.2834129333496,487.1986126899719,181.90887451171875,0.9688500165939332,901.7256546020508,489.2001628875733,126.41026496887208,0.9659322500228882,819.0523910522461,457.3913633823395,237.29982376098636,0.99333256483078,885.714168548584,504.1439723968506,-135.40198802947998,0.9889333844184875,775.0861358642578,527.4181973934174,251.9849967956543,0.3146936893463135,871.4123725891113,523.8161730766296,-356.0141944885254,0.4379825890064239,756.0445404052734,605.0343203544617,202.38028049468997,0.185619056224823,867.747631072998,517.9780232906342,-503.9688491821289,0.3147419989109039,747.429256439209,626.6182065010071,212.43889331817627,0.1960534006357193,867.3892593383789,519.5923376083374,-545.8166885375977,0.3511861860752105,749.370002746582,626.1125564575195,187.56324291229248,0.2000001817941665,865.5270195007324,514.834463596344,-520.5705642700195,0.3474006652832031,753.3926582336426,618.1725311279297,190.2058982849121,0.1982613354921341,862.068042755127,514.4740068912506,-496.8050765991211,0.3209821879863739,735.3604316711426,627.677206993103,142.33197212219238,0.9971708059310912,776.1227989196777,642.0405650138855,-142.4133825302124,0.9977323412895204,773.6566543579102,761.0690402984619,203.28004360198972,0.6124786734580994,803.5155487060547,776.8461585044861,-127.20213890075684,0.9536231756210328,766.3479995727539,900.7510828971864,266.89647674560547,0.7079310417175293,768.1098747253418,929.0829992294312,-148.89012336730957,0.94596129655838,749.871940612793,923.0683708190918,267.65390396118164,0.7713863253593445,745.1247024536133,950.7419443130492,-154.65924739837646,0.9423795342445374,816.4678573608398,921.4249277114868,215.5204439163208,0.554999053478241,821.8486404418945,956.7653274536132,-235.6724309921265,0.8873947262763977,35.04353739886744,19.410831960173407,79.85925678431306,81.85324350562036
rob_DTL_1_frame943.jpg,rob_DTL_1,FO,frame943,P9,909.5574760437012,482.9535663127899,183.3632755279541,0.9660680294036864,912.5633811950684,470.8963072299957,185.74288845062256,0.9754682183265686,911.37056350708,469.2382514476776,185.6568717956543,0.9777209162712096,910.187931060791,467.5101256370544,185.61188220977783,0.976883351802826,914.3945503234864,472.7255308628082,145.91859340667725,0.9706469774246216,914.3528366088868,472.5303518772125,145.85633754730225,0.9709646105766296,914.3094062805176,472.3608577251434,145.73588848114014,0.970002055168152,899.5404052734375,460.50968885421753,193.59817028045651,0.9749670028686525,905.6445121765136,467.0930528640747,7.806810736656189,0.9660529494285583,900.9641647338868,486.0475265979767,189.20042037963867,0.9715614318847656,902.442798614502,487.9505860805512,136.4563751220703,0.9688626527786256,819.0401458740234,456.5478515625,242.8026294708252,0.9938442707061768,885.7346534729004,502.40763902664185,-130.73580265045166,0.990013837814331,774.2159843444824,528.7805879116058,252.24709510803223,0.3132984042167663,878.7911224365234,500.01885294914246,-369.5021152496338,0.4754858314990997,751.6470336914062,610.6352877616882,191.80213451385495,0.1884148120880127,875.0973129272461,497.5142276287079,-549.5023155212402,0.3546338677406311,741.9794082641602,633.1171131134033,202.20123767852783,0.1988149583339691,874.6282768249512,499.9114465713501,-596.0868072509766,0.3914518356323242,743.9962005615234,633.2558369636536,175.4152536392212,0.2025892585515976,873.2429695129395,497.15760111808777,-566.4849472045898,0.3864379227161407,748.2674789428711,624.9607300758362,179.02341842651367,0.1995338350534439,869.886360168457,496.7771887779236,-541.479377746582,0.35466468334198,735.7224082946777,627.7677798271179,144.4951629638672,0.9973573088645936,776.6138076782227,642.0215749740601,-144.61895942687988,0.9979289770126344,773.5905647277832,761.4574027061462,209.1866111755371,0.6050989031791687,803.5133171081543,776.8827867507935,-134.12415504455566,0.9581072330474854,765.1691436767578,901.008768081665,272.7148532867432,0.7158709764480591,768.1118774414062,929.0472078323364,-155.11011600494385,0.9511957168579102,748.6992645263672,922.8439021110536,273.5109043121338,0.7685675024986267,745.3581047058105,950.68767786026,-160.69966793060303,0.9473697543144226,814.6243286132812,922.87100315094,218.3301830291748,0.575997531414032,822.3617935180664,957.0673656463624,-251.6519451141357,0.897814929485321,34.51278911300784,19.217372095985397,79.87663403925865,81.94966103035846
rob_DTL_1_frame944.jpg,rob_DTL_1,FO,frame944,P9,909.4385147094728,482.5624680519104,154.0825080871582,0.9692681431770324,912.4607276916504,470.33610105514526,157.41878986358645,0.9777725338935852,911.3308525085448,468.7030220031738,157.3256778717041,0.9798195362091064,910.1776313781738,467.0199251174927,157.30140209197998,0.9790628552436828,914.1864967346193,472.0828628540039,117.89446592330933,0.9733990430831908,914.1353416442872,471.8403375148773,117.83089399337769,0.9736828207969666,914.0468215942384,471.6208577156067,117.73284673690796,0.9727727174758912,899.7938346862793,460.2825808525085,176.08892440795898,0.9772905111312866,904.7784805297852,465.9104883670807,-4.9188195168972015,0.9691197276115416,900.9524345397948,485.69518089294434,166.6071653366089,0.9740504026412964,902.368984222412,487.5546598434448,113.85932207107544,0.9716111421585084,819.1454315185547,456.1535024642944,235.3736686706543,0.9943389892578124,882.5539970397949,501.8872797489166,-134.24241542816162,0.9909854531288148,782.5277709960938,528.6547386646271,236.8288278579712,0.3047095537185669,878.0334663391113,494.646635055542,-358.9353561401367,0.5073797106742859,752.1068000793457,605.1095724105835,155.12609481811523,0.1873180121183395,872.4239158630371,489.9063992500305,-506.05579376220703,0.3802464604377746,745.7274627685547,624.5967650413513,159.52218532562256,0.198818564414978,872.0968437194824,491.9574844837189,-548.8928604125977,0.4185236394405365,749.5087051391602,625.1794695854187,134.75582599639893,0.2027612328529358,870.2874183654785,488.75019550323486,-525.0102424621582,0.4122388660907745,753.4052467346191,618.6761212348938,142.40964889526367,0.1983163803815841,866.7624092102051,488.8360047340393,-499.2285919189453,0.3760765790939331,736.8993186950684,627.8575158119202,144.4033241271973,0.997525990009308,776.4107894897461,641.9489622116089,-144.52886581420898,0.9981093406677246,773.6120796203613,761.6887593269348,215.862250328064,0.5967447757720947,803.3697509765625,776.8320608139038,-154.65684413909912,0.9621481895446776,765.0186538696289,900.4216861724854,277.8156852722168,0.7229388952255249,768.0957984924316,928.1821632385254,-192.81407833099365,0.955901861190796,748.7702178955078,921.9081115722656,278.28969955444336,0.7650015950202942,746.0894393920898,949.9626445770264,-201.1977481842041,0.9518620371818542,814.6506500244141,922.7603459358216,223.39569568634036,0.5964796543121338,823.014965057373,956.9908261299132,-297.31112480163574,0.9072547554969788,35.801234874457684,19.62836469865752,80.26552338043912,82.2131034277602
rob_DTL_1_frame945.jpg,rob_DTL_1,FO,frame945,P9,908.3580780029296,481.0816955566406,190.093731880188,0.9721919298171996,911.429271697998,469.0370213985443,174.35807704925537,0.9798948764801024,910.4062843322754,467.42138743400574,174.28228855133057,0.9817457795143129,909.3661880493164,465.7749831676483,174.24724102020264,0.981068789958954,913.1707763671876,470.85346698760986,146.80442333221436,0.9759454131126404,913.2072257995604,470.681848526001,146.74155235290527,0.9762001037597656,913.1667709350586,470.5428671836853,146.70471668243408,0.9753698706626892,899.7281455993652,459.4341766834259,175.72677612304688,0.9794604182243348,904.0346717834472,465.1285493373871,13.696203231811523,0.9720178842544556,900.1992416381836,484.15003538131714,190.01945972442627,0.9764025807380676,901.7918014526368,486.2344980239868,148.4956169128418,0.9742013216018676,819.1466903686523,454.6525490283966,227.62799263000488,0.9947794675827026,882.4750900268555,502.1187973022461,-101.36127233505248,0.9918636679649352,792.0010757446289,509.9505150318146,267.29126930236816,0.2830203473567962,880.2719306945801,487.5608718395233,-326.8607997894287,0.5179240703582764,782.2785186767578,564.900963306427,234.4448089599609,0.1771379560232162,869.9787712097168,477.3015189170837,-497.3022079467773,0.3942328989505768,775.9354591369629,579.7897338867188,242.8982448577881,0.1913517415523529,870.4140472412109,478.18066120147705,-539.2949295043945,0.4390969574451446,780.9567260742188,577.388813495636,218.60843181610107,0.1956088691949844,868.7904167175293,474.0727293491364,-520.8857345581055,0.4326339662075043,785.3128051757812,574.4854617118835,224.35209274291992,0.1904274523258209,865.484504699707,474.75582361221313,-493.2309150695801,0.3923422396183014,736.8741416931152,627.7384257316589,140.0255012512207,0.9976790547370912,776.4064979553223,641.7928576469421,-140.18709182739258,0.9982794523239136,771.2223243713379,761.6716361045837,217.17942237854004,0.5976191163063049,803.6854362487793,776.7520451545715,-161.948504447937,0.965782344341278,763.5303497314453,899.1827630996704,271.9222068786621,0.7286813259124756,768.5350227355957,927.5095295906068,-218.49409103393555,0.9601063132286072,748.4946441650391,921.3572716712952,272.3205757141113,0.7649310827255249,748.3568000793457,949.2112183570862,-227.742919921875,0.9559611678123474,809.4437599182129,915.8036184310912,223.7104368209839,0.6049084663391113,824.1221809387207,956.3332557678224,-315.44325828552246,0.9152992963790894,36.85249285811487,19.571173945523352,79.104189411377,81.9697159988995
rob_DTL_1_frame946.jpg,rob_DTL_1,FO,frame946,P9,908.2441520690918,479.87746953964233,162.3496055603027,0.9748051762580872,911.4223480224608,467.8975546360016,162.36488342285156,0.981778085231781,910.4138946533204,466.36380314826965,162.274489402771,0.9834529161453248,909.4213485717772,464.81276750564575,162.22450733184814,0.9828548431396484,913.0012321472168,469.37610626220703,126.99451446533205,0.9782154560089112,912.963924407959,469.0245974063873,126.94614887237547,0.978445529937744,912.806339263916,468.7201774120331,126.88193321228027,0.9776899814605712,900.0898933410645,458.3576667308808,178.83609294891355,0.9813650846481324,903.4196090698242,462.8328466415405,14.32608962059021,0.9745625257492064,900.190601348877,483.0808639526367,176.80252075195312,0.9784002900123596,901.7017364501952,484.77548360824585,128.9735984802246,0.9764220118522644,820.9225273132324,454.1719079017639,241.44052505493164,0.995144784450531,875.8526802062988,495.59237122535706,-100.90853691101074,0.992647111415863,799.0313529968262,512.7369332313538,294.4727039337158,0.2625007033348083,878.4197044372559,483.2103502750397,-336.9112300872803,0.5463652610778809,790.3327560424805,563.5675406455994,253.56940269470212,0.1674775034189224,878.6550521850586,474.85843420028687,-513.8544845581055,0.4184058308601379,783.0267906188965,578.3813166618347,263.2129383087158,0.1834480762481689,880.9266471862793,475.9594702720642,-557.6631546020508,0.4646569490432739,789.3307685852051,574.634485244751,237.82283306121823,0.1879225075244903,879.1433143615723,472.45030403137207,-535.2450370788574,0.4571980237960815,793.5978126525879,571.1055564880371,242.548828125,0.1822750270366668,875.269832611084,472.9263746738434,-507.9004669189453,0.4130211770534515,737.5712013244629,627.6567363739014,139.62171077728271,0.9977689385414124,775.7839965820312,641.401469707489,-139.75120067596436,0.9984062314033508,772.0507049560547,762.5392556190491,164.17030334472656,0.5919710397720337,803.5113143920898,776.452968120575,-157.33670711517334,0.9690038561820984,763.5838508605957,899.7068881988525,168.10564041137695,0.7331417798995972,768.577938079834,925.9688901901244,-215.7829427719116,0.9638659954071044,748.4514999389648,921.483829021454,162.7616786956787,0.764242947101593,748.5249710083008,947.445273399353,-225.7129955291748,0.9595632553100586,809.5982551574707,924.9426555633544,99.6259617805481,0.6205610632896423,824.109992980957,956.3720083236694,-316.07605934143066,0.9228098392486572,37.01837353928265,19.783115088114354,80.88454519548051,82.21138100379474
rob_DTL_1_frame947.jpg,rob_DTL_1,FO,frame947,P9,907.957935333252,478.14303517341614,140.2708911895752,0.9772822856903076,911.2401008605956,466.3446199893952,138.89456748962402,0.9835711121559144,910.32320022583,464.8444712162018,138.81986618041992,0.9850800037384032,909.3885040283204,463.3396875858307,138.76180171966553,0.9845438599586488,912.5712203979492,467.73192286491394,104.38510179519652,0.9803677797317504,912.4590110778807,467.3104083538056,104.33619260787964,0.9805769324302672,912.187328338623,466.9367873668671,104.29556608200072,0.9798961281776428,900.1247406005859,457.0783817768097,159.13540363311768,0.9832051396369934,902.632541656494,461.08717918396,1.1700496450066566,0.9770700335502625,900.1284027099609,481.5119969844818,155.48339366912842,0.9804760813713074,901.4913368225098,483.0707895755768,108.71978044509888,0.9787043333053588,821.202220916748,452.1830070018768,227.75399208068848,0.9955099821090698,874.1314888000488,494.48293447494507,-103.38066816329956,0.9933660626411438,819.8455810546875,494.1558229923248,342.4811840057373,0.2411975562572479,878.814811706543,479.7641408443451,-346.373233795166,0.564987301826477,833.232421875,514.8837733268738,399.1073513031006,0.1570086777210235,878.5909080505371,461.55842185020447,-531.8096923828125,0.4354985952377319,831.3704681396484,522.297774553299,422.1526050567627,0.1754165291786193,880.0718307495117,460.6148099899292,-573.6644554138184,0.486488789319992,836.5181922912598,518.6841309070587,397.49942779541016,0.1801549196243286,878.2455825805664,457.3360347747803,-557.296028137207,0.4786878228187561,839.0233039855957,518.5743427276611,391.3962078094482,0.1742922812700271,874.8886299133301,458.8134276866913,-528.200855255127,0.4314801692962646,739.0469741821289,627.6664566993713,135.5787706375122,0.9979401230812072,775.6193161010742,641.4445996284485,-135.68148136138916,0.9985504746437072,772.0713043212891,763.1330323219299,141.97603225708008,0.608319878578186,802.6337242126465,776.242790222168,-156.6350269317627,0.9719536304473876,763.6295700073242,899.8763179779053,131.68457508087158,0.7435092329978943,768.610954284668,923.7402319908142,-222.56627082824707,0.9672827124595642,748.681526184082,921.5035271644592,125.40003776550292,0.7722094655036926,748.9755249023438,944.777398109436,-232.9308843612671,0.9630059599876404,809.886417388916,926.5798544883728,61.847083568573,0.6339474320411682,824.0328598022461,954.9984812736512,-320.8138847351074,0.9294034838676452,38.631092862726746,20.643232485536668,80.91854305932014,82.32146645983724
